# https://github.com/mikedh/trimesh
o geometry_0
o geometry_1
o geometry_2
o geometry_3
o geometry_4
v -0.04241434 0.00021976 -0.08217403 0.54509804 0.71372549 0.60000000
v -0.04218516 -0.00512667 -0.10110109 0.54509804 0.71372549 0.60000000
v -0.04210583 -0.00572487 -0.08422109 0.54509804 0.71372549 0.60000000
v -0.04211464 -0.00473410 -0.08200932 0.54509804 0.71372549 0.60000000
v -0.04099518 0.00489321 -0.06326578 0.54509804 0.71372549 0.60000000
v -0.04240553 0.00272473 -0.08394344 0.54509804 0.71372549 0.60000000
v -0.03973469 -0.01507178 -0.10110109 0.54509804 0.71372549 0.60000000
v -0.04016660 -0.01389407 -0.08455050 0.54509804 0.71372549 0.60000000
v -0.04120673 -0.00971600 -0.08182579 0.54509804 0.71372549 0.60000000
v -0.04218516 0.00512689 -0.10110109 0.54509804 0.71372549 0.60000000
v -0.04058089 -0.00342554 -0.06474343 0.54509804 0.71372549 0.60000000
v -0.04019305 -0.00138791 -0.05911519 0.54509804 0.71372549 0.60000000
v -0.04046630 0.00680933 -0.05738343 0.54509804 0.71372549 0.60000000
v -0.04214109 0.00498668 -0.08232932 0.54509804 0.71372549 0.60000000
v -0.03497478 -0.02413828 -0.10110109 0.54509804 0.71372549 0.60000000
v -0.03730184 -0.02036213 -0.08489873 0.54509804 0.71372549 0.60000000
v -0.03821857 -0.01794128 -0.08143991 0.54509804 0.71372549 0.60000000
v -0.03957602 -0.01473529 -0.08160461 0.54509804 0.71372549 0.60000000
v -0.03999031 -0.01373517 -0.08165167 0.54509804 0.71372549 0.60000000
v -0.03850945 -0.01150126 -0.06630108 0.54509804 0.71372549 0.60000000
v -0.04136539 0.00958536 -0.08248932 0.54509804 0.71372549 0.60000000
v -0.04104807 0.01100609 -0.08365167 0.54509804 0.71372549 0.60000000
v -0.03973469 0.01506265 -0.10110109 0.54509804 0.71372549 0.60000000
v -0.03828909 -0.00936082 -0.06092225 0.54509804 0.71372549 0.60000000
v -0.03793650 -0.00684650 -0.05558108 0.54509804 0.71372549 0.60000000
v -0.03962891 0.00101425 -0.05352460 0.54509804 0.71372549 0.60000000
v -0.03992861 0.00851047 -0.05303049 0.54509804 0.71372549 0.60000000
v -0.03914410 0.01525894 -0.05587284 0.54509804 0.71372549 0.60000000
v -0.03976113 0.01338955 -0.06200461 0.54509804 0.71372549 0.60000000
v -0.02817868 -0.03181210 -0.10110109 0.54509804 0.71372549 0.60000000
v -0.03253312 -0.02734427 -0.08538814 0.54509804 0.71372549 0.60000000
v -0.03396991 -0.02534404 -0.08307285 0.54509804 0.71372549 0.60000000
v -0.03699333 -0.02074536 -0.08307285 0.54509804 0.71372549 0.60000000
v -0.03765443 -0.01588496 -0.07310108 0.54509804 0.71372549 0.60000000
v -0.03865048 -0.01323044 -0.07172226 0.54509804 0.71372549 0.60000000
v -0.03623527 -0.02152115 -0.08122814 0.54509804 0.71372549 0.60000000
v -0.03478967 -0.01905357 -0.06789637 0.54509804 0.71372549 0.60000000
v -0.03473678 -0.01684770 -0.06275284 0.54509804 0.71372549 0.60000000
v -0.03786598 0.01955851 -0.05529402 0.54509804 0.71372549 0.60000000
v -0.04003438 0.01418404 -0.08268226 0.54509804 0.71372549 0.60000000
v -0.03753984 0.02038104 -0.05303049 0.54509804 0.71372549 0.60000000
v -0.03642920 0.02318511 -0.05303049 0.54509804 0.71372549 0.60000000
v -0.03616475 0.02383940 -0.05487519 0.54509804 0.71372549 0.60000000
v -0.03589150 0.02451237 -0.05303049 0.54509804 0.71372549 0.60000000
v -0.03436657 0.02753143 -0.05303049 0.54509804 0.71372549 0.60000000
v -0.03381124 0.02862501 -0.05303049 0.54509804 0.71372549 0.60000000
v -0.03497478 0.02412915 -0.10110109 0.54509804 0.71372549 0.60000000
v -0.03458693 -0.01425860 -0.05765637 0.54509804 0.71372549 0.60000000
v -0.03478967 -0.01071612 -0.05303049 0.54509804 0.71372549 0.60000000
v -0.03768087 -0.00549120 -0.05303049 0.54509804 0.71372549 0.60000000
v -0.03929395 0.00023845 -0.05303049 0.54509804 0.71372549 0.60000000
v -0.03956721 0.00125727 -0.05303049 0.54509804 0.71372549 0.60000000
v -0.03875626 0.01630579 -0.05303049 0.54509804 0.71372549 0.60000000
v -0.01974307 -0.03763522 -0.10110109 0.54509804 0.71372549 0.60000000
v -0.02653916 -0.03318609 -0.08575991 0.54509804 0.71372549 0.60000000
v -0.03044405 -0.02943798 -0.08308226 0.54509804 0.71372549 0.60000000
v -0.03354680 -0.02532534 -0.08096462 0.54509804 0.71372549 0.60000000
v -0.03357325 -0.02528795 -0.08096462 0.54509804 0.71372549 0.60000000
v -0.03277112 -0.02352139 -0.07310108 0.54509804 0.71372549 0.60000000
v -0.02958903 -0.02572726 -0.06948696 0.54509804 0.71372549 0.60000000
v -0.02970362 -0.02350269 -0.06457402 0.54509804 0.71372549 0.60000000
v -0.02973888 -0.02089491 -0.05970814 0.54509804 0.71372549 0.60000000
v -0.03805109 0.01870794 -0.05303049 0.54509804 0.71372549 0.60000000
v -0.03193372 0.03166276 -0.05303049 0.54509804 0.71372549 0.60000000
v -0.03132551 0.03263484 -0.05303049 0.54509804 0.71372549 0.60000000
v -0.02918355 0.03548565 -0.05303049 0.54509804 0.71372549 0.60000000
v -0.02847838 0.03642033 -0.05303049 0.54509804 0.71372549 0.60000000
v -0.02817868 0.03180296 -0.10109639 0.54509804 0.71372549 0.60000000
v -0.01974307 0.03762609 -0.10110109 0.54509804 0.71372549 0.60000000
v -0.02965955 -0.01795998 -0.05489872 0.54509804 0.71372549 0.60000000
v -0.03342340 -0.01256681 -0.05303049 0.54509804 0.71372549 0.60000000
v -0.03429605 -0.01159473 -0.05303049 0.54509804 0.71372549 0.60000000
v -0.01017036 -0.04126182 -0.10110109 0.54509804 0.71372549 0.60000000
v -0.01168648 -0.04085991 -0.08591991 0.54509804 0.71372549 0.60000000
v -0.01951389 -0.03775673 -0.08588226 0.54509804 0.71372549 0.60000000
v -0.02212302 -0.03606494 -0.08310579 0.54509804 0.71372549 0.60000000
v -0.02650390 -0.03298981 -0.08309638 0.54509804 0.71372549 0.60000000
v -0.03061152 -0.02862480 -0.08073873 0.54509804 0.71372549 0.60000000
v -0.03084071 -0.02840047 -0.08074814 0.54509804 0.71372549 0.60000000
v -0.02724433 -0.03172797 -0.08055991 0.54509804 0.71372549 0.60000000
v -0.02928052 -0.02729754 -0.07310108 0.54509804 0.71372549 0.60000000
v -0.02534918 -0.03068112 -0.07310108 0.54509804 0.71372549 0.60000000
v -0.02315434 -0.03149430 -0.07104931 0.54509804 0.71372549 0.60000000
v -0.02344522 -0.02918562 -0.06634814 0.54509804 0.71372549 0.60000000
v -0.02369203 -0.02652175 -0.06169402 0.54509804 0.71372549 0.60000000
v -0.02383307 -0.02359616 -0.05709637 0.54509804 0.71372549 0.60000000
v -0.02616013 0.03896270 -0.05303049 0.54509804 0.71372549 0.60000000
v -0.02528748 0.03991608 -0.05303049 0.54509804 0.71372549 0.60000000
v -0.02292516 0.04205652 -0.05303049 0.54509804 0.71372549 0.60000000
v -0.02179688 0.04307534 -0.05303049 0.54509804 0.71372549 0.60000000
v -0.01804184 0.04583267 -0.05303049 0.54509804 0.71372549 0.60000000
v -0.01406643 0.04816940 -0.05303049 0.54509804 0.71372549 0.60000000
v -0.00990592 0.05006682 -0.05303049 0.54509804 0.71372549 0.60000000
v -0.01017036 0.04125269 -0.10109639 0.54509804 0.71372549 0.60000000
v 0.00000174 0.04248648 -0.10109639 0.54509804 0.71372549 0.60000000
v 0.01016503 0.04125269 -0.10109639 0.54509804 0.71372549 0.60000000
v 0.01974655 0.03762609 -0.10109639 0.54509804 0.71372549 0.60000000
v 0.03972936 0.01506265 -0.10110109 0.54509804 0.71372549 0.60000000
v -0.02955377 -0.01670749 -0.05303049 0.54509804 0.71372549 0.60000000
v -0.02382425 -0.02075470 -0.05303049 0.54509804 0.71372549 0.60000000
v -0.02495252 -0.01996022 -0.05303049 0.54509804 0.71372549 0.60000000
v 0.00000174 -0.04249561 -0.10110109 0.54509804 0.71372549 0.60000000
v -0.00395603 -0.04231802 -0.08619756 0.54509804 0.71372549 0.60000000
v -0.00699709 -0.04174786 -0.08608933 0.54509804 0.71372549 0.60000000
v -0.00677672 -0.04173851 -0.08311520 0.54509804 0.71372549 0.60000000
v -0.01223299 -0.04049537 -0.08311050 0.54509804 0.71372549 0.60000000
v -0.01736311 -0.03857926 -0.08311050 0.54509804 0.71372549 0.60000000
v -0.01897619 -0.03717722 -0.08041873 0.54509804 0.71372549 0.60000000
v -0.02333063 -0.03463486 -0.08045638 0.54509804 0.71372549 0.60000000
v -0.02419446 -0.03399927 -0.08047991 0.54509804 0.71372549 0.60000000
v -0.02602791 -0.03263463 -0.08052697 0.54509804 0.71372549 0.60000000
v -0.02128563 -0.03349454 -0.07310108 0.54509804 0.71372549 0.60000000
v -0.01719564 -0.03572845 -0.07310108 0.54509804 0.71372549 0.60000000
v -0.01623483 -0.03381233 -0.06806108 0.54509804 0.71372549 0.60000000
v -0.01668439 -0.03106434 -0.06358578 0.54509804 0.71372549 0.60000000
v -0.01731904 -0.02497951 -0.05484696 0.54509804 0.71372549 0.60000000
v -0.01707223 -0.02810137 -0.05917167 0.54509804 0.71372549 0.60000000
v -0.00657398 0.05117911 -0.05303049 0.54509804 0.71372549 0.60000000
v -0.00556911 0.05150625 -0.05303049 0.54509804 0.71372549 0.60000000
v -0.00119705 0.05245028 -0.05303049 0.54509804 0.71372549 0.60000000
v 0.00327198 0.05291763 -0.05303049 0.54509804 0.71372549 0.60000000
v 0.00452366 0.05294567 -0.05303049 0.54509804 0.71372549 0.60000000
v 0.00692124 0.05297371 -0.05303049 0.54509804 0.71372549 0.60000000
v 0.01031488 0.05278677 -0.05303049 0.54509804 0.71372549 0.60000000
v 0.01463406 0.05225400 -0.05303049 0.54509804 0.71372549 0.60000000
v 0.02313138 0.05019768 -0.05303049 0.54509804 0.71372549 0.60000000
v 0.02507060 0.04948731 -0.05303049 0.54509804 0.71372549 0.60000000
v 0.02951318 0.04759924 -0.05303049 0.54509804 0.71372549 0.60000000
v 0.03104693 0.04691691 -0.05303049 0.54509804 0.71372549 0.60000000
v 0.03466975 0.04488863 -0.05303049 0.54509804 0.71372549 0.60000000
v 0.02818217 0.03180296 -0.10109639 0.54509804 0.71372549 0.60000000
v 0.03496945 0.02412915 -0.10109639 0.54509804 0.71372549 0.60000000
v 0.04533547 0.03427989 -0.05303049 0.54509804 0.71372549 0.60000000
v 0.04569687 0.03353214 -0.05303049 0.54509804 0.71372549 0.60000000
v 0.04663122 0.03092435 -0.05303049 0.54509804 0.71372549 0.60000000
v 0.04730995 0.02841938 -0.05303049 0.54509804 0.71372549 0.60000000
v 0.04218864 0.00512689 -0.10110109 0.54509804 0.71372549 0.60000000
v -0.02252850 -0.02133421 -0.05303049 0.54509804 0.71372549 0.60000000
v 0.00170297 -0.04233672 -0.08662109 0.54509804 0.71372549 0.60000000
v 0.00000174 -0.04249561 -0.08647520 0.54509804 0.71372549 0.60000000
v -0.00057121 -0.04249561 -0.08642815 0.54509804 0.71372549 0.60000000
v -0.00110009 -0.04248627 -0.08639050 0.54509804 0.71372549 0.60000000
v -0.00221073 -0.04243953 -0.08631050 0.54509804 0.71372549 0.60000000
v 0.01016503 -0.04126182 -0.10110109 0.54509804 0.71372549 0.60000000
v 0.00834040 -0.04167308 -0.08719050 0.54509804 0.71372549 0.60000000
v -0.00213140 -0.04243953 -0.08571285 0.54509804 0.71372549 0.60000000
v -0.00177000 -0.04216847 -0.08311991 0.54509804 0.71372549 0.60000000
v -0.00168186 -0.04210304 -0.08252697 0.54509804 0.71372549 0.60000000
v -0.00591288 -0.04121509 -0.08025873 0.54509804 0.71372549 0.60000000
v -0.01040836 -0.04039256 -0.08037638 0.54509804 0.71372549 0.60000000
v -0.01470990 -0.03905595 -0.08040932 0.54509804 0.71372549 0.60000000
v -0.01576766 -0.03616775 -0.07257873 0.54509804 0.71372549 0.60000000
v -0.01235639 -0.03560694 -0.06889402 0.54509804 0.71372549 0.60000000
v -0.01314089 -0.03740155 -0.07310108 0.54509804 0.71372549 0.60000000
v -0.00901564 -0.03425164 -0.06538814 0.54509804 0.71372549 0.60000000
v -0.01733667 -0.02358682 -0.05303049 0.54509804 0.71372549 0.60000000
v -0.01010866 -0.02823223 -0.05695049 0.54509804 0.71372549 0.60000000
v -0.01040836 -0.02519448 -0.05303049 0.54509804 0.71372549 0.60000000
v 0.03630046 0.04375766 -0.05303049 0.54509804 0.71372549 0.60000000
v 0.03791354 0.04261734 -0.05303049 0.54509804 0.71372549 0.60000000
v 0.03868041 0.04197240 -0.05303049 0.54509804 0.71372549 0.60000000
v 0.04072541 0.04008432 -0.05303049 0.54509804 0.71372549 0.60000000
v 0.04271752 0.03801866 -0.05303049 0.54509804 0.71372549 0.60000000
v 0.04330810 0.03735503 -0.05303049 0.54509804 0.71372549 0.60000000
v 0.04438349 0.03588756 -0.05303049 0.54509804 0.71372549 0.60000000
v 0.04743336 0.02761555 -0.05303049 0.54509804 0.71372549 0.60000000
v 0.04763609 0.02572747 -0.05303049 0.54509804 0.71372549 0.60000000
v 0.04218864 -0.00512667 -0.10110109 0.54509804 0.71372549 0.60000000
v 0.00224948 -0.04213108 -0.08314815 0.54509804 0.71372549 0.60000000
v 0.01639699 -0.03920550 -0.08777403 0.54509804 0.71372549 0.60000000
v 0.01451065 -0.03978501 -0.08763756 0.54509804 0.71372549 0.60000000
v 0.01012096 -0.04113096 -0.08731756 0.54509804 0.71372549 0.60000000
v 0.01974655 -0.03763522 -0.10110109 0.54509804 0.71372549 0.60000000
v 0.01084376 -0.04063558 -0.08321873 0.54509804 0.71372549 0.60000000
v 0.00663917 -0.04159831 -0.08317638 0.54509804 0.71372549 0.60000000
v -0.00131164 -0.04145811 -0.08003755 0.54509804 0.71372549 0.60000000
v -0.00473172 -0.04128052 -0.08020226 0.54509804 0.71372549 0.60000000
v -0.00485513 -0.03914942 -0.07310108 0.54509804 0.71372549 0.60000000
v -0.00906853 -0.03854187 -0.07310108 0.54509804 0.71372549 0.60000000
v -0.01296460 -0.03959807 -0.08039520 0.54509804 0.71372549 0.60000000
v -0.01218010 -0.03767261 -0.07310108 0.54509804 0.71372549 0.60000000
v -0.00836336 -0.03696224 -0.06971285 0.54509804 0.71372549 0.60000000
v -0.00501379 -0.03521437 -0.06625872 0.54509804 0.71372549 0.60000000
v -0.00631836 -0.02931647 -0.05795284 0.54509804 0.71372549 0.60000000
v -0.01021443 -0.02520383 -0.05303049 0.54509804 0.71372549 0.60000000
v 0.04760965 0.02414785 -0.05303049 0.54509804 0.71372549 0.60000000
v 0.04188013 -0.00718299 -0.08469167 0.54509804 0.71372549 0.60000000
v 0.03972936 -0.01507178 -0.10110109 0.54509804 0.71372549 0.60000000
v 0.04755676 0.02288601 -0.05303049 0.54509804 0.71372549 0.60000000
v 0.00208200 -0.04123378 -0.07982579 0.54509804 0.71372549 0.60000000
v 0.00279599 -0.04118704 -0.07978344 0.54509804 0.71372549 0.60000000
v 0.01486324 -0.03928962 -0.08325638 0.54509804 0.71372549 0.60000000
v 0.01855657 -0.03804648 -0.08783991 0.54509804 0.71372549 0.60000000
v 0.01870642 -0.03756044 -0.08328932 0.54509804 0.71372549 0.60000000
v 0.02243502 -0.03595277 -0.08795756 0.54509804 0.71372549 0.60000000
v 0.01964959 -0.03745762 -0.08787285 0.54509804 0.71372549 0.60000000
v 0.02818217 -0.03181210 -0.10110109 0.54509804 0.71372549 0.60000000
v 0.02376603 -0.03523307 -0.08799991 0.54509804 0.71372549 0.60000000
v 0.01058813 -0.03940179 -0.07928932 0.54509804 0.71372549 0.60000000
v 0.00665680 -0.04050472 -0.07952932 0.54509804 0.71372549 0.60000000
v -0.00057121 -0.03917746 -0.07310108 0.54509804 0.71372549 0.60000000
v -0.00428218 -0.03784085 -0.07051755 0.54509804 0.71372549 0.60000000
v -0.00172593 -0.03559759 -0.06697402 0.54509804 0.71372549 0.60000000
v -0.00208733 -0.03439184 -0.06507284 0.54509804 0.71372549 0.60000000
v -0.00210496 -0.03430772 -0.06494108 0.54509804 0.71372549 0.60000000
v -0.00113535 -0.03755110 -0.07006578 0.54509804 0.71372549 0.60000000
v -0.00316272 -0.02988663 -0.05874813 0.54509804 0.71372549 0.60000000
v -0.00329494 -0.02933516 -0.05798578 0.54509804 0.71372549 0.60000000
v -0.00339190 -0.02869958 -0.05715755 0.54509804 0.71372549 0.60000000
v -0.00364752 -0.02689562 -0.05483284 0.54509804 0.71372549 0.60000000
v -0.00384144 -0.02554967 -0.05310107 0.54509804 0.71372549 0.60000000
v -0.00384144 -0.02549359 -0.05303049 0.54509804 0.71372549 0.60000000
v -0.00630955 -0.02538142 -0.05303049 0.54509804 0.71372549 0.60000000
v 0.04152754 -0.00857568 -0.08293638 0.54509804 0.71372549 0.60000000
v 0.04627864 0.01695073 -0.05303049 0.54509804 0.71372549 0.60000000
v 0.03969410 -0.01518395 -0.08569403 0.54509804 0.71372549 0.60000000
v 0.03596550 -0.02263343 -0.08655520 0.54509804 0.71372549 0.60000000
v 0.03496945 -0.02414763 -0.10110109 0.54509804 0.71372549 0.60000000
v 0.04040808 -0.01267897 -0.08299756 0.54509804 0.71372549 0.60000000
v 0.00278717 -0.03879424 -0.07310108 0.54509804 0.71372549 0.60000000
v -0.00007759 -0.03912138 -0.07310108 0.54509804 0.71372549 0.60000000
v 0.01507479 -0.03761652 -0.07905873 0.54509804 0.71372549 0.60000000
v 0.01481035 -0.03772869 -0.07907285 0.54509804 0.71372549 0.60000000
v 0.01800125 -0.03607428 -0.07895050 0.54509804 0.71372549 0.60000000
v 0.02225872 -0.03554151 -0.08328461 0.54509804 0.71372549 0.60000000
v 0.01979944 -0.03512090 -0.07888461 0.54509804 0.71372549 0.60000000
v 0.03119678 -0.02885847 -0.08753873 0.54509804 0.71372549 0.60000000
v 0.03016546 -0.02993337 -0.08767050 0.54509804 0.71372549 0.60000000
v 0.02557303 -0.03323282 -0.08323756 0.54509804 0.71372549 0.60000000
v 0.01120516 -0.03634535 -0.07310108 0.54509804 0.71372549 0.60000000
v 0.01072035 -0.03652293 -0.07310108 0.54509804 0.71372549 0.60000000
v 0.00693887 -0.03785020 -0.07310108 0.54509804 0.71372549 0.60000000
v -0.00058884 -0.03913072 -0.07301167 0.54509804 0.71372549 0.60000000
v 0.00116528 -0.03446662 -0.06563755 0.54509804 0.71372549 0.60000000
v -0.00027151 -0.02906411 -0.05793402 0.54509804 0.71372549 0.60000000
v 0.00198504 -0.03693421 -0.06960932 0.54509804 0.71372549 0.60000000
v -0.00074750 -0.02520383 -0.05303049 0.54509804 0.71372549 0.60000000
v 0.04624338 0.01683856 -0.05303049 0.54509804 0.71372549 0.60000000
v 0.03884789 -0.01672619 -0.08303050 0.54509804 0.71372549 0.60000000
v 0.03676764 -0.02076405 -0.08298344 0.54509804 0.71372549 0.60000000
v 0.03417613 -0.02458694 -0.08287991 0.54509804 0.71372549 0.60000000
v 0.03487249 -0.02406351 -0.08678109 0.54509804 0.71372549 0.60000000
v 0.03236031 -0.02734427 -0.08729873 0.54509804 0.71372549 0.60000000
v 0.00609266 -0.03653228 -0.07039049 0.54509804 0.71372549 0.60000000
v 0.01556841 -0.03427033 -0.07310108 0.54509804 0.71372549 0.60000000
v 0.01417569 -0.03429837 -0.07186814 0.54509804 0.71372549 0.60000000
v 0.02391588 -0.03239161 -0.07879991 0.54509804 0.71372549 0.60000000
v 0.02141252 -0.03405535 -0.07885167 0.54509804 0.71372549 0.60000000
v 0.02088364 -0.02892390 -0.06951049 0.54509804 0.71372549 0.60000000
v 0.01713742 -0.03084002 -0.06878578 0.54509804 0.71372549 0.60000000
v 0.03145240 -0.02783031 -0.08295050 0.54509804 0.71372549 0.60000000
v 0.02863172 -0.03066243 -0.08311991 0.54509804 0.71372549 0.60000000
v 0.02818217 -0.02894260 -0.07875285 0.54509804 0.71372549 0.60000000
v 0.02705389 -0.02985859 -0.07876697 0.54509804 0.71372549 0.60000000
v 0.02435661 -0.03203642 -0.07879520 0.54509804 0.71372549 0.60000000
v 0.01017385 -0.03564433 -0.07114343 0.54509804 0.71372549 0.60000000
v 0.00522001 -0.03424229 -0.06646578 0.54509804 0.71372549 0.60000000
v 0.00365101 -0.02913888 -0.05886108 0.54509804 0.71372549 0.60000000
v 0.00310450 -0.02648436 -0.05526578 0.54509804 0.71372549 0.60000000
v 0.00105950 -0.02496081 -0.05303049 0.54509804 0.71372549 0.60000000
v 0.04374002 0.01046397 -0.05303049 0.54509804 0.71372549 0.60000000
v 0.03870686 -0.01572607 -0.08041403 0.54509804 0.71372549 0.60000000
v 0.03676764 -0.01935267 -0.08003755 0.54509804 0.71372549 0.60000000
v 0.03568343 -0.02089491 -0.07979756 0.54509804 0.71372549 0.60000000
v 0.03447583 -0.02260539 -0.07953403 0.54509804 0.71372549 0.60000000
v 0.03260712 -0.02466171 -0.07916697 0.54509804 0.71372549 0.60000000
v 0.03164633 -0.02570856 -0.07897873 0.54509804 0.71372549 0.60000000
v 0.00926594 -0.03355062 -0.06726108 0.54509804 0.71372549 0.60000000
v 0.01325016 -0.03240095 -0.06803755 0.54509804 0.71372549 0.60000000
v 0.02641042 -0.02139029 -0.06387755 0.54509804 0.71372549 0.60000000
v 0.01919123 -0.02534404 -0.06228696 0.54509804 0.71372549 0.60000000
v 0.01541856 -0.02688628 -0.06145873 0.54509804 0.71372549 0.60000000
v 0.02968947 -0.02754056 -0.07885167 0.54509804 0.71372549 0.60000000
v 0.02827913 -0.02885847 -0.07875755 0.54509804 0.71372549 0.60000000
v 0.02992747 -0.01907226 -0.06488461 0.54509804 0.71372549 0.60000000
v 0.00760878 -0.02881174 -0.05975049 0.54509804 0.71372549 0.60000000
v 0.01049117 -0.02329706 -0.05385402 0.54509804 0.71372549 0.60000000
v 0.00730027 -0.02350269 -0.05303049 0.54509804 0.71372549 0.60000000
v 0.00290176 -0.02470845 -0.05303049 0.54509804 0.71372549 0.60000000
v 0.04331692 0.00961340 -0.05303049 0.54509804 0.71372549 0.60000000
v 0.04150991 0.00623917 -0.05303049 0.54509804 0.71372549 0.60000000
v 0.03603602 -0.01291265 -0.06753402 0.54509804 0.71372549 0.60000000
v 0.03320652 -0.01631492 -0.06616931 0.54509804 0.71372549 0.60000000
v 0.01154893 -0.02805464 -0.06061166 0.54509804 0.71372549 0.60000000
v 0.02938096 -0.01745525 -0.06170343 0.54509804 0.71372549 0.60000000
v 0.02580221 -0.01964242 -0.06062108 0.54509804 0.71372549 0.60000000
v 0.01853013 -0.02332510 -0.05891284 0.54509804 0.71372549 0.60000000
v 0.01808058 -0.02117531 -0.05577402 0.54509804 0.71372549 0.60000000
v 0.01090546 -0.02571791 -0.05712460 0.54509804 0.71372549 0.60000000
v 0.03275697 -0.01481007 -0.06306814 0.54509804 0.71372549 0.60000000
v 0.01696112 -0.01947418 -0.05303049 0.54509804 0.71372549 0.60000000
v 0.01045591 -0.02261474 -0.05303049 0.54509804 0.71372549 0.60000000
v 0.03864515 0.00166853 -0.05303049 0.54509804 0.71372549 0.60000000
v 0.03541018 -0.00986555 -0.06165637 0.54509804 0.71372549 0.60000000
v 0.03241320 -0.01309024 -0.06016461 0.54509804 0.71372549 0.60000000
v 0.02898430 -0.01564194 -0.05874813 0.54509804 0.71372549 0.60000000
v 0.02536148 -0.01772631 -0.05760931 0.54509804 0.71372549 0.60000000
v 0.02151830 -0.01741786 -0.05388696 0.54509804 0.71372549 0.60000000
v 0.01831858 -0.01874512 -0.05303049 0.54509804 0.71372549 0.60000000
v 0.01788666 -0.01901618 -0.05303049 0.54509804 0.71372549 0.60000000
v 0.03526914 -0.00804291 -0.05896931 0.54509804 0.71372549 0.60000000
v 0.03581565 -0.00255627 -0.05303049 0.54509804 0.71372549 0.60000000
v 0.03221928 -0.01117412 -0.05748696 0.54509804 0.71372549 0.60000000
v 0.02877275 -0.01365105 -0.05605637 0.54509804 0.71372549 0.60000000
v 0.02514993 -0.01566064 -0.05488460 0.54509804 0.71372549 0.60000000
v 0.02154474 -0.01664206 -0.05303049 0.54509804 0.71372549 0.60000000
v 0.03488130 -0.00382745 -0.05303049 0.54509804 0.71372549 0.60000000
v 0.03221928 -0.00909911 -0.05506813 0.54509804 0.71372549 0.60000000
v 0.02518519 -0.01398754 -0.05303049 0.54509804 0.71372549 0.60000000
v 0.02878157 -0.01151996 -0.05367049 0.54509804 0.71372549 0.60000000
v 0.02685997 -0.01257616 -0.05303049 0.54509804 0.71372549 0.60000000
v 0.03257186 -0.00680912 -0.05303049 0.54509804 0.71372549 0.60000000
v 0.02980406 -0.00981882 -0.05303049 0.54509804 0.71372549 0.60000000
v 0.02892260 -0.01076286 -0.05303049 0.54509804 0.71372549 0.60000000
v 0.00448426 0.04370853 0.02176533 0.54117647 0.42352941 0.64313725
v 0.00448426 0.04702420 0.02132607 0.54117647 0.42352941 0.64313725
v 0.00332338 0.04708496 0.02047684 0.54117647 0.42352941 0.64313725
v 0.00028423 0.04373457 0.01869785 0.54117647 0.42352941 0.64313725
v 0.00230598 0.04041890 0.02003026 0.54117647 0.42352941 0.64313725
v 0.00448426 0.04290999 0.02172873 0.54117647 0.42352941 0.64313725
v 0.00448426 0.04821333 0.02096735 0.54117647 0.42352941 0.64313725
v -0.00159839 0.04667701 0.01648691 0.54117647 0.42352941 0.64313725
v 0.00154945 0.05005344 0.01776808 0.54117647 0.42352941 0.64313725
v -0.00444624 0.04312699 0.01482505 0.54117647 0.42352941 0.64313725
v -0.00241144 0.04023662 0.01656744 0.54117647 0.42352941 0.64313725
v -0.00468972 0.03660848 0.01411491 0.54117647 0.42352941 0.64313725
v -0.00017230 0.03700775 0.01747524 0.54117647 0.42352941 0.64313725
v 0.00448426 0.04010643 0.02147250 0.54117647 0.42352941 0.64313725
v 0.00448426 0.05018364 0.02014008 0.54117647 0.42352941 0.64313725
v -0.00474624 0.04724988 0.01314122 0.54117647 0.42352941 0.64313725
v -0.00762887 0.04345682 0.01165506 0.54117647 0.42352941 0.64313725
v -0.00159405 0.05079990 0.01418080 0.54117647 0.42352941 0.64313725
v -0.00343754 0.04872543 0.01357316 0.54117647 0.42352941 0.64313725
v 0.00448426 0.05283097 0.01852946 0.54117647 0.42352941 0.64313725
v -0.01008106 0.03955092 0.00980285 0.54117647 0.42352941 0.64313725
v -0.00692886 0.03943809 0.01280446 0.54117647 0.42352941 0.64313725
v -0.00897236 0.03564503 0.01047639 0.54117647 0.42352941 0.64313725
v -0.01052019 0.03180857 0.00787744 0.54117647 0.42352941 0.64313725
v -0.00648103 0.03291090 0.01137687 0.54117647 0.42352941 0.64313725
v 0.00448426 0.03653036 0.02056469 0.54117647 0.42352941 0.64313725
v 0.00448426 0.03669528 0.02060862 0.54117647 0.42352941 0.64313725
v -0.00657669 0.04811785 0.01054960 0.54117647 0.42352941 0.64313725
v -0.00920714 0.04471538 0.00940020 0.54117647 0.42352941 0.64313725
v -0.01155498 0.04115668 0.00791404 0.54117647 0.42352941 0.64313725
v -0.00371145 0.05132069 0.01135490 0.54117647 0.42352941 0.64313725
v 0.00448426 0.05318684 0.01825858 0.54117647 0.42352941 0.64313725
v 0.00204511 0.05434125 0.01482505 0.54117647 0.42352941 0.64313725
v -0.01355934 0.03746778 0.00612772 0.54117647 0.42352941 0.64313725
v -0.01065497 0.03840519 0.00918057 0.54117647 0.42352941 0.64313725
v -0.01206803 0.03556691 0.00763585 0.54117647 0.42352941 0.64313725
v -0.01353325 0.03159158 0.00521992 0.54117647 0.42352941 0.64313725
v -0.01445500 0.02772908 0.00262097 0.54117647 0.42352941 0.64313725
v -0.01153324 0.02801551 0.00505886 0.54117647 0.42352941 0.64313725
v 0.00448426 0.03263315 0.01896872 0.54117647 0.42352941 0.64313725
v 0.00448426 0.03633073 0.02048416 0.54117647 0.42352941 0.64313725
v -0.01027671 0.04710232 0.00658162 0.54117647 0.42352941 0.64313725
v -0.00749843 0.05040931 0.00739425 0.54117647 0.42352941 0.64313725
v -0.01279412 0.04358701 0.00541759 0.54117647 0.42352941 0.64313725
v -0.01501587 0.03991547 0.00393143 0.54117647 0.42352941 0.64313725
v -0.00451580 0.05348195 0.00785547 0.54117647 0.42352941 0.64313725
v 0.00448426 0.05339515 0.01807556 0.54117647 0.42352941 0.64313725
v 0.00448426 0.05585153 0.01556446 0.54117647 0.42352941 0.64313725
v 0.00448426 0.05640703 0.01492754 0.54117647 0.42352941 0.64313725
v -0.00137231 0.05630287 0.00798726 0.54117647 0.42352941 0.64313725
v -0.01688545 0.03613977 0.00215975 0.54117647 0.42352941 0.64313725
v -0.01837241 0.03231200 0.00015381 0.54117647 0.42352941 0.64313725
v -0.01944199 0.02848422 -0.00204249 0.54117647 0.42352941 0.64313725
v -0.02007243 0.02473456 -0.00437788 0.54117647 0.42352941 0.64313725
v -0.02023764 0.02113246 -0.00680845 0.54117647 0.42352941 0.64313725
v -0.01483761 0.02401414 -0.00011707 0.54117647 0.42352941 0.64313725
v 0.00448426 0.02539422 0.01423937 0.54117647 0.42352941 0.64313725
v 0.00448426 0.02907444 0.01686760 0.54117647 0.42352941 0.64313725
v -0.01407673 0.04569620 0.00210119 0.54117647 0.42352941 0.64313725
v -0.01140715 0.04913339 0.00292114 0.54117647 0.42352941 0.64313725
v -0.00850279 0.05231886 0.00338968 0.54117647 0.42352941 0.64313725
v -0.01645936 0.04205938 0.00093715 0.54117647 0.42352941 0.64313725
v -0.01852459 0.03829236 -0.00054169 0.54117647 0.42352941 0.64313725
v -0.00541146 0.05523526 0.00352146 0.54117647 0.42352941 0.64313725
v 0.00448426 0.05724029 0.01377083 0.54117647 0.42352941 0.64313725
v 0.00448426 0.05807354 0.01240180 0.54117647 0.42352941 0.64313725
v 0.00189293 0.05885472 0.00778959 0.54117647 0.42352941 0.64313725
v -0.02024200 0.03443854 -0.00228408 0.54117647 0.42352941 0.64313725
v -0.02351158 0.03232936 -0.00710128 0.54117647 0.42352941 0.64313725
v -0.02253766 0.02669619 -0.00635454 0.54117647 0.42352941 0.64313725
v -0.02592464 0.02074187 -0.01310449 0.54117647 0.42352941 0.64313725
v -0.02588551 0.01706164 -0.01527150 0.54117647 0.42352941 0.64313725
v -0.02539855 0.01353766 -0.01746779 0.54117647 0.42352941 0.64313725
v -0.01994634 0.01772131 -0.00930490 0.54117647 0.42352941 0.64313725
v -0.01469413 0.02062903 -0.00285512 0.54117647 0.42352941 0.64313725
v -0.01468978 0.02052487 -0.00294297 0.54117647 0.42352941 0.64313725
v 0.00448426 0.02219139 0.01121581 0.54117647 0.42352941 0.64313725
v -0.01527674 0.04745819 -0.00196928 0.54117647 0.42352941 0.64313725
v -0.01781589 0.04388213 -0.00278923 0.54117647 0.42352941 0.64313725
v -0.01246368 0.05079122 -0.00149342 0.54117647 0.42352941 0.64313725
v -0.00943323 0.05382914 -0.00136164 0.54117647 0.42352941 0.64313725
v -0.02005069 0.04012379 -0.00393862 0.54117647 0.42352941 0.64313725
v -0.02195505 0.03625261 -0.00539549 0.54117647 0.42352941 0.64313725
v -0.00622016 0.05656327 -0.00153734 0.54117647 0.42352941 0.64313725
v 0.00448426 0.05922795 0.01033729 0.54117647 0.42352941 0.64313725
v 0.00448426 0.06060804 0.00740889 0.54117647 0.42352941 0.64313725
v 0.00448426 0.06095523 0.00646449 0.54117647 0.42352941 0.64313725
v 0.00119293 0.06020877 0.00284792 0.54117647 0.42352941 0.64313725
v -0.02520290 0.03381359 -0.01055679 0.54117647 0.42352941 0.64313725
v -0.02658986 0.02983826 -0.01220401 0.54117647 0.42352941 0.64313725
v -0.02552029 0.02454360 -0.01099604 0.54117647 0.42352941 0.64313725
v -0.02830726 0.02202647 -0.01589378 0.54117647 0.42352941 0.64313725
v -0.02843335 0.01450979 -0.01988371 0.54117647 0.42352941 0.64313725
v -0.02998119 0.00807809 -0.02656777 0.54117647 0.42352941 0.64313725
v -0.02884640 0.00465826 -0.02845658 0.54117647 0.42352941 0.64313725
v -0.02449854 0.01019595 -0.01967873 0.54117647 0.42352941 0.64313725
v -0.01923329 0.01450111 -0.01182331 0.54117647 0.42352941 0.64313725
v 0.00448426 0.01940518 0.00785547 0.54117647 0.42352941 0.64313725
v -0.02552898 -0.00159985 -0.03216099 0.54117647 0.42352941 0.64313725
v -0.02225070 -0.01034906 -0.03968696 0.54117647 0.42352941 0.64313725
v -0.02307679 -0.01371681 -0.04385260 0.54117647 0.42352941 0.64313725
v -0.01714197 -0.01840388 -0.04655404 0.54117647 0.42352941 0.64313725
v -0.01736372 -0.02173691 -0.05062450 0.54117647 0.42352941 0.64313725
v -0.01896372 0.04541845 -0.00718913 0.54117647 0.42352941 0.64313725
v -0.01625936 0.04889903 -0.00671327 0.54117647 0.42352941 0.64313725
v -0.02138113 0.04167747 -0.00799444 0.54117647 0.42352941 0.64313725
v -0.01329847 0.05209319 -0.00657417 0.54117647 0.42352941 0.64313725
v -0.01012454 0.05495751 -0.00674988 0.54117647 0.42352941 0.64313725
v -0.02346375 0.03778893 -0.00912919 0.54117647 0.42352941 0.64313725
v -0.00286797 0.05900228 -0.00201320 0.54117647 0.42352941 0.64313725
v -0.00678104 0.05750068 -0.00720378 0.54117647 0.42352941 0.64313725
v 0.00448426 0.06198812 0.00202066 0.54117647 0.42352941 0.64313725
v 0.00448426 0.06301233 -0.00339687 0.54117647 0.42352941 0.64313725
v 0.00419730 0.06293422 -0.00374095 0.54117647 0.42352941 0.64313725
v -0.02661595 0.03509820 -0.01456136 0.54117647 0.42352941 0.64313725
v -0.02819422 0.03103607 -0.01593038 0.54117647 0.42352941 0.64313725
v -0.02941597 0.02701734 -0.01751172 0.54117647 0.42352941 0.64313725
v -0.03083772 0.01920555 -0.02099650 0.54117647 0.42352941 0.64313725
v -0.03070293 0.01166283 -0.02468627 0.54117647 0.42352941 0.64313725
v -0.03266381 0.00859887 -0.02963526 0.54117647 0.42352941 0.64313725
v -0.03055510 0.00155090 -0.03308344 0.54117647 0.42352941 0.64313725
v -0.02697682 -0.00478533 -0.03647305 0.54117647 0.42352941 0.64313725
v -0.01042019 -0.02510466 -0.05290133 0.54117647 0.42352941 0.64313725
v -0.00385058 -0.02549525 -0.05302578 0.54117647 0.42352941 0.64313725
v -0.00375928 -0.02548657 -0.05302578 0.54117647 0.42352941 0.64313725
v -0.00075926 -0.02520014 -0.05302578 0.54117647 0.42352941 0.64313725
v 0.00105380 -0.02496579 -0.05302578 0.54117647 0.42352941 0.64313725
v 0.00290598 -0.02471407 -0.05302578 0.54117647 0.42352941 0.64313725
v 0.00448426 -0.02424536 -0.05302578 0.54117647 0.42352941 0.64313725
v -0.02358984 -0.01711060 -0.04815001 0.54117647 0.42352941 0.64313725
v -0.02808552 -0.00810100 -0.04092421 0.54117647 0.42352941 0.64313725
v -0.02382463 -0.02043495 -0.05257188 0.54117647 0.42352941 0.64313725
v -0.01734197 -0.02358570 -0.05302578 0.54117647 0.42352941 0.64313725
v -0.01978112 0.04668569 -0.01220401 0.54117647 0.42352941 0.64313725
v -0.02238984 0.04302283 -0.01266523 0.54117647 0.42352941 0.64313725
v -0.01689415 0.05003608 -0.01206491 0.54117647 0.42352941 0.64313725
v -0.02468115 0.03913429 -0.01345589 0.54117647 0.42352941 0.64313725
v -0.01376804 0.05304796 -0.01222597 0.54117647 0.42352941 0.64313725
v -0.01044628 0.05573869 -0.01265791 0.54117647 0.42352941 0.64313725
v 0.00032336 0.06163225 -0.00888028 0.54117647 0.42352941 0.64313725
v -0.00331145 0.06009593 -0.01426852 0.54117647 0.42352941 0.64313725
v 0.00448426 0.06305573 -0.00384345 0.54117647 0.42352941 0.64313725
v -0.02765074 0.03630469 -0.01911501 0.54117647 0.42352941 0.64313725
v -0.02944640 0.03215576 -0.02017655 0.54117647 0.42352941 0.64313725
v -0.03194207 0.02397074 -0.02298049 0.54117647 0.42352941 0.64313725
v -0.03306817 0.01616763 -0.02623100 0.54117647 0.42352941 0.64313725
v -0.03430296 0.00540472 -0.03468673 0.54117647 0.42352941 0.64313725
v -0.03498122 0.01299951 -0.03157532 0.54117647 0.42352941 0.64313725
v -0.03193337 -0.00169533 -0.03783475 0.54117647 0.42352941 0.64313725
v -0.01084628 -0.02509598 -0.05302578 0.54117647 0.42352941 0.64313725
v -0.01041150 -0.02519146 -0.05302578 0.54117647 0.42352941 0.64313725
v -0.00631582 -0.02538241 -0.05302578 0.54117647 0.42352941 0.64313725
v 0.00448426 0.05294380 -0.05302578 0.54117647 0.42352941 0.64313725
v -0.02887683 -0.01146875 -0.04548517 0.54117647 0.42352941 0.64313725
v -0.02938553 -0.01478442 -0.05014864 0.54117647 0.42352941 0.64313725
v -0.02955075 -0.01671133 -0.05302578 0.54117647 0.42352941 0.64313725
v -0.02495507 -0.01995756 -0.05302578 0.54117647 0.42352941 0.64313725
v -0.02382463 -0.02074742 -0.05302578 0.54117647 0.42352941 0.64313725
v -0.02253331 -0.02133764 -0.05302578 0.54117647 0.42352941 0.64313725
v -0.02015504 0.04770122 -0.01776063 0.54117647 0.42352941 0.64313725
v -0.02297244 0.04417724 -0.01789973 0.54117647 0.42352941 0.64313725
v -0.02548116 0.04034946 -0.01835363 0.54117647 0.42352941 0.64313725
v -0.01707676 0.05088670 -0.01791437 0.54117647 0.42352941 0.64313725
v -0.01378108 0.05371630 -0.01831702 0.54117647 0.42352941 0.64313725
v -0.01028976 0.05619872 -0.01896859 0.54117647 0.42352941 0.64313725
v 0.00448426 0.06317725 -0.00671327 0.54117647 0.42352941 0.64313725
v 0.00448426 0.06315989 -0.01030787 0.54117647 0.42352941 0.64313725
v 0.00448426 0.06308177 -0.01636964 0.54117647 0.42352941 0.64313725
v 0.00426251 0.06299497 -0.01670641 0.54117647 0.42352941 0.64313725
v -0.00284623 0.06005253 -0.02090865 0.54117647 0.42352941 0.64313725
v -0.00662886 0.05831658 -0.01984711 0.54117647 0.42352941 0.64313725
v -0.02819857 0.03747646 -0.02420309 0.54117647 0.42352941 0.64313725
v -0.03025510 0.03330149 -0.02492787 0.54117647 0.42352941 0.64313725
v -0.03192468 0.02905708 -0.02593084 0.54117647 0.42352941 0.64313725
v -0.03414208 0.02081130 -0.02855907 0.54117647 0.42352941 0.64313725
v -0.03657254 0.00979668 -0.03698552 0.54117647 0.42352941 0.64313725
v -0.03562470 0.00217584 -0.03981874 0.54117647 0.42352941 0.64313725
v -0.03600731 0.01766055 -0.03422551 0.54117647 0.42352941 0.64313725
v -0.03299425 -0.00498496 -0.04268124 0.54117647 0.42352941 0.64313725
v 0.00327555 0.05291776 -0.05302578 0.54117647 0.42352941 0.64313725
v 0.00448426 0.05481863 -0.04841357 0.54117647 0.42352941 0.64313725
v -0.03375947 -0.00823120 -0.04760826 0.54117647 0.42352941 0.64313725
v -0.03427687 -0.01135591 -0.05260117 0.54117647 0.42352941 0.64313725
v -0.03342469 -0.01257108 -0.05302578 0.54117647 0.42352941 0.64313725
v -0.02302897 0.04514937 -0.02363937 0.54117647 0.42352941 0.64313725
v -0.01999851 0.04849108 -0.02377115 0.54117647 0.42352941 0.64313725
v -0.02577681 0.04146047 -0.02377115 0.54117647 0.42352941 0.64313725
v -0.01673327 0.05148560 -0.02415184 0.54117647 0.42352941 0.64313725
v -0.01324629 0.05409821 -0.02475948 0.54117647 0.42352941 0.64313725
v -0.00957236 0.05632891 -0.02557943 0.54117647 0.42352941 0.64313725
v 0.00448426 0.06303837 -0.01679426 0.54117647 0.42352941 0.64313725
v 0.00448426 0.06276930 -0.01884413 0.54117647 0.42352941 0.64313725
v 0.00448426 0.06217040 -0.02340510 0.54117647 0.42352941 0.64313725
v 0.00103206 0.06138054 -0.02216054 0.54117647 0.42352941 0.64313725
v -0.00184187 0.05956647 -0.02774644 0.54117647 0.42352941 0.64313725
v -0.00576364 0.05816034 -0.02657509 0.54117647 0.42352941 0.64313725
v -0.02818552 0.03861351 -0.02977435 0.54117647 0.42352941 0.64313725
v -0.03052032 0.03449930 -0.03017701 0.54117647 0.42352941 0.64313725
v -0.03247686 0.03022885 -0.03085786 0.54117647 0.42352941 0.64313725
v -0.03403774 0.02593237 -0.03178762 0.54117647 0.42352941 0.64313725
v -0.03786385 0.00668064 -0.04245429 0.54117647 0.42352941 0.64313725
v -0.03754645 0.01459659 -0.03995052 0.54117647 0.42352941 0.64313725
v -0.03664645 -0.00099227 -0.04502395 0.54117647 0.42352941 0.64313725
v -0.03579427 0.02290313 -0.03773226 0.54117647 0.42352941 0.64313725
v -0.00120709 0.05244906 -0.05302578 0.54117647 0.42352941 0.64313725
v 0.00432773 0.05479259 -0.04845749 0.54117647 0.42352941 0.64313725
v 0.00448426 0.05500959 -0.04792306 0.54117647 0.42352941 0.64313725
v -0.03740732 -0.00403019 -0.05027309 0.54117647 0.42352941 0.64313725
v -0.03768123 -0.00548839 -0.05302578 0.54117647 0.42352941 0.64313725
v -0.03479426 -0.01071361 -0.05302578 0.54117647 0.42352941 0.64313725
v -0.03430296 -0.01159895 -0.05302578 0.54117647 0.42352941 0.64313725
v -0.02251592 0.04594791 -0.02975971 0.54117647 0.42352941 0.64313725
v -0.02550290 0.04244996 -0.02964258 0.54117647 0.42352941 0.64313725
v -0.01927242 0.04908130 -0.03011112 0.54117647 0.42352941 0.64313725
v -0.01580283 0.05183279 -0.03066751 0.54117647 0.42352941 0.64313725
v -0.01212455 0.05417633 -0.03142890 0.54117647 0.42352941 0.64313725
v -0.00829409 0.05609456 -0.03235134 0.54117647 0.42352941 0.64313725
v 0.00448426 0.06197076 -0.02454718 0.54117647 0.42352941 0.64313725
v 0.00216250 0.06051256 -0.02907886 0.54117647 0.42352941 0.64313725
v -0.00028099 0.05855961 -0.03467209 0.54117647 0.42352941 0.64313725
v -0.00433319 0.05756144 -0.03343484 0.54117647 0.42352941 0.64313725
v -0.03018989 0.03574918 -0.03588005 0.54117647 0.42352941 0.64313725
v -0.02756813 0.03970716 -0.03575559 0.54117647 0.42352941 0.64313725
v -0.03245512 0.03154818 -0.03625342 0.54117647 0.42352941 0.64313725
v -0.03432469 0.02721697 -0.03687570 0.54117647 0.42352941 0.64313725
v -0.03878124 0.01171491 -0.04571945 0.54117647 0.42352941 0.64313725
v -0.03887255 0.00372084 -0.04796699 0.54117647 0.42352941 0.64313725
v -0.03720732 0.02007353 -0.04372814 0.54117647 0.42352941 0.64313725
v -0.03581601 0.02438737 -0.04295944 0.54117647 0.42352941 0.64313725
v -0.00557668 0.05151164 -0.05302578 0.54117647 0.42352941 0.64313725
v 0.00013640 0.05477523 -0.04722025 0.54117647 0.42352941 0.64313725
v 0.00448426 0.05698858 -0.04249089 0.54117647 0.42352941 0.64313725
v -0.03956821 0.00125579 -0.05302578 0.54117647 0.42352941 0.64313725
v -0.03929429 0.00024026 -0.05302578 0.54117647 0.42352941 0.64313725
v -0.02141157 0.04659021 -0.03617289 0.54117647 0.42352941 0.64313725
v -0.02462898 0.04332662 -0.03585809 0.54117647 0.42352941 0.64313725
v -0.01794633 0.04945454 -0.03668536 0.54117647 0.42352941 0.64313725
v -0.01427239 0.05189355 -0.03737353 0.54117647 0.42352941 0.64313725
v -0.01042454 0.05388989 -0.03821544 0.54117647 0.42352941 0.64313725
v -0.00643756 0.05541754 -0.03920377 0.54117647 0.42352941 0.64313725
v 0.00448426 0.06079899 -0.02993542 0.54117647 0.42352941 0.64313725
v -0.00235057 0.05645043 -0.04034585 0.54117647 0.42352941 0.64313725
v 0.00381034 0.05907172 -0.03604843 0.54117647 0.42352941 0.64313725
v -0.02924640 0.03699907 -0.04194914 0.54117647 0.42352941 0.64313725
v -0.03181598 0.03297166 -0.04206628 0.54117647 0.42352941 0.64313725
v -0.02634638 0.04071401 -0.04203699 0.54117647 0.42352941 0.64313725
v -0.03401600 0.02872725 -0.04240304 0.54117647 0.42352941 0.64313725
v -0.03974212 0.00910230 -0.05153230 0.54117647 0.42352941 0.64313725
v -0.03831167 0.01751299 -0.04977527 0.54117647 0.42352941 0.64313725
v -0.03966386 0.00303514 -0.05302578 0.54117647 0.42352941 0.64313725
v -0.03698558 0.02180948 -0.04910174 0.54117647 0.42352941 0.64313725
v -0.03523774 0.02613200 -0.04861123 0.54117647 0.42352941 0.64313725
v -0.00990714 0.05007080 -0.05302578 0.54117647 0.42352941 0.64313725
v -0.00954192 0.05086934 -0.05095395 0.54117647 0.42352941 0.64313725
v -0.00539842 0.05194563 -0.05186907 0.54117647 0.42352941 0.64313725
v -0.00404624 0.05423709 -0.04607817 0.54117647 0.42352941 0.64313725
v 0.00179293 0.05697989 -0.04160506 0.54117647 0.42352941 0.64313725
v 0.00448426 0.05907172 -0.03629003 0.54117647 0.42352941 0.64313725
v -0.01970286 0.04702420 -0.04277641 0.54117647 0.42352941 0.64313725
v -0.02315506 0.04407308 -0.04231519 0.54117647 0.42352941 0.64313725
v -0.01602892 0.04954133 -0.04339137 0.54117647 0.42352941 0.64313725
v -0.01217238 0.05159844 -0.04415276 0.54117647 0.42352941 0.64313725
v -0.00816800 0.05316948 -0.04505324 0.54117647 0.42352941 0.64313725
v 0.00448426 0.05961855 -0.03448906 0.54117647 0.42352941 0.64313725
v -0.02769856 0.03819688 -0.04828911 0.54117647 0.42352941 0.64313725
v -0.03056380 0.03442986 -0.04820858 0.54117647 0.42352941 0.64313725
v -0.03308990 0.03037641 -0.04831107 0.54117647 0.42352941 0.64313725
v -0.02453332 0.04160803 -0.04853070 0.54117647 0.42352941 0.64313725
v -0.03875950 0.01631518 -0.05302578 0.54117647 0.42352941 0.64313725
v -0.03992908 0.00852075 -0.05302578 0.54117647 0.42352941 0.64313725
v -0.03754645 0.02038600 -0.05302578 0.54117647 0.42352941 0.64313725
v -0.03805080 0.01871948 -0.05302578 0.54117647 0.42352941 0.64313725
v -0.03642905 0.02318956 -0.05302578 0.54117647 0.42352941 0.64313725
v -0.03436817 0.02753812 -0.05302578 0.54117647 0.42352941 0.64313725
v -0.03588992 0.02451756 -0.05302578 0.54117647 0.42352941 0.64313725
v -0.01407239 0.04816993 -0.05302578 0.54117647 0.42352941 0.64313725
v -0.01356369 0.04926358 -0.05015596 0.54117647 0.42352941 0.64313725
v -0.01742893 0.04717176 -0.04948243 0.54117647 0.42352941 0.64313725
v -0.02109852 0.04461122 -0.04893336 0.54117647 0.42352941 0.64313725
v -0.02847683 0.03641752 -0.05302578 0.54117647 0.42352941 0.64313725
v -0.02918553 0.03548879 -0.05302578 0.54117647 0.42352941 0.64313725
v -0.02528985 0.03992415 -0.05302578 0.54117647 0.42352941 0.64313725
v -0.02616812 0.03896070 -0.05302578 0.54117647 0.42352941 0.64313725
v -0.03132902 0.03263315 -0.05302578 0.54117647 0.42352941 0.64313725
v -0.03193772 0.03166101 -0.05302578 0.54117647 0.42352941 0.64313725
v -0.03381165 0.02863178 -0.05302578 0.54117647 0.42352941 0.64313725
v -0.02292897 0.04205938 -0.05302578 0.54117647 0.42352941 0.64313725
v -0.01804198 0.04583507 -0.05302578 0.54117647 0.42352941 0.64313725
v -0.01951155 0.04475878 -0.05302578 0.54117647 0.42352941 0.64313725
v -0.02179853 0.04307491 -0.05302578 0.54117647 0.42352941 0.64313725
v 0.05462574 -0.05359229 -0.04214202 0.43529412 0.89019608 0.96078431
v 0.05472477 -0.05315324 -0.04213377 0.43529412 0.89019608 0.96078431
v 0.05511260 -0.05260947 -0.04210904 0.43529412 0.89019608 0.96078431
v 0.05564072 -0.05219055 -0.04207605 0.43529412 0.89019608 0.96078431
v 0.05564072 -0.05499403 -0.04207605 0.43529412 0.89019608 0.96078431
v 0.05472477 -0.05403134 -0.04213377 0.43529412 0.89019608 0.96078431
v 0.04937756 -0.06719075 -0.04208430 0.43529412 0.89019608 0.96078431
v 0.04936106 -0.02604898 -0.04208430 0.43529412 0.89019608 0.96078431
v 0.04939407 -0.02604898 -0.04208430 0.43529412 0.89019608 0.96078431
v 0.05953560 -0.02604898 -0.04158960 0.43529412 0.89019608 0.96078431
v 0.05814104 -0.05116745 -0.04180397 0.43529412 0.89019608 0.96078431
v 0.05496407 -0.05440997 -0.04211728 0.43529412 0.89019608 0.96078431
v 0.05814104 -0.05601714 -0.04180397 0.43529412 0.89019608 0.96078431
v 0.05952735 -0.06719075 -0.04158960 0.43529412 0.89019608 0.96078431
v 0.09456474 -0.06719477 0.00204344 0.43529412 0.89019608 0.96078431
v 0.03939281 -0.06719075 -0.04013021 0.43529412 0.89019608 0.96078431
v 0.03938456 -0.02604898 -0.04013021 0.43529412 0.89019608 0.96078431
v 0.06109520 -0.05079285 -0.04129277 0.43529412 0.89019608 0.96078431
v 0.06109520 -0.05639173 -0.04129277 0.43529412 0.89019608 0.96078431
v 0.06927279 -0.02604898 -0.03868732 0.43529412 0.89019608 0.96078431
v 0.06368629 -0.05116745 -0.04066614 0.43529412 0.89019608 0.96078431
v 0.06368629 -0.05601714 -0.04066614 0.43529412 0.89019608 0.96078431
v 0.06928105 -0.06719075 -0.03867908 0.43529412 0.89019608 0.96078431
v 0.09457299 -0.02604898 0.00204344 0.43529412 0.89019608 0.96078431
v 0.09449873 -0.02604898 0.00317302 0.43529412 0.89019608 0.96078431
v 0.09285661 -0.06719075 0.01206947 0.43529412 0.89019608 0.96078431
v 0.08878844 -0.06719075 0.02139467 0.43529412 0.89019608 0.96078431
v 0.08260780 -0.06719075 0.02947486 0.43529412 0.89019608 0.96078431
v 0.07467776 -0.06719075 0.03584832 0.43529412 0.89019608 0.96078431
v 0.06545218 -0.06719075 0.04013577 0.43529412 0.89019608 0.96078431
v 0.05546743 -0.06719075 0.04208161 0.43529412 0.89019608 0.96078431
v 0.04531765 -0.06719075 0.04159515 0.43529412 0.89019608 0.96078431
v 0.03556395 -0.06719075 0.03868463 0.43529412 0.89019608 0.96078431
v 0.02680048 -0.06719075 0.03352320 0.43529412 0.89019608 0.96078431
v 0.01952234 -0.06719075 0.02641593 0.43529412 0.89019608 0.96078431
v 0.01415038 -0.06719075 0.01777508 0.43529412 0.89019608 0.96078431
v 0.01101467 -0.06719075 0.00809534 0.43529412 0.89019608 0.96078431
v 0.01027200 -0.06719075 -0.00203788 0.43529412 0.89019608 0.96078431
v 0.01198839 -0.06719075 -0.01207216 0.43529412 0.89019608 0.96078431
v 0.01605656 -0.06719075 -0.02139736 0.43529412 0.89019608 0.96078431
v 0.02222895 -0.06719075 -0.02947755 0.43529412 0.89019608 0.96078431
v 0.03016724 -0.06719075 -0.03584276 0.43529412 0.89019608 0.96078431
v 0.07804452 -0.06719075 -0.03352589 0.43529412 0.89019608 0.96078431
v 0.08532266 -0.06719075 -0.02641862 0.43529412 0.89019608 0.96078431
v 0.09069462 -0.06719075 -0.01776952 0.43529412 0.89019608 0.96078431
v 0.09383033 -0.06719075 -0.00809803 0.43529412 0.89019608 0.96078431
v 0.03015898 -0.02604898 -0.03584276 0.43529412 0.89019608 0.96078431
v 0.07804452 -0.02604898 -0.03352589 0.43529412 0.89019608 0.96078431
v 0.06601331 -0.05359229 -0.03994882 0.43529412 0.89019608 0.96078431
v 0.06584002 -0.05283100 -0.04000654 0.43529412 0.89019608 0.96078431
v 0.06541093 -0.05219458 -0.04014670 0.43529412 0.89019608 0.96078431
v 0.06541093 -0.05499403 -0.04014670 0.43529412 0.89019608 0.96078431
v 0.06584002 -0.05435358 -0.04000654 0.43529412 0.89019608 0.96078431
v 0.09383033 -0.02604898 -0.00810627 0.43529412 0.89019608 0.96078431
v 0.09285661 -0.02604898 0.01206947 0.43529412 0.89019608 0.96078431
v 0.08879669 -0.02604898 0.02138643 0.43529412 0.89019608 0.96078431
v 0.08689051 -0.05359229 0.02433817 0.43529412 0.89019608 0.96078431
v 0.08678324 -0.05435358 0.02448658 0.43529412 0.89019608 0.96078431
v 0.08651918 -0.05499403 0.02485761 0.43529412 0.89019608 0.96078431
v 0.08542994 -0.05601714 0.02628401 0.43529412 0.89019608 0.96078431
v 0.08370529 -0.05639173 0.02832055 0.43529412 0.89019608 0.96078431
v 0.08261605 -0.02604898 0.02947486 0.43529412 0.89019608 0.96078431
v 0.08160933 -0.05601714 0.03047252 0.43529412 0.89019608 0.96078431
v 0.07974441 -0.05499403 0.03215452 0.43529412 0.89019608 0.96078431
v 0.07934006 -0.05457512 0.03249257 0.43529412 0.89019608 0.96078431
v 0.07903474 -0.05403134 0.03273992 0.43529412 0.89019608 0.96078431
v 0.07896048 -0.05359229 0.03279764 0.43529412 0.89019608 0.96078431
v 0.07467776 -0.02604898 0.03584832 0.43529412 0.89019608 0.96078431
v 0.05546743 -0.02604898 0.04208986 0.43529412 0.89019608 0.96078431
v 0.06545218 -0.02604898 0.04013577 0.43529412 0.89019608 0.96078431
v 0.04531765 -0.02604898 0.04159515 0.43529412 0.89019608 0.96078431
v 0.03556395 -0.02604898 0.03868463 0.43529412 0.89019608 0.96078431
v 0.02680873 -0.02604898 0.03353145 0.43529412 0.89019608 0.96078431
v 0.01953059 -0.02604898 0.02642418 0.43529412 0.89019608 0.96078431
v 0.01952234 -0.02604898 0.02641593 0.43529412 0.89019608 0.96078431
v 0.01101467 -0.02604898 0.00811183 0.43529412 0.89019608 0.96078431
v 0.01415038 -0.02604898 0.01777508 0.43529412 0.89019608 0.96078431
v 0.01028025 -0.02604898 -0.00202964 0.43529412 0.89019608 0.96078431
v 0.01028025 -0.02604898 -0.00203788 0.43529412 0.89019608 0.96078431
v 0.01198839 -0.02604898 -0.01207216 0.43529412 0.89019608 0.96078431
v 0.01604830 -0.02604898 -0.02138087 0.43529412 0.89019608 0.96078431
v 0.01605656 -0.02604898 -0.02139736 0.43529412 0.89019608 0.96078431
v 0.02222895 -0.02604898 -0.02946931 0.43529412 0.89019608 0.96078431
v 0.02223720 -0.02604898 -0.02947755 0.43529412 0.89019608 0.96078431
v 0.08531441 -0.02604898 -0.02642687 0.43529412 0.89019608 0.96078431
v 0.08532266 -0.02604898 -0.02641862 0.43529412 0.89019608 0.96078431
v 0.09068637 -0.02604898 -0.01778601 0.43529412 0.89019608 0.96078431
v 0.09069462 -0.02604898 -0.01776952 0.43529412 0.89019608 0.96078431
v 0.08878019 -0.02604898 0.02141116 0.43529412 0.89019608 0.96078431
v 0.08678324 -0.05283100 0.02448658 0.43529412 0.89019608 0.96078431
v 0.08651918 -0.05219458 0.02485761 0.43529412 0.89019608 0.96078431
v 0.08542994 -0.05116745 0.02628401 0.43529412 0.89019608 0.96078431
v 0.08370529 -0.05079285 0.02832055 0.43529412 0.89019608 0.96078431
v 0.08160933 -0.05116745 0.03047252 0.43529412 0.89019608 0.96078431
v 0.07922454 -0.05277461 0.03259151 0.43529412 0.89019608 0.96078431
v 0.07974441 -0.05219458 0.03215452 0.43529412 0.89019608 0.96078431
v 0.07903474 -0.05315324 0.03273992 0.43529412 0.89019608 0.96078431
v 0.09485360 -0.02599329 -0.00241876 0.38039216 0.78823529 0.52549020
v 0.09383637 -0.02604495 -0.00809177 0.38039216 0.78823529 0.52549020
v 0.09352679 -0.02599329 -0.01079232 0.38039216 0.78823529 0.52549020
v 0.09353563 -0.00784521 -0.00738851 0.38039216 0.78823529 0.52549020
v 0.09373023 -0.00784521 -0.00608512 0.38039216 0.78823529 0.52549020
v 0.09423442 -0.00784521 -0.00204369 0.38039216 0.78823529 0.52549020
v 0.09424327 -0.00784521 -0.00194992 0.38039216 0.78823529 0.52549020
v 0.09455285 -0.02599329 0.00555159 0.38039216 0.78823529 0.52549020
v 0.09457054 -0.02604495 0.00204463 0.38039216 0.78823529 0.52549020
v 0.09457054 -0.02604495 0.00202588 0.38039216 0.78823529 0.52549020
v 0.09068740 -0.02604495 -0.01777809 0.38039216 0.78823529 0.52549020
v 0.09295183 -0.00784521 -0.01014531 0.38039216 0.78823529 0.52549020
v 0.09056356 -0.02599329 -0.01873453 0.38039216 0.78823529 0.52549020
v 0.09090853 -0.00784521 -0.01599648 0.38039216 0.78823529 0.52549020
v 0.09153656 -0.00784521 -0.01428051 0.38039216 0.78823529 0.52549020
v 0.09177539 -0.00784521 -0.01360538 0.38039216 0.78823529 0.52549020
v 0.09399559 -0.00784521 0.00435135 0.38039216 0.78823529 0.52549020
v 0.09449978 -0.02604495 0.00317924 0.38039216 0.78823529 0.52549020
v 0.09391598 -0.00784521 0.00632987 0.38039216 0.78823529 0.52549020
v 0.09383637 -0.00928466 0.00686435 0.38039216 0.78823529 0.52549020
v 0.09262454 -0.02599329 0.01377511 0.38039216 0.78823529 0.52549020
v 0.09285453 -0.02604495 0.01206852 0.38039216 0.78823529 0.52549020
v 0.08532706 -0.02604495 -0.02641420 0.38039216 0.78823529 0.52549020
v 0.09006822 -0.02599329 -0.01953157 0.38039216 0.78823529 0.52549020
v 0.08662734 -0.00784521 -0.02370428 0.38039216 0.78823529 0.52549020
v 0.08863526 -0.00784521 -0.02043175 0.38039216 0.78823529 0.52549020
v 0.09005053 -0.00784521 -0.01798438 0.38039216 0.78823529 0.52549020
v 0.09388944 -0.00784521 0.00644239 0.38039216 0.78823529 0.52549020
v 0.09194345 -0.00784521 0.01447838 0.38039216 0.78823529 0.52549020
v 0.09174885 -0.00928466 0.01504099 0.38039216 0.78823529 0.52549020
v 0.08911291 -0.02599329 0.02143602 0.38039216 0.78823529 0.52549020
v 0.08879448 -0.02604495 0.02137976 0.38039216 0.78823529 0.52549020
v 0.08531822 -0.02604495 -0.02642357 0.38039216 0.78823529 0.52549020
v 0.08108125 -0.02599329 -0.03125267 0.38039216 0.78823529 0.52549020
v 0.08608777 -0.02599329 -0.02592660 0.38039216 0.78823529 0.52549020
v 0.08564550 -0.00784521 -0.02512019 0.38039216 0.78823529 0.52549020
v 0.09175769 -0.00784521 0.01489096 0.38039216 0.78823529 0.52549020
v 0.08840528 -0.00784521 0.02208303 0.38039216 0.78823529 0.52549020
v 0.08878563 -0.02604495 0.02139851 0.38039216 0.78823529 0.52549020
v 0.08807799 -0.00928466 0.02262689 0.38039216 0.78823529 0.52549020
v 0.08630890 -0.00784521 0.02525241 0.38039216 0.78823529 0.52549020
v 0.08608777 -0.00784521 0.02558061 0.38039216 0.78823529 0.52549020
v 0.08415946 -0.02599329 0.02826239 0.38039216 0.78823529 0.52549020
v 0.07803842 -0.02604495 -0.03353125 0.38039216 0.78823529 0.52549020
v 0.08036477 -0.02599329 -0.03201219 0.38039216 0.78823529 0.52549020
v 0.08269997 -0.00784521 -0.02837397 0.38039216 0.78823529 0.52549020
v 0.08443368 -0.00784521 -0.02651734 0.38039216 0.78823529 0.52549020
v 0.08261151 -0.02604495 0.02947201 0.38039216 0.78823529 0.52549020
v 0.08581356 -0.00784521 0.02592755 0.38039216 0.78823529 0.52549020
v 0.08396486 -0.00784521 0.02823426 0.38039216 0.78823529 0.52549020
v 0.08369066 -0.00784521 0.02855308 0.38039216 0.78823529 0.52549020
v 0.08183312 -0.02599329 0.03067225 0.38039216 0.78823529 0.52549020
v 0.08544205 -0.00784521 0.02639639 0.38039216 0.78823529 0.52549020
v 0.07348302 -0.02599329 -0.03690692 0.38039216 0.78823529 0.52549020
v 0.07779959 -0.02599329 -0.03384069 0.38039216 0.78823529 0.52549020
v 0.06927259 -0.02604495 -0.03867916 0.38039216 0.78823529 0.52549020
v 0.07799420 -0.00784521 -0.03263107 0.38039216 0.78823529 0.52549020
v 0.07976328 -0.00784521 -0.03136519 0.38039216 0.78823529 0.52549020
v 0.07990481 -0.00784521 -0.03126204 0.38039216 0.78823529 0.52549020
v 0.07307613 -0.00784521 -0.03613802 0.38039216 0.78823529 0.52549020
v 0.07796766 -0.02599329 0.03395416 0.38039216 0.78823529 0.52549020
v 0.07467715 -0.02604495 0.03584829 0.38039216 0.78823529 0.52549020
v 0.08166505 -0.00784521 0.03055973 0.38039216 0.78823529 0.52549020
v 0.08017017 -0.00928466 0.03207878 0.38039216 0.78823529 0.52549020
v 0.07074978 -0.00784521 -0.03734764 0.38039216 0.78823529 0.52549020
v 0.06567250 -0.02599329 -0.04037637 0.38039216 0.78823529 0.52549020
v 0.05953376 -0.02604495 -0.04159537 0.38039216 0.78823529 0.52549020
v 0.07791458 -0.00784521 0.03389790 0.38039216 0.78823529 0.52549020
v 0.07689736 -0.00784521 0.03469493 0.38039216 0.78823529 0.52549020
v 0.07619857 -0.00928466 0.03521066 0.38039216 0.78823529 0.52549020
v 0.07413758 -0.02599329 0.03653280 0.38039216 0.78823529 0.52549020
v 0.07927678 -0.00784521 0.03281955 0.38039216 0.78823529 0.52549020
v 0.07001561 -0.02599329 0.03868011 0.38039216 0.78823529 0.52549020
v 0.06545136 -0.02604495 0.04013352 0.38039216 0.78823529 0.52549020
v 0.06878609 -0.00784521 -0.03821969 0.38039216 0.78823529 0.52549020
v 0.05757892 -0.02599329 -0.04217673 0.38039216 0.78823529 0.52549020
v 0.02518693 -0.01399136 -0.05302578 0.38039216 0.78823529 0.52549020
v 0.02686756 -0.01257686 -0.05302578 0.38039216 0.78823529 0.52549020
v 0.02893740 -0.01076330 -0.05302578 0.38039216 0.78823529 0.52549020
v 0.02981309 -0.00982089 -0.05302578 0.38039216 0.78823529 0.52549020
v 0.03163525 -0.00784521 -0.05302578 0.38039216 0.78823529 0.52549020
v 0.06625630 -0.00784521 -0.03926990 0.38039216 0.78823529 0.52549020
v 0.04939689 -0.02604495 -0.04208296 0.38039216 0.78823529 0.52549020
v 0.05742855 -0.02599329 -0.04218611 0.38039216 0.78823529 0.52549020
v 0.07243926 -0.00784521 0.03747986 0.38039216 0.78823529 0.52549020
v 0.07205890 -0.00928466 0.03775180 0.38039216 0.78823529 0.52549020
v 0.06895416 -0.00784521 0.03922396 0.38039216 0.78823529 0.52549020
v 0.06764503 -0.00928466 0.03980533 0.38039216 0.78823529 0.52549020
v 0.06687548 -0.02599329 0.03988972 0.38039216 0.78823529 0.52549020
v 0.07160779 -0.00784521 0.03798621 0.38039216 0.78823529 0.52549020
v 0.06528330 -0.02599329 0.04049922 0.38039216 0.78823529 0.52549020
v 0.06081635 -0.02599329 0.04165258 0.38039216 0.78823529 0.52549020
v 0.05548255 -0.02604495 0.04208391 0.38039216 0.78823529 0.52549020
v 0.00448860 -0.02424920 -0.05302578 0.38039216 0.78823529 0.52549020
v 0.00731030 -0.02350276 -0.05302578 0.38039216 0.78823529 0.52549020
v 0.01046812 -0.02261736 -0.05302578 0.38039216 0.78823529 0.52549020
v 0.01696952 -0.01947480 -0.05302578 0.38039216 0.78823529 0.52549020
v 0.01789829 -0.01902230 -0.05302578 0.38039216 0.78823529 0.52549020
v 0.01832287 -0.01874795 -0.05302578 0.38039216 0.78823529 0.52549020
v 0.02155145 -0.01664579 -0.05302578 0.38039216 0.78823529 0.52549020
v 0.00448860 -0.00784521 -0.05302578 0.38039216 0.78823529 0.52549020
v 0.04936151 -0.02604495 -0.04208296 0.38039216 0.78823529 0.52549020
v 0.06744159 -0.00784521 0.03988035 0.38039216 0.78823529 0.52549020
v 0.06712315 -0.00784521 0.03999287 0.38039216 0.78823529 0.52549020
v 0.06712315 -0.00928466 0.03998349 0.38039216 0.78823529 0.52549020
v 0.06318693 -0.00928466 0.04128688 0.38039216 0.78823529 0.52549020
v 0.06302771 -0.00928466 0.04133376 0.38039216 0.78823529 0.52549020
v 0.06155052 -0.00784521 0.04166195 0.38039216 0.78823529 0.52549020
v 0.05956030 -0.00784521 0.04207454 0.38039216 0.78823529 0.52549020
v 0.05826002 -0.00928466 0.04232771 0.38039216 0.78823529 0.52549020
v 0.05983451 -0.02599329 0.04180260 0.38039216 0.78823529 0.52549020
v 0.05546486 -0.02604495 0.04208391 0.38039216 0.78823529 0.52549020
v 0.05620788 -0.02599329 0.04232771 0.38039216 0.78823529 0.52549020
v 0.05115714 -0.02599329 0.04247774 0.38039216 0.78823529 0.52549020
v 0.00448860 -0.02419220 -0.05295077 0.38039216 0.78823529 0.52549020
v 0.03939270 -0.02604495 -0.04013257 0.38039216 0.78823529 0.52549020
v 0.03016691 -0.02604495 -0.03584734 0.38039216 0.78823529 0.52549020
v 0.02223255 -0.02604495 -0.02948044 0.38039216 0.78823529 0.52549020
v 0.02222371 -0.02604495 -0.02947106 0.38039216 0.78823529 0.52549020
v 0.01605844 -0.02604495 -0.02139757 0.38039216 0.78823529 0.52549020
v 0.01604959 -0.02604495 -0.02137881 0.38039216 0.78823529 0.52549020
v 0.01198953 -0.02604495 -0.01206757 0.38039216 0.78823529 0.52549020
v 0.01037967 -0.02599329 -0.00616014 0.38039216 0.78823529 0.52549020
v 0.01027352 -0.02604495 -0.00205306 0.38039216 0.78823529 0.52549020
v 0.00994624 -0.02599329 -0.00113413 0.38039216 0.78823529 0.52549020
v 0.00995509 -0.02599329 -0.00064653 0.38039216 0.78823529 0.52549020
v 0.01007008 -0.02599329 0.00351681 0.38039216 0.78823529 0.52549020
v 0.00448860 -0.00784521 -0.03587547 0.38039216 0.78823529 0.52549020
v 0.06308963 -0.00784521 0.04132439 0.38039216 0.78823529 0.52549020
v 0.05858730 -0.00784521 0.04227145 0.38039216 0.78823529 0.52549020
v 0.05706589 -0.00784521 0.04245899 0.38039216 0.78823529 0.52549020
v 0.04531915 -0.02604495 0.04159631 0.38039216 0.78823529 0.52549020
v 0.05501375 -0.00784521 0.04264652 0.38039216 0.78823529 0.52549020
v 0.05341272 -0.00928466 0.04276842 0.38039216 0.78823529 0.52549020
v 0.04855658 -0.00928466 0.04263715 0.38039216 0.78823529 0.52549020
v 0.04656635 -0.02599329 0.04209329 0.38039216 0.78823529 0.52549020
v 0.00448860 -0.02368269 -0.05229438 0.38039216 0.78823529 0.52549020
v 0.01027352 -0.02604495 -0.00203431 0.38039216 0.78823529 0.52549020
v 0.01100769 -0.02604495 0.00809272 0.38039216 0.78823529 0.52549020
v 0.01049466 -0.02599329 0.00659242 0.38039216 0.78823529 0.52549020
v 0.00999047 -0.00928466 0.00458577 0.38039216 0.78823529 0.52549020
v 0.00448860 -0.01287615 -0.04067643 0.38039216 0.78823529 0.52549020
v 0.00448860 -0.01401274 -0.04181104 0.38039216 0.78823529 0.52549020
v 0.00448860 -0.01829723 -0.04620879 0.38039216 0.78823529 0.52549020
v 0.00448860 -0.02099798 -0.04916251 0.38039216 0.78823529 0.52549020
v 0.00448860 -0.02312686 -0.05162863 0.38039216 0.78823529 0.52549020
v 0.00997278 -0.00784521 0.00434197 0.38039216 0.78823529 0.52549020
v 0.04200211 -0.02599329 0.04119311 0.38039216 0.78823529 0.52549020
v 0.03558032 -0.02604495 0.03868948 0.38039216 0.78823529 0.52549020
v 0.05400537 -0.00784521 0.04273092 0.38039216 0.78823529 0.52549020
v 0.05346579 -0.00784521 0.04272154 0.38039216 0.78823529 0.52549020
v 0.05093600 -0.00784521 0.04265590 0.38039216 0.78823529 0.52549020
v 0.04791971 -0.00784521 0.04257151 0.38039216 0.78823529 0.52549020
v 0.04528376 -0.00928466 0.04217768 0.38039216 0.78823529 0.52549020
v 0.04373581 -0.00928466 0.04195264 0.38039216 0.78823529 0.52549020
v 0.01415667 -0.02604495 0.01777904 0.38039216 0.78823529 0.52549020
v 0.01196300 -0.02599329 0.01299683 0.38039216 0.78823529 0.52549020
v 0.01070695 -0.02599329 0.00809272 0.38039216 0.78823529 0.52549020
v 0.01074233 -0.00928466 0.00939611 0.38039216 0.78823529 0.52549020
v 0.01025583 -0.00784521 0.00617046 0.38039216 0.78823529 0.52549020
v 0.03903004 -0.00928466 0.04072427 0.38039216 0.78823529 0.52549020
v 0.03717250 -0.02599329 0.03966468 0.38039216 0.78823529 0.52549020
v 0.04267436 -0.00928466 0.04168071 0.38039216 0.78823529 0.52549020
v 0.03296207 -0.02599329 0.03777993 0.38039216 0.78823529 0.52549020
v 0.02895509 -0.02599329 0.03542633 0.38039216 0.78823529 0.52549020
v 0.02679680 -0.02604495 0.03352282 0.38039216 0.78823529 0.52549020
v 0.04579680 -0.00784521 0.04227145 0.38039216 0.78823529 0.52549020
v 0.04337315 -0.00784521 0.04187762 0.38039216 0.78823529 0.52549020
v 0.04267436 -0.00784521 0.04169946 0.38039216 0.78823529 0.52549020
v 0.01362594 -0.02599329 0.01733833 0.38039216 0.78823529 0.52549020
v 0.01951700 -0.02604495 0.02641514 0.38039216 0.78823529 0.52549020
v 0.01574000 -0.02599329 0.02144540 0.38039216 0.78823529 0.52549020
v 0.01514736 -0.02599329 0.02030142 0.38039216 0.78823529 0.52549020
v 0.01086616 -0.00784521 0.00993059 0.38039216 0.78823529 0.52549020
v 0.01202492 -0.00928466 0.01405642 0.38039216 0.78823529 0.52549020
v 0.01055657 -0.00784521 0.00807397 0.38039216 0.78823529 0.52549020
v 0.03820741 -0.00928466 0.04040545 0.38039216 0.78823529 0.52549020
v 0.04025956 -0.00784521 0.04106183 0.38039216 0.78823529 0.52549020
v 0.03891505 -0.00784521 0.04068676 0.38039216 0.78823529 0.52549020
v 0.03711942 -0.00784521 0.03999287 0.38039216 0.78823529 0.52549020
v 0.03449233 -0.00928466 0.03896141 0.38039216 0.78823529 0.52549020
v 0.03019345 -0.00928466 0.03668283 0.38039216 0.78823529 0.52549020
v 0.02617762 -0.00928466 0.03393541 0.38039216 0.78823529 0.52549020
v 0.02490387 -0.02599329 0.03237884 0.38039216 0.78823529 0.52549020
v 0.02415201 -0.02599329 0.03166620 0.38039216 0.78823529 0.52549020
v 0.02156030 -0.02599329 0.02920945 0.38039216 0.78823529 0.52549020
v 0.01952585 -0.02604495 0.02642453 0.38039216 0.78823529 0.52549020
v 0.01436896 -0.00928466 0.01962628 0.38039216 0.78823529 0.52549020
v 0.01426281 -0.00928466 0.01938249 0.38039216 0.78823529 0.52549020
v 0.01854400 -0.02599329 0.02565562 0.38039216 0.78823529 0.52549020
v 0.01537734 -0.00784521 0.02130475 0.38039216 0.78823529 0.52549020
v 0.01805751 -0.00784521 0.02550559 0.38039216 0.78823529 0.52549020
v 0.01641225 -0.00784521 0.02292695 0.38039216 0.78823529 0.52549020
v 0.01134382 -0.00784521 0.01163718 0.38039216 0.78823529 0.52549020
v 0.01264410 -0.00784521 0.01557547 0.38039216 0.78823529 0.52549020
v 0.01216644 -0.00784521 0.01443149 0.38039216 0.78823529 0.52549020
v 0.03458963 -0.00784521 0.03900829 0.38039216 0.78823529 0.52549020
v 0.03141412 -0.00784521 0.03734859 0.38039216 0.78823529 0.52549020
v 0.03047650 -0.00784521 0.03685161 0.38039216 0.78823529 0.52549020
v 0.02763712 -0.00784521 0.03495749 0.38039216 0.78823529 0.52549020
v 0.02661104 -0.00784521 0.03424484 0.38039216 0.78823529 0.52549020
v 0.02524000 -0.00784521 0.03315712 0.38039216 0.78823529 0.52549020
v 0.02416970 -0.00784521 0.03227570 0.38039216 0.78823529 0.52549020
v 0.02409894 -0.00928466 0.03221006 0.38039216 0.78823529 0.52549020
v 0.02144531 -0.00784521 0.02947201 0.38039216 0.78823529 0.52549020
v 0.01966737 -0.00784521 0.02760601 0.38039216 0.78823529 0.52549020
v 0.01889782 -0.00928466 0.02671521 0.38039216 0.78823529 0.52549020
v 0.01433358 -0.00784521 0.01957002 0.38039216 0.78823529 0.52549020
v 0.01385592 -0.00784521 0.01845417 0.38039216 0.78823529 0.52549020
v 0.01883590 -0.00784521 0.02663081 0.38039216 0.78823529 0.52549020
v 0.09425170 -0.00784521 -0.00194738 0.56470588 0.92549020 0.07058824
v 0.09373329 -0.00784521 -0.00608127 0.56470588 0.92549020 0.07058824
v 0.09377723 -0.00715989 -0.00620313 0.56470588 0.92549020 0.07058824
v 0.09424291 -0.00745360 -0.00204112 0.56470588 0.92549020 0.07058824
v 0.09424291 0.00113171 -0.00204112 0.56470588 0.92549020 0.07058824
v 0.09391781 0.00131246 0.00632978 0.56470588 0.92549020 0.07058824
v 0.09391781 -0.00784521 0.00632978 0.56470588 0.92549020 0.07058824
v 0.09353120 -0.00784521 -0.00739361 0.56470588 0.92549020 0.07058824
v 0.09377723 0.00102628 -0.00621250 0.56470588 0.92549020 0.07058824
v 0.09401446 0.01019147 -0.00205986 0.56470588 0.92549020 0.07058824
v 0.09404961 0.01068099 0.00213964 0.56470588 0.92549020 0.07058824
v 0.09367179 0.01113284 0.00632041 0.56470588 0.92549020 0.07058824
v 0.09288979 0.01153952 0.01044493 0.56470588 0.92549020 0.07058824
v 0.09194084 0.00146307 0.01448508 0.56470588 0.92549020 0.07058824
v 0.09194963 -0.00784521 0.01448508 0.56470588 0.92549020 0.07058824
v 0.09389145 -0.00784521 0.00644227 0.56470588 0.92549020 0.07058824
v 0.09295129 -0.00784521 -0.01014017 0.56470588 0.92549020 0.07058824
v 0.09290736 0.00091331 -0.01030890 0.56470588 0.92549020 0.07058824
v 0.09355756 0.00965678 -0.00622188 0.56470588 0.92549020 0.07058824
v 0.09304795 0.01962025 -0.00213486 0.56470588 0.92549020 0.07058824
v 0.09305673 0.02053150 0.00206465 0.56470588 0.92549020 0.07058824
v 0.09265255 0.02136744 0.00623604 0.56470588 0.92549020 0.07058824
v 0.09185298 0.02212054 0.01035118 0.56470588 0.92549020 0.07058824
v 0.09065801 0.02279079 0.01435384 0.56470588 0.92549020 0.07058824
v 0.09169482 0.01190100 0.01446633 0.56470588 0.92549020 0.07058824
v 0.09011325 0.01221731 0.01834712 0.56470588 0.92549020 0.07058824
v 0.08839988 0.00158357 0.02207794 0.56470588 0.92549020 0.07058824
v 0.08840866 -0.00784521 0.02207794 0.56470588 0.92549020 0.07058824
v 0.09178268 -0.00784521 -0.01359914 0.56470588 0.92549020 0.07058824
v 0.09162453 -0.00651976 -0.01431156 0.56470588 0.92549020 0.07058824
v 0.09290736 -0.00685112 -0.01030890 0.56470588 0.92549020 0.07058824
v 0.09162453 0.00079282 -0.01431156 0.56470588 0.92549020 0.07058824
v 0.09143122 0.00848194 -0.01433030 0.56470588 0.92549020 0.07058824
v 0.09269648 0.00908442 -0.01032765 0.56470588 0.92549020 0.07058824
v 0.09263498 0.01863370 -0.00630624 0.56470588 0.92549020 0.07058824
v 0.09105340 0.02919212 -0.00235046 0.56470588 0.92549020 0.07058824
v 0.09099190 0.03052511 0.00183968 0.56470588 0.92549020 0.07058824
v 0.09054378 0.03173006 0.00600169 0.56470588 0.92549020 0.07058824
v 0.08970028 0.03282205 0.01007934 0.56470588 0.92549020 0.07058824
v 0.08848774 0.03378602 0.01404450 0.56470588 0.92549020 0.07058824
v 0.08690617 0.03461442 0.01785968 0.56470588 0.92549020 0.07058824
v 0.08907644 0.02337821 0.01820652 0.56470588 0.92549020 0.07058824
v 0.08712583 0.02386772 0.02189046 0.56470588 0.92549020 0.07058824
v 0.08816264 0.01248842 0.02204982 0.56470588 0.92549020 0.07058824
v 0.08608902 0.00162123 0.02558378 0.56470588 0.92549020 0.07058824
v 0.08630868 -0.00784521 0.02525569 0.56470588 0.92549020 0.07058824
v 0.09153666 -0.00784521 -0.01427406 0.56470588 0.92549020 0.07058824
v 0.09090403 -0.00784521 -0.01599886 0.56470588 0.92549020 0.07058824
v 0.08996388 -0.00617333 -0.01816423 0.56470588 0.92549020 0.07058824
v 0.08995509 0.00066479 -0.01816423 0.56470588 0.92549020 0.07058824
v 0.08977936 0.00784181 -0.01819235 0.56470588 0.92549020 0.07058824
v 0.09060529 0.01644971 -0.01444279 0.56470588 0.92549020 0.07058824
v 0.08900615 0.01525982 -0.01832359 0.56470588 0.92549020 0.07058824
v 0.09181783 0.01757936 -0.01042139 0.56470588 0.92549020 0.07058824
v 0.09071951 0.02774617 -0.00653122 0.56470588 0.92549020 0.07058824
v 0.08963877 0.03387639 -0.00254731 0.56470588 0.92549020 0.07058824
v 0.08904129 0.03674569 0.00578609 0.56470588 0.92549020 0.07058824
v 0.08695010 0.03902757 0.01378203 0.56470588 0.92549020 0.07058824
v 0.08344428 0.04069945 0.02114055 0.56470588 0.92549020 0.07058824
v 0.08497313 0.03531480 0.02147801 0.56470588 0.92549020 0.07058824
v 0.08270621 0.03586456 0.02488073 0.56470588 0.92549020 0.07058824
v 0.08483255 0.02426686 0.02534943 0.56470588 0.92549020 0.07058824
v 0.08584300 0.01269929 0.02554628 0.56470588 0.92549020 0.07058824
v 0.08608902 -0.00784521 0.02558378 0.56470588 0.92549020 0.07058824
v 0.08381331 0.01075630 0.02820847 0.56470588 0.92549020 0.07058824
v 0.08392754 0.00165135 0.02822722 0.56470588 0.92549020 0.07058824
v 0.08396268 -0.00136104 0.02823660 0.56470588 0.92549020 0.07058824
v 0.09004295 -0.00784521 -0.01798613 0.56470588 0.92549020 0.07058824
v 0.08791662 -0.00581185 -0.02182943 0.56470588 0.92549020 0.07058824
v 0.08791662 0.00053676 -0.02182943 0.56470588 0.92549020 0.07058824
v 0.08774967 0.00717908 -0.02186692 0.56470588 0.92549020 0.07058824
v 0.08702918 0.01401721 -0.02201691 0.56470588 0.92549020 0.07058824
v 0.08739821 0.02272302 -0.01863293 0.56470588 0.92549020 0.07058824
v 0.08889192 0.02450033 -0.01472401 0.56470588 0.92549020 0.07058824
v 0.08553547 0.02087040 -0.02236374 0.56470588 0.92549020 0.07058824
v 0.08999902 0.02617973 -0.01067448 0.56470588 0.92549020 0.07058824
v 0.08774089 0.03653482 -0.00699991 0.56470588 0.92549020 0.07058824
v 0.08716976 0.03453158 -0.01117130 0.56470588 0.92549020 0.07058824
v 0.08794298 0.03834979 -0.00281915 0.56470588 0.92549020 0.07058824
v 0.08724884 0.04146761 0.00549550 0.56470588 0.92549020 0.07058824
v 0.08510493 0.04390011 0.01342582 0.56470588 0.92549020 0.07058824
v 0.08160789 0.04566990 0.02069997 0.56470588 0.92549020 0.07058824
v 0.07936733 0.04629497 0.02400896 0.56470588 0.92549020 0.07058824
v 0.07966607 0.03990870 0.02718672 0.56470588 0.92549020 0.07058824
v 0.08000875 0.03853053 0.02728046 0.56470588 0.92549020 0.07058824
v 0.08057987 0.03619593 0.02743981 0.56470588 0.92549020 0.07058824
v 0.08118614 0.03374083 0.02759917 0.56470588 0.92549020 0.07058824
v 0.08241625 0.02678221 0.02789913 0.56470588 0.92549020 0.07058824
v 0.08267985 0.02451539 0.02796475 0.56470588 0.92549020 0.07058824
v 0.08331248 0.01907049 0.02810536 0.56470588 0.92549020 0.07058824
v 0.08396268 -0.00784521 0.02823660 0.56470588 0.92549020 0.07058824
v 0.07755731 0.01605810 0.03382344 0.56470588 0.92549020 0.07058824
v 0.07792634 0.00488214 0.03392656 0.56470588 0.92549020 0.07058824
v 0.08166940 -0.00784521 0.03056132 0.56470588 0.92549020 0.07058824
v 0.08369030 -0.00784521 0.02854593 0.56470588 0.92549020 0.07058824
v 0.08994630 -0.00784521 -0.01815486 0.56470588 0.92549020 0.07058824
v 0.08862832 -0.00784521 -0.02043272 0.56470588 0.92549020 0.07058824
v 0.08662500 -0.00784521 -0.02370421 0.56470588 0.92549020 0.07058824
v 0.08564090 -0.00784521 -0.02512904 0.56470588 0.92549020 0.07058824
v 0.08552668 0.00040121 -0.02527902 0.56470588 0.92549020 0.07058824
v 0.08536852 0.00650883 -0.02531652 0.56470588 0.92549020 0.07058824
v 0.08469196 0.01275200 -0.02547588 0.56470588 0.92549020 0.07058824
v 0.08330369 0.01896506 -0.02584146 0.56470588 0.92549020 0.07058824
v 0.08490284 0.02999041 -0.01920473 0.56470588 0.92549020 0.07058824
v 0.08622960 0.03233254 -0.01524895 0.56470588 0.92549020 0.07058824
v 0.08319825 0.02749765 -0.02297304 0.56470588 0.92549020 0.07058824
v 0.08379574 0.04427666 -0.00781544 0.56470588 0.92549020 0.07058824
v 0.08600115 0.04251442 -0.00317536 0.56470588 0.92549020 0.07058824
v 0.08341791 0.04198724 -0.01199620 0.56470588 0.92549020 0.07058824
v 0.08268864 0.03941166 -0.01611135 0.56470588 0.92549020 0.07058824
v 0.08517522 0.04579792 0.00510180 0.56470588 0.92549020 0.07058824
v 0.08297859 0.04832080 0.01296651 0.56470588 0.92549020 0.07058824
v 0.07948156 0.05012070 0.02013754 0.56470588 0.92549020 0.07058824
v 0.07726736 0.05075330 0.02338091 0.56470588 0.92549020 0.07058824
v 0.07587030 0.04993242 0.02603372 0.56470588 0.92549020 0.07058824
v 0.07656443 0.04834339 0.02624932 0.56470588 0.92549020 0.07058824
v 0.07789120 0.04528582 0.02667115 0.56470588 0.92549020 0.07058824
v 0.07725857 0.03882424 0.03016762 0.56470588 0.92549020 0.07058824
v 0.07543976 0.03339441 0.03316727 0.56470588 0.92549020 0.07058824
v 0.07639749 0.02762568 0.03347661 0.56470588 0.92549020 0.07058824
v 0.07056324 0.01595267 0.03821043 0.56470588 0.92549020 0.07058824
v 0.07090591 0.00484448 0.03833229 0.56470588 0.92549020 0.07058824
v 0.07689832 -0.00784521 0.03469521 0.56470588 0.92549020 0.07058824
v 0.07794391 -0.00569135 0.03392656 0.56470588 0.92549020 0.07058824
v 0.07927947 -0.00784521 0.03282043 0.56470588 0.92549020 0.07058824
v 0.08442837 -0.00784521 -0.02651638 0.56470588 0.92549020 0.07058824
v 0.08280286 -0.00507381 -0.02847552 0.56470588 0.92549020 0.07058824
v 0.08552668 -0.00544283 -0.02527902 0.56470588 0.92549020 0.07058824
v 0.08265349 0.00582351 -0.02851302 0.56470588 0.92549020 0.07058824
v 0.08202964 0.01147174 -0.02867238 0.56470588 0.92549020 0.07058824
v 0.08112463 0.02491453 -0.02647888 0.56470588 0.92549020 0.07058824
v 0.08072924 0.01703713 -0.02904733 0.56470588 0.92549020 0.07058824
v 0.08009661 0.03354502 -0.02389169 0.56470588 0.92549020 0.07058824
v 0.08158153 0.03658754 -0.02009526 0.56470588 0.92549020 0.07058824
v 0.07909495 0.05047466 -0.00908092 0.56470588 0.92549020 0.07058824
v 0.08145852 0.04966131 -0.00421586 0.56470588 0.92549020 0.07058824
v 0.08383088 0.04630249 -0.00364405 0.56470588 0.92549020 0.07058824
v 0.07894558 0.04804215 -0.01325231 0.56470588 0.92549020 0.07058824
v 0.07847989 0.04521804 -0.01736745 0.56470588 0.92549020 0.07058824
v 0.07762760 0.04207009 -0.02137011 0.56470588 0.92549020 0.07058824
v 0.08286437 0.04967637 0.00459561 0.56470588 0.92549020 0.07058824
v 0.08059744 0.05222938 0.01237595 0.56470588 0.92549020 0.07058824
v 0.07709162 0.05402174 0.01942512 0.56470588 0.92549020 0.07058824
v 0.07490378 0.05463928 0.02261225 0.56470588 0.92549020 0.07058824
v 0.07362094 0.05393890 0.02525569 0.56470588 0.92549020 0.07058824
v 0.07444688 0.05247790 0.02554628 0.56470588 0.92549020 0.07058824
v 0.07522009 0.05109973 0.02580875 0.56470588 0.92549020 0.07058824
v 0.07390212 0.04865969 0.02904275 0.56470588 0.92549020 0.07058824
v 0.07420964 0.03893720 0.03274544 0.56470588 0.92549020 0.07058824
v 0.07092348 0.03886942 0.03501393 0.56470588 0.92549020 0.07058824
v 0.06858627 0.03312329 0.03743240 0.56470588 0.92549020 0.07058824
v 0.06948250 0.02741481 0.03779798 0.56470588 0.92549020 0.07058824
v 0.06678503 0.01577946 0.03986961 0.56470588 0.92549020 0.07058824
v 0.06711013 0.00479176 0.04000085 0.56470588 0.92549020 0.07058824
v 0.07093227 -0.00566123 0.03834166 0.56470588 0.92549020 0.07058824
v 0.07160883 -0.00784521 0.03798546 0.56470588 0.92549020 0.07058824
v 0.07243477 -0.00784521 0.03747926 0.56470588 0.92549020 0.07058824
v 0.06744403 -0.00784521 0.03988836 0.56470588 0.92549020 0.07058824
v 0.07791756 -0.00784521 0.03389843 0.56470588 0.92549020 0.07058824
v 0.08269742 -0.00784521 -0.02837241 0.56470588 0.92549020 0.07058824
v 0.07990331 -0.00784521 -0.03125957 0.56470588 0.92549020 0.07058824
v 0.07977151 -0.00470479 -0.03138144 0.56470588 0.92549020 0.07058824
v 0.07963093 0.00515325 -0.03141893 0.56470588 0.92549020 0.07058824
v 0.07905102 0.01021407 -0.03157829 0.56470588 0.92549020 0.07058824
v 0.07869956 0.02230881 -0.02967539 0.56470588 0.92549020 0.07058824
v 0.07822508 0.03033683 -0.02740690 0.56470588 0.92549020 0.07058824
v 0.07782969 0.01513932 -0.03193450 0.56470588 0.92549020 0.07058824
v 0.07639749 0.03860584 -0.02516654 0.56470588 0.92549020 0.07058824
v 0.07626569 0.05504596 -0.00577193 0.56470588 0.92549020 0.07058824
v 0.07891922 0.05257580 -0.00492828 0.56470588 0.92549020 0.07058824
v 0.07405148 0.05247790 -0.01500523 0.56470588 0.92549020 0.07058824
v 0.07393726 0.05497065 -0.01087133 0.56470588 0.92549020 0.07058824
v 0.08034264 0.05307284 0.00395818 0.56470588 0.92549020 0.07058824
v 0.07385818 0.04951069 -0.01908287 0.56470588 0.92549020 0.07058824
v 0.07328706 0.04614434 -0.02305741 0.56470588 0.92549020 0.07058824
v 0.07232054 0.04237133 -0.02681635 0.56470588 0.92549020 0.07058824
v 0.07799663 0.05561078 0.01164478 0.56470588 0.92549020 0.07058824
v 0.07447324 0.05735797 0.01857210 0.56470588 0.92549020 0.07058824
v 0.07113436 0.05737303 0.02433705 0.56470588 0.92549020 0.07058824
v 0.07209209 0.05605510 0.02469326 0.56470588 0.92549020 0.07058824
v 0.07287409 0.05497065 0.02498385 0.56470588 0.92549020 0.07058824
v 0.07230297 0.05795291 0.02169361 0.56470588 0.92549020 0.07058824
v 0.06661809 0.05642413 0.02973642 0.56470588 0.92549020 0.07058824
v 0.06889380 0.05286950 0.03071131 0.56470588 0.92549020 0.07058824
v 0.07093227 0.04875759 0.03152683 0.56470588 0.92549020 0.07058824
v 0.06742645 0.03859831 0.03695432 0.56470588 0.92549020 0.07058824
v 0.06772519 0.04864463 0.03371096 0.56470588 0.92549020 0.07058824
v 0.06373611 0.03813139 0.03853851 0.56470588 0.92549020 0.07058824
v 0.06573065 0.02709851 0.03942904 0.56470588 0.92549020 0.07058824
v 0.06284867 0.01552340 0.04114446 0.56470588 0.92549020 0.07058824
v 0.06317377 0.00470139 0.04128507 0.56470588 0.92549020 0.07058824
v 0.06712771 -0.00562357 0.04001022 0.56470588 0.92549020 0.07058824
v 0.06319135 -0.00555580 0.04129444 0.56470588 0.92549020 0.07058824
v 0.06894652 -0.00784521 0.03922281 0.56470588 0.92549020 0.07058824
v 0.06308591 -0.00784521 0.04132256 0.56470588 0.92549020 0.07058824
v 0.07976272 -0.00784521 -0.03136269 0.56470588 0.92549020 0.07058824
v 0.07307618 -0.00784521 -0.03613401 0.56470588 0.92549020 0.07058824
v 0.07292681 -0.00401194 -0.03621837 0.56470588 0.92549020 0.07058824
v 0.07280380 0.00388805 -0.03624649 0.56470588 0.92549020 0.07058824
v 0.04763921 0.02573540 -0.05302578 0.56470588 0.92549020 0.07058824
v 0.04744590 0.02761815 -0.05302578 0.56470588 0.92549020 0.07058824
v 0.07598452 0.02704579 -0.03059403 0.56470588 0.92549020 0.07058824
v 0.07593180 0.01974075 -0.03253443 0.56470588 0.92549020 0.07058824
v 0.04661997 0.03098449 -0.05302578 0.56470588 0.92549020 0.07058824
v 0.07476319 0.03487048 -0.02867238 0.56470588 0.92549020 0.07058824
v 0.04732289 0.02843149 -0.05302578 0.56470588 0.92549020 0.07058824
v 0.07354187 0.05707932 -0.00677494 0.56470588 0.92549020 0.07058824
v 0.07480713 0.05841984 0.00225213 0.56470588 0.92549020 0.07058824
v 0.07764517 0.05597980 0.00318015 0.56470588 0.92549020 0.07058824
v 0.06904317 0.05528695 -0.01730183 0.56470588 0.92549020 0.07058824
v 0.06913103 0.05222938 -0.02130449 0.56470588 0.92549020 0.07058824
v 0.06866535 0.05780982 -0.01327105 0.56470588 0.92549020 0.07058824
v 0.07077411 0.05869095 -0.00793730 0.56470588 0.92549020 0.07058824
v 0.06883229 0.04870488 -0.02518529 0.56470588 0.92549020 0.07058824
v 0.07094105 0.03824435 -0.03026594 0.56470588 0.92549020 0.07058824
v 0.04438819 0.03588716 -0.05302578 0.56470588 0.92549020 0.07058824
v 0.06812937 0.04471346 -0.02885986 0.56470588 0.92549020 0.07058824
v 0.07520252 0.05847255 0.01075426 0.56470588 0.92549020 0.07058824
v 0.07166155 0.06015949 0.01755972 0.56470588 0.92549020 0.07058824
v 0.06952643 0.05909009 0.02368088 0.56470588 0.92549020 0.07058824
v 0.06413150 0.05942898 0.02860218 0.56470588 0.92549020 0.07058824
v 0.06950007 0.06072431 0.02059686 0.56470588 0.92549020 0.07058824
v 0.06834025 0.06034776 0.02320281 0.56470588 0.92549020 0.07058824
v 0.06021272 0.05587436 0.03358909 0.56470588 0.92549020 0.07058824
v 0.06238299 0.05236493 0.03465772 0.56470588 0.92549020 0.07058824
v 0.06431602 0.04830573 0.03557636 0.56470588 0.92549020 0.07058824
v 0.05990519 0.03746866 0.03976650 0.56470588 0.92549020 0.07058824
v 0.06183822 0.02663912 0.04069451 0.56470588 0.92549020 0.07058824
v 0.06072233 0.04772585 0.03710431 0.56470588 0.92549020 0.07058824
v 0.05880687 0.01519957 0.04203498 0.56470588 0.92549020 0.07058824
v 0.05912319 0.00459596 0.04218496 0.56470588 0.92549020 0.07058824
v 0.06155705 -0.00784521 0.04166002 0.56470588 0.92549020 0.07058824
v 0.07292681 -0.00784521 -0.03621837 0.56470588 0.92549020 0.07058824
v 0.04756891 0.02289623 -0.05302578 0.56470588 0.92549020 0.07058824
v 0.04762163 0.02415390 -0.05302578 0.56470588 0.92549020 0.07058824
v 0.07274229 0.03099203 -0.03180326 0.56470588 0.92549020 0.07058824
v 0.04570617 0.03353749 -0.05302578 0.56470588 0.92549020 0.07058824
v 0.04663754 0.03092425 -0.05302578 0.56470588 0.92549020 0.07058824
v 0.04534592 0.03427553 -0.05302578 0.56470588 0.92549020 0.07058824
v 0.07189000 0.06040048 0.00114601 0.56470588 0.92549020 0.07058824
v 0.07226782 0.06083728 0.00970438 0.56470588 0.92549020 0.07058824
v 0.06421937 0.05656721 -0.02018899 0.56470588 0.92549020 0.07058824
v 0.06457083 0.05341927 -0.02404167 0.56470588 0.92549020 0.07058824
v 0.06359553 0.05915034 -0.01629882 0.56470588 0.92549020 0.07058824
v 0.06802393 0.05991097 -0.00926840 0.56470588 0.92549020 0.07058824
v 0.06893773 0.06195939 -0.00012884 0.56470588 0.92549020 0.07058824
v 0.06453569 0.04976674 -0.02777248 0.56470588 0.92549020 0.07058824
v 0.04331624 0.03735570 -0.05302578 0.56470588 0.92549020 0.07058824
v 0.06407878 0.04560965 -0.03126895 0.56470588 0.92549020 0.07058824
v 0.04272754 0.03801842 -0.05302578 0.56470588 0.92549020 0.07058824
v 0.04074179 0.04008191 -0.05302578 0.56470588 0.92549020 0.07058824
v 0.06870049 0.06244890 0.01635986 0.56470588 0.92549020 0.07058824
v 0.06146040 0.06191421 0.02730858 0.56470588 0.92549020 0.07058824
v 0.05783157 0.05884157 0.03235174 0.56470588 0.92549020 0.07058824
v 0.06654780 0.06298361 0.01933139 0.56470588 0.92549020 0.07058824
v 0.06521225 0.06287817 0.02181547 0.56470588 0.92549020 0.07058824
v 0.06678503 0.06161297 0.02250914 0.56470588 0.92549020 0.07058824
v 0.05672447 0.05521917 0.03505142 0.56470588 0.92549020 0.07058824
v 0.05884202 0.05174739 0.03615754 0.56470588 0.92549020 0.07058824
v 0.05697049 0.04689744 0.03829479 0.56470588 0.92549020 0.07058824
v 0.05595125 0.03661766 0.04062890 0.56470588 0.92549020 0.07058824
v 0.05782278 0.02605924 0.04156629 0.56470588 0.92549020 0.07058824
v 0.05470357 0.01481549 0.04253180 0.56470588 0.92549020 0.07058824
v 0.05500231 0.00446793 0.04267240 0.56470588 0.92549020 0.07058824
v 0.05858721 -0.00784521 0.04227870 0.56470588 0.92549020 0.07058824
v 0.05914076 -0.00548048 0.04218496 0.56470588 0.92549020 0.07058824
v 0.05913197 -0.00784521 0.04216621 0.56470588 0.92549020 0.07058824
v 0.07167913 -0.00784521 -0.03686517 0.56470588 0.92549020 0.07058824
v 0.04628608 0.01696182 -0.05302578 0.56470588 0.92549020 0.07058824
v 0.06923648 0.06274261 0.00847641 0.56470588 0.92549020 0.07058824
v 0.05986126 0.05645425 -0.02365734 0.56470588 0.92549020 0.07058824
v 0.05900896 0.05913528 -0.01997339 0.56470588 0.92549020 0.07058824
v 0.06044117 0.05319334 -0.02728504 0.56470588 0.92549020 0.07058824
v 0.05790186 0.06134938 -0.01632695 0.56470588 0.92549020 0.07058824
v 0.06271687 0.06127407 -0.01245552 0.56470588 0.92549020 0.07058824
v 0.06598546 0.06314175 -0.00159117 0.56470588 0.92549020 0.07058824
v 0.06615241 0.06424127 0.00707032 0.56470588 0.92549020 0.07058824
v 0.03868574 0.04197219 -0.05302578 0.56470588 0.92549020 0.07058824
v 0.03793010 0.04261985 -0.05302578 0.56470588 0.92549020 0.07058824
v 0.06562521 0.06428646 0.01499127 0.56470588 0.92549020 0.07058824
v 0.05863993 0.06393250 0.02583687 0.56470588 0.92549020 0.07058824
v 0.05526590 0.06129667 0.03095503 0.56470588 0.92549020 0.07058824
v 0.05440483 0.05815625 0.03378595 0.56470588 0.92549020 0.07058824
v 0.06212818 0.06476845 0.02031564 0.56470588 0.92549020 0.07058824
v 0.06390306 0.06368398 0.02117804 0.56470588 0.92549020 0.07058824
v 0.06461476 0.06324719 0.02152488 0.56470588 0.92549020 0.07058824
v 0.06347252 0.06478351 0.01787843 0.56470588 0.92549020 0.07058824
v 0.05308685 0.05428533 0.03619504 0.56470588 0.92549020 0.07058824
v 0.05514289 0.05085874 0.03731991 0.56470588 0.92549020 0.07058824
v 0.05309563 0.04583557 0.03911970 0.56470588 0.92549020 0.07058824
v 0.05191824 0.03560098 0.04110696 0.56470588 0.92549020 0.07058824
v 0.05374584 0.02536639 0.04205373 0.56470588 0.92549020 0.07058824
v 0.04644424 0.01391178 0.04229745 0.56470588 0.92549020 0.07058824
v 0.04673419 0.00416669 0.04243806 0.56470588 0.92549020 0.07058824
v 0.05093415 -0.00784521 0.04265366 0.56470588 0.92549020 0.07058824
v 0.05400943 -0.00784521 0.04273802 0.56470588 0.92549020 0.07058824
v 0.05501988 -0.00538258 0.04268178 0.56470588 0.92549020 0.07058824
v 0.05705835 -0.00784521 0.04245681 0.56470588 0.92549020 0.07058824
v 0.04792037 -0.00784521 0.04256929 0.56470588 0.92549020 0.07058824
v 0.07074775 -0.00784521 -0.03734324 0.56470588 0.92549020 0.07058824
v 0.04625093 0.01684132 -0.05302578 0.56470588 0.92549020 0.07058824
v 0.05791065 0.05592708 -0.02558836 0.56470588 0.92549020 0.07058824
v 0.05581945 0.05713957 -0.02508217 0.56470588 0.92549020 0.07058824
v 0.05694413 0.05867589 -0.02203565 0.56470588 0.92549020 0.07058824
v 0.05465964 0.05957960 -0.02172631 0.56470588 0.92549020 0.07058824
v 0.05574916 0.06095777 -0.01851107 0.56470588 0.92549020 0.07058824
v 0.05673325 0.05421755 -0.02836304 0.56470588 0.92549020 0.07058824
v 0.03631338 0.04375703 -0.05302578 0.56470588 0.92549020 0.07058824
v 0.03467909 0.04488667 -0.05302578 0.56470588 0.92549020 0.07058824
v 0.03105904 0.04692004 -0.05302578 0.56470588 0.92549020 0.07058824
v 0.05306049 0.06191421 -0.01794863 0.56470588 0.92549020 0.07058824
v 0.05112745 0.06389485 -0.01412408 0.56470588 0.92549020 0.07058824
v 0.05270903 0.06442202 -0.01172436 0.56470588 0.92549020 0.07058824
v 0.05506381 0.06469313 -0.00932464 0.56470588 0.92549020 0.07058824
v 0.06027422 0.06448980 -0.00507826 0.56470588 0.92549020 0.07058824
v 0.06306834 0.06536339 0.00545801 0.56470588 0.92549020 0.07058824
v 0.06248842 0.06570982 0.01342582 0.56470588 0.92549020 0.07058824
v 0.05278811 0.06531820 0.02606185 0.56470588 0.92549020 0.07058824
v 0.05255087 0.06328484 0.02939896 0.56470588 0.92549020 0.07058824
v 0.05841148 0.06554414 0.02207794 0.56470588 0.92549020 0.07058824
v 0.05569644 0.06553661 0.02419644 0.56470588 0.92549020 0.07058824
v 0.05190067 0.06059629 0.03235174 0.56470588 0.92549020 0.07058824
v 0.05081992 0.05719228 0.03490144 0.56470588 0.92549020 0.07058824
v 0.06091564 0.06532574 0.01966884 0.56470588 0.92549020 0.07058824
v 0.05875416 0.06631229 0.01851586 0.56470588 0.92549020 0.07058824
v 0.04932622 0.05308790 0.03700120 0.56470588 0.92549020 0.07058824
v 0.05132076 0.04972156 0.03814481 0.56470588 0.92549020 0.07058824
v 0.04914170 0.04456284 0.03959776 0.56470588 0.92549020 0.07058824
v 0.04375556 0.03319107 0.04090074 0.56470588 0.92549020 0.07058824
v 0.04552165 0.02373970 0.04182875 0.56470588 0.92549020 0.07058824
v 0.04235851 0.01340720 0.04157566 0.56470588 0.92549020 0.07058824
v 0.04264846 0.00400101 0.04171627 0.56470588 0.92549020 0.07058824
v 0.04674298 -0.00516418 0.04244743 0.56470588 0.92549020 0.07058824
v 0.04336896 -0.00784521 0.04187562 0.56470588 0.92549020 0.07058824
v 0.04675177 -0.00784521 0.04240994 0.56470588 0.92549020 0.07058824
v 0.06878836 -0.00784521 -0.03822439 0.56470588 0.92549020 0.07058824
v 0.04374678 0.01047012 -0.05302578 0.56470588 0.92549020 0.07058824
v 0.02952140 0.04759782 -0.05302578 0.56470588 0.92549020 0.07058824
v 0.02507542 0.04948810 -0.05302578 0.56470588 0.92549020 0.07058824
v 0.02314238 0.05019601 -0.05302578 0.56470588 0.92549020 0.07058824
v 0.04902747 0.05979047 -0.02405104 0.56470588 0.92549020 0.07058824
v 0.05408851 0.06041554 -0.02037647 0.56470588 0.92549020 0.07058824
v 0.04699779 0.06211001 -0.02039522 0.56470588 0.92549020 0.07058824
v 0.04463422 0.06402288 -0.01680502 0.56470588 0.92549020 0.07058824
v 0.04879024 0.06557426 -0.01021516 0.56470588 0.92549020 0.07058824
v 0.04898354 0.06675662 -0.00550946 0.56470588 0.92549020 0.07058824
v 0.05151406 0.06692983 -0.00294101 0.56470588 0.92549020 0.07058824
v 0.05705835 0.06665872 0.00165220 0.56470588 0.92549020 0.07058824
v 0.05933406 0.06677921 0.01166353 0.56470588 0.92549020 0.07058824
v 0.05716379 0.06723107 0.01441009 0.56470588 0.92549020 0.07058824
v 0.04970404 0.06486635 0.02767416 0.56470588 0.92549020 0.07058824
v 0.04961617 0.06769799 0.02040938 0.56470588 0.92549020 0.07058824
v 0.04678691 0.06745700 0.02219042 0.56470588 0.92549020 0.07058824
v 0.04925592 0.06257693 0.03075817 0.56470588 0.92549020 0.07058824
v 0.05228727 0.06773565 0.01839400 0.56470588 0.92549020 0.07058824
v 0.04838606 0.05960220 0.03345786 0.56470588 0.92549020 0.07058824
v 0.04711201 0.05594967 0.03570760 0.56470588 0.92549020 0.07058824
v 0.05526590 0.06745700 0.01644422 0.56470588 0.92549020 0.07058824
v 0.04545136 0.05164196 0.03746989 0.56470588 0.92549020 0.07058824
v 0.04740197 0.04835092 0.03861351 0.56470588 0.92549020 0.07058824
v 0.04107567 0.04150527 0.03941966 0.56470588 0.92549020 0.07058824
v 0.04144471 0.02283598 0.04111634 0.56470588 0.92549020 0.07058824
v 0.03970498 0.03185809 0.04020707 0.56470588 0.92549020 0.07058824
v 0.03836943 0.01287250 0.04046016 0.56470588 0.92549020 0.07058824
v 0.03865059 0.00382027 0.04060077 0.56470588 0.92549020 0.07058824
v 0.03891419 -0.00784521 0.04068514 0.56470588 0.92549020 0.07058824
v 0.04025853 -0.00784521 0.04106010 0.56470588 0.92549020 0.07058824
v 0.04266603 -0.00503616 0.04172564 0.56470588 0.92549020 0.07058824
v 0.04579404 -0.00784521 0.04226933 0.56470588 0.92549020 0.07058824
v 0.04266603 -0.00784521 0.04169752 0.56470588 0.92549020 0.07058824
v 0.06625784 -0.00784521 -0.03927426 0.56470588 0.92549020 0.07058824
v 0.04151500 0.00624524 -0.05302578 0.56470588 0.92549020 0.07058824
v 0.04332502 0.00962665 -0.05302578 0.56470588 0.92549020 0.07058824
v 0.01464582 0.05225950 -0.05302578 0.56470588 0.92549020 0.07058824
v 0.02863396 0.05565597 -0.04068972 0.56470588 0.92549020 0.07058824
v 0.04176981 0.05982813 -0.02725692 0.56470588 0.92549020 0.07058824
v 0.03911628 0.06197445 -0.02404167 0.56470588 0.92549020 0.07058824
v 0.04191918 0.06556673 -0.01332730 0.56470588 0.92549020 0.07058824
v 0.03610250 0.06373670 -0.02091079 0.56470588 0.92549020 0.07058824
v 0.04783251 0.06610896 -0.00879033 0.56470588 0.92549020 0.07058824
v 0.04581161 0.06702021 -0.00605315 0.56470588 0.92549020 0.07058824
v 0.04396644 0.06764528 -0.00385965 0.56470588 0.92549020 0.07058824
v 0.04365012 0.06775071 -0.00348470 0.56470588 0.92549020 0.07058824
v 0.04733168 0.06834566 0.00268333 0.56470588 0.92549020 0.07058824
v 0.05313078 0.06802936 0.00755776 0.56470588 0.92549020 0.07058824
v 0.05090779 0.06845862 0.01016371 0.56470588 0.92549020 0.07058824
v 0.05120653 0.06836072 0.01374454 0.56470588 0.92549020 0.07058824
v 0.05477386 0.06758503 0.01612551 0.56470588 0.92549020 0.07058824
v 0.05509896 0.06750972 0.01634111 0.56470588 0.92549020 0.07058824
v 0.04646181 0.06414337 0.02901463 0.56470588 0.92549020 0.07058824
v 0.04379071 0.06699008 0.02374650 0.56470588 0.92549020 0.07058824
v 0.04351833 0.06878245 0.01595678 0.56470588 0.92549020 0.07058824
v 0.03775437 0.06804442 0.01921890 0.56470588 0.92549020 0.07058824
v 0.04577646 0.06156778 0.03185492 0.56470588 0.92549020 0.07058824
v 0.04473087 0.05832193 0.03425464 0.56470588 0.92549020 0.07058824
v 0.04328988 0.05443595 0.03618566 0.56470588 0.92549020 0.07058824
v 0.03751713 0.04810240 0.03736678 0.56470588 0.92549020 0.07058824
v 0.03940624 0.04502976 0.03847290 0.56470588 0.92549020 0.07058824
v 0.03706023 0.03979573 0.03876349 0.56470588 0.92549020 0.07058824
v 0.03573347 0.03047992 0.03912907 0.56470588 0.92549020 0.07058824
v 0.03746441 0.02190214 0.04001022 0.56470588 0.92549020 0.07058824
v 0.03359834 0.02093064 0.03851977 0.56470588 0.92549020 0.07058824
v 0.03450336 0.01232274 0.03896034 0.56470588 0.92549020 0.07058824
v 0.03478453 0.00363199 0.03909157 0.56470588 0.92549020 0.07058824
v 0.03480210 -0.00476504 0.03910095 0.56470588 0.92549020 0.07058824
v 0.03866817 -0.00490060 0.04061015 0.56470588 0.92549020 0.07058824
v 0.03712174 -0.00784521 0.03999147 0.56470588 0.92549020 0.07058824
v 0.03163016 -0.00784521 -0.05302578 0.56470588 0.92549020 0.07058824
v 0.03258789 -0.00680594 -0.05302578 0.56470588 0.92549020 0.07058824
v 0.03488996 -0.00383120 -0.05302578 0.56470588 0.92549020 0.07058824
v 0.03583012 -0.00255093 -0.05302578 0.56470588 0.92549020 0.07058824
v 0.03869453 0.00172666 -0.05302578 0.56470588 0.92549020 0.07058824
v 0.01032285 0.05278667 -0.05302578 0.56470588 0.92549020 0.07058824
v 0.01714998 0.05549781 -0.04550791 0.56470588 0.92549020 0.07058824
v 0.02517207 0.05771192 -0.03829000 0.56470588 0.92549020 0.07058824
v 0.02291393 0.05580658 -0.04289259 0.56470588 0.92549020 0.07058824
v 0.03362470 0.05915034 -0.03209385 0.56470588 0.92549020 0.07058824
v 0.03033855 0.06109333 -0.02934730 0.56470588 0.92549020 0.07058824
v 0.03274605 0.06512240 -0.01789239 0.56470588 0.92549020 0.07058824
v 0.03886147 0.06677168 -0.00999956 0.56470588 0.92549020 0.07058824
v 0.02673607 0.06264471 -0.02667574 0.56470588 0.92549020 0.07058824
v 0.04257817 0.06802183 -0.00234108 0.56470588 0.92549020 0.07058824
v 0.03547866 0.06763021 -0.00685930 0.56470588 0.92549020 0.07058824
v 0.04203340 0.06815738 -0.00175990 0.56470588 0.92549020 0.07058824
v 0.04081208 0.06839837 -0.00056941 0.56470588 0.92549020 0.07058824
v 0.04035518 0.06848122 -0.00012884 0.56470588 0.92549020 0.07058824
v 0.04500325 0.06878245 0.00517679 0.56470588 0.92549020 0.07058824
v 0.04672541 0.06888789 0.01031369 0.56470588 0.92549020 0.07058824
v 0.04305264 0.06311916 0.03009262 0.56470588 0.92549020 0.07058824
v 0.04063635 0.06625958 0.02505884 0.56470588 0.92549020 0.07058824
v 0.03761379 0.06909122 0.01090424 0.56470588 0.92549020 0.07058824
v 0.03466151 0.06729885 0.02054062 0.56470588 0.92549020 0.07058824
v 0.03184104 0.06833812 0.01416636 0.56470588 0.92549020 0.07058824
v 0.04218278 0.06025739 0.03265170 0.56470588 0.92549020 0.07058824
v 0.04095266 0.05676302 0.03474208 0.56470588 0.92549020 0.07058824
v 0.03543473 0.05071565 0.03612005 0.56470588 0.92549020 0.07058824
v 0.03708659 0.05494052 0.03490144 0.56470588 0.92549020 0.07058824
v 0.03353684 0.04609916 0.03675747 0.56470588 0.92549020 0.07058824
v 0.02961805 0.04399802 0.03577321 0.56470588 0.92549020 0.07058824
v 0.03310630 0.03801089 0.03772299 0.56470588 0.92549020 0.07058824
v 0.02926659 0.03616581 0.03629815 0.56470588 0.92549020 0.07058824
v 0.03187619 0.02904903 0.03765737 0.56470588 0.92549020 0.07058824
v 0.02818585 0.02758049 0.03582008 0.56470588 0.92549020 0.07058824
v 0.03459122 -0.00784521 0.03900721 0.56470588 0.92549020 0.07058824
v 0.00448860 -0.00784521 -0.05302578 0.56470588 0.92549020 0.07058824
v 0.00692247 0.05298247 -0.05302578 0.56470588 0.92549020 0.07058824
v 0.01155296 0.05469953 -0.04854505 0.56470588 0.92549020 0.07058824
v 0.01915331 0.05750105 -0.04069910 0.56470588 0.92549020 0.07058824
v 0.02142901 0.05937627 -0.03594653 0.56470588 0.92549020 0.07058824
v 0.02396832 0.06110086 -0.03126895 0.56470588 0.92549020 0.07058824
v 0.02908207 0.06612402 -0.01500523 0.56470588 0.92549020 0.07058824
v 0.02287000 0.06378942 -0.02407916 0.56470588 0.92549020 0.07058824
v 0.02004953 0.06230581 -0.02883173 0.56470588 0.92549020 0.07058824
v 0.03010131 0.06763021 -0.00740299 0.56470588 0.92549020 0.07058824
v 0.03228915 0.06798417 -0.00481579 0.56470588 0.92549020 0.07058824
v 0.03582133 0.06854900 -0.00062566 0.56470588 0.92549020 0.07058824
v 0.03804432 0.06878245 0.00190530 0.56470588 0.92549020 0.07058824
v 0.04225307 0.06900838 0.00632041 0.56470588 0.92549020 0.07058824
v 0.04289448 0.06899332 0.00688284 0.56470588 0.92549020 0.07058824
v 0.03732383 0.06521277 0.02614621 0.56470588 0.92549020 0.07058824
v 0.03951167 0.06179371 0.03089878 0.56470588 0.92549020 0.07058824
v 0.03424855 0.06894060 0.00478308 0.56470588 0.92549020 0.07058824
v 0.03242095 0.06883517 0.00593608 0.56470588 0.92549020 0.07058824
v 0.03020675 0.06869961 0.00734216 0.56470588 0.92549020 0.07058824
v 0.03143686 0.06623699 0.02166549 0.56470588 0.92549020 0.07058824
v 0.02878333 0.06757750 0.01553495 0.56470588 0.92549020 0.07058824
v 0.02674486 0.06811220 0.00919819 0.56470588 0.92549020 0.07058824
v 0.02601558 0.06798417 0.00958253 0.56470588 0.92549020 0.07058824
v 0.03583891 0.06016702 0.03141435 0.56470588 0.92549020 0.07058824
v 0.03317659 0.05289210 0.03472334 0.56470588 0.92549020 0.07058824
v 0.03148958 0.04859191 0.03553886 0.56470588 0.92549020 0.07058824
v 0.03206949 0.05824662 0.03163932 0.56470588 0.92549020 0.07058824
v 0.02758836 0.04636274 0.03458273 0.56470588 0.92549020 0.07058824
v 0.02580470 0.04181403 0.03439525 0.56470588 0.92549020 0.07058824
v 0.02214951 0.03955474 0.03265170 0.56470588 0.92549020 0.07058824
v 0.02558504 0.03426800 0.03449836 0.56470588 0.92549020 0.07058824
v 0.03110297 -0.00461442 0.03722617 0.56470588 0.92549020 0.07058824
v 0.03112055 -0.00784521 0.03719805 0.56470588 0.92549020 0.07058824
v 0.00448860 0.05294481 -0.05302578 0.56470588 0.92549020 0.07058824
v 0.00448860 -0.00784521 -0.03587154 0.56470588 0.92549020 0.07058824
v 0.00543755 0.05295988 -0.05302578 0.56470588 0.92549020 0.07058824
v 0.00774840 0.05442089 -0.04954806 0.56470588 0.92549020 0.07058824
v 0.01322240 0.05678561 -0.04353939 0.56470588 0.92549020 0.07058824
v 0.01519937 0.05877379 -0.03858059 0.56470588 0.92549020 0.07058824
v 0.01748387 0.06062641 -0.03366867 0.56470588 0.92549020 0.07058824
v 0.02557625 0.06653823 -0.01326168 0.56470588 0.92549020 0.07058824
v 0.02594529 0.06662860 -0.01278361 0.56470588 0.92549020 0.07058824
v 0.02145537 0.06516759 -0.01915787 0.56470588 0.92549020 0.07058824
v 0.01775625 0.06348818 -0.02514779 0.56470588 0.92549020 0.07058824
v 0.01891607 0.06401535 -0.02327301 0.56470588 0.92549020 0.07058824
v 0.01447009 0.06150000 -0.03129707 0.56470588 0.92549020 0.07058824
v 0.01679852 0.06291583 -0.02693821 0.56470588 0.92549020 0.07058824
v 0.02963562 0.06821010 -0.00295976 0.56470588 0.92549020 0.07058824
v 0.02256247 0.06670391 -0.01178998 0.56470588 0.92549020 0.07058824
v 0.03557531 0.06888789 0.00378008 0.56470588 0.92549020 0.07058824
v 0.03388830 0.06385720 0.02697112 0.56470588 0.92549020 0.07058824
v 0.02627039 0.06817245 -0.00086000 0.56470588 0.92549020 0.07058824
v 0.01926753 0.06717836 0.00274895 0.56470588 0.92549020 0.07058824
v 0.02808920 0.06485882 0.02254663 0.56470588 0.92549020 0.07058824
v 0.02560261 0.06650057 0.01672544 0.56470588 0.92549020 0.07058824
v 0.02581349 0.06793145 0.00967626 0.56470588 0.92549020 0.07058824
v 0.02368715 0.06732898 0.01063240 0.56470588 0.92549020 0.07058824
v 0.02230767 0.06693736 0.01125108 0.56470588 0.92549020 0.07058824
v 0.03032976 0.06218532 0.02754292 0.56470588 0.92549020 0.07058824
v 0.02824735 0.05607017 0.03152683 0.56470588 0.92549020 0.07058824
v 0.02926659 0.05067046 0.03417965 0.56470588 0.92549020 0.07058824
v 0.02539174 0.04832080 0.03327038 0.56470588 0.92549020 0.07058824
v 0.02665699 0.06019714 0.02784289 0.56470588 0.92549020 0.07058824
v 0.02162232 0.04587323 0.03196741 0.56470588 0.92549020 0.07058824
v 0.01801106 0.04332776 0.03028948 0.56470588 0.92549020 0.07058824
v 0.03047913 -0.00784521 0.03685121 0.56470588 0.92549020 0.07058824
v 0.00448860 0.05482003 -0.04841382 0.56470588 0.92549020 0.07058824
v 0.00911031 0.05645425 -0.04461739 0.56470588 0.92549020 0.07058824
v 0.00997139 -0.00784521 0.00434251 0.56470588 0.92549020 0.07058824
v 0.00448860 0.01941692 0.00785773 0.56470588 0.92549020 0.07058824
v 0.01119272 0.05873614 -0.03883369 0.56470588 0.92549020 0.07058824
v 0.01158811 0.05916540 -0.03773694 0.56470588 0.92549020 0.07058824
v 0.01005047 0.05747846 -0.04203019 0.56470588 0.92549020 0.07058824
v 0.01420649 0.06128914 -0.03188763 0.56470588 0.92549020 0.07058824
v 0.01584957 0.06430905 -0.02168882 0.56470588 0.92549020 0.07058824
v 0.01286215 0.06277274 -0.02687259 0.56470588 0.92549020 0.07058824
v 0.01020862 0.06102555 -0.03215947 0.56470588 0.92549020 0.07058824
v 0.01896000 0.06666625 -0.00981208 0.56470588 0.92549020 0.07058824
v 0.01539267 0.06558932 -0.01474276 0.56470588 0.92549020 0.07058824
v 0.01571778 0.06616168 0.00423940 0.56470588 0.92549020 0.07058824
v 0.01155296 0.06553661 -0.00638123 0.56470588 0.92549020 0.07058824
v 0.02462731 0.06314928 0.02320281 0.56470588 0.92549020 0.07058824
v 0.02233402 0.06509981 0.01770970 0.56470588 0.92549020 0.07058824
v 0.01895122 0.06336768 0.01847836 0.56470588 0.92549020 0.07058824
v 0.01825708 0.06532574 0.01274153 0.56470588 0.92549020 0.07058824
v 0.01218559 0.06479857 0.00550488 0.56470588 0.92549020 0.07058824
v 0.02292272 0.05792279 0.02783351 0.56470588 0.92549020 0.07058824
v 0.02439886 0.05368285 0.03106751 0.56470588 0.92549020 0.07058824
v 0.02059429 0.05114491 0.03024261 0.56470588 0.92549020 0.07058824
v 0.01688638 0.04847142 0.02903338 0.56470588 0.92549020 0.07058824
v 0.01742236 0.05876626 0.02370900 0.56470588 0.92549020 0.07058824
v 0.01334541 0.04567742 0.02743981 0.56470588 0.92549020 0.07058824
v 0.01004168 0.04277047 0.02546192 0.56470588 0.92549020 0.07058824
v 0.01461946 0.04068439 0.02823660 0.56470588 0.92549020 0.07058824
v 0.02763230 -0.00784521 0.03495768 0.56470588 0.92549020 0.07058824
v 0.00448860 0.05500830 -0.04791700 0.56470588 0.92549020 0.07058824
v 0.00593838 0.05699648 -0.04296758 0.56470588 0.92549020 0.07058824
v 0.01025256 -0.00784521 0.00617043 0.56470588 0.92549020 0.07058824
v 0.01055130 -0.00784521 0.00807333 0.56470588 0.92549020 0.07058824
v 0.01086761 -0.00784521 0.00992936 0.56470588 0.92549020 0.07058824
v 0.00448860 0.02220338 0.01121358 0.56470588 0.92549020 0.07058824
v 0.00789777 0.05909009 -0.03753072 0.56470588 0.92549020 0.07058824
v 0.01202744 0.06427893 -0.01987028 0.56470588 0.92549020 0.07058824
v 0.00894337 0.06275014 -0.02515716 0.56470588 0.92549020 0.07058824
v 0.00620197 0.06100296 -0.03055653 0.56470588 0.92549020 0.07058824
v 0.00448860 0.05907503 -0.03629336 0.56470588 0.92549020 0.07058824
v 0.00448860 0.05961726 -0.03448420 0.56470588 0.92549020 0.07058824
v 0.00815258 0.06384214 -0.01821110 0.56470588 0.92549020 0.07058824
v 0.00780112 0.06437683 -0.01142439 0.56470588 0.92549020 0.07058824
v 0.00785384 0.06441449 -0.00495640 0.56470588 0.92549020 0.07058824
v 0.00820530 0.06399275 0.00108039 0.56470588 0.92549020 0.07058824
v 0.01729935 0.06483622 0.01301337 0.56470588 0.92549020 0.07058824
v 0.01417135 0.06323213 0.01388515 0.56470588 0.92549020 0.07058824
v 0.01229982 0.06206482 0.01423198 0.56470588 0.92549020 0.07058824
v 0.01000653 0.06062641 0.01466318 0.56470588 0.92549020 0.07058824
v 0.01194836 0.05888675 0.01922827 0.56470588 0.92549020 0.07058824
v 0.00525303 0.06112345 0.00729529 0.56470588 0.92549020 0.07058824
v 0.01916209 0.05540744 0.02747731 0.56470588 0.92549020 0.07058824
v 0.01543661 0.05271135 0.02675552 0.56470588 0.92549020 0.07058824
v 0.01181656 0.04984959 0.02564940 0.56470588 0.92549020 0.07058824
v 0.01376717 0.05615301 0.02346528 0.56470588 0.92549020 0.07058824
v 0.00837224 0.04684473 0.02414957 0.56470588 0.92549020 0.07058824
v 0.00518274 0.04370431 0.02226542 0.56470588 0.92549020 0.07058824
v 0.02660428 -0.00784521 0.03424526 0.56470588 0.92549020 0.07058824
v 0.00448860 0.05698895 -0.04248951 0.56470588 0.92549020 0.07058824
v 0.01134209 -0.00784521 0.01163541 0.56470588 0.92549020 0.07058824
v 0.00448860 0.02540404 0.01424135 0.56470588 0.92549020 0.07058824
v 0.00448860 0.06079962 -0.02992848 0.56470588 0.92549020 0.07058824
v 0.00448860 0.06197445 -0.02454786 0.56470588 0.92549020 0.07058824
v 0.00498943 0.06228322 -0.02358235 0.56470588 0.92549020 0.07058824
v 0.00448860 0.06277274 -0.01884853 0.56470588 0.92549020 0.07058824
v 0.00448860 0.06304385 -0.01678627 0.56470588 0.92549020 0.07058824
v 0.00448860 0.06308151 -0.01637382 0.56470588 0.92549020 0.07058824
v 0.00448860 0.06316435 -0.01029953 0.56470588 0.92549020 0.07058824
v 0.00448860 0.06317188 -0.00669995 0.56470588 0.92549020 0.07058824
v 0.00448860 0.06305891 -0.00384091 0.56470588 0.92549020 0.07058824
v 0.00448860 0.06198951 0.00201778 0.56470588 0.92549020 0.07058824
v 0.00448860 0.06301373 -0.00339096 0.56470588 0.92549020 0.07058824
v 0.00448860 0.05807341 0.01240407 0.56470588 0.92549020 0.07058824
v 0.00898730 0.05987331 0.01474754 0.56470588 0.92549020 0.07058824
v 0.00448860 0.06061135 0.00740778 0.56470588 0.92549020 0.07058824
v 0.00448860 0.05922565 0.01034181 0.56470588 0.92549020 0.07058824
v 0.00840739 0.05619066 0.01911579 0.56470588 0.92549020 0.07058824
v 0.00594716 0.05763661 0.01498189 0.56470588 0.92549020 0.07058824
v 0.00448860 0.06095024 0.00646102 0.56470588 0.92549020 0.07058824
v 0.01014712 0.05331383 0.02286535 0.56470588 0.92549020 0.07058824
v 0.00664130 0.05028638 0.02187172 0.56470588 0.92549020 0.07058824
v 0.00448860 0.04820783 0.02096244 0.56470588 0.92549020 0.07058824
v 0.00448860 0.04702547 0.02131865 0.56470588 0.92549020 0.07058824
v 0.00448860 0.04496198 0.02159987 0.56470588 0.92549020 0.07058824
v 0.00448860 0.04370431 0.02175922 0.56470588 0.92549020 0.07058824
v 0.00448860 0.04291356 0.02173111 0.56470588 0.92549020 0.07058824
v 0.02524236 -0.00784521 0.03315789 0.56470588 0.92549020 0.07058824
v 0.00448860 0.04010451 0.02146863 0.56470588 0.92549020 0.07058824
v 0.01215923 -0.00784521 0.01443821 0.56470588 0.92549020 0.07058824
v 0.00448860 0.02902644 0.01682855 0.56470588 0.92549020 0.07058824
v 0.00448860 0.06217026 -0.02340424 0.56470588 0.92549020 0.07058824
v 0.00448860 0.05724500 0.01377266 0.56470588 0.92549020 0.07058824
v 0.00491914 0.05323099 0.01863772 0.56470588 0.92549020 0.07058824
v 0.00570993 0.05744081 0.01497252 0.56470588 0.92549020 0.07058824
v 0.00448860 0.05640906 0.01492565 0.56470588 0.92549020 0.07058824
v 0.00448860 0.05585177 0.01556307 0.56470588 0.92549020 0.07058824
v 0.00448860 0.05350211 0.01797217 0.56470588 0.92549020 0.07058824
v 0.00448860 0.05339667 0.01807528 0.56470588 0.92549020 0.07058824
v 0.00448860 0.05283185 0.01852523 0.56470588 0.92549020 0.07058824
v 0.00448860 0.05018848 0.02013754 0.56470588 0.92549020 0.07058824
v 0.02417041 -0.00784521 0.03227675 0.56470588 0.92549020 0.07058824
v 0.00448860 0.03669297 0.02060623 0.56470588 0.92549020 0.07058824
v 0.01882820 -0.00784521 0.02663366 0.56470588 0.92549020 0.07058824
v 0.01967171 -0.00784521 0.02759917 0.56470588 0.92549020 0.07058824
v 0.02144659 -0.00784521 0.02947395 0.56470588 0.92549020 0.07058824
v 0.01385503 -0.00784521 0.01845961 0.56470588 0.92549020 0.07058824
v 0.00448860 0.03263378 0.01896580 0.56470588 0.92549020 0.07058824
v 0.00448860 0.02907916 0.01686605 0.56470588 0.92549020 0.07058824
v 0.00448860 0.05318580 0.01825339 0.56470588 0.92549020 0.07058824
v 0.00448860 0.03653482 0.02055937 0.56470588 0.92549020 0.07058824
v 0.01805499 -0.00784521 0.02550879 0.56470588 0.92549020 0.07058824
v 0.01425921 -0.00784521 0.01938763 0.56470588 0.92549020 0.07058824
v 0.01433829 -0.00784521 0.01956573 0.56470588 0.92549020 0.07058824
v 0.00448860 0.03633149 0.02048437 0.56470588 0.92549020 0.07058824
v 0.01537510 -0.00784521 0.02130928 0.56470588 0.92549020 0.07058824





vn -0.99891400 -0.02821576 0.03707673
vn -0.06575854 -0.00838217 -0.99780036
vn -0.99270167 -0.12043942 0.00614329
vn -0.99162392 -0.09143779 0.09122018
vn -0.99626161 -0.02101471 0.08379252
vn -0.99956435 0.02809548 0.00904136
vn -0.92830060 -0.36618533 -0.06454696
vn -0.95402052 -0.29972392 0.00322833
vn -0.96786635 -0.23940752 0.07693358
vn -0.98923496 0.13401368 -0.05877516
vn -0.96516778 -0.22849789 0.12743579
vn -0.98373850 -0.12651598 0.12748442
vn -0.99376226 0.08031617 0.07736846
vn -0.98920370 0.14045969 0.04179857
vn -0.80566481 -0.55294616 -0.21249649
vn -0.88284161 -0.46967078 0.00024845
vn -0.89732994 -0.42117555 0.13194748
vn -0.91629261 -0.37952941 0.12792687
vn -0.94286335 -0.30804210 0.12695974
vn -0.92219814 -0.35149807 0.16124424
vn -0.98235088 0.18557198 0.02344763
vn -0.96415770 0.26529903 0.00404267
vn -0.91328495 0.39763268 -0.08831105
vn -0.90689576 -0.36612326 0.20855177
vn -0.90001365 -0.35701026 0.25003821
vn -0.97774109 -0.13248459 0.16269665
vn -0.00879352 0.00062558 0.99996114
vn -0.97986773 0.19438362 0.04554385
vn -0.98474062 0.16772035 0.04643062
vn -0.60967659 -0.66606568 -0.42971033
vn -0.75177214 -0.65940465 -0.00491543
vn -0.81853738 -0.57337165 0.03523500
vn -0.85553305 -0.51030773 0.08745979
vn -0.86600056 -0.46614790 0.18096729
vn -0.91458809 -0.37802097 0.14362721
vn -0.84071363 -0.51133038 0.17816238
vn -0.80544165 -0.55064564 0.21921024
vn -0.79098853 -0.54756408 0.27296651
vn -0.95619303 0.29204622 0.02009699
vn -0.94246549 0.33425585 0.00564164
vn -0.93053847 0.36496999 0.02991753
vn -0.92777959 0.36969751 0.05048540
vn -0.92683120 0.37547815 0.00028760
vn -0.89423879 0.44213712 0.06965455
vn -0.89084663 0.45060900 0.05782575
vn -0.87802543 0.47852004 0.00948263
vn -0.77615959 0.53428660 -0.33483447
vn -0.77154589 -0.54369435 0.33032316
vn -0.61663892 -0.34404711 0.70808758
vn -0.49746417 -0.20454640 0.84302442
vn -0.76377706 -0.21412725 0.60892867
vn -0.87150204 -0.06686486 0.48581199
vn -0.97072692 0.20639827 0.12283730
vn -0.39195883 -0.74473712 -0.54012489
vn -0.59639818 -0.80268666 0.00182665
vn -0.70212423 -0.71028666 0.05014399
vn -0.75516511 -0.62365020 0.20195563
vn -0.80821464 -0.55817349 0.18770041
vn -0.73904036 -0.63219436 0.23270076
vn -0.69483649 -0.66892820 0.26407825
vn -0.64551958 -0.69255702 0.32197709
vn -0.61285189 -0.68639841 0.39149684
vn -0.84915768 0.25346479 0.46334311
vn -0.84698257 0.52505218 0.08331109
vn -0.80723716 0.58072281 0.10549500
vn -0.79413860 0.59728485 0.11222605
vn -0.75046646 0.66089361 -0.00444045
vn -0.66205536 0.74178685 -0.10693441
vn -0.13241750 0.25311703 -0.95833051
vn -0.59576416 -0.67057148 0.44203955
vn -0.34509784 -0.31295179 0.88485516
vn -0.36059846 -0.26621144 0.89392406
vn -0.13556375 -0.58767129 -0.79766216
vn -0.32093108 -0.94709790 0.00296648
vn -0.41585063 -0.90940369 0.00729239
vn -0.53594537 -0.84281115 0.04931452
vn -0.61232358 -0.77848828 0.13789792
vn -0.66742501 -0.70836234 0.22970992
vn -0.72443885 -0.65215553 0.22334171
vn -0.64221401 -0.72905733 0.23672048
vn -0.64876592 -0.71801321 0.25211071
vn -0.59422986 -0.75207056 0.28509778
vn -0.56126824 -0.76633633 0.31258054
vn -0.49478537 -0.77798426 0.38720528
vn -0.45308533 -0.77267749 0.44461578
vn -0.43073871 -0.75567529 0.49337513
vn -0.73081339 0.66708216 0.14461392
vn -0.68008291 0.71111048 0.17835112
vn -0.65860525 0.72767910 0.19163050
vn -0.59565365 0.77029975 0.22767306
vn -0.55836388 0.82676874 0.06843416
vn -0.43662033 0.83896604 0.32480559
vn -0.36107726 0.92861948 0.08537605
vn -0.24164482 0.94930486 -0.20106732
vn -0.01015527 0.96121261 -0.27562144
vn 0.21520039 0.90988323 -0.35468480
vn 0.31621872 0.62165311 -0.71662622
vn 0.22223989 0.08224384 -0.97151705
vn -0.09221621 -0.10565523 0.99011774
vn -0.29052602 -0.50835661 0.81065911
vn -0.06819244 -0.09653810 0.99299053
vn 0.00909780 -0.52566579 -0.85064253
vn -0.12882105 -0.99163219 -0.00841107
vn -0.18503585 -0.98269176 0.00886838
vn -0.16157860 -0.97889514 0.12512655
vn -0.28493690 -0.94804462 0.14150040
vn -0.39559278 -0.91156971 0.11201349
vn -0.44828602 -0.85686741 0.25459359
vn -0.52871172 -0.81017307 0.25314723
vn -0.58146298 -0.77540278 0.24627491
vn -0.58304872 -0.77423839 0.24618915
vn -0.47862303 -0.82337409 0.30491821
vn -0.42555830 -0.84171688 0.33228426
vn -0.38061652 -0.81934554 0.42872363
vn -0.31226418 -0.80839161 0.49899307
vn -0.26602683 -0.78119132 0.56477415
vn -0.25217713 -0.80230472 0.54103034
vn -0.28710605 0.86501213 0.41149013
vn -0.20408166 0.86324628 0.46168878
vn -0.13611596 0.97838651 0.15566721
vn -0.07291067 0.84196454 0.53458371
vn -0.01262345 0.82143834 0.57015761
vn 0.02215956 0.80762054 0.58928602
vn 0.10650946 0.97464795 0.19676664
vn 0.14908798 0.73801456 0.65810887
vn 0.18806214 0.70941019 0.67924208
vn 0.35223692 0.90326658 0.24502783
vn 0.27289463 0.63449593 0.72314828
vn 0.31084057 0.59133226 0.74411310
vn 0.53276186 0.81192925 0.23861201
vn 0.61967794 0.70308630 -0.34881070
vn 0.78482773 0.53771869 -0.30806500
vn 0.87947050 0.46775253 0.08797275
vn 0.49554061 0.19135422 0.84724439
vn 0.50063205 0.15794983 0.85112831
vn 0.94284621 0.23217211 0.23903376
vn 0.49731322 0.06053985 -0.86545623
vn -0.03345459 -0.07663493 0.99649781
vn 0.09882643 -0.99507387 0.00783148
vn 0.06184317 -0.99777984 0.02471482
vn -0.00828463 -0.99996257 0.00249578
vn -0.03426451 -0.99941219 -0.00110760
vn -0.05911651 -0.99824069 -0.00455689
vn 0.09501713 -0.36266826 -0.92706175
vn 0.13606460 -0.99066039 0.00885581
vn -0.04003929 -0.99398112 0.10197246
vn -0.04277904 -0.99290971 0.11090659
vn -0.04767958 -0.97440388 0.21969011
vn -0.14276479 -0.95342073 0.26572002
vn -0.23267761 -0.93838976 0.25551085
vn -0.35696272 -0.89930000 0.25266010
vn -0.36052722 -0.87373604 0.32650491
vn -0.23780623 -0.84631881 0.47664732
vn -0.30871554 -0.89248310 0.32888999
vn -0.15942869 -0.82259361 0.54582253
vn -0.02194968 -0.06891570 0.99738099
vn -0.15932455 -0.80466440 0.57195357
vn -0.04359892 -0.23070324 0.97204689
vn 0.36544008 0.52191085 0.77075457
vn 0.37706725 0.50267255 0.77790783
vn 0.40641667 0.45115745 0.79453285
vn 0.41893629 0.42777013 0.80094014
vn 0.42980198 0.40671577 0.80613432
vn 0.75638795 0.65211577 0.05120830
vn 0.46745935 0.30818534 0.82855510
vn 0.50612448 0.06131982 0.86027780
vn 0.94480237 0.01213877 0.32741583
vn 0.60384633 -0.06573258 -0.79438582
vn 0.07553885 -0.98766000 0.13719189
vn 0.36858108 -0.92950355 0.01308152
vn 0.29471014 -0.95532716 0.02226974
vn 0.29400797 -0.95554270 0.02230394
vn 0.14348278 -0.27178235 -0.95160236
vn 0.27387840 -0.94624891 0.17205701
vn 0.16723066 -0.96649687 0.19472469
vn -0.00353276 -0.95689288 0.29041958
vn -0.06400831 -0.95823787 0.27871691
vn -0.07323351 -0.93590715 0.34454995
vn -0.18832485 -0.92251574 0.33689533
vn -0.28761441 -0.91896544 0.26977854
vn -0.25405820 -0.90730362 0.33504413
vn -0.13152872 -0.86401865 0.48597527
vn -0.04218381 -0.83504952 0.54855522
vn -0.04183557 -0.80562784 0.59094294
vn -0.00612937 -0.13439132 0.99090938
vn 0.50340535 -0.01405445 0.86393607
vn 0.97953800 -0.20124507 0.00239369
vn 0.32175592 -0.11952033 -0.93924865
vn 0.79072825 -0.14296791 0.59523862
vn 0.04487279 -0.95495625 0.29333428
vn 0.12169654 -0.94344821 0.30837547
vn 0.35355185 -0.90498327 0.23665667
vn 0.47386700 -0.88003762 0.03136648
vn 0.45059106 -0.86845705 0.20676086
vn 0.47594189 -0.87891305 0.03148292
vn 0.47553787 -0.87913252 0.03146025
vn 0.18684970 -0.21256336 -0.95911626
vn 0.58753048 -0.80896332 0.01965430
vn 0.29077102 -0.88698087 0.35877171
vn 0.19771788 -0.92253866 0.33140618
vn 0.01831937 -0.94172357 0.33588856
vn -0.03803854 -0.86976351 0.49200052
vn 0.04768105 -0.83994681 0.54056996
vn 0.01886603 -0.84263400 0.53815612
vn 0.03763477 -0.81389872 0.57978659
vn 0.05632550 -0.85538269 0.51492513
vn 0.03200381 -0.81046978 0.58490554
vn 0.03146948 -0.79884538 0.60071269
vn 0.03101101 -0.78883748 0.61381899
vn 0.03096321 -0.78779221 0.61516235
vn 0.03094140 -0.78731527 0.61577373
vn 0.00403514 -0.12644550 0.99196535
vn -0.00610957 -0.13437405 0.99091185
vn 0.96795784 -0.24881756 0.03387384
vn 0.59766744 -0.14023765 0.78938396
vn 0.91222957 -0.40961966 0.00699613
vn 0.87979697 -0.47532841 0.00449353
vn 0.20748287 -0.14661246 -0.96718956
vn 0.95025132 -0.29977561 0.08459906
vn 0.15341388 -0.90130395 0.40511155
vn 0.10672639 -0.93530548 0.33736203
vn 0.39881104 -0.82884665 0.39238117
vn 0.32701234 -0.86961196 0.36991617
vn 0.41806415 -0.81890410 0.39321552
vn 0.51700886 -0.81548764 0.26015717
vn 0.46529079 -0.77920283 0.41993741
vn 0.75381376 -0.65708754 0.00088628
vn 0.65344240 -0.75570387 0.04387130
vn 0.60254671 -0.76892829 0.21374460
vn 0.35056158 -0.83841083 0.41734142
vn 0.30312642 -0.85937151 0.41181912
vn 0.24703018 -0.88025058 0.40513578
vn 0.05725491 -0.87551285 0.47979071
vn 0.11952870 -0.81458025 0.56760189
vn 0.09245458 -0.79504473 0.59946312
vn 0.14458428 -0.84165884 0.52029394
vn 0.01970695 -0.16918819 0.98538672
vn 0.45871880 -0.17876137 0.87041452
vn 0.91306810 -0.37334716 0.16406873
vn 0.84413892 -0.50947158 0.16693771
vn 0.77941181 -0.60390898 0.16676683
vn 0.79246452 -0.60959638 0.01980531
vn 0.79197468 -0.61023382 0.01976862
vn 0.22308301 -0.83301030 0.50628826
vn 0.42827089 -0.79138080 0.43623444
vn 0.38680593 -0.80101366 0.45690075
vn 0.52608333 -0.73779251 0.42296400
vn 0.49664196 -0.76195738 0.41565336
vn 0.50147992 -0.73580323 0.45509504
vn 0.44251035 -0.76061815 0.47502065
vn 0.71788960 -0.66695310 0.19951963
vn 0.65443123 -0.71415406 0.24840240
vn 0.58125192 -0.70419054 0.40775225
vn 0.57067567 -0.71126776 0.41039915
vn 0.57009719 -0.71159988 0.41062733
vn 0.31323831 -0.81331003 0.49031476
vn 0.19826871 -0.80709512 0.55613576
vn 0.16080150 -0.79605134 0.58347677
vn 0.17553102 -0.77019160 0.61318330
vn 0.00741921 -0.05465424 0.99847778
vn 0.36149707 -0.14664989 0.92076798
vn 0.87400254 -0.42222560 0.24051011
vn 0.84822604 -0.45348710 0.27360929
vn 0.80087148 -0.51768345 0.30101282
vn 0.77428997 -0.54817108 0.31620170
vn 0.72458635 -0.60001154 0.33905866
vn 0.67890973 -0.63958785 0.36056756
vn 0.28189161 -0.79534269 0.53662569
vn 0.36163611 -0.77877912 0.51256454
vn 0.54420873 -0.71080472 0.44563832
vn 0.47419786 -0.73021189 0.49186074
vn 0.38140364 -0.75205949 0.53752934
vn 0.64601693 -0.66416292 0.37623098
vn 0.64387861 -0.66562456 0.37731192
vn 0.63464840 -0.65953046 0.40279149
vn 0.23156240 -0.78057603 0.58058584
vn 0.27694059 -0.74820031 0.60290979
vn 0.01759608 -0.06386983 0.99780310
vn 0.01157812 -0.04955450 0.99870431
vn 0.45723838 -0.23597537 0.85746644
vn 0.39281338 -0.22068502 0.89274619
vn 0.81670310 -0.48641581 0.31047659
vn 0.73733187 -0.57476626 0.35494431
vn 0.31577878 -0.77534639 0.54692023
vn 0.61042195 -0.64753411 0.45616292
vn 0.50949808 -0.70007722 0.50030350
vn 0.45967225 -0.71044283 0.53289061
vn 0.37769898 -0.72546445 0.57536494
vn 0.33189618 -0.74565146 0.57779653
vn 0.71587664 -0.56940878 0.40409687
vn 0.02968394 -0.06099466 0.99769660
vn 0.00649902 -0.01558542 0.99985742
vn 0.10296671 -0.06636384 0.99246849
vn 0.79078456 -0.49826298 0.35551902
vn 0.70752246 -0.55832143 0.43323106
vn 0.59553252 -0.63510677 0.49191504
vn 0.49726270 -0.68541248 0.53192061
vn 0.46516395 -0.69154364 0.55262093
vn 0.03315618 -0.05185582 0.99810402
vn 0.02418690 -0.04503437 0.99869260
vn 0.75882274 -0.51452465 0.39931495
vn 0.13656534 -0.09494649 0.98607052
vn 0.67858779 -0.56580122 0.46838830
vn 0.57825656 -0.62130179 0.52877542
vn 0.50542983 -0.65762086 0.55863717
vn 0.01888606 -0.02653894 0.99946936
vn 0.05443044 -0.04112080 0.99767049
vn 0.65057166 -0.56754226 0.50463085
vn 0.03705633 -0.04626373 0.99824170
vn 0.59557518 -0.59519263 0.53947746
vn 0.03059998 -0.03606319 0.99888092
vn 0.02339113 -0.01982224 0.99952986
vn 0.03028832 -0.02792896 0.99915093
vn 0.00710305 -0.00758413 0.99994601
vn 0.99999199 0.00019924 0.00399717
vn -0.50532679 0.15051578 0.84969985
vn -0.61066672 0.20273976 0.76549510
vn -0.61479539 0.06542438 0.78596837
vn -0.58085483 -0.11344532 0.80606317
vn -0.55750166 -0.06726661 0.82744613
vn -0.48068010 0.32980357 0.81251230
vn -0.65022384 0.24045508 0.72068739
vn -0.62530437 0.37008512 0.68704545
vn -0.66356082 0.09447269 0.74213337
vn -0.61435020 -0.06470913 0.78637559
vn -0.58906693 -0.21437025 0.77913128
vn -0.55764775 -0.25239224 0.79077629
vn -0.51537739 -0.18225037 0.83735951
vn -0.19147935 0.45823995 0.86795841
vn -0.68172325 0.32194227 0.65696771
vn -0.70327299 0.19962963 0.68231599
vn -0.63396579 0.47576699 0.60969923
vn -0.66010209 0.39992229 0.63586744
vn -0.41752390 0.51892003 0.74591943
vn -0.71138212 0.07995798 0.69824222
vn -0.65625579 -0.05675611 0.75240088
vn -0.63395411 -0.19214569 0.74912097
vn -0.58400139 -0.32484337 0.74392148
vn -0.54144599 -0.35636420 0.76147278
vn -0.53743924 -0.31255166 0.78324359
vn -0.47440403 -0.21660174 0.85324352
vn -0.69724660 0.42142606 0.57986830
vn -0.73180992 0.30149799 0.61118999
vn -0.75267551 0.17230669 0.63544471
vn -0.64933328 0.53805256 0.53746231
vn -0.54555621 0.53875435 0.64195964
vn -0.60065028 0.60078680 0.52751727
vn -0.75645684 0.01803333 0.65379495
vn -0.70398877 -0.03473416 0.70936123
vn -0.71083708 -0.10348834 0.69570167
vn -0.68490123 -0.22438888 0.69322431
vn -0.62323771 -0.37383455 0.68689336
vn -0.50900413 -0.46587085 0.72379497
vn -0.45137192 -0.41909004 0.78779879
vn -0.44975010 -0.33847859 0.82653318
vn -0.73581494 0.41689209 0.53364535
vn -0.69170080 0.52629417 0.49453458
vn -0.76887453 0.29840174 0.56549833
vn -0.78762753 0.17345933 0.59123153
vn -0.63096468 0.62271420 0.46272086
vn 0.73945108 0.47863866 0.47341011
vn 0.76363362 0.46651952 0.44634431
vn -0.26264286 0.77812142 0.57056620
vn -0.58017292 0.68732897 0.43701061
vn -0.79206129 0.05395063 0.60805283
vn -0.77346308 -0.09106148 0.62726603
vn -0.70988820 -0.24516828 0.66026605
vn -0.67965064 -0.35070622 0.64426715
vn -0.59833442 -0.46484418 0.65262226
vn -0.50087940 -0.52660625 0.68688113
vn -0.35201963 -0.58603319 0.72982688
vn -0.31962423 -0.51825159 0.79325636
vn -0.77263500 0.41765150 0.47812382
vn -0.72780981 0.52760418 0.43809441
vn -0.67456266 0.62474784 0.39326245
vn -0.80441867 0.30061216 0.51238943
vn -0.82152340 0.17834012 0.54156635
vn -0.60189970 0.72463921 0.33558123
vn 0.44671977 0.74676830 0.49272563
vn 0.26641251 0.83063973 0.48893968
vn -0.54451757 0.77276448 0.32609151
vn -0.82336677 0.05484700 0.56485305
vn -0.83857862 -0.00972953 0.54469371
vn -0.78531047 -0.15895736 0.59834774
vn -0.74167938 -0.30432928 0.59774190
vn -0.65739228 -0.41863489 0.62656222
vn -0.58280398 -0.51806187 0.62606024
vn -0.50967543 -0.56447447 0.64930695
vn -0.47251945 -0.56667683 0.67498351
vn -0.42934071 -0.62674598 0.65027381
vn -0.32697349 -0.69470500 0.64068190
vn -0.76433500 0.52156918 0.37915380
vn -0.80800546 0.41333960 0.41985421
vn -0.70985629 0.61966051 0.33485056
vn -0.64888027 0.70453947 0.28736480
vn -0.83812268 0.29860438 0.45649293
vn -0.85354872 0.18006615 0.48890773
vn -0.57234335 0.77850398 0.25759395
vn 0.94061081 0.30271798 0.15366564
vn 0.95288143 0.27703788 0.12355970
vn 0.86175578 0.48576901 0.14630600
vn -0.49297881 0.84029253 0.22556676
vn -0.88294799 0.17939912 0.43384190
vn -0.87236314 0.01013064 0.48875343
vn -0.82785469 -0.10396117 0.55122472
vn -0.84149962 -0.14646999 0.52002397
vn -0.73660916 -0.35740793 0.57416594
vn -0.65121515 -0.48636121 0.58255609
vn -0.51978620 -0.59122546 0.61666423
vn -0.47336794 -0.61091861 0.63458746
vn -0.41988046 -0.64146151 0.64204947
vn 0.42490619 -0.72266420 0.54517078
vn -0.40058281 -0.66051154 0.63502591
vn -0.36966842 -0.68283549 0.63014359
vn -0.31479512 -0.71849713 0.62021441
vn -0.28882219 -0.72937734 0.62015356
vn -0.21233651 -0.76307216 0.61043762
vn -0.79862493 0.51030240 0.31904495
vn -0.74486380 0.60781285 0.27521165
vn -0.84049368 0.40473477 0.36022235
vn -0.68272795 0.69370798 0.22945976
vn -0.61719201 0.76487798 0.18448765
vn -0.86921304 0.29261679 0.39855253
vn -0.48627210 0.86035303 0.15274854
vn -0.52042218 0.84639721 0.11301555
vn 0.96595782 0.25324825 0.05282811
vn 0.96309999 0.26449899 0.04978648
vn -0.45284310 0.88062661 0.13939116
vn -0.89628709 0.28526036 0.33955262
vn -0.91494008 0.17266443 0.36478985
vn -0.89687493 0.00563484 0.44224836
vn -0.85989661 -0.15478449 0.48643558
vn -0.78897795 -0.31325109 0.52857123
vn -0.79010183 -0.35481669 0.49984419
vn -0.62077113 -0.54429115 0.56426089
vn -0.44651567 -0.65104338 0.61381290
vn -0.11311959 -0.78828144 0.60482752
vn -0.00336615 -0.07747659 -0.99698849
vn 0.07707932 -0.80741702 0.58492438
vn 0.08736131 -0.80739842 0.58350303
vn 0.10703711 -0.80711974 0.58060382
vn 0.16887787 -0.80414306 0.56994229
vn 0.99618885 -0.01434235 -0.08603535
vn -0.38916589 -0.71167041 0.58487190
vn -0.48582670 -0.64989385 0.58447446
vn -0.41977904 -0.72015896 0.55240984
vn -0.31676636 -0.94782523 -0.03586641
vn -0.77696617 0.59133589 0.21597555
vn -0.82916632 0.49557072 0.25863656
vn -0.71545982 0.67700594 0.17256943
vn -0.86944647 0.39267031 0.29978803
vn -0.64951268 0.74901273 0.13081747
vn -0.55554816 0.82772230 0.07900656
vn -0.42613028 0.90293391 0.05588692
vn -0.45089635 0.89230953 0.02182176
vn 0.96867672 0.24808378 0.01094754
vn -0.89339863 0.37933607 0.24071360
vn -0.92513883 0.24292797 0.29172614
vn -0.93187549 0.08405539 0.35290618
vn -0.88824156 -0.14590627 0.43558959
vn -0.80623887 -0.36393465 0.46640160
vn -0.91311470 -0.14095899 0.38255995
vn -0.65327090 -0.54163620 0.52902492
vn -0.02532125 -0.10928665 -0.99368771
vn -0.06188883 -0.97889483 -0.19476828
vn -0.03800810 -0.82085676 0.56986803
vn 0.99236439 0.00092889 -0.12333718
vn -0.52423439 -0.65321588 0.54633993
vn -0.58762380 -0.64034672 0.49462547
vn -0.28958303 -0.33280005 -0.89743289
vn -0.03540814 -0.05023457 -0.99810959
vn -0.04077411 -0.07155028 -0.99660325
vn -0.05345016 -0.12208070 -0.99107991
vn -0.74530217 0.65633524 0.11725499
vn -0.80511997 0.57155236 0.15846051
vn -0.85510802 0.47845994 0.19966565
vn -0.68010861 0.72885285 0.07890370
vn -0.61125893 0.79034566 0.04142761
vn -0.53038575 0.84767789 0.01153930
vn 0.97266198 0.23219534 0.00374132
vn 0.97491666 0.22255935 -0.00220062
vn 0.97305142 0.23056816 -0.00304196
vn -0.34534878 0.93716520 -0.04955413
vn -0.38024615 0.92222758 -0.07006531
vn -0.46284387 0.88542891 -0.04232250
vn -0.87558138 0.46094462 0.14452442
vn -0.91193252 0.36649851 0.18454786
vn -0.94208788 0.22485773 0.24881606
vn -0.95063151 0.07707408 0.30059828
vn -0.93369895 -0.13987530 0.32960762
vn -0.83563248 -0.36007075 0.41481010
vn -0.96592663 0.07428294 0.24792699
vn -0.69014779 -0.53950008 0.48232323
vn -0.00506155 0.05886010 -0.99825341
vn 0.99942774 0.03134827 -0.01270744
vn -0.73521729 -0.52506575 0.42867411
vn -0.73650500 -0.54180805 0.40497460
vn -0.02455416 -0.02282430 -0.99943791
vn -0.77033939 0.63422495 0.06584779
vn -0.70710820 0.70649500 0.02937382
vn -0.82792237 0.55095786 0.10483314
vn -0.63855486 0.76955450 -0.00579283
vn -0.56488436 0.82411384 -0.04173774
vn -0.48943994 0.86847168 -0.07877495
vn 0.99995715 0.00918389 -0.00115971
vn 0.99995778 0.00911104 -0.00119623
vn 0.93204681 0.35815670 -0.05488643
vn -0.30562720 0.94340727 -0.12874290
vn -0.32624952 0.93152078 -0.16071802
vn -0.41031174 0.90424609 -0.11825093
vn -0.84554898 0.53081770 0.05726690
vn -0.89061066 0.44470555 0.09512948
vn -0.92513439 0.35526101 0.13385056
vn -0.95566701 0.21974823 0.19598796
vn -0.94986589 -0.14259216 0.27824856
vn -0.97742524 0.06936824 0.19956941
vn -0.86004890 -0.35943501 0.36210822
vn -0.96544707 0.21389822 0.14886067
vn -0.01474147 0.10026708 -0.99485135
vn -0.10187870 0.93009189 -0.35291616
vn 0.99175000 0.12041055 -0.04396864
vn -0.87687430 -0.36195533 0.31635392
vn -0.12786025 -0.05488712 -0.99027227
vn -0.01877605 -0.01038048 -0.99976983
vn -0.02122214 -0.01564774 -0.99965232
vn -0.72846807 0.68493145 -0.01425430
vn -0.79038901 0.61226292 0.02047761
vn -0.66126029 0.74860806 -0.04817467
vn -0.58724515 0.80513482 -0.08307258
vn -0.50891956 0.85260082 -0.11862847
vn -0.42635463 0.89090200 -0.15657382
vn 0.99629453 0.08417098 -0.01767646
vn -0.26005883 0.94675793 -0.18978627
vn -0.26024318 0.93704680 -0.23284499
vn -0.34712850 0.91842606 -0.18972449
vn -0.85778609 0.51372024 0.01716238
vn -0.80533772 0.59253913 -0.01812542
vn -0.90063656 0.43127879 0.05340776
vn -0.93383013 0.34618432 0.09009833
vn -0.98569870 0.06307196 0.15626898
vn -0.96213477 -0.14622346 0.23003344
vn -0.97224499 0.20734591 0.10838523
vn -0.93913277 0.33932177 0.05376220
vn -0.02429833 0.10061397 -0.99462879
vn -0.15965904 0.93096624 -0.32834563
vn 0.98928763 0.13761748 -0.04869724
vn -0.49582811 -0.11218241 -0.86114435
vn -0.09937928 -0.02780571 -0.99466105
vn -0.67802398 0.73013310 -0.08478875
vn -0.74509463 0.66495137 -0.05170758
vn -0.60399044 0.78805271 -0.11903138
vn -0.52387821 0.83770347 -0.15428711
vn -0.43847842 0.87821498 -0.19098461
vn -0.34722338 0.91052809 -0.22444270
vn 0.97892369 0.19819179 -0.04927898
vn -0.25561890 0.92870362 -0.26864209
vn -0.19908244 0.94265057 -0.26791059
vn -0.81517172 0.57715716 -0.04883320
vn -0.86533862 0.50096046 -0.01508924
vn -0.75641634 0.64895919 -0.08176974
vn -0.90671451 0.42130370 0.01928684
vn -0.99031151 0.05356046 0.12811863
vn -0.97719845 0.19647330 0.08050732
vn -0.18981926 -0.00995499 -0.98176858
vn -0.94361761 0.32960365 0.03077740
vn -0.91181794 0.41058712 -0.00250364
vn -0.01036355 0.02634751 -0.99959912
vn -0.34454837 0.89745525 -0.27542785
vn -0.29909033 0.90888048 -0.29065657
vn -0.25353564 0.92153138 -0.29410813
vn -0.17482221 0.93643538 -0.30418082
vn 0.99636932 0.08076012 -0.02694386
vn -0.61493216 0.77442454 -0.14874500
vn -0.68983524 0.71482805 -0.11466559
vn -0.53339492 0.82567177 -0.18372801
vn -0.45442532 0.86485294 -0.21337064
vn -0.35969729 0.89852439 -0.25153882
vn 0.99974761 0.02167949 -0.00589278
vn -0.76534400 0.63560150 -0.10128815
vn -0.82340670 0.56336832 -0.06795253
vn -0.87179035 0.48859894 -0.03539302
vn -0.70002344 0.70168676 -0.13267583
vn -0.10300178 0.01823825 -0.99451395
vn -0.03901780 0.00265708 -0.99923498
vn -0.14241978 0.04781226 -0.98865090
vn -0.06857836 0.02043543 -0.99743641
vn -0.15793966 0.06361221 -0.98539766
vn -0.15632711 0.07924089 -0.98452157
vn -0.07873606 0.03731478 -0.99619689
vn -0.02468962 0.04896516 -0.99849529
vn -0.45314446 0.85996662 -0.23477118
vn -0.54938743 0.81194157 -0.19729253
vn -0.62747474 0.76081038 -0.16565934
vn -0.05961784 0.05181340 -0.99687566
vn -0.13031729 0.09849927 -0.98656743
vn -0.10407709 0.10157598 -0.98936863
vn -0.05777524 0.05250868 -0.99694777
vn -0.06876671 0.04944356 -0.99640678
vn -0.14635911 0.09115090 -0.98502311
vn -0.07553669 0.04452899 -0.99614827
vn -0.08867025 0.09836675 -0.99119199
vn -0.04219475 0.06882355 -0.99673613
vn -0.06671388 0.09077244 -0.99363455
vn -0.03853227 0.04878156 -0.99806594
vn -0.00810503 0.00000472 -0.99996715
vn 0.04585630 0.01080338 -0.99888963
vn 0.04891395 0.01136552 -0.99873833
vn 0.09924222 0.00297258 -0.99505886
vn 0.05978327 -0.01983984 -0.99801420
vn 0.03333553 -0.01644224 -0.99930896
vn -0.06163104 -0.77730780 -0.62609441
vn -0.01466057 0.99553081 -0.09329246
vn 0.04837916 0.01140912 -0.99876388
vn 0.16560683 0.03920319 -0.98541234
vn 0.11111074 0.00193844 -0.99380614
vn 0.04134497 -0.02055544 -0.99893347
vn 0.13355210 -0.00145270 -0.99104073
vn 0.08016656 -0.87694015 -0.47386632
vn 0.07883826 -0.99687987 0.00387945
vn -0.25381183 -0.57060408 -0.78101891
vn -0.30898827 0.02971460 -0.95060154
vn 0.23117766 0.00203896 -0.97290942
vn 0.20452373 -0.00183606 -0.97885989
vn 0.43754856 0.07755876 -0.89584368
vn 0.27697880 0.00946865 -0.96082938
vn 0.27399087 -0.01872046 -0.96155008
vn 0.34244939 -0.61407498 -0.71108391
vn 0.87659949 0.47778426 -0.05740677
vn 0.83326701 0.53424250 0.14230615
vn 0.95622429 -0.01619126 0.29218650
vn 0.87157025 -0.14114315 0.46951455
vn 0.63150958 -0.46271409 0.62216663
vn 0.45457252 -0.29820685 0.83930716
vn 0.24704927 -0.40363353 0.88093509
vn 0.05367954 -0.66980196 0.74059695
vn -0.14605064 -0.49815784 0.85469759
vn -0.32015229 -0.67942910 0.66021103
vn -0.43607692 -0.73101385 0.52483871
vn -0.51641607 -0.76658849 0.38164975
vn -0.56600557 -0.79004824 0.23550259
vn -0.43520741 -0.89629063 0.08519170
vn -0.69749084 -0.71580262 -0.03366224
vn -0.56368422 -0.80299012 -0.19356384
vn -0.39625444 -0.88805637 -0.23310576
vn -0.53268794 -0.66756520 -0.52019253
vn -0.27851162 -0.84915173 -0.44874561
vn 0.59286687 -0.21629804 -0.77570873
vn 0.79272472 -0.16935080 -0.58558332
vn 0.92043634 -0.07805931 -0.38301917
vn 0.98816022 -0.01988950 -0.15213082
vn -0.52661338 0.05855061 -0.84808618
vn 0.58797566 0.24989467 -0.76930961
vn 0.35951873 -0.00011062 -0.93313786
vn 0.32191349 0.00473988 -0.94675722
vn 0.29865783 0.00826902 -0.95432443
vn 0.30084634 -0.01214383 -0.95359531
vn 0.32949934 -0.00831932 -0.94411915
vn 0.83388225 0.51506171 -0.19837293
vn 0.55411758 0.81416189 0.17347661
vn 0.76390438 0.53892054 0.35498558
vn 0.83856307 -0.00004761 0.54480453
vn 0.82342955 -0.00788497 0.56736373
vn 0.80368768 -0.01214788 0.59492735
vn 0.78689711 -0.01887461 0.61679550
vn 0.73986508 -0.00216067 0.67275181
vn 0.33778652 0.88066658 0.33215455
vn 0.69062022 -0.00170898 0.72321559
vn 0.66166655 -0.00722088 0.74976345
vn 0.62557805 -0.02346910 0.77980851
vn 0.60731231 -0.01199441 0.79437264
vn 0.58077680 0.00000000 0.81406284
vn 0.25931866 0.86952577 0.42033175
vn 0.05046883 0.71597433 0.69629998
vn 0.20701956 0.80283669 0.55910298
vn -0.07477674 0.89631463 0.43706809
vn -0.22201280 0.78980775 0.57176396
vn -0.36909537 0.76667294 0.52533913
vn -0.53248449 0.64740347 0.54527883
vn -0.47203533 0.83124191 0.29363162
vn -0.85106442 0.49797866 0.16645299
vn -0.65252944 0.67913578 0.33612485
vn -0.69898715 0.71334343 0.05057781
vn -0.77981384 0.61179836 -0.13263914
vn -0.88669720 0.40340503 -0.22590363
vn -0.88478692 0.26107734 -0.38599318
vn -0.78349825 0.16674931 -0.59860268
vn -0.75254050 0.31989912 -0.57562779
vn -0.61715331 0.17170388 -0.76787992
vn 0.68887509 0.16676366 -0.70543674
vn 0.74686429 0.47602581 -0.46432011
vn 0.81994859 0.26139609 -0.50927045
vn 0.75249999 0.61156135 -0.24441048
vn 0.33323367 0.90837141 0.25261967
vn 0.81942925 0.00469041 0.57316116
vn 0.80265104 0.00826099 0.59639171
vn 0.78898193 0.00948883 0.61434313
vn 0.76029777 0.00222606 0.64957090
vn 0.67208870 0.00207320 0.74046774
vn 0.62625361 0.01106757 0.77954084
vn 0.66373316 0.00311019 0.74796298
vn 0.60444810 0.00562283 0.79662468
vn 0.99678360 0.01164045 -0.07929032
vn 0.00013123 -0.99999999 -0.00002426
vn 0.96343639 0.01681447 -0.26740903
vn 0.01711898 0.99984926 -0.00289849
vn 0.99090117 0.03648525 -0.12955194
vn 0.99166235 0.03832594 -0.12303213
vn 0.99777279 0.05518059 0.03747745
vn 0.99454196 0.01443907 0.10333346
vn 0.17127733 -0.98519817 0.00697427
vn 0.08489067 -0.99637130 -0.00614855
vn 0.03751196 -0.99916183 -0.01638543
vn 0.96094495 0.05056282 -0.27208125
vn 0.90459772 0.02010833 -0.42579175
vn 0.93298193 0.04998270 -0.35643574
vn 0.93823745 0.06333974 -0.34014492
vn 0.94440836 0.06016295 -0.32322326
vn 0.99569877 0.08387394 0.03935876
vn 0.01692348 -0.99985259 0.00289716
vn 0.99353219 0.07910596 0.08146191
vn 0.97244487 0.02583460 0.23169710
vn 0.95477164 0.00207220 0.29733284
vn 0.01267217 -0.99991300 0.00366085
vn 0.03326733 -0.99916726 -0.02362366
vn 0.84888052 0.01801170 -0.52827780
vn 0.84206247 0.10459962 -0.52914054
vn 0.84442148 0.17765834 -0.50536114
vn 0.88139202 0.13808779 -0.45175199
vn 0.35693894 0.93012298 0.08640509
vn 0.94484680 0.22176411 0.24100871
vn 0.90770175 0.01898049 0.41918644
vn 0.87063971 0.00198643 0.49191721
vn 0.01092918 -0.99992839 0.00487608
vn 0.00468538 -0.99997751 -0.00479835
vn 0.72811709 0.03136895 -0.68473461
vn 0.78512527 0.03084953 -0.61856819
vn 0.75436990 0.29132062 -0.58826725
vn 0.16369724 0.98356621 0.07616244
vn 0.75228546 0.54707283 0.36712111
vn 0.00517509 -0.99997915 0.00386309
vn 0.83398488 0.01285192 0.55163761
vn 0.64719759 0.62859764 0.43127750
vn 0.80718285 0.06857658 0.58630461
vn 0.78345496 -0.02522980 0.62093622
vn 0.00390026 -0.99997880 -0.00521405
vn 0.62560723 0.02740932 -0.77965654
vn 0.71131285 0.20166737 -0.67332332
vn 0.69270403 0.35627481 -0.62708005
vn 0.00272559 -0.99999251 0.00274707
vn 0.60806721 0.63134555 0.48130766
vn 0.59518600 0.64198234 0.48333456
vn 0.66562900 0.35985872 0.65378876
vn 0.68844873 -0.00696026 0.72525161
vn 0.60180516 0.63655660 0.48231342
vn 0.47232341 0.01799812 -0.88124155
vn 0.57911162 0.04127977 -0.81420250
vn 0.00156441 -0.99999241 -0.00356938
vn 0.47977633 0.56387106 -0.67220838
vn 0.48159925 0.56242411 -0.67211701
vn 0.65490791 0.39709769 -0.64296893
vn 0.52077345 0.37808815 -0.76540471
vn 0.61049651 -0.03547330 0.79122415
vn 0.00140756 -0.99999637 0.00229712
vn 0.05226109 0.99716877 0.05406675
vn 0.67371906 0.00640869 0.73895978
vn 0.39024175 0.35225044 -0.85066504
vn 0.33070608 -0.05842434 -0.94192361
vn 0.00047975 -0.99999654 -0.00258758
vn 0.38516031 0.78284400 0.48867864
vn 0.16228565 0.96200430 0.21957025
vn 0.54421679 0.00279332 0.83893998
vn 0.51505999 -0.01468582 0.85702832
vn 0.31676806 0.86613190 0.38661806
vn 0.42009312 -0.04521068 0.90635410
vn 0.00062280 -0.99999796 0.00192044
vn 0.26891018 0.72975537 -0.62860513
vn 0.18977591 -0.36588999 -0.91110352
vn 0.07938176 -0.10482689 -0.99131724
vn 0.21892131 -0.25435023 -0.94200818
vn 0.22413590 -0.23955232 -0.94465749
vn 0.23260131 -0.21504595 -0.94849980
vn 0.12562438 0.90325018 -0.41031407
vn 0.24655622 0.74597830 -0.61864886
vn 0.00095960 -0.99915726 -0.04103482
vn 0.00421129 -0.98456681 -0.17495845
vn 0.04961851 0.99554160 0.08021797
vn 0.49200176 -0.00107732 0.87059354
vn 0.20520767 0.87084352 0.44667816
vn 0.36781542 -0.00910092 0.92985428
vn 0.35865814 -0.02867295 0.93302851
vn 0.20786480 0.87498929 0.43724817
vn 0.29512272 -0.02005794 0.95524879
vn 0.21817169 -0.05447728 0.97438870
vn 0.00032934 -0.99999723 0.00233113
vn -0.21810954 -0.93383006 -0.28353068
vn 0.12501990 -0.45810803 -0.88006083
vn 0.16107240 -0.38625850 -0.90821806
vn 0.17390238 -0.35941660 -0.91683023
vn 0.18280634 -0.34037416 -0.92234878
vn 0.19871703 -0.30546688 -0.93123656
vn 0.20379258 -0.29408558 -0.93379990
vn -0.09954865 0.97876664 -0.17918130
vn -0.00561230 -0.99956980 -0.02878734
vn 0.01662715 0.99907749 0.03959434
vn 0.13905818 0.89691945 0.41975985
vn 0.32271728 -0.00630943 0.94647438
vn 0.31285658 -0.00536862 0.94978521
vn 0.23953118 -0.01277625 0.97080460
vn 0.08526168 0.91006998 0.40558978
vn 0.09213084 0.88984095 0.44687246
vn 0.14752872 -0.01413602 0.98895675
vn 0.14484364 -0.03838515 0.98870971
vn -0.00004710 -0.99999952 0.00098181
vn 0.08254075 -0.02762370 0.99620478
vn -0.02522212 -0.05702530 0.99805409
vn -0.98819538 -0.12111675 0.09381166
vn -0.00788514 -0.99967429 -0.02427217
vn -0.01110060 -0.99977847 -0.01788262
vn -0.01235447 -0.99980523 -0.01539048
vn -0.01451800 -0.99983311 -0.01108959
vn -0.01452266 -0.99983315 -0.01108031
vn -0.01648058 -0.99983835 -0.00718735
vn -0.01530761 -0.99987008 -0.00504916
vn -0.12271852 -0.99221872 -0.02102811
vn -0.01078081 -0.99994141 -0.00097936
vn -0.20709918 -0.97825860 -0.01095587
vn -0.37585683 -0.92662370 0.01000789
vn -0.99067585 -0.07706143 0.11235166
vn -0.25730084 0.96600516 0.02510598
vn 0.01118775 0.99923885 0.03737064
vn 0.00500763 0.99945949 0.03249079
vn 0.03345955 0.93406524 0.35553141
vn -0.00020705 -0.99999915 0.00128498
vn 0.03919780 0.89739604 0.43948138
vn 0.01342785 -0.01400519 0.99981176
vn -0.05904748 -0.01473746 0.99814638
vn -0.13943178 -0.03295294 0.98968322
vn -0.98871361 -0.11665907 0.09400032
vn -0.00088878 -0.99999960 0.00005154
vn -0.00088026 -0.99999960 0.00017357
vn -0.98996925 -0.03125358 0.13778280
vn -0.99055814 -0.01119654 0.13663534
vn -0.99126449 -0.09145549 0.09502954
vn -0.99078060 -0.09676437 0.09481802
vn -0.99050407 -0.09966631 0.09470121
vn -0.98987242 -0.10598556 0.09444394
vn -0.98945206 -0.10998212 0.09427916
vn -0.01689495 0.99985458 0.00231740
vn -0.25067542 -0.06040506 0.96618480
vn -0.00052805 -0.99999914 0.00120447
vn 0.00144631 0.99955355 0.02984308
vn -0.00068772 0.99960383 0.02813742
vn -0.00142164 0.99861617 0.05257111
vn -0.03157329 0.97095538 0.23716826
vn -0.14101980 -0.01569749 0.98988232
vn -0.19062585 -0.02055287 0.98144759
vn -0.00081589 -0.99999960 0.00037444
vn -0.95608034 -0.05325929 0.28822530
vn -0.98067645 -0.02366561 0.19420001
vn -0.97890101 -0.01185721 0.20399075
vn -0.03853129 0.99923923 0.00602462
vn -0.28837011 -0.02144993 0.95727874
vn -0.35594413 -0.03814518 0.93372840
vn -0.25253235 -0.01763780 0.96742768
vn -0.46145052 -0.03986407 0.88626986
vn -0.55817993 -0.06291770 0.82733097
vn -0.00063439 -0.99999947 0.00080490
vn -0.00510669 0.99941325 0.03386850
vn -0.00450887 0.99968687 0.02461350
vn -0.01512459 0.99821043 0.05785487
vn -0.91851079 -0.02766382 0.39442697
vn -0.00101290 -0.99999925 0.00069069
vn -0.84367728 -0.04999917 0.53451729
vn -0.88844299 -0.03914978 0.45731428
vn -0.27958826 0.95710100 0.07607937
vn -0.93933038 -0.01397680 0.34272889
vn -0.01682974 0.99985464 0.00273174
vn -0.36206606 -0.01791292 0.93198031
vn -0.00617329 0.99971833 0.02291628
vn -0.00734822 0.99973999 0.02158588
vn -0.01651930 0.99895796 0.04254539
vn -0.41751953 -0.02050634 0.90843653
vn -0.51467488 -0.02114224 0.85712471
vn -0.59559831 -0.02264804 0.80296309
vn -0.62285992 -0.03751420 0.78143343
vn -0.68695337 -0.05381403 0.72470623
vn -0.72764907 -0.05109282 0.68404412
vn -0.00046759 -0.99999978 0.00047892
vn -0.87897764 -0.01906431 0.47648175
vn -0.92159921 -0.01212559 0.38795344
vn -0.80507742 -0.03651271 0.59204490
vn -0.18999874 0.97458338 0.11869170
vn -0.36887893 0.89724033 0.24266876
vn -0.18411122 0.97586124 0.11746445
vn -0.01640982 0.99985411 0.00474069
vn -0.03693695 0.99919712 0.01551705
vn -0.01624588 0.99985364 0.00536380
vn -0.00904832 0.99976847 0.01952266
vn -0.00976080 0.99977907 0.01861539
vn -0.02112981 0.99910869 0.03654251
vn -0.02295806 0.99916510 0.03379393
vn -0.01175996 0.99980825 0.01565791
vn -0.01213563 0.99981316 0.01504575
vn -0.01916790 0.99959973 0.02080787
vn -0.68898318 -0.02007101 0.72449936
vn -0.17064361 0.97170736 0.16329594
vn -0.17395837 0.97127935 0.16234195
vn -0.77378185 -0.02147222 0.63308814
vn -0.01669371 0.99982210 0.00878052
vn -0.01588639 0.99985123 0.00671909
vn -0.01428128 0.99983810 0.01094584
vn 0.01185727 -0.99992962 0.00040718
vn 0.98333031 -0.12703777 -0.13008806
vn 0.99134721 -0.00687411 -0.13108570
vn 0.99383322 -0.00015717 -0.11088513
vn 0.99991043 0.00849193 -0.01034523
vn 0.99022980 0.00498396 0.13935601
vn 0.99907660 -0.00234883 0.04290016
vn 0.97821007 -0.03938584 -0.20384754
vn 0.98823648 0.01104108 -0.15253441
vn 0.99574430 0.06445860 -0.06586634
vn 0.99774235 0.05234123 0.04207837
vn 0.98762286 0.07026441 0.14022841
vn 0.96995428 0.04993513 0.23810750
vn 0.94344435 0.00620270 0.33147291
vn 0.92946608 -0.17163490 0.32654903
vn 0.95727807 -0.17391137 0.23102713
vn 0.97114634 -0.09061716 -0.22059762
vn 0.96506235 0.01403583 -0.26164412
vn 0.98436632 0.06381422 -0.16416665
vn 0.98468454 0.15286239 -0.08384182
vn 0.98811676 0.15296683 0.01504703
vn 0.98189215 0.15126805 0.11404287
vn 0.96608183 0.14847514 0.21128424
vn 0.94001632 0.14371929 0.30937693
vn 0.94003625 0.06535390 0.33475470
vn 0.90376428 0.04571468 0.42558230
vn 0.88923039 0.00582546 0.45742254
vn 0.79062045 -0.42536399 0.44043702
vn 0.62240652 -0.75315711 -0.21298944
vn 0.94710641 -0.00639746 -0.32085591
vn 0.95286040 -0.00106579 -0.30340719
vn 0.93010447 0.01128696 -0.36712161
vn 0.93336503 0.05674324 -0.35441491
vn 0.96236159 0.07299047 -0.26178724
vn 0.97200214 0.15037202 -0.18055497
vn 0.96822182 0.22158090 -0.11596731
vn 0.96938793 0.24436293 -0.02395402
vn 0.97143541 0.22359150 0.07949895
vn 0.95487627 0.24152121 0.17285491
vn 0.93666414 0.21654846 0.27525816
vn 0.90067734 0.23035188 0.36839970
vn 0.90428696 0.13807415 0.40398098
vn 0.85933123 0.13214604 0.49405188
vn 0.85219577 0.05291677 0.52054028
vn 0.81177082 0.01009176 0.58388894
vn 0.62431556 -0.66302050 0.41307856
vn 0.55999988 -0.80271902 -0.20504221
vn 0.90116679 -0.19879125 -0.38520183
vn 0.89537527 0.00017989 -0.44531236
vn 0.89241063 0.01251475 -0.45105060
vn 0.89405670 0.05216495 -0.44490610
vn 0.92039468 0.13560195 -0.36672297
vn 0.88143505 0.12584063 -0.45523224
vn 0.94715907 0.15998123 -0.27802104
vn 0.94144677 0.25085183 -0.22528056
vn 0.94056168 0.31843176 -0.11808868
vn 0.94191354 0.33394150 0.03580427
vn 0.90899176 0.33618971 0.24639492
vn 0.84009005 0.31071558 0.44463978
vn 0.86137421 0.20194307 0.46610456
vn 0.81284430 0.20752192 0.54425986
vn 0.81515399 0.12060445 0.56654968
vn 0.81122179 0.05172911 0.58244597
vn 0.52310223 -0.74624326 0.41168564
vn 0.71036593 0.02501785 0.70338777
vn 0.77415728 0.01101226 0.63289749
vn 0.72973401 0.00643090 0.68370090
vn 0.76784845 -0.50278064 -0.39701433
vn 0.85868000 -0.01262009 -0.51235671
vn 0.84766285 0.00627074 -0.53049824
vn 0.84704869 0.03854714 -0.53011568
vn 0.83078176 0.10836465 -0.54594759
vn 0.86240762 0.20249895 -0.46394749
vn 0.89360705 0.22482749 -0.38848300
vn 0.81637802 0.19411572 -0.54391729
vn 0.91731874 0.24757889 -0.31181888
vn 0.89427682 0.36522033 -0.25861765
vn 0.88125993 0.33722736 -0.33114747
vn 0.92321192 0.37164460 -0.09777544
vn 0.91927051 0.39251500 0.02955846
vn 0.89143933 0.40739177 0.19841337
vn 0.85015576 0.39442079 0.34880858
vn 0.78016115 0.36288905 0.50956857
vn 0.76947038 0.29336533 0.56732012
vn 0.73879000 0.22513486 0.63521935
vn 0.73867225 0.22388468 0.63579789
vn 0.72005445 0.16508387 0.67399474
vn 0.71564759 0.14296417 0.68367373
vn 0.71088791 0.10122923 0.69598205
vn 0.71495968 0.07849714 0.69474517
vn 0.62707673 -0.59319651 0.50486897
vn 0.60618869 0.05051061 0.79371529
vn 0.62350191 0.01605052 0.78165706
vn 0.64903011 -0.34825381 0.67637208
vn 0.30144501 -0.90592663 0.29736821
vn 0.35860645 -0.91016935 -0.20734796
vn 0.33620572 -0.92004143 -0.20121997
vn 0.64580993 -0.62775155 -0.43457740
vn 0.74716497 -0.37999101 -0.54529930
vn 0.78930037 0.00945951 -0.61393440
vn 0.78825173 0.05229053 -0.61312716
vn 0.77612818 0.10243512 -0.62219940
vn 0.75909067 0.16674437 -0.62926756
vn 0.81665706 0.28191200 -0.50358403
vn 0.85288617 0.31426793 -0.41691827
vn 0.76946824 0.25223634 -0.58676695
vn 0.82466425 0.48153807 -0.29673214
vn 0.88785895 0.43526723 -0.14916072
vn 0.81985819 0.44056982 -0.36569220
vn 0.79726191 0.40390689 -0.44858965
vn 0.88335005 0.46871387 -0.00000946
vn 0.85458293 0.48439729 0.18720919
vn 0.80611822 0.49104858 0.33021919
vn 0.74052775 0.48925210 0.46070711
vn 0.71248595 0.42705523 0.55676529
vn 0.70950542 0.38917163 0.58749256
vn 0.70086094 0.32214109 0.63641108
vn 0.66747695 0.24813267 0.70207172
vn 0.58834106 0.15367125 0.79387653
vn 0.61121090 0.10433892 0.78456015
vn 0.48766750 0.05438638 0.87133377
vn 0.49635935 0.01427562 0.86799977
vn 0.43354445 -0.58889170 0.68208928
vn 0.61861065 -0.00216329 0.78569472
vn 0.41744329 -0.78192066 0.46296996
vn 0.21044203 -0.95876965 -0.19098404
vn 0.73061980 -0.00258474 -0.68277963
vn 0.76216814 -0.00121737 -0.64737798
vn 0.72195314 0.02069057 -0.69163253
vn 0.71969289 0.08714958 -0.68880120
vn 0.71652592 0.23234157 -0.65772942
vn 0.68914583 0.14860180 -0.70922178
vn 0.73283202 0.31476945 -0.60322253
vn 0.76619124 0.36474263 -0.52906880
vn 0.73033766 0.59813046 -0.32991947
vn 0.79579337 0.57265925 -0.19691189
vn 0.84800587 0.50908948 -0.14735649
vn 0.73842964 0.54347199 -0.39919903
vn 0.72622024 0.49243053 -0.47970442
vn 0.70437794 0.43719800 -0.55920446
vn 0.83607540 0.54773076 -0.03112780
vn 0.80482236 0.57485320 0.14766438
vn 0.75597707 0.58924346 0.28511546
vn 0.69216098 0.59238739 0.41229887
vn 0.62035326 0.51673907 0.59003606
vn 0.66174777 0.48422378 0.57237856
vn 0.66401586 0.48094666 0.57251485
vn 0.63469473 0.36692441 0.68009491
vn 0.59611273 0.26424012 0.75817332
vn 0.51301821 0.22645189 0.82796851
vn 0.44693917 0.14344466 0.88298868
vn 0.47510781 0.09725427 0.87453655
vn 0.35283505 0.04603102 0.93455261
vn 0.35863937 0.01171155 0.93340272
vn 0.41557754 -0.00033879 0.90955769
vn 0.12471576 -0.96613322 0.22590393
vn 0.26506600 -0.86496005 0.42612688
vn 0.19806305 -0.86442393 0.46210637
vn 0.07310636 -0.99299242 0.09285208
vn 0.19274113 -0.96386720 -0.18387734
vn 0.34644054 -0.86976149 -0.35141700
vn 0.62726913 0.00426932 -0.77879086
vn 0.59171678 0.02816134 -0.80565389
vn 0.59731253 0.06718322 -0.79918969
vn 0.62729775 0.19945228 -0.75280563
vn 0.67281375 0.28326237 -0.68343550
vn 0.60661694 0.11944791 -0.78596952
vn 0.67975109 0.37237662 -0.63188141
vn 0.67443450 0.69903286 -0.23767870
vn 0.73645322 0.64778465 -0.19496589
vn 0.64110787 0.63572181 -0.42992846
vn 0.61805299 0.69939115 -0.35897426
vn 0.77707218 0.62627470 -0.06276006
vn 0.64314014 0.57047566 -0.51081139
vn 0.64196862 0.50268849 -0.57894782
vn 0.59406323 0.41682457 -0.68800157
vn 0.74000758 0.66433578 0.10510351
vn 0.68925822 0.68576020 0.23378636
vn 0.56487953 0.64444057 0.51537120
vn 0.59869165 0.58177936 0.55054617
vn 0.59942145 0.57973474 0.55190720
vn 0.62572794 0.69478595 0.35459417
vn 0.48950531 0.55550942 0.67215611
vn 0.52922720 0.47268360 0.70461961
vn 0.56201276 0.31565661 0.76452767
vn 0.41859945 0.23223344 0.87797615
vn 0.46866937 0.32285619 0.82226085
vn 0.32065631 0.18026073 0.92988472
vn 0.33489202 0.09679170 0.93727195
vn 0.25944571 0.04230089 0.96483085
vn 0.27004197 0.01255939 0.96276664
vn 0.31364509 -0.00056660 0.94954012
vn 0.30921967 0.00099432 0.95099012
vn 0.03356246 -0.99673350 0.07345679
vn 0.09953153 -0.90761419 0.40783571
vn 0.11509405 -0.98018762 -0.16120048
vn 0.49594933 -0.44885584 -0.74334561
vn 0.56431062 0.00511741 -0.82554669
vn 0.56692653 0.01659335 -0.82360122
vn 0.09721983 0.00392716 -0.99525518
vn 0.58984701 0.08145556 -0.80339623
vn 0.61521980 0.23625981 -0.75212093
vn 0.60945316 0.16949656 -0.77449194
vn 0.60862553 0.20263645 -0.76714629
vn 0.61298861 0.31225329 -0.72577052
vn 0.60250991 0.14694161 -0.78446795
vn 0.60153759 0.76365202 -0.23449545
vn 0.63284181 0.76484424 -0.12051773
vn 0.70804978 0.70001384 -0.09298454
vn 0.54403977 0.70807537 -0.45016664
vn 0.55152488 0.64372808 -0.53050397
vn 0.50483531 0.76987621 -0.39042533
vn 0.53798195 0.79781353 -0.27215621
vn 0.56470561 0.55246186 -0.61310152
vn 0.58942589 0.36656986 -0.71986364
vn 0.56538025 0.39053454 -0.72651768
vn 0.54907835 0.46405307 -0.69510267
vn 0.66293298 0.74613174 0.06170330
vn 0.60889400 0.77273802 0.17923181
vn 0.53626140 0.68938882 0.48699771
vn 0.43438859 0.66089196 0.61198723
vn 0.54434465 0.78685973 0.29075878
vn 0.49645465 0.74380326 0.44753713
vn 0.34966302 0.52758426 0.77420322
vn 0.39080060 0.43342789 0.81204381
vn 0.37878612 0.27712727 0.88301843
vn 0.22387167 0.16795663 0.96003752
vn 0.24779536 0.09415917 0.96422586
vn 0.28560380 0.26496678 0.92099027
vn 0.17265783 0.04244638 0.98406686
vn 0.17357482 0.01055879 0.98476408
vn 0.06969239 -0.94484956 0.32000355
vn 0.45328023 -0.22192089 -0.86330073
vn 0.46915450 -0.08664428 -0.87885541
vn 0.54082030 -0.01339112 -0.84103156
vn 0.60960938 0.27751060 -0.74253907
vn 0.60552239 0.26352787 -0.75092989
vn 0.60125120 0.16554309 -0.78172404
vn 0.58596167 0.32654442 -0.74163176
vn 0.55458984 0.81923144 -0.14591082
vn 0.57846545 0.81546534 0.01984920
vn 0.44429393 0.74962176 -0.49058141
vn 0.47203507 0.66441847 -0.57942299
vn 0.39757315 0.82227682 -0.40718106
vn 0.43996590 0.84901359 -0.29258491
vn 0.47929744 0.86119277 -0.16917737
vn 0.48556223 0.57050730 -0.66238263
vn 0.51721401 0.40300641 -0.75503344
vn 0.51668699 0.51467633 -0.68420964
vn 0.47574407 0.44926081 -0.75619594
vn 0.48667422 0.49135477 -0.72230097
vn 0.52137015 0.84415695 0.12478866
vn 0.36777122 0.75940763 0.53669766
vn 0.29839561 0.62830944 0.71846177
vn 0.45761624 0.86051663 0.22382695
vn 0.42558256 0.82099133 0.38059523
vn 0.45777121 0.78975414 0.40833065
vn 0.21035683 0.46449255 0.86023059
vn 0.24882837 0.37764555 0.89189028
vn 0.18780486 0.24218766 0.95187944
vn 0.12765392 0.15226620 0.98006096
vn 0.15203735 0.08555999 0.98466448
vn 0.02904579 0.02847548 0.99917240
vn 0.02143705 0.00841409 0.99973479
vn 0.08424010 -0.72331030 0.68536546
vn 0.20394249 -0.00133149 0.97898197
vn 0.01335125 -0.99785482 0.06408978
vn 0.33377532 -0.68595236 -0.64657822
vn 0.45601416 -0.10125714 -0.88419346
vn 0.49371524 0.86942502 -0.01858485
vn 0.37780826 0.75380143 -0.53762843
vn 0.33258765 0.82278906 -0.46087267
vn 0.41703586 0.66021145 -0.62466145
vn 0.27221477 0.89068986 -0.36410259
vn 0.34194888 0.88807996 -0.30722135
vn 0.38379525 0.89954994 -0.20859317
vn 0.41325606 0.90905368 -0.05329948
vn 0.43864516 0.48595877 -0.75593287
vn 0.42568276 0.58576471 -0.68969116
vn 0.43439275 0.89764625 0.07439181
vn 0.29535769 0.83669331 0.46120293
vn 0.23962651 0.72384675 0.64701237
vn 0.16450971 0.55702654 0.81403808
vn 0.36360466 0.88260361 0.29799750
vn 0.37272037 0.86865706 0.32636550
vn 0.37407766 0.86738093 0.32820152
vn 0.36494001 0.91773876 0.15676209
vn 0.11485586 0.42250763 0.89905252
vn 0.15160028 0.34346166 0.92685028
vn 0.09270654 0.21841581 0.97144224
vn -0.01164193 0.12257396 0.99239110
vn 0.00903114 0.06825206 0.99762723
vn -0.07951265 0.02811551 0.99643728
vn -0.07496201 0.00885733 0.99714705
vn -0.00720776 -0.96555194 0.26011056
vn 0.00068077 -0.97894559 0.20412024
vn 0.09184264 -0.00209907 0.99577132
vn 0.02669209 -0.97002969 0.24151593
vn -0.02192810 -0.79285006 0.60902211
vn 0.39127741 -0.36185980 -0.84614389
vn 0.39240726 -0.15349442 -0.90689360
vn 0.33190766 0.75220936 -0.56922612
vn 0.29176847 0.79337808 -0.53424937
vn 0.26720241 0.81950764 -0.50696164
vn 0.24424403 0.83710271 -0.48949352
vn 0.25499255 0.86312922 -0.43587470
vn 0.37008637 0.71253689 -0.59609333
vn 0.37355196 0.53573780 -0.75726081
vn 0.33502275 0.55653426 -0.76028243
vn 0.33008598 0.63236680 -0.70082485
vn 0.20779607 0.89021317 -0.40539031
vn 0.18364936 0.91840047 -0.35044756
vn 0.20946748 0.92216121 -0.32518008
vn 0.23133139 0.93234989 -0.27786591
vn 0.28664876 0.93274144 -0.21869132
vn 0.31520334 0.94326116 -0.10442818
vn 0.33896667 0.93959509 0.04756753
vn 0.14755417 0.89951823 0.41121129
vn 0.17784882 0.78970974 0.58713569
vn 0.25306342 0.92772342 0.27438688
vn 0.18983567 0.93222795 0.30808029
vn 0.11349823 0.64806131 0.75308345
vn 0.07243030 0.50695193 0.85892584
vn 0.31258288 0.92664131 0.20887277
vn 0.26762238 0.95023616 0.15946631
vn 0.02325717 0.37905101 0.92508347
vn 0.05846040 0.30849751 0.94942702
vn -0.04371463 0.17645046 0.98333833
vn -0.10773037 0.11082405 0.98798391
vn -0.08854867 0.06226263 0.99412399
vn -0.22317442 0.01748448 0.97462171
vn -0.22096862 0.00447733 0.97527064
vn -0.15066763 -0.00188243 0.98858268
vn -0.08762486 -0.86513569 0.49382397
vn -0.00739148 -0.99859903 0.05239608
vn 0.32497851 -0.56501513 -0.75838438
vn 0.38969453 -0.15901412 -0.90711228
vn 0.25766351 0.60036002 -0.75708478
vn 0.26460159 0.65074020 -0.71170443
vn 0.20443890 0.73419516 -0.64742737
vn 0.21810112 0.85532065 -0.46995584
vn 0.21621952 0.86882763 -0.44540730
vn 0.18389374 0.89371675 -0.40921079
vn 0.14766074 0.92653852 -0.34600966
vn 0.15186672 0.94534452 -0.28854849
vn 0.15121821 0.96244071 -0.22547935
vn 0.17138398 0.96764104 -0.18519812
vn 0.22184732 0.96692848 -0.12582957
vn 0.25511679 0.96609669 -0.03965614
vn 0.22289700 0.97395965 0.04146725
vn 0.06392193 0.87673212 0.47671247
vn 0.11131513 0.96356251 0.24322054
vn 0.03750799 0.95827558 0.28337443
vn 0.06018884 0.73137783 0.67931125
vn 0.14888571 0.97292174 0.17679462
vn 0.02596060 0.59233642 0.80527239
vn -0.01512794 0.45455604 0.89058967
vn 0.22439684 0.96244777 0.15277549
vn -0.10029371 0.30796806 0.94609558
vn -0.07192404 0.25084806 0.96535081
vn -0.13579286 0.15515067 0.97851345
vn -0.23498161 0.04055098 0.97115357
vn -0.23162331 0.07976917 0.96952954
vn -0.31656906 0.01190091 0.94849481
vn -0.31980525 0.00277470 0.94747923
vn -0.09769800 -0.93551969 0.33949671
vn -0.05555131 -0.97793458 0.20139019
vn -0.25361606 -0.00190719 0.96730308
vn -0.00814844 -0.99863520 0.05158822
vn -0.01285974 -0.99871365 0.04904763
vn 0.16712437 -0.89541219 -0.41268203
vn 0.33705849 -0.19748438 -0.92053870
vn 0.34960203 -0.18467621 -0.91851680
vn 0.11826159 0.56113734 -0.81923078
vn 0.20827122 0.85719799 -0.47099332
vn 0.20581005 0.86223753 -0.46280522
vn 0.16414037 0.89933844 -0.40527560
vn 0.11217023 0.94978627 -0.29210253
vn 0.12157002 0.92955217 -0.34807109
vn 0.11247755 0.96156438 -0.25048503
vn 0.10049710 0.96955539 -0.22329953
vn 0.09884337 0.97613567 -0.19336270
vn 0.08882765 0.98043162 -0.17568005
vn 0.12308345 0.98416340 -0.12756512
vn 0.17654904 0.98212790 -0.06523214
vn 0.14136156 0.98971812 -0.02179323
vn 0.11467296 0.99123715 0.06556691
vn 0.16410973 0.98348555 0.07631629
vn 0.18647801 0.97688223 0.10453261
vn -0.01143954 0.83183022 0.55491227
vn -0.00889574 0.92187165 0.38739324
vn 0.02622848 0.99253908 0.11907239
vn -0.05688185 0.97713924 0.20484961
vn -0.02324584 0.67272933 0.73952342
vn -0.05818389 0.53295591 0.84414017
vn -0.13078021 0.36533528 0.92164346
vn -0.17401372 0.27735399 0.94487776
vn -0.16922905 0.21417599 0.96202400
vn -0.26851600 0.11686930 0.95615936
vn -0.31733370 0.05021600 0.94698346
vn -0.32789257 0.02343931 0.94442420
vn -0.41861419 0.00446562 0.90815319
vn -0.37570184 0.00412406 0.92673142
vn -0.36842329 0.00120884 0.92965737
vn -0.36470957 -0.00028345 0.93112128
vn -0.36072325 -0.00174522 0.93267127
vn -0.01779997 -0.99878931 0.04585933
vn 0.00571653 -0.92282760 -0.38517079
vn 0.27955789 -0.22703053 -0.93290113
vn 0.28970778 -0.22075136 -0.93130996
vn 0.30682178 -0.21003137 -0.92830341
vn 0.31598822 -0.20422015 -0.92652338
vn 0.03867492 0.37314835 -0.92696524
vn 0.12686942 0.89526971 -0.42707879
vn 0.15160563 0.88967268 -0.43069508
vn 0.18486214 0.87136841 -0.45447011
vn 0.18805997 0.87307307 -0.44986315
vn 0.14096061 0.90427610 -0.40300724
vn 0.07698710 0.95317153 -0.29246712
vn 0.07659273 0.96887825 -0.23539007
vn 0.08905160 0.93504283 -0.34316864
vn 0.07258659 0.98379945 -0.16392018
vn 0.03902759 0.98247239 -0.18227687
vn 0.06063604 0.98692934 -0.14931091
vn 0.05378963 0.98855739 -0.14092896
vn 0.04437618 0.99153073 -0.12205555
vn 0.08089657 0.99371900 -0.07731941
vn 0.05423246 0.99842253 0.01453590
vn -0.08786299 0.77535557 0.62538295
vn -0.08050999 0.89214973 0.44450759
vn -0.03078223 0.99806203 0.05408000
vn -0.14714212 0.93825269 0.31309917
vn -0.10978222 0.98506261 0.13266317
vn -0.11945052 0.60090739 0.79034289
vn -0.15601959 0.50359269 0.84973660
vn -0.21203140 0.30178459 0.92949919
vn -0.20733795 0.43199857 0.87771761
vn -0.27619978 0.17832419 0.94441207
vn -0.33769990 0.12767936 0.93255389
vn -0.34316330 0.08102432 0.93577455
vn -0.40784909 0.03715025 0.91229325
vn -0.40500593 0.01641175 0.91416675
vn -0.45133956 -0.00097919 0.89235175
vn -0.28364200 -0.76971127 0.57191938
vn -0.86476850 -0.32023376 -0.38681492
vn 0.01263355 0.32174715 -0.94674134
vn 0.07293412 0.91084459 -0.40625454
vn 0.10675003 0.90367130 -0.41470787
vn 0.10464243 0.90964283 -0.40199488
vn 0.08834720 0.92308553 -0.37430987
vn 0.03460566 0.97085981 -0.23713641
vn 0.03830242 0.95598684 -0.29089876
vn 0.03591361 0.94285122 -0.33127297
vn -0.00488482 0.98581452 -0.16776729
vn 0.00555481 0.99028531 -0.13893936
vn 0.00150157 0.99343810 -0.11436122
vn 0.02397334 0.99607886 -0.08515981
vn 0.00892486 0.99905501 -0.04253747
vn 0.03486476 0.99935247 -0.00889371
vn -0.15184006 0.84087763 0.51948957
vn -0.16078901 0.72221166 0.67272373
vn -0.03183016 0.99844573 -0.04574898
vn -0.06756559 0.99763317 -0.01276512
vn -0.11561945 0.99287648 0.02878245
vn -0.21397239 0.89637631 0.38823361
vn -0.19497260 0.95527912 0.22232293
vn -0.14002535 0.98868658 0.05377498
vn -0.16707529 0.97922114 0.11494259
vn -0.21225225 0.60103224 0.77052529
vn -0.28332549 0.37760036 0.88155807
vn -0.31475842 0.23098766 0.92063665
vn -0.27550772 0.53278969 0.80014414
vn -0.38335866 0.15151057 0.91108764
vn -0.41766134 0.07434497 0.90555609
vn -0.48550879 -0.00144195 0.87423060
vn -0.46394600 0.00001702 0.88586348
vn -0.46981414 -0.00508163 0.88275073
vn -0.02340491 -0.99872895 0.04463965
vn -0.10489402 0.01341864 -0.99439287
vn -0.28774340 -0.95731263 0.02750015
vn -0.00182361 0.11785513 -0.99302913
vn 0.01121057 0.92322536 -0.38409537
vn 0.05762169 0.91676637 -0.39524569
vn 0.04399387 0.92424889 -0.37924731
vn 0.04168910 0.93211173 -0.35976346
vn -0.01747160 0.97718529 -0.21166871
vn -0.00211777 0.98336108 -0.18164941
vn -0.01745150 0.97249268 -0.23227879
vn -0.01963507 0.96006788 -0.27907729
vn -0.01710693 0.96542619 -0.26011463
vn -0.01844264 0.95118698 -0.30806363
vn -0.01929582 0.95429855 -0.29823136
vn -0.04918135 0.99343871 -0.10325080
vn -0.06170276 0.98500328 -0.16112515
vn -0.00497047 0.99810042 -0.06140718
vn -0.22025886 0.77960445 0.58626183
vn -0.11504579 0.99257647 -0.03945152
vn -0.17962473 0.98366481 0.01176847
vn -0.28576713 0.84283532 0.45603265
vn -0.26227698 0.91843482 0.29612203
vn -0.21419322 0.96821089 0.12918568
vn -0.21581266 0.96768737 0.13040727
vn -0.26641373 0.94770129 0.17574409
vn -0.28266166 0.71194286 0.64283726
vn -0.33315758 0.45671814 0.82487245
vn -0.34021387 0.31825230 0.88485592
vn -0.39688093 0.23254486 0.88792366
vn -0.35147838 0.64365258 0.67983403
vn -0.44615897 0.12126302 0.88670032
vn -0.50232091 0.00034655 0.86468120
vn -0.49294823 -0.31397504 0.81143189
vn -0.98978805 0.13240789 -0.05279927
vn -0.00262106 0.92691237 -0.37526870
vn -0.28645054 -0.95728980 0.03927241
vn -0.98315646 -0.15322963 0.09961958
vn -0.00648517 0.93149775 -0.36368927
vn -0.01321642 0.93842113 -0.34524065
vn -0.00563221 0.93089424 -0.36524538
vn -0.02317464 0.94328032 -0.33118753
vn -0.07659606 0.97459803 -0.21045598
vn -0.08055460 0.96166356 -0.26213386
vn -0.08807671 0.95285195 -0.29037157
vn -0.13817592 0.98798808 -0.06918787
vn -0.15037551 0.98098917 -0.12266809
vn -0.27936365 0.95588175 0.09080768
vn -0.21342048 0.97667992 -0.02341012
vn -0.36519437 0.74715185 0.55533520
vn -0.32566424 0.87586808 0.35608695
vn -0.39941774 0.78534622 0.47296595
vn -0.30740627 0.92136196 0.23789393
vn -0.36354115 0.90632449 0.21543851
vn -0.39071716 0.53994601 0.74551889
vn -0.38462462 0.37777039 0.84223123
vn -0.43257841 0.30781516 0.84742300
vn -0.46925108 0.20824735 0.85815877
vn -0.42053283 0.67746181 0.60348789
vn -0.51318349 0.09437527 0.85307445
vn -0.54277930 -0.02677112 0.83944859
vn -0.51721336 -0.01629319 0.85570139
vn -0.46538007 -0.54757911 0.69539809
vn -0.99968153 0.02369742 -0.00867575
vn -0.04866665 0.93497200 -0.35136721
vn -0.28587070 -0.95723741 0.04443508
vn -0.28561013 -0.95720579 0.04673258
vn -0.61214788 -0.77973889 0.13146190
vn -0.98920779 -0.10687071 0.10023274
vn -0.07253366 0.94403956 -0.32175795
vn -0.13989398 0.97387691 -0.17886711
vn -0.15274289 0.96596994 -0.20873833
vn -0.13205617 0.95754451 -0.25626097
vn -0.99390589 0.10502737 -0.03347132
vn -0.99554185 0.09057801 -0.02630689
vn -0.20374918 0.97093698 -0.12556929
vn -0.24704995 0.96727081 -0.05790936
vn -0.31216197 0.94896520 0.04494396
vn -0.37205956 0.91681836 0.14496819
vn -0.37185289 0.88267725 0.28741312
vn -0.39433899 0.86850265 0.30033299
vn -0.44016454 0.81564296 0.37547535
vn -0.46345286 0.78078477 0.41903053
vn -0.46438585 0.70590226 0.53483435
vn -0.42211234 0.86695688 0.26496592
vn -0.43901225 0.47217938 0.76440491
vn -0.48232758 0.37716870 0.79063511
vn -0.52132326 0.26746435 0.81036096
vn -0.48913859 0.54856556 0.67809975
vn -0.55266772 0.16191570 0.81752168
vn -0.55885900 -0.02880160 0.82876238
vn -0.47247116 -0.61452061 0.63177166
vn -0.99844199 0.05276634 -0.01814704
vn -0.33071634 -0.93896294 0.09473809
vn -0.98124450 -0.12093029 0.15011695
vn -0.99763626 0.06701401 -0.01519928
vn -0.99751734 0.06882277 -0.01491910
vn -0.21469100 0.96385886 -0.15774622
vn -0.99806187 0.06169603 -0.00813053
vn -0.98176751 0.18912594 -0.01907712
vn -0.99892665 0.04631210 -0.00086031
vn -0.99709202 0.07620532 -0.00051151
vn -0.99894013 0.04602229 0.00075134
vn -0.99214243 0.12475029 0.00952665
vn -0.99852008 0.05318721 0.01134762
vn -0.99893284 0.04543567 0.00829348
vn -0.99720628 0.06507125 0.03667932
vn -0.50220293 0.73109253 0.46183971
vn -0.99781296 0.05995041 0.02784333
vn -0.99819456 0.05355068 0.02720187
vn -0.53244147 0.59154579 0.60545822
vn -0.51389849 0.70168136 0.49350948
vn -0.99995630 0.00905768 0.00231594
vn -0.53203597 0.45153639 0.71627691
vn -0.56310000 0.33941539 0.75346903
vn -0.99780562 0.02056108 0.06293797
vn -0.99898821 0.00866638 0.04412998
vn -0.99854810 0.00714459 0.05339148
vn -0.99996084 0.00056583 0.00883163
vn -0.94672557 -0.02491515 0.32107619
vn -0.33984607 -0.84139648 0.42018641
vn -0.87369466 -0.08259811 0.47941130
vn -0.50073416 -0.84593520 0.18346370
vn -0.99037993 -0.08042091 0.11260582
vn -0.99997065 0.00758761 -0.00106278
vn -0.99987485 0.01321241 0.00870131
vn -0.55782358 0.48478569 0.67365843
vn -0.55646813 0.63673397 0.53377249
vn -0.99857983 0.04059111 0.03450630
vn -0.99917014 0.02946840 0.02811837
vn -0.99917167 0.02910375 0.02844213
vn -0.99701352 0.05317132 0.05600767
vn -0.99962788 0.01427003 0.02324804
vn -0.99973428 0.01074819 0.02039211
vn -0.36030049 -0.85578388 0.37123781
vn -0.98318081 -0.04508071 0.17698366
vn -0.50683714 -0.76181143 0.40343457
vn -0.37158165 -0.86289369 0.34255153
vn -0.36739598 -0.86032946 0.35334603
vn -0.37482727 -0.91335233 0.15903475
vn -0.97239544 -0.10894057 0.20634693
vn -0.99138000 -0.06678323 0.11271953
vn -0.99998953 0.00285057 0.00357830
vn -0.84426581 -0.18109604 0.50440010
vn -0.37931689 -0.89196451 0.24600407
vn -0.37370937 -0.91306268 0.16327233
vn -0.54276123 -0.77920620 0.31344528
vn -0.96960338 -0.09116171 0.22706569
vn -0.38486922 -0.89101648 0.24075989
f 1//1 2//2 3//3
f 1//1 3//3 4//4
f 1//1 4//4 5//5
f 1//1 5//5 6//6
f 1//1 6//6 2//2
f 2//2 7//7 8//8
f 2//2 8//8 9//9
f 2//2 9//9 3//3
f 2//2 6//6 10//10
f 2//2 10//10 23//23
f 2//2 23//23 47//47
f 2//2 47//47 69//69
f 2//2 69//69 98//98
f 2//2 98//98 137//137
f 2//2 137//137 168//168
f 2//2 168//168 188//188
f 2//2 188//188 218//218
f 2//2 218//218 197//197
f 2//2 197//197 173//173
f 2//2 173//173 144//144
f 2//2 144//144 102//102
f 2//2 102//102 73//73
f 2//2 73//73 54//54
f 2//2 54//54 30//30
f 2//2 30//30 15//15
f 2//2 15//15 7//7
f 3//3 9//9 4//4
f 4//4 9//9 11//11
f 4//4 11//11 12//12
f 4//4 12//12 5//5
f 5//5 13//13 14//14
f 5//5 14//14 6//6
f 5//5 12//12 13//13
f 6//6 14//14 10//10
f 7//7 15//15 16//16
f 7//7 16//16 8//8
f 8//8 16//16 17//17
f 8//8 17//17 18//18
f 8//8 18//18 19//19
f 8//8 19//19 9//9
f 9//9 20//20 11//11
f 9//9 19//19 20//20
f 10//10 14//14 21//21
f 10//10 21//21 22//22
f 10//10 22//22 23//23
f 11//11 20//20 24//24
f 11//11 24//24 12//12
f 12//12 24//24 25//25
f 12//12 25//25 26//26
f 12//12 26//26 13//13
f 13//13 27//27 28//28
f 13//13 28//28 14//14
f 13//13 26//26 27//27
f 14//14 28//28 29//29
f 14//14 29//29 21//21
f 15//15 30//30 31//31
f 15//15 31//31 32//32
f 15//15 32//32 16//16
f 16//16 33//33 17//17
f 16//16 32//32 33//33
f 17//17 34//34 20//20
f 17//17 20//20 35//35
f 17//17 35//35 18//18
f 17//17 33//33 36//36
f 17//17 36//36 34//34
f 18//18 35//35 19//19
f 19//19 35//35 20//20
f 20//20 34//34 37//37
f 20//20 37//37 38//38
f 20//20 38//38 24//24
f 21//21 29//29 28//28
f 21//21 28//28 22//22
f 22//22 28//28 39//39
f 22//22 39//39 40//40
f 22//22 40//40 23//23
f 23//23 40//40 41//41
f 23//23 41//41 42//42
f 23//23 42//42 43//43
f 23//23 43//43 44//44
f 23//23 44//44 45//45
f 23//23 45//45 46//46
f 23//23 46//46 47//47
f 24//24 38//38 48//48
f 24//24 48//48 25//25
f 25//25 49//49 50//50
f 25//25 50//50 51//51
f 25//25 51//51 26//26
f 25//25 48//48 49//49
f 26//26 51//51 52//52
f 26//26 52//52 27//27
f 27//27 53//53 28//28
f 27//27 52//52 51//51
f 27//27 51//51 50//50
f 27//27 50//50 49//49
f 27//27 49//49 72//72
f 27//27 72//72 71//71
f 27//27 71//71 99//99
f 27//27 99//99 101//101
f 27//27 101//101 100//100
f 27//27 100//100 138//138
f 27//27 138//138 156//156
f 27//27 156//156 158//158
f 27//27 158//158 185//185
f 27//27 185//185 213//213
f 27//27 213//213 212//212
f 27//27 212//212 237//237
f 27//27 237//237 260//260
f 27//27 260//260 279//279
f 27//27 279//279 278//278
f 27//27 278//278 292//292
f 27//27 292//292 291//291
f 27//27 291//291 300//300
f 27//27 300//300 299//299
f 27//27 299//299 306//306
f 27//27 306//306 309//309
f 27//27 309//309 311//311
f 27//27 311//311 314//314
f 27//27 314//314 313//313
f 27//27 313//313 312//312
f 27//27 312//312 307//307
f 27//27 307//307 302//302
f 27//27 302//302 293//293
f 27//27 293//293 281//281
f 27//27 281//281 280//280
f 27//27 280//280 261//261
f 27//27 261//261 238//238
f 27//27 238//238 215//215
f 27//27 215//215 189//189
f 27//27 189//189 186//186
f 27//27 186//186 167//167
f 27//27 167//167 166//166
f 27//27 166//166 136//136
f 27//27 136//136 135//135
f 27//27 135//135 134//134
f 27//27 134//134 133//133
f 27//27 133//133 165//165
f 27//27 165//165 164//164
f 27//27 164//164 163//163
f 27//27 163//163 162//162
f 27//27 162//162 161//161
f 27//27 161//161 160//160
f 27//27 160//160 159//159
f 27//27 159//159 130//130
f 27//27 130//130 129//129
f 27//27 129//129 128//128
f 27//27 128//128 127//127
f 27//27 127//127 126//126
f 27//27 126//126 125//125
f 27//27 125//125 124//124
f 27//27 124//124 123//123
f 27//27 123//123 122//122
f 27//27 122//122 121//121
f 27//27 121//121 120//120
f 27//27 120//120 119//119
f 27//27 119//119 118//118
f 27//27 118//118 93//93
f 27//27 93//93 92//92
f 27//27 92//92 91//91
f 27//27 91//91 90//90
f 27//27 90//90 89//89
f 27//27 89//89 88//88
f 27//27 88//88 87//87
f 27//27 87//87 67//67
f 27//27 67//67 66//66
f 27//27 66//66 65//65
f 27//27 65//65 64//64
f 27//27 64//64 46//46
f 27//27 46//46 45//45
f 27//27 45//45 44//44
f 27//27 44//44 42//42
f 27//27 42//42 41//41
f 27//27 41//41 63//63
f 27//27 63//63 53//53
f 28//28 53//53 39//39
f 30//30 54//54 55//55
f 30//30 55//55 56//56
f 30//30 56//56 31//31
f 31//31 56//56 32//32
f 32//32 56//56 57//57
f 32//32 57//57 58//58
f 32//32 58//58 36//36
f 32//32 36//36 33//33
f 34//34 36//36 37//37
f 36//36 58//58 37//37
f 37//37 59//59 60//60
f 37//37 60//60 61//61
f 37//37 61//61 38//38
f 37//37 58//58 57//57
f 37//37 57//57 59//59
f 38//38 61//61 62//62
f 38//38 62//62 48//48
f 39//39 53//53 63//63
f 39//39 63//63 41//41
f 39//39 41//41 40//40
f 42//42 44//44 43//43
f 46//46 64//64 47//47
f 47//47 64//64 65//65
f 47//47 65//65 66//66
f 47//47 66//66 67//67
f 47//47 67//67 68//68
f 47//47 68//68 69//69
f 48//48 62//62 70//70
f 48//48 70//70 71//71
f 48//48 71//71 72//72
f 48//48 72//72 49//49
f 54//54 73//73 74//74
f 54//54 74//74 75//75
f 54//54 75//75 76//76
f 54//54 76//76 55//55
f 55//55 77//77 56//56
f 55//55 76//76 77//77
f 56//56 78//78 79//79
f 56//56 79//79 57//57
f 56//56 77//77 80//80
f 56//56 80//80 78//78
f 57//57 79//79 59//59
f 59//59 79//79 60//60
f 60//60 79//79 81//81
f 60//60 81//81 82//82
f 60//60 82//82 61//61
f 61//61 82//82 83//83
f 61//61 83//83 84//84
f 61//61 84//84 62//62
f 62//62 84//84 85//85
f 62//62 85//85 86//86
f 62//62 86//86 70//70
f 67//67 87//87 68//68
f 68//68 87//87 88//88
f 68//68 88//88 89//89
f 68//68 89//89 90//90
f 68//68 90//90 91//91
f 68//68 91//91 69//69
f 69//69 91//91 92//92
f 69//69 92//92 93//93
f 69//69 93//93 94//94
f 69//69 94//94 95//95
f 69//69 95//95 96//96
f 69//69 96//96 97//97
f 69//69 97//97 98//98
f 70//70 99//99 71//71
f 70//70 86//86 100//100
f 70//70 100//100 101//101
f 70//70 101//101 99//99
f 73//73 102//102 103//103
f 73//73 103//103 104//104
f 73//73 104//104 74//74
f 74//74 104//104 105//105
f 74//74 105//105 106//106
f 74//74 106//106 107//107
f 74//74 107//107 75//75
f 75//75 107//107 76//76
f 76//76 107//107 108//108
f 76//76 108//108 109//109
f 76//76 109//109 77//77
f 77//77 109//109 110//110
f 77//77 110//110 111//111
f 77//77 111//111 80//80
f 78//78 81//81 79//79
f 78//78 80//80 81//81
f 80//80 111//111 82//82
f 80//80 82//82 81//81
f 82//82 111//111 110//110
f 82//82 110//110 109//109
f 82//82 109//109 83//83
f 83//83 109//109 112//112
f 83//83 112//112 84//84
f 84//84 112//112 113//113
f 84//84 113//113 114//114
f 84//84 114//114 85//85
f 85//85 114//114 115//115
f 85//85 115//115 86//86
f 86//86 116//116 100//100
f 86//86 115//115 117//117
f 86//86 117//117 116//116
f 93//93 118//118 94//94
f 94//94 118//118 119//119
f 94//94 119//119 120//120
f 94//94 120//120 95//95
f 95//95 120//120 121//121
f 95//95 121//121 122//122
f 95//95 122//122 123//123
f 95//95 123//123 124//124
f 95//95 124//124 96//96
f 96//96 124//124 125//125
f 96//96 125//125 126//126
f 96//96 126//126 127//127
f 96//96 127//127 97//97
f 97//97 127//127 128//128
f 97//97 128//128 129//129
f 97//97 129//129 130//130
f 97//97 130//130 131//131
f 97//97 131//131 98//98
f 98//98 131//131 132//132
f 98//98 132//132 133//133
f 98//98 133//133 134//134
f 98//98 134//134 135//135
f 98//98 135//135 136//136
f 98//98 136//136 137//137
f 100//100 116//116 138//138
f 102//102 139//139 140//140
f 102//102 140//140 141//141
f 102//102 141//141 142//142
f 102//102 142//142 143//143
f 102//102 143//143 103//103
f 102//102 144//144 145//145
f 102//102 145//145 139//139
f 103//103 143//143 146//146
f 103//103 146//146 105//105
f 103//103 105//105 104//104
f 105//105 146//146 147//147
f 105//105 147//147 148//148
f 105//105 148//148 149//149
f 105//105 149//149 150//150
f 105//105 150//150 106//106
f 106//106 150//150 151//151
f 106//106 151//151 107//107
f 107//107 151//151 108//108
f 108//108 113//113 112//112
f 108//108 112//112 109//109
f 108//108 151//151 113//113
f 113//113 151//151 152//152
f 113//113 152//152 114//114
f 114//114 153//153 115//115
f 114//114 152//152 154//154
f 114//114 154//154 153//153
f 115//115 153//153 155//155
f 115//115 155//155 117//117
f 116//116 156//156 138//138
f 116//116 117//117 157//157
f 116//116 157//157 158//158
f 116//116 158//158 156//156
f 117//117 155//155 157//157
f 130//130 159//159 131//131
f 131//131 159//159 160//160
f 131//131 160//160 161//161
f 131//131 161//161 162//162
f 131//131 162//162 163//163
f 131//131 163//163 164//164
f 131//131 164//164 132//132
f 132//132 164//164 165//165
f 132//132 165//165 133//133
f 136//136 166//166 137//137
f 137//137 166//166 167//167
f 137//137 167//167 168//168
f 139//139 145//145 169//169
f 139//139 169//169 140//140
f 140//140 169//169 146//146
f 140//140 146//146 141//141
f 141//141 146//146 142//142
f 142//142 146//146 143//143
f 144//144 170//170 171//171
f 144//144 171//171 172//172
f 144//144 172//172 145//145
f 144//144 173//173 170//170
f 145//145 172//172 174//174
f 145//145 174//174 175//175
f 145//145 175//175 169//169
f 146//146 169//169 147//147
f 147//147 169//169 148//148
f 148//148 169//169 176//176
f 148//148 176//176 177//177
f 148//148 177//177 149//149
f 149//149 177//177 178//178
f 149//149 178//178 179//179
f 149//149 179//179 150//150
f 150//150 180//180 151//151
f 150//150 179//179 181//181
f 150//150 181//181 154//154
f 150//150 154//154 180//180
f 151//151 154//154 152//152
f 151//151 180//180 154//154
f 153//153 154//154 181//181
f 153//153 181//181 179//179
f 153//153 179//179 182//182
f 153//153 182//182 155//155
f 155//155 182//182 183//183
f 155//155 183//183 184//184
f 155//155 184//184 157//157
f 157//157 184//184 158//158
f 158//158 184//184 185//185
f 167//167 186//186 168//168
f 168//168 187//187 188//188
f 168//168 186//186 189//189
f 168//168 189//189 187//187
f 169//169 190//190 176//176
f 169//169 175//175 191//191
f 169//169 191//191 190//190
f 170//170 192//192 174//174
f 170//170 174//174 171//171
f 170//170 173//173 193//193
f 170//170 193//193 194//194
f 170//170 194//194 192//192
f 171//171 174//174 172//172
f 173//173 195//195 196//196
f 173//173 196//196 193//193
f 173//173 197//197 198//198
f 173//173 198//198 195//195
f 174//174 192//192 199//199
f 174//174 199//199 200//200
f 174//174 200//200 175//175
f 175//175 200//200 191//191
f 176//176 190//190 201//201
f 176//176 201//201 178//178
f 176//176 178//178 177//177
f 178//178 201//201 202//202
f 178//178 202//202 182//182
f 178//178 182//182 179//179
f 182//182 202//202 183//183
f 183//183 203//203 204//204
f 183//183 204//204 205//205
f 183//183 205//205 184//184
f 183//183 202//202 206//206
f 183//183 206//206 203//203
f 184//184 207//207 208//208
f 184//184 208//208 209//209
f 184//184 209//209 210//210
f 184//184 210//210 211//211
f 184//184 211//211 212//212
f 184//184 212//212 213//213
f 184//184 213//213 185//185
f 184//184 205//205 207//207
f 187//187 214//214 188//188
f 187//187 189//189 215//215
f 187//187 215//215 214//214
f 188//188 216//216 217//217
f 188//188 217//217 218//218
f 188//188 214//214 219//219
f 188//188 219//219 216//216
f 190//190 191//191 201//201
f 191//191 200//200 220//220
f 191//191 220//220 221//221
f 191//191 221//221 201//201
f 192//192 194//194 222//222
f 192//192 222//222 223//223
f 192//192 223//223 199//199
f 193//193 196//196 194//194
f 194//194 224//224 222//222
f 194//194 196//196 195//195
f 194//194 195//195 198//198
f 194//194 198//198 225//225
f 194//194 225//225 226//226
f 194//194 226//226 224//224
f 197//197 227//227 228//228
f 197//197 228//228 198//198
f 197//197 218//218 227//227
f 198//198 228//228 229//229
f 198//198 229//229 225//225
f 199//199 223//223 230//230
f 199//199 230//230 231//231
f 199//199 231//231 232//232
f 199//199 232//232 200//200
f 200//200 232//232 220//220
f 201//201 221//221 233//233
f 201//201 233//233 202//202
f 202//202 233//233 206//206
f 203//203 234//234 205//205
f 203//203 205//205 204//204
f 203//203 206//206 234//234
f 205//205 234//234 235//235
f 205//205 235//235 207//207
f 206//206 233//233 220//220
f 206//206 220//220 236//236
f 206//206 236//236 234//234
f 207//207 235//235 208//208
f 208//208 235//235 209//209
f 209//209 235//235 210//210
f 210//210 235//235 211//211
f 211//211 235//235 212//212
f 212//212 235//235 237//237
f 214//214 215//215 219//219
f 215//215 238//238 219//219
f 216//216 239//239 217//217
f 216//216 219//219 239//239
f 217//217 240//240 241//241
f 217//217 241//241 242//242
f 217//217 242//242 218//218
f 217//217 239//239 240//240
f 218//218 242//242 243//243
f 218//218 243//243 227//227
f 219//219 238//238 239//239
f 220//220 232//232 244//244
f 220//220 244//244 236//236
f 220//220 233//233 221//221
f 222//222 224//224 245//245
f 222//222 245//245 246//246
f 222//222 246//246 230//230
f 222//222 230//230 223//223
f 224//224 226//226 245//245
f 225//225 229//229 247//247
f 225//225 247//247 248//248
f 225//225 248//248 226//226
f 226//226 248//248 249//249
f 226//226 249//249 250//250
f 226//226 250//250 245//245
f 227//227 243//243 241//241
f 227//227 241//241 251//251
f 227//227 251//251 228//228
f 228//228 252//252 229//229
f 228//228 251//251 252//252
f 229//229 252//252 253//253
f 229//229 253//253 254//254
f 229//229 254//254 255//255
f 229//229 255//255 247//247
f 230//230 256//256 231//231
f 230//230 246//246 256//256
f 231//231 256//256 232//232
f 232//232 256//256 244//244
f 234//234 236//236 257//257
f 234//234 257//257 258//258
f 234//234 258//258 235//235
f 235//235 258//258 259//259
f 235//235 259//259 237//237
f 236//236 244//244 257//257
f 237//237 259//259 260//260
f 238//238 261//261 239//239
f 239//239 262//262 263//263
f 239//239 263//263 240//240
f 239//239 261//261 262//262
f 240//240 264//264 265//265
f 240//240 265//265 241//241
f 240//240 263//263 264//264
f 241//241 265//265 266//266
f 241//241 266//266 267//267
f 241//241 267//267 251//251
f 241//241 243//243 242//242
f 244//244 256//256 268//268
f 244//244 268//268 257//257
f 245//245 250//250 246//246
f 246//246 250//250 269//269
f 246//246 269//269 256//256
f 247//247 255//255 270//270
f 247//247 270//270 249//249
f 247//247 249//249 248//248
f 249//249 271//271 250//250
f 249//249 270//270 271//271
f 250//250 271//271 272//272
f 250//250 272//272 269//269
f 251//251 267//267 252//252
f 252//252 267//267 273//273
f 252//252 273//273 274//274
f 252//252 274//274 253//253
f 253//253 274//274 275//275
f 253//253 275//275 270//270
f 253//253 270//270 254//254
f 254//254 270//270 255//255
f 256//256 269//269 268//268
f 257//257 268//268 276//276
f 257//257 276//276 258//258
f 258//258 276//276 259//259
f 259//259 276//276 277//277
f 259//259 277//277 278//278
f 259//259 278//278 279//279
f 259//259 279//279 260//260
f 261//261 280//280 262//262
f 262//262 280//280 263//263
f 263//263 280//280 281//281
f 263//263 281//281 282//282
f 263//263 282//282 264//264
f 264//264 282//282 265//265
f 265//265 282//282 283//283
f 265//265 283//283 266//266
f 266//266 283//283 267//267
f 267//267 283//283 275//275
f 267//267 275//275 273//273
f 268//268 269//269 284//284
f 268//268 284//284 276//276
f 269//269 272//272 284//284
f 270//270 275//275 285//285
f 270//270 285//285 286//286
f 270//270 286//286 271//271
f 271//271 286//286 287//287
f 271//271 287//287 272//272
f 272//272 287//287 288//288
f 272//272 288//288 289//289
f 272//272 289//289 284//284
f 273//273 275//275 274//274
f 275//275 283//283 290//290
f 275//275 290//290 285//285
f 276//276 284//284 289//289
f 276//276 289//289 277//277
f 277//277 288//288 291//291
f 277//277 291//291 292//292
f 277//277 292//292 278//278
f 277//277 289//289 288//288
f 281//281 293//293 294//294
f 281//281 294//294 282//282
f 282//282 294//294 283//283
f 283//283 294//294 290//290
f 285//285 290//290 295//295
f 285//285 295//295 296//296
f 285//285 296//296 286//286
f 286//286 296//296 297//297
f 286//286 297//297 287//287
f 287//287 297//297 298//298
f 287//287 298//298 288//288
f 288//288 298//298 299//299
f 288//288 299//299 300//300
f 288//288 300//300 291//291
f 290//290 294//294 301//301
f 290//290 301//301 295//295
f 293//293 302//302 301//301
f 293//293 301//301 294//294
f 295//295 301//301 302//302
f 295//295 302//302 303//303
f 295//295 303//303 296//296
f 296//296 303//303 304//304
f 296//296 304//304 297//297
f 297//297 304//304 305//305
f 297//297 305//305 298//298
f 298//298 305//305 306//306
f 298//298 306//306 299//299
f 302//302 307//307 303//303
f 303//303 307//307 308//308
f 303//303 308//308 304//304
f 304//304 309//309 305//305
f 304//304 308//308 310//310
f 304//304 310//310 311//311
f 304//304 311//311 309//309
f 305//305 309//309 306//306
f 307//307 312//312 308//308
f 308//308 312//312 313//313
f 308//308 313//313 310//310
f 310//310 313//313 314//314
f 310//310 314//314 311//311
f 315//315 316//316 317//317
f 315//315 317//317 318//318
f 315//315 318//318 319//319
f 315//315 319//319 320//320
f 315//315 320//320 328//328
f 315//315 328//328 341//341
f 315//315 341//341 340//340
f 315//315 340//340 355//355
f 315//315 355//355 354//354
f 315//315 354//354 372//372
f 315//315 372//372 371//371
f 315//315 371//371 391//391
f 315//315 391//391 412//412
f 315//315 412//412 443//443
f 315//315 443//443 467//467
f 315//315 467//467 495//495
f 315//315 495//495 521//521
f 315//315 521//521 546//546
f 315//315 546//546 572//572
f 315//315 572//572 578//578
f 315//315 578//578 555//555
f 315//315 555//555 532//532
f 315//315 532//532 507//507
f 315//315 507//507 506//506
f 315//315 506//506 505//505
f 315//315 505//505 482//482
f 315//315 482//482 481//481
f 315//315 481//481 480//480
f 315//315 480//480 456//456
f 315//315 456//456 427//427
f 315//315 427//427 426//426
f 315//315 426//426 401//401
f 315//315 401//401 400//400
f 315//315 400//400 399//399
f 315//315 399//399 380//380
f 315//315 380//380 379//379
f 315//315 379//379 363//363
f 315//315 363//363 362//362
f 315//315 362//362 361//361
f 315//315 361//361 346//346
f 315//315 346//346 334//334
f 315//315 334//334 329//329
f 315//315 329//329 321//321
f 315//315 321//321 316//316
f 316//316 321//321 317//317
f 317//317 322//322 318//318
f 317//317 321//321 323//323
f 317//317 323//323 322//322
f 318//318 322//322 324//324
f 318//318 324//324 325//325
f 318//318 325//325 319//319
f 319//319 325//325 326//326
f 319//319 326//326 327//327
f 319//319 327//327 328//328
f 319//319 328//328 320//320
f 321//321 329//329 323//323
f 322//322 323//323 330//330
f 322//322 330//330 331//331
f 322//322 331//331 324//324
f 323//323 332//332 333//333
f 323//323 333//333 330//330
f 323//323 329//329 334//334
f 323//323 334//334 332//332
f 324//324 331//331 335//335
f 324//324 335//335 336//336
f 324//324 336//336 325//325
f 325//325 336//336 326//326
f 326//326 337//337 338//338
f 326//326 338//338 339//339
f 326//326 339//339 327//327
f 326//326 336//336 337//337
f 327//327 339//339 340//340
f 327//327 340//340 341//341
f 327//327 341//341 328//328
f 330//330 342//342 343//343
f 330//330 343//343 331//331
f 330//330 333//333 342//342
f 331//331 344//344 335//335
f 331//331 343//343 344//344
f 332//332 345//345 342//342
f 332//332 342//342 333//333
f 332//332 334//334 346//346
f 332//332 346//346 347//347
f 332//332 347//347 345//345
f 335//335 344//344 348//348
f 335//335 348//348 349//349
f 335//335 349//349 336//336
f 336//336 349//349 350//350
f 336//336 350//350 337//337
f 337//337 350//350 351//351
f 337//337 351//351 338//338
f 338//338 351//351 352//352
f 338//338 352//352 353//353
f 338//338 353//353 339//339
f 339//339 354//354 355//355
f 339//339 355//355 340//340
f 339//339 353//353 354//354
f 342//342 356//356 343//343
f 342//342 345//345 357//357
f 342//342 357//357 356//356
f 343//343 356//356 358//358
f 343//343 358//358 344//344
f 344//344 359//359 348//348
f 344//344 358//358 359//359
f 345//345 347//347 360//360
f 345//345 360//360 357//357
f 346//346 361//361 347//347
f 347//347 361//361 362//362
f 347//347 362//362 363//363
f 347//347 363//363 364//364
f 347//347 364//364 360//360
f 348//348 365//365 366//366
f 348//348 366//366 350//350
f 348//348 350//350 349//349
f 348//348 359//359 365//365
f 350//350 366//366 351//351
f 351//351 366//366 367//367
f 351//351 367//367 352//352
f 352//352 368//368 369//369
f 352//352 369//369 370//370
f 352//352 370//370 353//353
f 352//352 367//367 368//368
f 353//353 370//370 371//371
f 353//353 371//371 372//372
f 353//353 372//372 354//354
f 356//356 373//373 358//358
f 356//356 357//357 374//374
f 356//356 374//374 373//373
f 357//357 360//360 375//375
f 357//357 375//375 374//374
f 358//358 376//376 359//359
f 358//358 373//373 376//376
f 359//359 376//376 377//377
f 359//359 377//377 365//365
f 360//360 364//364 378//378
f 360//360 378//378 375//375
f 363//363 379//379 364//364
f 364//364 379//379 380//380
f 364//364 380//380 381//381
f 364//364 381//381 378//378
f 365//365 377//377 382//382
f 365//365 382//382 366//366
f 366//366 383//383 384//384
f 366//366 384//384 367//367
f 366//366 382//382 383//383
f 367//367 384//384 368//368
f 368//368 384//384 385//385
f 368//368 385//385 386//386
f 368//368 386//386 369//369
f 369//369 386//386 387//387
f 369//369 387//387 388//388
f 369//369 388//388 370//370
f 370//370 388//388 389//389
f 370//370 389//389 371//371
f 371//371 389//389 390//390
f 371//371 390//390 391//391
f 373//373 374//374 392//392
f 373//373 392//392 393//393
f 373//373 393//393 376//376
f 374//374 375//375 394//394
f 374//374 394//394 392//392
f 375//375 378//378 395//395
f 375//375 395//395 394//394
f 376//376 396//396 377//377
f 376//376 393//393 396//396
f 377//377 397//397 382//382
f 377//377 396//396 397//397
f 378//378 381//381 398//398
f 378//378 398//398 395//395
f 380//380 399//399 381//381
f 381//381 399//399 400//400
f 381//381 400//400 401//401
f 381//381 401//401 402//402
f 381//381 402//402 398//398
f 382//382 397//397 383//383
f 383//383 397//397 403//403
f 383//383 403//403 404//404
f 383//383 404//404 405//405
f 383//383 405//405 384//384
f 384//384 405//405 385//385
f 385//385 405//405 406//406
f 385//385 406//406 407//407
f 385//385 407//407 386//386
f 386//386 407//407 387//387
f 387//387 407//407 408//408
f 387//387 408//408 409//409
f 387//387 409//409 410//410
f 387//387 410//410 388//388
f 388//388 390//390 389//389
f 388//388 410//410 411//411
f 388//388 411//411 390//390
f 390//390 411//411 391//391
f 391//391 411//411 413//413
f 391//391 413//413 414//414
f 391//391 414//414 415//415
f 391//391 415//415 416//416
f 391//391 416//416 417//417
f 391//391 417//417 412//412
f 392//392 418//418 393//393
f 392//392 394//394 419//419
f 392//392 419//419 418//418
f 393//393 418//418 420//420
f 393//393 420//420 396//396
f 394//394 395//395 421//421
f 394//394 421//421 419//419
f 395//395 398//398 422//422
f 395//395 422//422 421//421
f 396//396 420//420 423//423
f 396//396 423//423 397//397
f 397//397 423//423 403//403
f 398//398 402//402 424//424
f 398//398 424//424 425//425
f 398//398 425//425 422//422
f 401//401 426//426 402//402
f 402//402 426//426 427//427
f 402//402 427//427 428//428
f 402//402 428//428 424//424
f 403//403 423//423 429//429
f 403//403 429//429 430//430
f 403//403 430//430 404//404
f 404//404 430//430 431//431
f 404//404 431//431 406//406
f 404//404 406//406 405//405
f 406//406 432//432 407//407
f 406//406 431//431 432//432
f 407//407 433//433 408//408
f 407//407 432//432 433//433
f 408//408 433//433 434//434
f 408//408 434//434 435//435
f 408//408 435//435 409//409
f 409//409 435//435 436//436
f 409//409 436//436 413//413
f 409//409 413//413 410//410
f 410//410 413//413 411//411
f 412//412 417//417 437//437
f 412//412 437//437 438//438
f 412//412 438//438 439//439
f 412//412 439//439 440//440
f 412//412 440//440 441//441
f 412//412 441//441 442//442
f 412//412 442//442 443//443
f 413//413 436//436 414//414
f 414//414 436//436 415//415
f 415//415 444//444 417//417
f 415//415 417//417 416//416
f 415//415 436//436 445//445
f 415//415 445//445 444//444
f 417//417 444//444 446//446
f 417//417 446//446 447//447
f 417//417 447//447 437//437
f 418//418 419//419 448//448
f 418//418 448//448 449//449
f 418//418 449//449 420//420
f 419//419 421//421 450//450
f 419//419 450//450 448//448
f 420//420 449//449 451//451
f 420//420 451//451 423//423
f 421//421 422//422 452//452
f 421//421 452//452 450//450
f 422//422 425//425 453//453
f 422//422 453//453 452//452
f 423//423 451//451 429//429
f 424//424 428//428 454//454
f 424//424 454//454 425//425
f 425//425 454//454 455//455
f 425//425 455//455 453//453
f 427//427 456//456 428//428
f 428//428 456//456 454//454
f 429//429 451//451 457//457
f 429//429 457//457 458//458
f 429//429 458//458 430//430
f 430//430 458//458 459//459
f 430//430 459//459 431//431
f 431//431 459//459 432//432
f 432//432 459//459 460//460
f 432//432 460//460 433//433
f 433//433 460//460 434//434
f 434//434 461//461 435//435
f 434//434 460//460 462//462
f 434//434 462//462 461//461
f 435//435 463//463 445//445
f 435//435 445//445 436//436
f 435//435 461//461 463//463
f 437//437 447//447 464//464
f 437//437 464//464 465//465
f 437//437 465//465 466//466
f 437//437 466//466 438//438
f 438//438 466//466 465//465
f 438//438 465//465 464//464
f 438//438 464//464 447//447
f 438//438 447//447 473//473
f 438//438 473//473 472//472
f 438//438 472//472 471//471
f 438//438 471//471 470//470
f 438//438 470//470 498//498
f 438//438 498//498 525//525
f 438//438 525//525 524//524
f 438//438 524//524 523//523
f 438//438 523//523 548//548
f 438//438 548//548 547//547
f 438//438 547//547 564//564
f 438//438 564//564 584//584
f 438//438 584//584 583//583
f 438//438 583//583 586//586
f 438//438 586//586 585//585
f 438//438 585//585 587//587
f 438//438 587//587 589//589
f 438//438 589//589 588//588
f 438//438 588//588 600//600
f 438//438 600//600 599//599
f 438//438 599//599 598//598
f 438//438 598//598 595//595
f 438//438 595//595 594//594
f 438//438 594//594 597//597
f 438//438 597//597 596//596
f 438//438 596//596 601//601
f 438//438 601//601 604//604
f 438//438 604//604 603//603
f 438//438 603//603 602//602
f 438//438 602//602 590//590
f 438//438 590//590 567//567
f 438//438 567//567 544//544
f 438//438 544//544 519//519
f 438//438 519//519 494//494
f 438//438 494//494 467//467
f 438//438 467//467 443//443
f 438//438 443//443 442//442
f 438//438 442//442 441//441
f 438//438 441//441 440//440
f 438//438 440//440 439//439
f 444//444 445//445 468//468
f 444//444 468//468 446//446
f 445//445 463//463 468//468
f 446//446 468//468 469//469
f 446//446 469//469 470//470
f 446//446 470//470 471//471
f 446//446 471//471 472//472
f 446//446 472//472 473//473
f 446//446 473//473 447//447
f 448//448 474//474 475//475
f 448//448 475//475 449//449
f 448//448 450//450 474//474
f 449//449 476//476 451//451
f 449//449 475//475 476//476
f 450//450 452//452 477//477
f 450//450 477//477 474//474
f 451//451 476//476 457//457
f 452//452 478//478 477//477
f 452//452 453//453 478//478
f 453//453 479//479 478//478
f 453//453 455//455 479//479
f 454//454 456//456 480//480
f 454//454 480//480 481//481
f 454//454 481//481 482//482
f 454//454 482//482 483//483
f 454//454 483//483 455//455
f 455//455 483//483 484//484
f 455//455 484//484 485//485
f 455//455 485//485 479//479
f 457//457 486//486 487//487
f 457//457 487//487 458//458
f 457//457 476//476 486//486
f 458//458 487//487 488//488
f 458//458 488//488 459//459
f 459//459 489//489 460//460
f 459//459 488//488 489//489
f 460//460 489//489 462//462
f 461//461 462//462 490//490
f 461//461 490//490 491//491
f 461//461 491//491 463//463
f 462//462 489//489 492//492
f 462//462 492//492 490//490
f 463//463 493//493 468//468
f 463//463 491//491 493//493
f 467//467 494//494 495//495
f 468//468 493//493 469//469
f 469//469 493//493 496//496
f 469//469 496//496 497//497
f 469//469 497//497 470//470
f 470//470 497//497 498//498
f 474//474 499//499 475//475
f 474//474 477//477 500//500
f 474//474 500//500 499//499
f 475//475 499//499 501//501
f 475//475 501//501 476//476
f 476//476 501//501 486//486
f 477//477 502//502 500//500
f 477//477 478//478 502//502
f 478//478 503//503 502//502
f 478//478 479//479 503//503
f 479//479 485//485 504//504
f 479//479 504//504 503//503
f 482//482 505//505 483//483
f 483//483 506//506 507//507
f 483//483 507//507 508//508
f 483//483 508//508 484//484
f 483//483 505//505 506//506
f 484//484 508//508 509//509
f 484//484 509//509 510//510
f 484//484 510//510 485//485
f 485//485 510//510 504//504
f 486//486 511//511 512//512
f 486//486 512//512 487//487
f 486//486 501//501 511//511
f 487//487 513//513 488//488
f 487//487 512//512 513//513
f 488//488 513//513 514//514
f 488//488 514//514 489//489
f 489//489 514//514 492//492
f 490//490 515//515 491//491
f 490//490 492//492 516//516
f 490//490 516//516 515//515
f 491//491 517//517 493//493
f 491//491 515//515 517//517
f 492//492 514//514 518//518
f 492//492 518//518 516//516
f 493//493 517//517 496//496
f 494//494 519//519 520//520
f 494//494 520//520 495//495
f 495//495 520//520 521//521
f 496//496 517//517 522//522
f 496//496 522//522 497//497
f 497//497 522//522 523//523
f 497//497 523//523 524//524
f 497//497 524//524 525//525
f 497//497 525//525 498//498
f 499//499 500//500 526//526
f 499//499 526//526 527//527
f 499//499 527//527 501//501
f 500//500 502//502 528//528
f 500//500 528//528 526//526
f 501//501 527//527 511//511
f 502//502 529//529 528//528
f 502//502 503//503 529//529
f 503//503 530//530 529//529
f 503//503 504//504 530//530
f 504//504 510//510 531//531
f 504//504 531//531 530//530
f 507//507 532//532 533//533
f 507//507 533//533 508//508
f 508//508 533//533 509//509
f 509//509 533//533 534//534
f 509//509 534//534 535//535
f 509//509 535//535 510//510
f 510//510 535//535 531//531
f 511//511 536//536 512//512
f 511//511 527//527 537//537
f 511//511 537//537 536//536
f 512//512 536//536 538//538
f 512//512 538//538 513//513
f 513//513 538//538 539//539
f 513//513 539//539 514//514
f 514//514 539//539 518//518
f 515//515 516//516 540//540
f 515//515 540//540 541//541
f 515//515 541//541 517//517
f 516//516 518//518 542//542
f 516//516 542//542 540//540
f 517//517 541//541 522//522
f 518//518 539//539 543//543
f 518//518 543//543 542//542
f 519//519 544//544 545//545
f 519//519 545//545 520//520
f 520//520 545//545 521//521
f 521//521 545//545 546//546
f 522//522 541//541 547//547
f 522//522 547//547 548//548
f 522//522 548//548 523//523
f 526//526 549//549 550//550
f 526//526 550//550 527//527
f 526//526 528//528 549//549
f 527//527 550//550 537//537
f 528//528 529//529 551//551
f 528//528 551//551 549//549
f 529//529 552//552 551//551
f 529//529 530//530 552//552
f 530//530 553//553 552//552
f 530//530 531//531 553//553
f 531//531 554//554 553//553
f 531//531 535//535 554//554
f 532//532 555//555 533//533
f 533//533 555//555 534//534
f 534//534 556//556 554//554
f 534//534 554//554 535//535
f 534//534 555//555 557//557
f 534//534 557//557 556//556
f 536//536 537//537 558//558
f 536//536 558//558 559//559
f 536//536 559//559 538//538
f 537//537 550//550 560//560
f 537//537 560//560 558//558
f 538//538 559//559 561//561
f 538//538 561//561 539//539
f 539//539 561//561 543//543
f 540//540 562//562 541//541
f 540//540 542//542 563//563
f 540//540 563//563 562//562
f 541//541 564//564 547//547
f 541//541 562//562 564//564
f 542//542 543//543 565//565
f 542//542 565//565 563//563
f 543//543 561//561 566//566
f 543//543 566//566 565//565
f 544//544 567//567 568//568
f 544//544 568//568 569//569
f 544//544 569//569 570//570
f 544//544 570//570 545//545
f 545//545 571//571 546//546
f 545//545 570//570 571//571
f 546//546 571//571 572//572
f 549//549 573//573 574//574
f 549//549 574//574 550//550
f 549//549 551//551 573//573
f 550//550 574//574 560//560
f 551//551 552//552 575//575
f 551//551 575//575 573//573
f 552//552 576//576 575//575
f 552//552 553//553 576//576
f 553//553 577//577 576//576
f 553//553 554//554 577//577
f 554//554 556//556 577//577
f 555//555 578//578 557//557
f 556//556 557//557 571//571
f 556//556 571//571 570//570
f 556//556 570//570 577//577
f 557//557 578//578 572//572
f 557//557 572//572 571//571
f 558//558 579//579 580//580
f 558//558 580//580 559//559
f 558//558 560//560 579//579
f 559//559 581//581 561//561
f 559//559 580//580 581//581
f 560//560 574//574 582//582
f 560//560 582//582 579//579
f 561//561 581//581 566//566
f 562//562 563//563 583//583
f 562//562 583//583 584//584
f 562//562 584//584 564//564
f 563//563 565//565 585//585
f 563//563 585//585 586//586
f 563//563 586//586 583//583
f 565//565 566//566 587//587
f 565//565 587//587 585//585
f 566//566 588//588 589//589
f 566//566 589//589 587//587
f 566//566 581//581 588//588
f 567//567 590//590 568//568
f 568//568 591//591 577//577
f 568//568 577//577 570//570
f 568//568 570//570 569//569
f 568//568 590//590 591//591
f 573//573 592//592 593//593
f 573//573 593//593 574//574
f 573//573 575//575 592//592
f 574//574 593//593 582//582
f 575//575 576//576 591//591
f 575//575 591//591 592//592
f 576//576 577//577 591//591
f 579//579 594//594 595//595
f 579//579 595//595 580//580
f 579//579 582//582 596//596
f 579//579 596//596 597//597
f 579//579 597//597 594//594
f 580//580 595//595 598//598
f 580//580 598//598 599//599
f 580//580 599//599 581//581
f 581//581 599//599 600//600
f 581//581 600//600 588//588
f 582//582 593//593 601//601
f 582//582 601//601 596//596
f 590//590 602//602 591//591
f 591//591 602//602 592//592
f 592//592 602//602 603//603
f 592//592 603//603 593//593
f 593//593 603//603 604//604
f 593//593 604//604 601//601
f 605//605 606//606 607//607
f 605//605 607//607 608//608
f 605//605 608//608 609//609
f 605//605 609//609 610//610
f 605//605 610//610 611//611
f 605//605 611//611 612//612
f 605//605 612//612 613//613
f 605//605 613//613 606//606
f 606//606 613//613 607//607
f 607//607 613//613 614//614
f 607//607 614//614 608//608
f 608//608 614//614 615//615
f 608//608 615//615 617//617
f 608//608 617//617 609//609
f 609//609 611//611 616//616
f 609//609 616//616 610//610
f 609//609 617//617 618//618
f 609//609 618//618 611//611
f 610//610 616//616 611//611
f 611//611 618//618 619//619
f 611//611 619//619 620//620
f 611//611 620//620 612//612
f 612//612 620//620 621//621
f 612//612 621//621 651//651
f 612//612 651//651 688//688
f 612//612 688//688 687//687
f 612//612 687//687 686//686
f 612//612 686//686 685//685
f 612//612 685//685 684//684
f 612//612 684//684 683//683
f 612//612 683//683 682//682
f 612//612 682//682 680//680
f 612//612 680//680 681//681
f 612//612 681//681 679//679
f 612//612 679//679 678//678
f 612//612 678//678 677//677
f 612//612 677//677 676//676
f 612//612 676//676 675//675
f 612//612 675//675 673//673
f 612//612 673//673 674//674
f 612//612 674//674 672//672
f 612//612 672//672 666//666
f 612//612 666//666 693//693
f 612//612 693//693 660//660
f 612//612 660//660 659//659
f 612//612 659//659 629//629
f 612//612 629//629 628//628
f 612//612 628//628 658//658
f 612//612 658//658 692//692
f 612//612 692//692 691//691
f 612//612 691//691 690//690
f 612//612 690//690 689//689
f 612//612 689//689 652//652
f 612//612 652//652 624//624
f 612//612 624//624 614//614
f 612//612 614//614 613//613
f 614//614 622//622 623//623
f 614//614 623//623 618//618
f 614//614 618//618 617//617
f 614//614 617//617 615//615
f 614//614 624//624 625//625
f 614//614 625//625 622//622
f 618//618 623//623 626//626
f 618//618 626//626 627//627
f 618//618 627//627 619//619
f 619//619 628//628 629//629
f 619//619 629//629 630//630
f 619//619 630//630 631//631
f 619//619 631//631 632//632
f 619//619 632//632 633//633
f 619//619 633//633 634//634
f 619//619 634//634 635//635
f 619//619 635//635 636//636
f 619//619 636//636 637//637
f 619//619 637//637 638//638
f 619//619 638//638 639//639
f 619//619 639//639 640//640
f 619//619 640//640 641//641
f 619//619 641//641 642//642
f 619//619 642//642 643//643
f 619//619 643//643 644//644
f 619//619 644//644 645//645
f 619//619 645//645 646//646
f 619//619 646//646 620//620
f 619//619 627//627 647//647
f 619//619 647//647 648//648
f 619//619 648//648 649//649
f 619//619 649//649 650//650
f 619//619 650//650 628//628
f 620//620 646//646 651//651
f 620//620 651//651 621//621
f 622//622 625//625 626//626
f 622//622 626//626 623//623
f 624//624 652//652 647//647
f 624//624 647//647 627//627
f 624//624 627//627 653//653
f 624//624 653//653 654//654
f 624//624 654//654 655//655
f 624//624 655//655 625//625
f 625//625 655//655 656//656
f 625//625 656//656 626//626
f 626//626 656//656 627//627
f 627//627 656//656 657//657
f 627//627 657//657 653//653
f 628//628 650//650 658//658
f 629//629 659//659 630//630
f 630//630 660//660 631//631
f 630//630 659//659 660//660
f 631//631 660//660 661//661
f 631//631 661//661 662//662
f 631//631 662//662 663//663
f 631//631 663//663 664//664
f 631//631 664//664 632//632
f 632//632 664//664 665//665
f 632//632 665//665 666//666
f 632//632 666//666 667//667
f 632//632 667//667 668//668
f 632//632 668//668 669//669
f 632//632 669//669 633//633
f 633//633 669//669 670//670
f 633//633 670//670 671//671
f 633//633 671//671 672//672
f 633//633 672//672 674//674
f 633//633 674//674 634//634
f 634//634 673//673 635//635
f 634//634 674//674 673//673
f 635//635 673//673 636//636
f 636//636 675//675 676//676
f 636//636 676//676 637//637
f 636//636 673//673 675//675
f 637//637 676//676 677//677
f 637//637 677//677 638//638
f 638//638 677//677 678//678
f 638//638 678//678 639//639
f 639//639 678//678 679//679
f 639//639 679//679 681//681
f 639//639 681//681 640//640
f 640//640 680//680 641//641
f 640//640 681//681 680//680
f 641//641 680//680 642//642
f 642//642 682//682 683//683
f 642//642 683//683 684//684
f 642//642 684//684 643//643
f 642//642 680//680 682//682
f 643//643 684//684 685//685
f 643//643 685//685 644//644
f 644//644 685//685 686//686
f 644//644 686//686 645//645
f 645//645 686//686 687//687
f 645//645 687//687 688//688
f 645//645 688//688 651//651
f 645//645 651//651 646//646
f 647//647 652//652 689//689
f 647//647 689//689 648//648
f 648//648 689//689 690//690
f 648//648 690//690 691//691
f 648//648 691//691 649//649
f 649//649 691//691 692//692
f 649//649 692//692 658//658
f 649//649 658//658 650//650
f 653//653 657//657 654//654
f 654//654 657//657 656//656
f 654//654 656//656 655//655
f 660//660 693//693 661//661
f 661//661 694//694 695//695
f 661//661 695//695 663//663
f 661//661 663//663 662//662
f 661//661 693//693 694//694
f 663//663 695//695 696//696
f 663//663 696//696 664//664
f 664//664 696//696 697//697
f 664//664 697//697 665//665
f 665//665 697//697 666//666
f 666//666 698//698 667//667
f 666//666 697//697 696//696
f 666//666 696//696 693//693
f 666//666 672//672 699//699
f 666//666 699//699 700//700
f 666//666 700//700 698//698
f 667//667 698//698 700//700
f 667//667 700//700 668//668
f 668//668 700//700 699//699
f 668//668 699//699 669//669
f 669//669 699//699 670//670
f 670//670 699//699 701//701
f 670//670 701//701 671//671
f 671//671 701//701 672//672
f 672//672 701//701 699//699
f 693//693 695//695 694//694
f 693//693 696//696 695//695
f 702//702 703//703 704//704
f 702//702 704//704 705//705
f 702//702 705//705 706//706
f 702//702 706//706 707//707
f 702//702 707//707 708//708
f 702//702 708//708 709//709
f 702//702 709//709 710//710
f 702//702 710//710 711//711
f 702//702 711//711 703//703
f 703//703 711//711 710//710
f 703//703 710//710 719//719
f 703//703 719//719 723//723
f 703//703 723//723 733//733
f 703//703 733//733 740//740
f 703//703 740//740 749//749
f 703//703 749//749 763//763
f 703//703 763//763 775//775
f 703//703 775//775 794//794
f 703//703 794//794 813//813
f 703//703 813//813 833//833
f 703//703 833//833 850//850
f 703//703 850//850 867//867
f 703//703 867//867 888//888
f 703//703 888//888 872//872
f 703//703 872//872 857//857
f 703//703 857//857 840//840
f 703//703 840//840 839//839
f 703//703 839//839 825//825
f 703//703 825//825 823//823
f 703//703 823//823 822//822
f 703//703 822//822 821//821
f 703//703 821//821 820//820
f 703//703 820//820 819//819
f 703//703 819//819 818//818
f 703//703 818//818 817//817
f 703//703 817//817 803//803
f 703//703 803//803 784//784
f 703//703 784//784 768//768
f 703//703 768//768 757//757
f 703//703 757//757 745//745
f 703//703 745//745 734//734
f 703//703 734//734 724//724
f 703//703 724//724 712//712
f 703//703 712//712 704//704
f 704//704 713//713 705//705
f 704//704 712//712 714//714
f 704//704 714//714 715//715
f 704//704 715//715 716//716
f 704//704 716//716 717//717
f 704//704 717//717 713//713
f 705//705 713//713 717//717
f 705//705 717//717 716//716
f 705//705 716//716 715//715
f 705//705 715//715 728//728
f 705//705 728//728 727//727
f 705//705 727//727 726//726
f 705//705 726//726 737//737
f 705//705 737//737 748//748
f 705//705 748//748 747//747
f 705//705 747//747 760//760
f 705//705 760//760 759//759
f 705//705 759//759 758//758
f 705//705 758//758 761//761
f 705//705 761//761 766//766
f 705//705 766//766 776//776
f 705//705 776//776 783//783
f 705//705 783//783 782//782
f 705//705 782//782 802//802
f 705//705 802//802 829//829
f 705//705 829//829 848//848
f 705//705 848//848 861//861
f 705//705 861//861 877//877
f 705//705 877//877 875//875
f 705//705 875//875 895//895
f 705//705 895//895 897//897
f 705//705 897//897 896//896
f 705//705 896//896 910//910
f 705//705 910//910 909//909
f 705//705 909//909 892//892
f 705//705 892//892 894//894
f 705//705 894//894 893//893
f 705//705 893//893 911//911
f 705//705 911//911 907//907
f 705//705 907//907 906//906
f 705//705 906//906 904//904
f 705//705 904//904 903//903
f 705//705 903//903 902//902
f 705//705 902//902 901//901
f 705//705 901//901 900//900
f 705//705 900//900 899//899
f 705//705 899//899 898//898
f 705//705 898//898 881//881
f 705//705 881//881 880//880
f 705//705 880//880 879//879
f 705//705 879//879 870//870
f 705//705 870//870 869//869
f 705//705 869//869 868//868
f 705//705 868//868 854//854
f 705//705 854//854 853//853
f 705//705 853//853 852//852
f 705//705 852//852 851//851
f 705//705 851//851 834//834
f 705//705 834//834 832//832
f 705//705 832//832 831//831
f 705//705 831//831 810//810
f 705//705 810//810 809//809
f 705//705 809//809 830//830
f 705//705 830//830 805//805
f 705//705 805//805 804//804
f 705//705 804//804 788//788
f 705//705 788//788 791//791
f 705//705 791//791 786//786
f 705//705 786//786 770//770
f 705//705 770//770 769//769
f 705//705 769//769 773//773
f 705//705 773//773 764//764
f 705//705 764//764 752//752
f 705//705 752//752 751//751
f 705//705 751//751 754//754
f 705//705 754//754 750//750
f 705//705 750//750 743//743
f 705//705 743//743 742//742
f 705//705 742//742 739//739
f 705//705 739//739 738//738
f 705//705 738//738 730//730
f 705//705 730//730 729//729
f 705//705 729//729 720//720
f 705//705 720//720 718//718
f 705//705 718//718 708//708
f 705//705 708//708 707//707
f 705//705 707//707 706//706
f 708//708 718//718 709//709
f 709//709 719//719 710//710
f 709//709 718//718 720//720
f 709//709 720//720 721//721
f 709//709 721//721 722//722
f 709//709 722//722 723//723
f 709//709 723//723 719//719
f 712//712 724//724 714//714
f 714//714 724//724 725//725
f 714//714 725//725 726//726
f 714//714 726//726 727//727
f 714//714 727//727 728//728
f 714//714 728//728 715//715
f 720//720 729//729 721//721
f 721//721 730//730 722//722
f 721//721 729//729 730//730
f 722//722 730//730 731//731
f 722//722 731//731 732//732
f 722//722 732//732 733//733
f 722//722 733//733 723//723
f 724//724 734//734 746//746
f 724//724 746//746 735//735
f 724//724 735//735 736//736
f 724//724 736//736 725//725
f 725//725 736//736 726//726
f 726//726 736//736 737//737
f 730//730 738//738 731//731
f 731//731 738//738 739//739
f 731//731 739//739 732//732
f 732//732 740//740 733//733
f 732//732 739//739 741//741
f 732//732 741//741 742//742
f 732//732 742//742 743//743
f 732//732 743//743 744//744
f 732//732 744//744 740//740
f 734//734 745//745 746//746
f 735//735 746//746 747//747
f 735//735 747//747 736//736
f 736//736 748//748 737//737
f 736//736 747//747 748//748
f 739//739 742//742 741//741
f 740//740 744//744 749//749
f 743//743 750//750 744//744
f 744//744 751//751 752//752
f 744//744 752//752 753//753
f 744//744 753//753 749//749
f 744//744 750//750 754//754
f 744//744 754//754 751//751
f 745//745 755//755 756//756
f 745//745 756//756 746//746
f 745//745 757//757 755//755
f 746//746 758//758 759//759
f 746//746 759//759 760//760
f 746//746 760//760 747//747
f 746//746 756//756 761//761
f 746//746 761//761 758//758
f 749//749 753//753 762//762
f 749//749 762//762 763//763
f 752//752 764//764 765//765
f 752//752 765//765 753//753
f 753//753 765//765 762//762
f 755//755 766//766 761//761
f 755//755 761//761 756//756
f 755//755 757//757 767//767
f 755//755 767//767 766//766
f 757//757 768//768 767//767
f 762//762 769//769 770//770
f 762//762 770//770 771//771
f 762//762 771//771 772//772
f 762//762 772//772 763//763
f 762//762 765//765 773//773
f 762//762 773//773 769//769
f 763//763 772//772 774//774
f 763//763 774//774 775//775
f 764//764 773//773 765//765
f 766//766 767//767 776//776
f 767//767 768//768 777//777
f 767//767 777//777 778//778
f 767//767 778//778 779//779
f 767//767 779//779 780//780
f 767//767 780//780 781//781
f 767//767 781//781 782//782
f 767//767 782//782 783//783
f 767//767 783//783 776//776
f 768//768 784//784 785//785
f 768//768 785//785 777//777
f 770//770 786//786 771//771
f 771//771 786//786 787//787
f 771//771 787//787 772//772
f 772//772 787//787 774//774
f 774//774 788//788 789//789
f 774//774 789//789 790//790
f 774//774 790//790 775//775
f 774//774 787//787 791//791
f 774//774 791//791 788//788
f 775//775 790//790 792//792
f 775//775 792//792 793//793
f 775//775 793//793 794//794
f 777//777 785//785 795//795
f 777//777 795//795 796//796
f 777//777 796//796 797//797
f 777//777 797//797 798//798
f 777//777 798//798 799//799
f 777//777 799//799 800//800
f 777//777 800//800 801//801
f 777//777 801//801 778//778
f 778//778 801//801 800//800
f 778//778 800//800 799//799
f 778//778 799//799 798//798
f 778//778 798//798 797//797
f 778//778 797//797 796//796
f 778//778 796//796 795//795
f 778//778 795//795 802//802
f 778//778 802//802 782//782
f 778//778 782//782 781//781
f 778//778 781//781 780//780
f 778//778 780//780 779//779
f 784//784 803//803 795//795
f 784//784 795//795 785//785
f 786//786 791//791 787//787
f 788//788 804//804 789//789
f 789//789 804//804 805//805
f 789//789 805//805 806//806
f 789//789 806//806 792//792
f 789//789 792//792 790//790
f 792//792 806//806 805//805
f 792//792 805//805 807//807
f 792//792 807//807 808//808
f 792//792 808//808 793//793
f 793//793 809//809 810//810
f 793//793 810//810 811//811
f 793//793 811//811 812//812
f 793//793 812//812 794//794
f 793//793 808//808 809//809
f 794//794 812//812 814//814
f 794//794 814//814 815//815
f 794//794 815//815 813//813
f 795//795 816//816 838//838
f 795//795 838//838 847//847
f 795//795 847//847 846//846
f 795//795 846//846 845//845
f 795//795 845//845 844//844
f 795//795 844//844 843//843
f 795//795 843//843 829//829
f 795//795 829//829 802//802
f 795//795 803//803 817//817
f 795//795 817//817 818//818
f 795//795 818//818 819//819
f 795//795 819//819 820//820
f 795//795 820//820 821//821
f 795//795 821//821 822//822
f 795//795 822//822 823//823
f 795//795 823//823 824//824
f 795//795 824//824 825//825
f 795//795 825//825 826//826
f 795//795 826//826 827//827
f 795//795 827//827 828//828
f 795//795 828//828 816//816
f 805//805 830//830 807//807
f 807//807 830//830 808//808
f 808//808 830//830 809//809
f 810//810 831//831 811//811
f 811//811 814//814 812//812
f 811//811 831//831 832//832
f 811//811 832//832 814//814
f 813//813 815//815 833//833
f 814//814 832//832 834//834
f 814//814 834//834 835//835
f 814//814 835//835 815//815
f 815//815 835//835 836//836
f 815//815 836//836 837//837
f 815//815 837//837 833//833
f 816//816 828//828 838//838
f 823//823 825//825 824//824
f 825//825 839//839 826//826
f 826//826 839//839 827//827
f 827//827 839//839 828//828
f 828//828 839//839 840//840
f 828//828 840//840 841//841
f 828//828 841//841 842//842
f 828//828 842//842 829//829
f 828//828 829//829 843//843
f 828//828 843//843 844//844
f 828//828 844//844 845//845
f 828//828 845//845 846//846
f 828//828 846//846 847//847
f 828//828 847//847 838//838
f 829//829 842//842 848//848
f 833//833 849//849 850//850
f 833//833 837//837 849//849
f 834//834 851//851 835//835
f 835//835 851//851 852//852
f 835//835 852//852 853//853
f 835//835 853//853 836//836
f 836//836 853//853 854//854
f 836//836 854//854 837//837
f 837//837 854//854 855//855
f 837//837 855//855 856//856
f 837//837 856//856 849//849
f 840//840 857//857 858//858
f 840//840 858//858 859//859
f 840//840 859//859 841//841
f 841//841 859//859 842//842
f 842//842 859//859 860//860
f 842//842 860//860 861//861
f 842//842 861//861 848//848
f 849//849 862//862 863//863
f 849//849 863//863 850//850
f 849//849 856//856 864//864
f 849//849 864//864 862//862
f 850//850 863//863 865//865
f 850//850 865//865 866//866
f 850//850 866//866 867//867
f 854//854 868//868 855//855
f 855//855 868//868 856//856
f 856//856 868//868 869//869
f 856//856 869//869 870//870
f 856//856 870//870 864//864
f 857//857 871//871 858//858
f 857//857 872//872 873//873
f 857//857 873//873 874//874
f 857//857 874//874 871//871
f 858//858 875//875 860//860
f 858//858 860//860 859//859
f 858//858 871//871 876//876
f 858//858 876//876 875//875
f 860//860 875//875 877//877
f 860//860 877//877 861//861
f 862//862 878//878 863//863
f 862//862 864//864 870//870
f 862//862 870//870 879//879
f 862//862 879//879 880//880
f 862//862 880//880 881//881
f 862//862 881//881 878//878
f 863//863 882//882 865//865
f 863//863 878//878 882//882
f 865//865 883//883 866//866
f 865//865 882//882 883//883
f 866//866 883//883 884//884
f 866//866 884//884 885//885
f 866//866 885//885 867//867
f 867//867 885//885 886//886
f 867//867 886//886 887//887
f 867//867 887//887 888//888
f 871//871 874//874 889//889
f 871//871 889//889 890//890
f 871//871 890//890 876//876
f 872//872 891//891 873//873
f 872//872 888//888 887//887
f 872//872 887//887 891//891
f 873//873 892//892 889//889
f 873//873 889//889 874//874
f 873//873 891//891 893//893
f 873//873 893//893 894//894
f 873//873 894//894 892//892
f 875//875 876//876 895//895
f 876//876 890//890 896//896
f 876//876 896//896 897//897
f 876//876 897//897 895//895
f 878//878 881//881 882//882
f 881//881 898//898 882//882
f 882//882 898//898 899//899
f 882//882 899//899 900//900
f 882//882 900//900 883//883
f 883//883 900//900 901//901
f 883//883 901//901 884//884
f 884//884 901//901 902//902
f 884//884 902//902 903//903
f 884//884 903//903 904//904
f 884//884 904//904 905//905
f 884//884 905//905 885//885
f 885//885 905//905 886//886
f 886//886 905//905 887//887
f 887//887 905//905 906//906
f 887//887 906//906 907//907
f 887//887 907//907 908//908
f 887//887 908//908 891//891
f 889//889 892//892 909//909
f 889//889 909//909 890//890
f 890//890 909//909 910//910
f 890//890 910//910 896//896
f 891//891 908//908 893//893
f 893//893 908//908 911//911
f 904//904 906//906 905//905
f 907//907 911//911 908//908
f 912//912 913//913 914//914
f 912//912 914//914 915//915
f 912//912 915//915 916//916
f 912//912 916//916 917//917
f 912//912 917//917 918//918
f 912//912 918//918 927//927
f 912//912 927//927 926//926
f 912//912 926//926 939//939
f 912//912 939//939 957//957
f 912//912 957//957 975//975
f 912//912 975//975 1002//1002
f 912//912 1002//1002 1006//1006
f 912//912 1006//1006 1005//1005
f 912//912 1005//1005 1036//1036
f 912//912 1036//1036 1070//1070
f 912//912 1070//1070 1034//1034
f 912//912 1034//1034 1068//1068
f 912//912 1068//1068 1067//1067
f 912//912 1067//1067 1105//1105
f 912//912 1105//1105 1069//1069
f 912//912 1069//1069 1106//1106
f 912//912 1106//1106 1143//1143
f 912//912 1143//1143 1178//1178
f 912//912 1178//1178 1176//1176
f 912//912 1176//1176 1209//1209
f 912//912 1209//1209 1207//1207
f 912//912 1207//1207 1206//1206
f 912//912 1206//1206 1210//1210
f 912//912 1210//1210 1246//1246
f 912//912 1246//1246 1280//1280
f 912//912 1280//1280 1245//1245
f 912//912 1245//1245 1281//1281
f 912//912 1281//1281 1278//1278
f 912//912 1278//1278 1277//1277
f 912//912 1277//1277 1318//1318
f 912//912 1318//1318 1355//1355
f 912//912 1355//1355 1389//1389
f 912//912 1389//1389 1422//1422
f 912//912 1422//1422 1451//1451
f 912//912 1451//1451 1480//1480
f 912//912 1480//1480 1509//1509
f 912//912 1509//1509 1523//1523
f 912//912 1523//1523 1527//1527
f 912//912 1527//1527 1526//1526
f 912//912 1526//1526 1525//1525
f 912//912 1525//1525 1533//1533
f 912//912 1533//1533 1537//1537
f 912//912 1537//1537 1535//1535
f 912//912 1535//1535 1534//1534
f 912//912 1534//1534 1528//1528
f 912//912 1528//1528 1511//1511
f 912//912 1511//1511 1482//1482
f 912//912 1482//1482 1456//1456
f 912//912 1456//1456 1455//1455
f 912//912 1455//1455 1454//1454
f 912//912 1454//1454 1425//1425
f 912//912 1425//1425 1391//1391
f 912//912 1391//1391 1356//1356
f 912//912 1356//1356 1319//1319
f 912//912 1319//1319 1282//1282
f 912//912 1282//1282 1247//1247
f 912//912 1247//1247 1211//1211
f 912//912 1211//1211 1179//1179
f 912//912 1179//1179 1144//1144
f 912//912 1144//1144 1108//1108
f 912//912 1108//1108 1107//1107
f 912//912 1107//1107 1072//1072
f 912//912 1072//1072 1071//1071
f 912//912 1071//1071 1037//1037
f 912//912 1037//1037 1010//1010
f 912//912 1010//1010 1009//1009
f 912//912 1009//1009 1008//1008
f 912//912 1008//1008 1007//1007
f 912//912 1007//1007 979//979
f 912//912 979//979 959//959
f 912//912 959//959 958//958
f 912//912 958//958 940//940
f 912//912 940//940 928//928
f 912//912 928//928 919//919
f 912//912 919//919 913//913
f 913//913 919//919 914//914
f 914//914 920//920 915//915
f 914//914 919//919 920//920
f 915//915 920//920 916//916
f 916//916 920//920 921//921
f 916//916 921//921 922//922
f 916//916 922//922 917//917
f 917//917 922//922 923//923
f 917//917 923//923 924//924
f 917//917 924//924 925//925
f 917//917 925//925 926//926
f 917//917 926//926 927//927
f 917//917 927//927 918//918
f 919//919 928//928 920//920
f 920//920 928//928 929//929
f 920//920 929//929 930//930
f 920//920 930//930 921//921
f 921//921 930//930 931//931
f 921//921 931//931 932//932
f 921//921 932//932 922//922
f 922//922 932//932 933//933
f 922//922 933//933 923//923
f 923//923 933//933 934//934
f 923//923 934//934 924//924
f 924//924 934//934 935//935
f 924//924 935//935 936//936
f 924//924 936//936 925//925
f 925//925 936//936 937//937
f 925//925 937//937 938//938
f 925//925 938//938 926//926
f 926//926 938//938 939//939
f 928//928 940//940 941//941
f 928//928 941//941 942//942
f 928//928 942//942 929//929
f 929//929 942//942 941//941
f 929//929 941//941 943//943
f 929//929 943//943 944//944
f 929//929 944//944 945//945
f 929//929 945//945 930//930
f 930//930 945//945 946//946
f 930//930 946//946 931//931
f 931//931 946//946 947//947
f 931//931 947//947 948//948
f 931//931 948//948 932//932
f 932//932 948//948 949//949
f 932//932 949//949 933//933
f 933//933 949//949 950//950
f 933//933 950//950 934//934
f 934//934 950//950 951//951
f 934//934 951//951 935//935
f 935//935 951//951 952//952
f 935//935 952//952 953//953
f 935//935 953//953 936//936
f 936//936 953//953 937//937
f 937//937 953//953 954//954
f 937//937 954//954 955//955
f 937//937 955//955 938//938
f 938//938 955//955 956//956
f 938//938 956//956 939//939
f 939//939 956//956 957//957
f 940//940 958//958 941//941
f 941//941 958//958 959//959
f 941//941 959//959 943//943
f 943//943 959//959 960//960
f 943//943 960//960 961//961
f 943//943 961//961 962//962
f 943//943 962//962 944//944
f 944//944 963//963 945//945
f 944//944 962//962 964//964
f 944//944 964//964 963//963
f 945//945 963//963 965//965
f 945//945 965//965 946//946
f 946//946 966//966 947//947
f 946//946 965//965 966//966
f 947//947 966//966 967//967
f 947//947 967//967 948//948
f 948//948 968//968 949//949
f 948//948 967//967 968//968
f 949//949 968//968 950//950
f 950//950 968//968 969//969
f 950//950 969//969 951//951
f 951//951 969//969 952//952
f 952//952 969//969 970//970
f 952//952 970//970 971//971
f 952//952 971//971 953//953
f 953//953 971//971 954//954
f 954//954 971//971 972//972
f 954//954 972//972 973//973
f 954//954 973//973 955//955
f 955//955 973//973 974//974
f 955//955 974//974 956//956
f 956//956 975//975 957//957
f 956//956 974//974 976//976
f 956//956 976//976 977//977
f 956//956 977//977 978//978
f 956//956 978//978 1002//1002
f 956//956 1002//1002 975//975
f 959//959 979//979 960//960
f 960//960 979//979 980//980
f 960//960 980//980 981//981
f 960//960 981//981 961//961
f 961//961 981//981 982//982
f 961//961 982//982 962//962
f 962//962 982//982 983//983
f 962//962 983//983 964//964
f 963//963 964//964 984//984
f 963//963 984//984 985//985
f 963//963 985//985 965//965
f 964//964 983//983 986//986
f 964//964 986//986 984//984
f 965//965 985//985 987//987
f 965//965 987//987 966//966
f 966//966 988//988 967//967
f 966//966 987//987 989//989
f 966//966 989//989 988//988
f 967//967 988//988 990//990
f 967//967 990//990 968//968
f 968//968 990//990 991//991
f 968//968 991//991 969//969
f 969//969 992//992 993//993
f 969//969 993//993 970//970
f 969//969 991//991 992//992
f 970//970 993//993 994//994
f 970//970 994//994 995//995
f 970//970 995//995 972//972
f 970//970 972//972 971//971
f 972//972 995//995 996//996
f 972//972 996//996 997//997
f 972//972 997//997 998//998
f 972//972 998//998 973//973
f 973//973 998//998 999//999
f 973//973 999//999 1000//1000
f 973//973 1000//1000 1001//1001
f 973//973 1001//1001 974//974
f 974//974 1001//1001 976//976
f 976//976 1001//1001 1003//1003
f 976//976 1003//1003 1004//1004
f 976//976 1004//1004 1005//1005
f 976//976 1005//1005 978//978
f 976//976 978//978 977//977
f 978//978 1006//1006 1002//1002
f 978//978 1005//1005 1006//1006
f 979//979 1007//1007 980//980
f 980//980 1007//1007 1008//1008
f 980//980 1008//1008 1009//1009
f 980//980 1009//1009 981//981
f 981//981 1009//1009 1010//1010
f 981//981 1010//1010 1011//1011
f 981//981 1011//1011 982//982
f 982//982 1011//1011 1012//1012
f 982//982 1012//1012 983//983
f 983//983 1012//1012 1013//1013
f 983//983 1013//1013 1014//1014
f 983//983 1014//1014 986//986
f 984//984 986//986 1015//1015
f 984//984 1015//1015 985//985
f 985//985 1015//1015 1016//1016
f 985//985 1016//1016 987//987
f 986//986 1014//1014 1017//1017
f 986//986 1017//1017 1015//1015
f 987//987 1016//1016 989//989
f 988//988 1018//1018 1019//1019
f 988//988 1019//1019 990//990
f 988//988 989//989 1020//1020
f 988//988 1020//1020 1018//1018
f 989//989 1016//1016 1021//1021
f 989//989 1021//1021 1020//1020
f 990//990 1019//1019 991//991
f 991//991 1022//1022 992//992
f 991//991 1019//1019 1022//1022
f 992//992 1022//1022 1023//1023
f 992//992 1023//1023 993//993
f 993//993 1024//1024 994//994
f 993//993 1023//1023 1024//1024
f 994//994 1024//1024 1025//1025
f 994//994 1025//1025 1026//1026
f 994//994 1026//1026 1027//1027
f 994//994 1027//1027 1028//1028
f 994//994 1028//1028 995//995
f 995//995 1028//1028 1029//1029
f 995//995 1029//1029 996//996
f 996//996 1029//1029 997//997
f 997//997 1029//1029 998//998
f 998//998 1029//1029 1030//1030
f 998//998 1030//1030 1031//1031
f 998//998 1031//1031 999//999
f 999//999 1031//1031 1000//1000
f 1000//1000 1031//1031 1001//1001
f 1001//1001 1031//1031 1003//1003
f 1003//1003 1031//1031 1032//1032
f 1003//1003 1032//1032 1033//1033
f 1003//1003 1033//1033 1004//1004
f 1004//1004 1034//1034 1035//1035
f 1004//1004 1035//1035 1036//1036
f 1004//1004 1036//1036 1005//1005
f 1004//1004 1033//1033 1034//1034
f 1010//1010 1037//1037 1038//1038
f 1010//1010 1038//1038 1039//1039
f 1010//1010 1039//1039 1011//1011
f 1011//1011 1039//1039 1038//1038
f 1011//1011 1038//1038 1040//1040
f 1011//1011 1040//1040 1012//1012
f 1012//1012 1040//1040 1041//1041
f 1012//1012 1041//1041 1013//1013
f 1013//1013 1041//1041 1014//1014
f 1014//1014 1042//1042 1017//1017
f 1014//1014 1041//1041 1043//1043
f 1014//1014 1043//1043 1042//1042
f 1015//1015 1017//1017 1044//1044
f 1015//1015 1044//1044 1045//1045
f 1015//1015 1045//1045 1016//1016
f 1016//1016 1045//1045 1021//1021
f 1017//1017 1042//1042 1044//1044
f 1018//1018 1046//1046 1047//1047
f 1018//1018 1047//1047 1048//1048
f 1018//1018 1048//1048 1019//1019
f 1018//1018 1020//1020 1049//1049
f 1018//1018 1049//1049 1046//1046
f 1019//1019 1048//1048 1022//1022
f 1020//1020 1021//1021 1050//1050
f 1020//1020 1050//1050 1049//1049
f 1021//1021 1045//1045 1051//1051
f 1021//1021 1051//1051 1050//1050
f 1022//1022 1052//1052 1023//1023
f 1022//1022 1048//1048 1052//1052
f 1023//1023 1052//1052 1053//1053
f 1023//1023 1053//1053 1024//1024
f 1024//1024 1054//1054 1025//1025
f 1024//1024 1053//1053 1054//1054
f 1025//1025 1054//1054 1055//1055
f 1025//1025 1055//1055 1056//1056
f 1025//1025 1056//1056 1057//1057
f 1025//1025 1057//1057 1058//1058
f 1025//1025 1058//1058 1026//1026
f 1026//1026 1058//1058 1059//1059
f 1026//1026 1059//1059 1027//1027
f 1027//1027 1059//1059 1028//1028
f 1028//1028 1059//1059 1029//1029
f 1029//1029 1059//1059 1060//1060
f 1029//1029 1060//1060 1030//1030
f 1030//1030 1060//1060 1061//1061
f 1030//1030 1061//1061 1062//1062
f 1030//1030 1062//1062 1063//1063
f 1030//1030 1063//1063 1031//1031
f 1031//1031 1063//1063 1032//1032
f 1032//1032 1063//1063 1064//1064
f 1032//1032 1064//1064 1065//1065
f 1032//1032 1065//1065 1033//1033
f 1033//1033 1066//1066 1067//1067
f 1033//1033 1067//1067 1068//1068
f 1033//1033 1068//1068 1034//1034
f 1033//1033 1065//1065 1069//1069
f 1033//1033 1069//1069 1066//1066
f 1034//1034 1070//1070 1035//1035
f 1035//1035 1070//1070 1036//1036
f 1037//1037 1071//1071 1038//1038
f 1038//1038 1071//1071 1072//1072
f 1038//1038 1072//1072 1073//1073
f 1038//1038 1073//1073 1040//1040
f 1040//1040 1073//1073 1074//1074
f 1040//1040 1074//1074 1041//1041
f 1041//1041 1074//1074 1075//1075
f 1041//1041 1075//1075 1043//1043
f 1042//1042 1043//1043 1076//1076
f 1042//1042 1076//1076 1077//1077
f 1042//1042 1077//1077 1044//1044
f 1043//1043 1075//1075 1078//1078
f 1043//1043 1078//1078 1076//1076
f 1044//1044 1077//1077 1079//1079
f 1044//1044 1079//1079 1045//1045
f 1045//1045 1079//1079 1051//1051
f 1046//1046 1080//1080 1081//1081
f 1046//1046 1081//1081 1047//1047
f 1046//1046 1049//1049 1082//1082
f 1046//1046 1082//1082 1083//1083
f 1046//1046 1083//1083 1080//1080
f 1047//1047 1081//1081 1084//1084
f 1047//1047 1084//1084 1052//1052
f 1047//1047 1052//1052 1048//1048
f 1049//1049 1050//1050 1085//1085
f 1049//1049 1085//1085 1082//1082
f 1050//1050 1051//1051 1086//1086
f 1050//1050 1086//1086 1085//1085
f 1051//1051 1079//1079 1087//1087
f 1051//1051 1087//1087 1086//1086
f 1052//1052 1084//1084 1053//1053
f 1053//1053 1084//1084 1088//1088
f 1053//1053 1088//1088 1054//1054
f 1054//1054 1088//1088 1089//1089
f 1054//1054 1089//1089 1055//1055
f 1055//1055 1090//1090 1091//1091
f 1055//1055 1091//1091 1092//1092
f 1055//1055 1092//1092 1056//1056
f 1055//1055 1089//1089 1093//1093
f 1055//1055 1093//1093 1090//1090
f 1056//1056 1094//1094 1095//1095
f 1056//1056 1095//1095 1059//1059
f 1056//1056 1059//1059 1057//1057
f 1056//1056 1092//1092 1094//1094
f 1057//1057 1059//1059 1058//1058
f 1059//1059 1095//1095 1096//1096
f 1059//1059 1096//1096 1060//1060
f 1060//1060 1096//1096 1061//1061
f 1061//1061 1097//1097 1062//1062
f 1061//1061 1096//1096 1098//1098
f 1061//1061 1098//1098 1097//1097
f 1062//1062 1097//1097 1099//1099
f 1062//1062 1099//1099 1100//1100
f 1062//1062 1100//1100 1063//1063
f 1063//1063 1100//1100 1064//1064
f 1064//1064 1100//1100 1101//1101
f 1064//1064 1101//1101 1102//1102
f 1064//1064 1102//1102 1065//1065
f 1065//1065 1103//1103 1069//1069
f 1065//1065 1102//1102 1104//1104
f 1065//1065 1104//1104 1103//1103
f 1066//1066 1069//1069 1105//1105
f 1066//1066 1105//1105 1067//1067
f 1069//1069 1103//1103 1106//1106
f 1072//1072 1107//1107 1073//1073
f 1073//1073 1107//1107 1108//1108
f 1073//1073 1108//1108 1109//1109
f 1073//1073 1109//1109 1074//1074
f 1074//1074 1109//1109 1110//1110
f 1074//1074 1110//1110 1111//1111
f 1074//1074 1111//1111 1075//1075
f 1075//1075 1111//1111 1112//1112
f 1075//1075 1112//1112 1078//1078
f 1076//1076 1113//1113 1077//1077
f 1076//1076 1078//1078 1114//1114
f 1076//1076 1114//1114 1115//1115
f 1076//1076 1115//1115 1113//1113
f 1077//1077 1113//1113 1116//1116
f 1077//1077 1116//1116 1079//1079
f 1078//1078 1112//1112 1117//1117
f 1078//1078 1117//1117 1114//1114
f 1079//1079 1116//1116 1087//1087
f 1080//1080 1083//1083 1118//1118
f 1080//1080 1118//1118 1119//1119
f 1080//1080 1119//1119 1120//1120
f 1080//1080 1120//1120 1081//1081
f 1081//1081 1120//1120 1084//1084
f 1082//1082 1121//1121 1083//1083
f 1082//1082 1085//1085 1122//1122
f 1082//1082 1122//1122 1121//1121
f 1083//1083 1121//1121 1123//1123
f 1083//1083 1123//1123 1124//1124
f 1083//1083 1124//1124 1118//1118
f 1084//1084 1120//1120 1088//1088
f 1085//1085 1086//1086 1125//1125
f 1085//1085 1125//1125 1122//1122
f 1086//1086 1087//1087 1125//1125
f 1087//1087 1116//1116 1126//1126
f 1087//1087 1126//1126 1127//1127
f 1087//1087 1127//1127 1128//1128
f 1087//1087 1128//1128 1125//1125
f 1088//1088 1120//1120 1129//1129
f 1088//1088 1129//1129 1089//1089
f 1089//1089 1129//1129 1130//1130
f 1089//1089 1130//1130 1093//1093
f 1090//1090 1093//1093 1131//1131
f 1090//1090 1131//1131 1132//1132
f 1090//1090 1132//1132 1094//1094
f 1090//1090 1094//1094 1091//1091
f 1091//1091 1094//1094 1092//1092
f 1093//1093 1130//1130 1133//1133
f 1093//1093 1133//1133 1134//1134
f 1093//1093 1134//1134 1131//1131
f 1094//1094 1132//1132 1135//1135
f 1094//1094 1135//1135 1136//1136
f 1094//1094 1136//1136 1095//1095
f 1095//1095 1136//1136 1098//1098
f 1095//1095 1098//1098 1096//1096
f 1097//1097 1098//1098 1137//1137
f 1097//1097 1137//1137 1099//1099
f 1098//1098 1136//1136 1137//1137
f 1099//1099 1138//1138 1139//1139
f 1099//1099 1139//1139 1100//1100
f 1099//1099 1137//1137 1140//1140
f 1099//1099 1140//1140 1138//1138
f 1100//1100 1139//1139 1101//1101
f 1101//1101 1139//1139 1141//1141
f 1101//1101 1141//1141 1142//1142
f 1101//1101 1142//1142 1102//1102
f 1102//1102 1142//1142 1106//1106
f 1102//1102 1106//1106 1104//1104
f 1103//1103 1104//1104 1106//1106
f 1106//1106 1142//1142 1143//1143
f 1108//1108 1144//1144 1145//1145
f 1108//1108 1145//1145 1146//1146
f 1108//1108 1146//1146 1111//1111
f 1108//1108 1111//1111 1109//1109
f 1109//1109 1111//1111 1110//1110
f 1111//1111 1146//1146 1145//1145
f 1111//1111 1145//1145 1180//1180
f 1111//1111 1180//1180 1212//1212
f 1111//1111 1212//1212 1248//1248
f 1111//1111 1248//1248 1284//1284
f 1111//1111 1284//1284 1283//1283
f 1111//1111 1283//1283 1323//1323
f 1111//1111 1323//1323 1322//1322
f 1111//1111 1322//1322 1321//1321
f 1111//1111 1321//1321 1320//1320
f 1111//1111 1320//1320 1319//1319
f 1111//1111 1319//1319 1356//1356
f 1111//1111 1356//1356 1390//1390
f 1111//1111 1390//1390 1392//1392
f 1111//1111 1392//1392 1357//1357
f 1111//1111 1357//1357 1324//1324
f 1111//1111 1324//1324 1285//1285
f 1111//1111 1285//1285 1251//1251
f 1111//1111 1251//1251 1250//1250
f 1111//1111 1250//1250 1249//1249
f 1111//1111 1249//1249 1221//1221
f 1111//1111 1221//1221 1220//1220
f 1111//1111 1220//1220 1219//1219
f 1111//1111 1219//1219 1190//1190
f 1111//1111 1190//1190 1189//1189
f 1111//1111 1189//1189 1162//1162
f 1111//1111 1162//1162 1161//1161
f 1111//1111 1161//1161 1159//1159
f 1111//1111 1159//1159 1127//1127
f 1111//1111 1127//1127 1150//1150
f 1111//1111 1150//1150 1148//1148
f 1111//1111 1148//1148 1115//1115
f 1111//1111 1115//1115 1149//1149
f 1111//1111 1149//1149 1117//1117
f 1111//1111 1117//1117 1112//1112
f 1113//1113 1147//1147 1116//1116
f 1113//1113 1115//1115 1148//1148
f 1113//1113 1148//1148 1147//1147
f 1114//1114 1117//1117 1149//1149
f 1114//1114 1149//1149 1115//1115
f 1116//1116 1147//1147 1148//1148
f 1116//1116 1148//1148 1150//1150
f 1116//1116 1150//1150 1126//1126
f 1118//1118 1124//1124 1151//1151
f 1118//1118 1151//1151 1119//1119
f 1119//1119 1151//1151 1152//1152
f 1119//1119 1152//1152 1129//1129
f 1119//1119 1129//1129 1120//1120
f 1121//1121 1122//1122 1153//1153
f 1121//1121 1153//1153 1123//1123
f 1122//1122 1125//1125 1154//1154
f 1122//1122 1154//1154 1153//1153
f 1123//1123 1153//1153 1155//1155
f 1123//1123 1155//1155 1156//1156
f 1123//1123 1156//1156 1124//1124
f 1124//1124 1156//1156 1157//1157
f 1124//1124 1157//1157 1151//1151
f 1125//1125 1128//1128 1158//1158
f 1125//1125 1158//1158 1154//1154
f 1126//1126 1150//1150 1127//1127
f 1127//1127 1159//1159 1128//1128
f 1128//1128 1160//1160 1158//1158
f 1128//1128 1159//1159 1161//1161
f 1128//1128 1161//1161 1162//1162
f 1128//1128 1162//1162 1160//1160
f 1129//1129 1152//1152 1130//1130
f 1130//1130 1152//1152 1163//1163
f 1130//1130 1163//1163 1133//1133
f 1131//1131 1134//1134 1132//1132
f 1132//1132 1134//1134 1164//1164
f 1132//1132 1164//1164 1165//1165
f 1132//1132 1165//1165 1135//1135
f 1133//1133 1166//1166 1167//1167
f 1133//1133 1167//1167 1168//1168
f 1133//1133 1168//1168 1134//1134
f 1133//1133 1163//1163 1166//1166
f 1134//1134 1168//1168 1164//1164
f 1135//1135 1165//1165 1169//1169
f 1135//1135 1169//1169 1170//1170
f 1135//1135 1170//1170 1136//1136
f 1136//1136 1170//1170 1140//1140
f 1136//1136 1140//1140 1137//1137
f 1138//1138 1140//1140 1171//1171
f 1138//1138 1171//1171 1172//1172
f 1138//1138 1172//1172 1173//1173
f 1138//1138 1173//1173 1139//1139
f 1139//1139 1173//1173 1141//1141
f 1140//1140 1170//1170 1171//1171
f 1141//1141 1174//1174 1142//1142
f 1141//1141 1173//1173 1174//1174
f 1142//1142 1174//1174 1175//1175
f 1142//1142 1175//1175 1176//1176
f 1142//1142 1176//1176 1177//1177
f 1142//1142 1177//1177 1143//1143
f 1143//1143 1177//1177 1178//1178
f 1144//1144 1179//1179 1180//1180
f 1144//1144 1180//1180 1145//1145
f 1151//1151 1157//1157 1181//1181
f 1151//1151 1181//1181 1152//1152
f 1152//1152 1181//1181 1163//1163
f 1153//1153 1154//1154 1182//1182
f 1153//1153 1182//1182 1183//1183
f 1153//1153 1183//1183 1155//1155
f 1154//1154 1158//1158 1184//1184
f 1154//1154 1184//1184 1182//1182
f 1155//1155 1185//1185 1186//1186
f 1155//1155 1186//1186 1156//1156
f 1155//1155 1183//1183 1185//1185
f 1156//1156 1187//1187 1157//1157
f 1156//1156 1186//1186 1187//1187
f 1157//1157 1188//1188 1181//1181
f 1157//1157 1187//1187 1188//1188
f 1158//1158 1160//1160 1162//1162
f 1158//1158 1162//1162 1189//1189
f 1158//1158 1189//1189 1190//1190
f 1158//1158 1190//1190 1184//1184
f 1163//1163 1181//1181 1191//1191
f 1163//1163 1191//1191 1166//1166
f 1164//1164 1168//1168 1167//1167
f 1164//1164 1167//1167 1192//1192
f 1164//1164 1192//1192 1193//1193
f 1164//1164 1193//1193 1165//1165
f 1165//1165 1193//1193 1194//1194
f 1165//1165 1194//1194 1169//1169
f 1166//1166 1195//1195 1196//1196
f 1166//1166 1196//1196 1197//1197
f 1166//1166 1197//1197 1167//1167
f 1166//1166 1191//1191 1198//1198
f 1166//1166 1198//1198 1195//1195
f 1167//1167 1197//1197 1192//1192
f 1169//1169 1199//1199 1200//1200
f 1169//1169 1200//1200 1170//1170
f 1169//1169 1194//1194 1199//1199
f 1170//1170 1200//1200 1171//1171
f 1171//1171 1201//1201 1172//1172
f 1171//1171 1200//1200 1201//1201
f 1172//1172 1202//1202 1203//1203
f 1172//1172 1203//1203 1173//1173
f 1172//1172 1201//1201 1202//1202
f 1173//1173 1203//1203 1174//1174
f 1174//1174 1203//1203 1204//1204
f 1174//1174 1204//1204 1205//1205
f 1174//1174 1205//1205 1175//1175
f 1175//1175 1206//1206 1207//1207
f 1175//1175 1207//1207 1208//1208
f 1175//1175 1208//1208 1209//1209
f 1175//1175 1209//1209 1176//1176
f 1175//1175 1205//1205 1210//1210
f 1175//1175 1210//1210 1206//1206
f 1176//1176 1178//1178 1177//1177
f 1179//1179 1211//1211 1180//1180
f 1180//1180 1211//1211 1212//1212
f 1181//1181 1188//1188 1191//1191
f 1182//1182 1184//1184 1213//1213
f 1182//1182 1213//1213 1214//1214
f 1182//1182 1214//1214 1215//1215
f 1182//1182 1215//1215 1183//1183
f 1183//1183 1215//1215 1216//1216
f 1183//1183 1216//1216 1217//1217
f 1183//1183 1217//1217 1185//1185
f 1184//1184 1218//1218 1213//1213
f 1184//1184 1190//1190 1219//1219
f 1184//1184 1219//1219 1220//1220
f 1184//1184 1220//1220 1221//1221
f 1184//1184 1221//1221 1218//1218
f 1185//1185 1217//1217 1222//1222
f 1185//1185 1222//1222 1223//1223
f 1185//1185 1223//1223 1224//1224
f 1185//1185 1224//1224 1225//1225
f 1185//1185 1225//1225 1186//1186
f 1186//1186 1225//1225 1226//1226
f 1186//1186 1226//1226 1187//1187
f 1187//1187 1226//1226 1227//1227
f 1187//1187 1227//1227 1188//1188
f 1188//1188 1227//1227 1228//1228
f 1188//1188 1228//1228 1191//1191
f 1191//1191 1228//1228 1198//1198
f 1192//1192 1229//1229 1230//1230
f 1192//1192 1230//1230 1193//1193
f 1192//1192 1197//1197 1196//1196
f 1192//1192 1196//1196 1195//1195
f 1192//1192 1195//1195 1231//1231
f 1192//1192 1231//1231 1232//1232
f 1192//1192 1232//1232 1229//1229
f 1193//1193 1233//1233 1194//1194
f 1193//1193 1230//1230 1233//1233
f 1194//1194 1233//1233 1234//1234
f 1194//1194 1234//1234 1199//1199
f 1195//1195 1198//1198 1235//1235
f 1195//1195 1235//1235 1231//1231
f 1198//1198 1228//1228 1236//1236
f 1198//1198 1236//1236 1235//1235
f 1199//1199 1237//1237 1238//1238
f 1199//1199 1238//1238 1200//1200
f 1199//1199 1234//1234 1237//1237
f 1200//1200 1238//1238 1201//1201
f 1201//1201 1238//1238 1239//1239
f 1201//1201 1239//1239 1202//1202
f 1202//1202 1239//1239 1240//1240
f 1202//1202 1240//1240 1241//1241
f 1202//1202 1241//1241 1203//1203
f 1203//1203 1241//1241 1204//1204
f 1204//1204 1241//1241 1242//1242
f 1204//1204 1242//1242 1243//1243
f 1204//1204 1243//1243 1205//1205
f 1205//1205 1244//1244 1210//1210
f 1205//1205 1243//1243 1245//1245
f 1205//1205 1245//1245 1244//1244
f 1207//1207 1209//1209 1208//1208
f 1210//1210 1244//1244 1246//1246
f 1211//1211 1247//1247 1248//1248
f 1211//1211 1248//1248 1212//1212
f 1213//1213 1218//1218 1221//1221
f 1213//1213 1221//1221 1249//1249
f 1213//1213 1249//1249 1250//1250
f 1213//1213 1250//1250 1214//1214
f 1214//1214 1250//1250 1251//1251
f 1214//1214 1251//1251 1215//1215
f 1215//1215 1251//1251 1216//1216
f 1216//1216 1252//1252 1253//1253
f 1216//1216 1253//1253 1217//1217
f 1216//1216 1251//1251 1252//1252
f 1217//1217 1253//1253 1222//1222
f 1222//1222 1253//1253 1252//1252
f 1222//1222 1252//1252 1254//1254
f 1222//1222 1254//1254 1223//1223
f 1223//1223 1254//1254 1255//1255
f 1223//1223 1255//1255 1256//1256
f 1223//1223 1256//1256 1224//1224
f 1224//1224 1256//1256 1225//1225
f 1225//1225 1256//1256 1257//1257
f 1225//1225 1257//1257 1258//1258
f 1225//1225 1258//1258 1226//1226
f 1226//1226 1258//1258 1259//1259
f 1226//1226 1259//1259 1227//1227
f 1227//1227 1259//1259 1260//1260
f 1227//1227 1260//1260 1228//1228
f 1228//1228 1260//1260 1261//1261
f 1228//1228 1261//1261 1236//1236
f 1229//1229 1262//1262 1230//1230
f 1229//1229 1232//1232 1263//1263
f 1229//1229 1263//1263 1264//1264
f 1229//1229 1264//1264 1262//1262
f 1230//1230 1262//1262 1265//1265
f 1230//1230 1265//1265 1233//1233
f 1231//1231 1235//1235 1236//1236
f 1231//1231 1236//1236 1266//1266
f 1231//1231 1266//1266 1232//1232
f 1232//1232 1266//1266 1263//1263
f 1233//1233 1267//1267 1234//1234
f 1233//1233 1265//1265 1267//1267
f 1234//1234 1268//1268 1237//1237
f 1234//1234 1267//1267 1268//1268
f 1236//1236 1261//1261 1269//1269
f 1236//1236 1269//1269 1266//1266
f 1237//1237 1268//1268 1270//1270
f 1237//1237 1270//1270 1271//1271
f 1237//1237 1271//1271 1238//1238
f 1238//1238 1271//1271 1239//1239
f 1239//1239 1271//1271 1272//1272
f 1239//1239 1272//1272 1240//1240
f 1240//1240 1273//1273 1241//1241
f 1240//1240 1272//1272 1274//1274
f 1240//1240 1274//1274 1273//1273
f 1241//1241 1273//1273 1242//1242
f 1242//1242 1273//1273 1275//1275
f 1242//1242 1275//1275 1276//1276
f 1242//1242 1276//1276 1243//1243
f 1243//1243 1276//1276 1277//1277
f 1243//1243 1277//1277 1278//1278
f 1243//1243 1278//1278 1279//1279
f 1243//1243 1279//1279 1245//1245
f 1244//1244 1245//1245 1280//1280
f 1244//1244 1280//1280 1246//1246
f 1245//1245 1279//1279 1281//1281
f 1247//1247 1282//1282 1283//1283
f 1247//1247 1283//1283 1284//1284
f 1247//1247 1284//1284 1248//1248
f 1251//1251 1285//1285 1286//1286
f 1251//1251 1286//1286 1287//1287
f 1251//1251 1287//1287 1252//1252
f 1252//1252 1287//1287 1254//1254
f 1254//1254 1287//1287 1288//1288
f 1254//1254 1288//1288 1255//1255
f 1255//1255 1289//1289 1256//1256
f 1255//1255 1288//1288 1290//1290
f 1255//1255 1290//1290 1289//1289
f 1256//1256 1291//1291 1257//1257
f 1256//1256 1289//1289 1291//1291
f 1257//1257 1291//1291 1292//1292
f 1257//1257 1292//1292 1293//1293
f 1257//1257 1293//1293 1258//1258
f 1258//1258 1293//1293 1294//1294
f 1258//1258 1294//1294 1295//1295
f 1258//1258 1295//1295 1259//1259
f 1259//1259 1295//1295 1296//1296
f 1259//1259 1296//1296 1260//1260
f 1260//1260 1296//1296 1261//1261
f 1261//1261 1296//1296 1297//1297
f 1261//1261 1297//1297 1298//1298
f 1261//1261 1298//1298 1299//1299
f 1261//1261 1299//1299 1300//1300
f 1261//1261 1300//1300 1269//1269
f 1262//1262 1301//1301 1265//1265
f 1262//1262 1264//1264 1302//1302
f 1262//1262 1302//1302 1301//1301
f 1263//1263 1266//1266 1303//1303
f 1263//1263 1303//1303 1264//1264
f 1264//1264 1303//1303 1304//1304
f 1264//1264 1304//1304 1302//1302
f 1265//1265 1301//1301 1305//1305
f 1265//1265 1305//1305 1267//1267
f 1266//1266 1269//1269 1300//1300
f 1266//1266 1300//1300 1299//1299
f 1266//1266 1299//1299 1298//1298
f 1266//1266 1298//1298 1303//1303
f 1267//1267 1305//1305 1306//1306
f 1267//1267 1306//1306 1268//1268
f 1268//1268 1307//1307 1270//1270
f 1268//1268 1306//1306 1307//1307
f 1270//1270 1307//1307 1308//1308
f 1270//1270 1308//1308 1309//1309
f 1270//1270 1309//1309 1271//1271
f 1271//1271 1309//1309 1272//1272
f 1272//1272 1309//1309 1310//1310
f 1272//1272 1310//1310 1274//1274
f 1273//1273 1274//1274 1311//1311
f 1273//1273 1311//1311 1312//1312
f 1273//1273 1312//1312 1275//1275
f 1274//1274 1310//1310 1311//1311
f 1275//1275 1312//1312 1313//1313
f 1275//1275 1313//1313 1314//1314
f 1275//1275 1314//1314 1276//1276
f 1276//1276 1314//1314 1315//1315
f 1276//1276 1315//1315 1316//1316
f 1276//1276 1316//1316 1317//1317
f 1276//1276 1317//1317 1277//1277
f 1277//1277 1317//1317 1318//1318
f 1278//1278 1281//1281 1279//1279
f 1282//1282 1319//1319 1320//1320
f 1282//1282 1320//1320 1321//1321
f 1282//1282 1321//1321 1322//1322
f 1282//1282 1322//1322 1323//1323
f 1282//1282 1323//1323 1283//1283
f 1285//1285 1324//1324 1325//1325
f 1285//1285 1325//1325 1326//1326
f 1285//1285 1326//1326 1327//1327
f 1285//1285 1327//1327 1328//1328
f 1285//1285 1328//1328 1286//1286
f 1286//1286 1328//1328 1287//1287
f 1287//1287 1328//1328 1288//1288
f 1288//1288 1328//1328 1329//1329
f 1288//1288 1329//1329 1290//1290
f 1289//1289 1290//1290 1330//1330
f 1289//1289 1330//1330 1331//1331
f 1289//1289 1331//1331 1291//1291
f 1290//1290 1329//1329 1332//1332
f 1290//1290 1332//1332 1330//1330
f 1291//1291 1331//1331 1292//1292
f 1292//1292 1331//1331 1293//1293
f 1293//1293 1331//1331 1294//1294
f 1294//1294 1333//1333 1295//1295
f 1294//1294 1331//1331 1334//1334
f 1294//1294 1334//1334 1333//1333
f 1295//1295 1333//1333 1335//1335
f 1295//1295 1335//1335 1336//1336
f 1295//1295 1336//1336 1337//1337
f 1295//1295 1337//1337 1338//1338
f 1295//1295 1338//1338 1296//1296
f 1296//1296 1338//1338 1297//1297
f 1297//1297 1338//1338 1339//1339
f 1297//1297 1339//1339 1298//1298
f 1298//1298 1339//1339 1303//1303
f 1301//1301 1340//1340 1305//1305
f 1301//1301 1302//1302 1341//1341
f 1301//1301 1341//1341 1340//1340
f 1302//1302 1304//1304 1341//1341
f 1303//1303 1339//1339 1342//1342
f 1303//1303 1342//1342 1304//1304
f 1304//1304 1343//1343 1341//1341
f 1304//1304 1342//1342 1344//1344
f 1304//1304 1344//1344 1343//1343
f 1305//1305 1345//1345 1306//1306
f 1305//1305 1340//1340 1345//1345
f 1306//1306 1345//1345 1346//1346
f 1306//1306 1346//1346 1307//1307
f 1307//1307 1347//1347 1308//1308
f 1307//1307 1346//1346 1348//1348
f 1307//1307 1348//1348 1347//1347
f 1308//1308 1347//1347 1349//1349
f 1308//1308 1349//1349 1309//1309
f 1309//1309 1349//1349 1310//1310
f 1310//1310 1349//1349 1350//1350
f 1310//1310 1350//1350 1351//1351
f 1310//1310 1351//1351 1311//1311
f 1311//1311 1351//1351 1352//1352
f 1311//1311 1352//1352 1353//1353
f 1311//1311 1353//1353 1312//1312
f 1312//1312 1353//1353 1313//1313
f 1313//1313 1353//1353 1354//1354
f 1313//1313 1354//1354 1355//1355
f 1313//1313 1355//1355 1314//1314
f 1314//1314 1355//1355 1315//1315
f 1315//1315 1355//1355 1316//1316
f 1316//1316 1355//1355 1317//1317
f 1317//1317 1355//1355 1318//1318
f 1324//1324 1357//1357 1358//1358
f 1324//1324 1358//1358 1359//1359
f 1324//1324 1359//1359 1325//1325
f 1325//1325 1359//1359 1326//1326
f 1326//1326 1360//1360 1329//1329
f 1326//1326 1329//1329 1328//1328
f 1326//1326 1328//1328 1327//1327
f 1326//1326 1359//1359 1360//1360
f 1329//1329 1361//1361 1332//1332
f 1329//1329 1360//1360 1361//1361
f 1330//1330 1362//1362 1331//1331
f 1330//1330 1332//1332 1363//1363
f 1330//1330 1363//1363 1362//1362
f 1331//1331 1362//1362 1334//1334
f 1332//1332 1361//1361 1364//1364
f 1332//1332 1364//1364 1363//1363
f 1333//1333 1334//1334 1335//1335
f 1334//1334 1362//1362 1365//1365
f 1334//1334 1365//1365 1366//1366
f 1334//1334 1366//1366 1367//1367
f 1334//1334 1367//1367 1337//1337
f 1334//1334 1337//1337 1336//1336
f 1334//1334 1336//1336 1335//1335
f 1337//1337 1367//1367 1368//1368
f 1337//1337 1368//1368 1338//1338
f 1338//1338 1369//1369 1370//1370
f 1338//1338 1370//1370 1339//1339
f 1338//1338 1368//1368 1369//1369
f 1339//1339 1370//1370 1342//1342
f 1340//1340 1341//1341 1371//1371
f 1340//1340 1371//1371 1372//1372
f 1340//1340 1372//1372 1345//1345
f 1341//1341 1343//1343 1371//1371
f 1342//1342 1370//1370 1369//1369
f 1342//1342 1369//1369 1373//1373
f 1342//1342 1373//1373 1374//1374
f 1342//1342 1374//1374 1375//1375
f 1342//1342 1375//1375 1344//1344
f 1343//1343 1376//1376 1371//1371
f 1343//1343 1344//1344 1377//1377
f 1343//1343 1377//1377 1376//1376
f 1344//1344 1375//1375 1378//1378
f 1344//1344 1378//1378 1379//1379
f 1344//1344 1379//1379 1377//1377
f 1345//1345 1372//1372 1380//1380
f 1345//1345 1380//1380 1346//1346
f 1346//1346 1380//1380 1348//1348
f 1347//1347 1348//1348 1381//1381
f 1347//1347 1381//1381 1382//1382
f 1347//1347 1382//1382 1349//1349
f 1348//1348 1380//1380 1383//1383
f 1348//1348 1383//1383 1381//1381
f 1349//1349 1382//1382 1350//1350
f 1350//1350 1382//1382 1384//1384
f 1350//1350 1384//1384 1385//1385
f 1350//1350 1385//1385 1351//1351
f 1351//1351 1385//1385 1352//1352
f 1352//1352 1385//1385 1386//1386
f 1352//1352 1386//1386 1387//1387
f 1352//1352 1387//1387 1353//1353
f 1353//1353 1387//1387 1354//1354
f 1354//1354 1387//1387 1388//1388
f 1354//1354 1388//1388 1355//1355
f 1355//1355 1388//1388 1389//1389
f 1356//1356 1391//1391 1426//1426
f 1356//1356 1426//1426 1457//1457
f 1356//1356 1457//1457 1483//1483
f 1356//1356 1483//1483 1512//1512
f 1356//1356 1512//1512 1530//1530
f 1356//1356 1530//1530 1529//1529
f 1356//1356 1529//1529 1536//1536
f 1356//1356 1536//1536 1532//1532
f 1356//1356 1532//1532 1524//1524
f 1356//1356 1524//1524 1510//1510
f 1356//1356 1510//1510 1508//1508
f 1356//1356 1508//1508 1507//1507
f 1356//1356 1507//1507 1506//1506
f 1356//1356 1506//1506 1505//1505
f 1356//1356 1505//1505 1504//1504
f 1356//1356 1504//1504 1522//1522
f 1356//1356 1522//1522 1521//1521
f 1356//1356 1521//1521 1531//1531
f 1356//1356 1531//1531 1520//1520
f 1356//1356 1520//1520 1519//1519
f 1356//1356 1519//1519 1518//1518
f 1356//1356 1518//1518 1517//1517
f 1356//1356 1517//1517 1514//1514
f 1356//1356 1514//1514 1495//1495
f 1356//1356 1495//1495 1498//1498
f 1356//1356 1498//1498 1497//1497
f 1356//1356 1497//1497 1501//1501
f 1356//1356 1501//1501 1493//1493
f 1356//1356 1493//1493 1494//1494
f 1356//1356 1494//1494 1492//1492
f 1356//1356 1492//1492 1491//1491
f 1356//1356 1491//1491 1490//1490
f 1356//1356 1490//1490 1489//1489
f 1356//1356 1489//1489 1488//1488
f 1356//1356 1488//1488 1487//1487
f 1356//1356 1487//1487 1513//1513
f 1356//1356 1513//1513 1485//1485
f 1356//1356 1485//1485 1484//1484
f 1356//1356 1484//1484 1463//1463
f 1356//1356 1463//1463 1462//1462
f 1356//1356 1462//1462 1481//1481
f 1356//1356 1481//1481 1452//1452
f 1356//1356 1452//1452 1423//1423
f 1356//1356 1423//1423 1390//1390
f 1357//1357 1392//1392 1393//1393
f 1357//1357 1393//1393 1394//1394
f 1357//1357 1394//1394 1358//1358
f 1358//1358 1394//1394 1359//1359
f 1359//1359 1394//1394 1360//1360
f 1360//1360 1394//1394 1395//1395
f 1360//1360 1395//1395 1396//1396
f 1360//1360 1396//1396 1361//1361
f 1361//1361 1396//1396 1364//1364
f 1362//1362 1397//1397 1398//1398
f 1362//1362 1398//1398 1365//1365
f 1362//1362 1363//1363 1399//1399
f 1362//1362 1399//1399 1397//1397
f 1363//1363 1364//1364 1400//1400
f 1363//1363 1400//1400 1401//1401
f 1363//1363 1401//1401 1399//1399
f 1364//1364 1402//1402 1403//1403
f 1364//1364 1403//1403 1400//1400
f 1364//1364 1396//1396 1402//1402
f 1365//1365 1404//1404 1366//1366
f 1365//1365 1398//1398 1405//1405
f 1365//1365 1405//1405 1404//1404
f 1366//1366 1404//1404 1367//1367
f 1367//1367 1373//1373 1406//1406
f 1367//1367 1406//1406 1368//1368
f 1367//1367 1404//1404 1373//1373
f 1368//1368 1406//1406 1369//1369
f 1369//1369 1406//1406 1373//1373
f 1371//1371 1407//1407 1372//1372
f 1371//1371 1376//1376 1407//1407
f 1372//1372 1407//1407 1380//1380
f 1373//1373 1404//1404 1408//1408
f 1373//1373 1408//1408 1374//1374
f 1374//1374 1408//1408 1375//1375
f 1375//1375 1408//1408 1409//1409
f 1375//1375 1409//1409 1378//1378
f 1376//1376 1410//1410 1407//1407
f 1376//1376 1377//1377 1411//1411
f 1376//1376 1411//1411 1410//1410
f 1377//1377 1379//1379 1412//1412
f 1377//1377 1412//1412 1413//1413
f 1377//1377 1413//1413 1414//1414
f 1377//1377 1414//1414 1411//1411
f 1378//1378 1409//1409 1379//1379
f 1379//1379 1409//1409 1412//1412
f 1380//1380 1407//1407 1415//1415
f 1380//1380 1415//1415 1383//1383
f 1381//1381 1383//1383 1416//1416
f 1381//1381 1416//1416 1417//1417
f 1381//1381 1417//1417 1382//1382
f 1382//1382 1417//1417 1418//1418
f 1382//1382 1418//1418 1384//1384
f 1383//1383 1415//1415 1419//1419
f 1383//1383 1419//1419 1416//1416
f 1384//1384 1418//1418 1420//1420
f 1384//1384 1420//1420 1385//1385
f 1385//1385 1420//1420 1421//1421
f 1385//1385 1421//1421 1386//1386
f 1386//1386 1422//1422 1388//1388
f 1386//1386 1388//1388 1387//1387
f 1386//1386 1421//1421 1422//1422
f 1388//1388 1422//1422 1389//1389
f 1390//1390 1423//1423 1424//1424
f 1390//1390 1424//1424 1393//1393
f 1390//1390 1393//1393 1392//1392
f 1391//1391 1425//1425 1426//1426
f 1393//1393 1424//1424 1394//1394
f 1394//1394 1424//1424 1395//1395
f 1395//1395 1427//1427 1428//1428
f 1395//1395 1428//1428 1396//1396
f 1395//1395 1424//1424 1429//1429
f 1395//1395 1429//1429 1427//1427
f 1396//1396 1428//1428 1430//1430
f 1396//1396 1430//1430 1402//1402
f 1397//1397 1405//1405 1398//1398
f 1397//1397 1399//1399 1405//1405
f 1399//1399 1401//1401 1431//1431
f 1399//1399 1431//1431 1405//1405
f 1400//1400 1403//1403 1432//1432
f 1400//1400 1432//1432 1431//1431
f 1400//1400 1431//1431 1401//1401
f 1402//1402 1430//1430 1433//1433
f 1402//1402 1433//1433 1432//1432
f 1402//1402 1432//1432 1403//1403
f 1404//1404 1405//1405 1434//1434
f 1404//1404 1434//1434 1408//1408
f 1405//1405 1435//1435 1434//1434
f 1405//1405 1431//1431 1435//1435
f 1407//1407 1410//1410 1415//1415
f 1408//1408 1434//1434 1409//1409
f 1409//1409 1436//1436 1414//1414
f 1409//1409 1414//1414 1413//1413
f 1409//1409 1413//1413 1412//1412
f 1409//1409 1434//1434 1437//1437
f 1409//1409 1437//1437 1436//1436
f 1410//1410 1438//1438 1415//1415
f 1410//1410 1411//1411 1439//1439
f 1410//1410 1439//1439 1440//1440
f 1410//1410 1440//1440 1438//1438
f 1411//1411 1414//1414 1441//1441
f 1411//1411 1441//1441 1439//1439
f 1414//1414 1436//1436 1442//1442
f 1414//1414 1442//1442 1441//1441
f 1415//1415 1438//1438 1419//1419
f 1416//1416 1419//1419 1443//1443
f 1416//1416 1443//1443 1444//1444
f 1416//1416 1444//1444 1417//1417
f 1417//1417 1444//1444 1418//1418
f 1418//1418 1444//1444 1445//1445
f 1418//1418 1445//1445 1446//1446
f 1418//1418 1446//1446 1420//1420
f 1419//1419 1438//1438 1447//1447
f 1419//1419 1447//1447 1443//1443
f 1420//1420 1446//1446 1448//1448
f 1420//1420 1448//1448 1421//1421
f 1421//1421 1448//1448 1449//1449
f 1421//1421 1449//1449 1450//1450
f 1421//1421 1450//1450 1422//1422
f 1422//1422 1450//1450 1449//1449
f 1422//1422 1449//1449 1451//1451
f 1423//1423 1452//1452 1453//1453
f 1423//1423 1453//1453 1424//1424
f 1424//1424 1453//1453 1429//1429
f 1425//1425 1454//1454 1426//1426
f 1426//1426 1454//1454 1455//1455
f 1426//1426 1455//1455 1456//1456
f 1426//1426 1456//1456 1457//1457
f 1427//1427 1429//1429 1453//1453
f 1427//1427 1453//1453 1428//1428
f 1428//1428 1453//1453 1458//1458
f 1428//1428 1458//1458 1430//1430
f 1430//1430 1458//1458 1433//1433
f 1431//1431 1459//1459 1435//1435
f 1431//1431 1432//1432 1460//1460
f 1431//1431 1460//1460 1459//1459
f 1432//1432 1461//1461 1460//1460
f 1432//1432 1433//1433 1461//1461
f 1433//1433 1458//1458 1462//1462
f 1433//1433 1462//1462 1463//1463
f 1433//1433 1463//1463 1461//1461
f 1434//1434 1435//1435 1437//1437
f 1435//1435 1464//1464 1465//1465
f 1435//1435 1465//1465 1437//1437
f 1435//1435 1459//1459 1464//1464
f 1436//1436 1437//1437 1466//1466
f 1436//1436 1466//1466 1467//1467
f 1436//1436 1467//1467 1442//1442
f 1437//1437 1465//1465 1466//1466
f 1438//1438 1440//1440 1447//1447
f 1439//1439 1441//1441 1468//1468
f 1439//1439 1468//1468 1469//1469
f 1439//1439 1469//1469 1440//1440
f 1440//1440 1469//1469 1470//1470
f 1440//1440 1470//1470 1471//1471
f 1440//1440 1471//1471 1472//1472
f 1440//1440 1472//1472 1447//1447
f 1441//1441 1442//1442 1468//1468
f 1442//1442 1467//1467 1473//1473
f 1442//1442 1473//1473 1469//1469
f 1442//1442 1469//1469 1468//1468
f 1443//1443 1447//1447 1474//1474
f 1443//1443 1474//1474 1444//1444
f 1444//1444 1474//1474 1445//1445
f 1445//1445 1474//1474 1475//1475
f 1445//1445 1475//1475 1446//1446
f 1446//1446 1475//1475 1476//1476
f 1446//1446 1476//1476 1448//1448
f 1447//1447 1472//1472 1477//1477
f 1447//1447 1477//1477 1474//1474
f 1448//1448 1476//1476 1478//1478
f 1448//1448 1478//1478 1479//1479
f 1448//1448 1479//1479 1449//1449
f 1449//1449 1479//1479 1451//1451
f 1451//1451 1479//1479 1480//1480
f 1452//1452 1481//1481 1453//1453
f 1453//1453 1481//1481 1458//1458
f 1456//1456 1482//1482 1483//1483
f 1456//1456 1483//1483 1457//1457
f 1458//1458 1481//1481 1462//1462
f 1459//1459 1460//1460 1464//1464
f 1460//1460 1461//1461 1484//1484
f 1460//1460 1484//1484 1485//1485
f 1460//1460 1485//1485 1486//1486
f 1460//1460 1486//1486 1464//1464
f 1461//1461 1463//1463 1484//1484
f 1464//1464 1487//1487 1488//1488
f 1464//1464 1488//1488 1465//1465
f 1464//1464 1486//1486 1487//1487
f 1465//1465 1488//1488 1489//1489
f 1465//1465 1489//1489 1490//1490
f 1465//1465 1490//1490 1466//1466
f 1466//1466 1490//1490 1491//1491
f 1466//1466 1491//1491 1492//1492
f 1466//1466 1492//1492 1467//1467
f 1467//1467 1493//1493 1473//1473
f 1467//1467 1492//1492 1494//1494
f 1467//1467 1494//1494 1493//1493
f 1469//1469 1473//1473 1470//1470
f 1470//1470 1473//1473 1471//1471
f 1471//1471 1495//1495 1496//1496
f 1471//1471 1496//1496 1472//1472
f 1471//1471 1473//1473 1497//1497
f 1471//1471 1497//1497 1498//1498
f 1471//1471 1498//1498 1495//1495
f 1472//1472 1499//1499 1477//1477
f 1472//1472 1496//1496 1500//1500
f 1472//1472 1500//1500 1499//1499
f 1473//1473 1493//1493 1501//1501
f 1473//1473 1501//1501 1497//1497
f 1474//1474 1477//1477 1475//1475
f 1475//1475 1477//1477 1502//1502
f 1475//1475 1502//1502 1476//1476
f 1476//1476 1502//1502 1503//1503
f 1476//1476 1503//1503 1478//1478
f 1477//1477 1499//1499 1502//1502
f 1478//1478 1503//1503 1504//1504
f 1478//1478 1504//1504 1505//1505
f 1478//1478 1505//1505 1506//1506
f 1478//1478 1506//1506 1479//1479
f 1479//1479 1506//1506 1507//1507
f 1479//1479 1507//1507 1508//1508
f 1479//1479 1508//1508 1480//1480
f 1480//1480 1508//1508 1510//1510
f 1480//1480 1510//1510 1509//1509
f 1482//1482 1511//1511 1483//1483
f 1483//1483 1511//1511 1512//1512
f 1485//1485 1513//1513 1486//1486
f 1486//1486 1513//1513 1487//1487
f 1495//1495 1514//1514 1500//1500
f 1495//1495 1500//1500 1496//1496
f 1499//1499 1515//1515 1502//1502
f 1499//1499 1500//1500 1516//1516
f 1499//1499 1516//1516 1517//1517
f 1499//1499 1517//1517 1518//1518
f 1499//1499 1518//1518 1519//1519
f 1499//1499 1519//1519 1520//1520
f 1499//1499 1520//1520 1515//1515
f 1500//1500 1514//1514 1516//1516
f 1502//1502 1515//1515 1503//1503
f 1503//1503 1515//1515 1521//1521
f 1503//1503 1521//1521 1522//1522
f 1503//1503 1522//1522 1504//1504
f 1509//1509 1510//1510 1523//1523
f 1510//1510 1524//1524 1525//1525
f 1510//1510 1525//1525 1526//1526
f 1510//1510 1526//1526 1527//1527
f 1510//1510 1527//1527 1523//1523
f 1511//1511 1528//1528 1529//1529
f 1511//1511 1529//1529 1530//1530
f 1511//1511 1530//1530 1512//1512
f 1514//1514 1517//1517 1516//1516
f 1515//1515 1520//1520 1531//1531
f 1515//1515 1531//1531 1521//1521
f 1524//1524 1532//1532 1525//1525
f 1525//1525 1532//1532 1533//1533
f 1528//1528 1534//1534 1529//1529
f 1529//1529 1534//1534 1535//1535
f 1529//1529 1535//1535 1536//1536
f 1532//1532 1536//1536 1537//1537
f 1532//1532 1537//1537 1533//1533
f 1535//1535 1537//1537 1536//1536
