# https://github.com/mikedh/trimesh
o geometry_0
o geometry_1
v -0.04273027 -0.00001361 0.06749767 0.54509804 0.71372549 0.60000000
v -0.04237985 -0.00542601 0.06749767 0.54509804 0.71372549 0.60000000
v -0.04271434 0.00069379 0.08133757 0.54509804 0.71372549 0.60000000
v -0.04260284 0.00319436 0.06749767 0.54509804 0.71372549 0.60000000
v 0.03582659 -0.08164385 0.06651306 0.54509804 0.71372549 0.60000000
v 0.03616107 -0.08740173 0.06651306 0.54509804 0.71372549 0.60000000
v -0.04134453 -0.01075616 0.06749767 0.54509804 0.71372549 0.60000000
v -0.04214093 -0.00703821 0.08133757 0.54509804 0.71372549 0.60000000
v -0.04266655 0.00000285 0.08133757 0.54509804 0.71372549 0.60000000
v 0.03635221 -0.08858620 0.06651306 0.54509804 0.71372549 0.60000000
v 0.03654334 -0.08972133 0.06651306 0.54509804 0.71372549 0.60000000
v 0.03686190 -0.09151450 0.06651306 0.54509804 0.71372549 0.60000000
v -0.04204536 0.00067734 0.08677862 0.54509804 0.71372549 0.60000000
v -0.04188608 0.00840934 0.08133757 0.54509804 0.71372549 0.60000000
v -0.04185423 0.00857385 0.06749767 0.54509804 0.71372549 0.60000000
v 0.03617700 -0.07674143 0.06651306 0.54509804 0.71372549 0.60000000
v -0.04124897 -0.01106873 0.06749767 0.54509804 0.71372549 0.60000000
v -0.04018179 -0.01452346 0.08133757 0.54509804 0.71372549 0.60000000
v 0.03737160 -0.09345572 0.06651306 0.54509804 0.71372549 0.60000000
v 0.03843878 -0.09699271 0.06651306 0.54509804 0.71372549 0.60000000
v -0.04147196 -0.00692306 0.08677467 0.54509804 0.71372549 0.60000000
v -0.03954467 -0.01429314 0.08677467 0.54509804 0.71372549 0.60000000
v -0.04005436 0.00064444 0.09189148 0.54509804 0.71372549 0.60000000
v -0.03927389 0.00788291 0.09189148 0.54509804 0.71372549 0.60000000
v -0.04121711 0.00827774 0.08677862 0.54509804 0.71372549 0.60000000
v -0.03951281 -0.00659404 0.09188753 0.54509804 0.71372549 0.60000000
v -0.03905090 0.01558202 0.08677862 0.54509804 0.71372549 0.60000000
v -0.03967209 0.01582878 0.08133757 0.54509804 0.71372549 0.60000000
v -0.04042071 0.01382175 0.06749767 0.54509804 0.71372549 0.60000000
v -0.04118525 0.01102507 0.06749767 0.54509804 0.71372549 0.60000000
v 0.03716454 -0.07150999 0.06651306 0.54509804 0.71372549 0.60000000
v 0.03706897 -0.07197062 0.06651306 0.54509804 0.71372549 0.60000000
v -0.03965617 -0.01592180 0.06749767 0.54509804 0.71372549 0.60000000
v 0.03853434 -0.09730528 0.06651306 0.54509804 0.71372549 0.60000000
v -0.03690062 -0.02154807 0.08133757 0.54509804 0.71372549 0.60000000
v -0.03766516 -0.01361864 0.09188753 0.54509804 0.71372549 0.60000000
v -0.03631128 -0.02120259 0.08677467 0.54509804 0.71372549 0.60000000
v -0.03459106 -0.02021553 0.09188753 0.54509804 0.71372549 0.60000000
v -0.03678913 -0.00246481 0.09635979 0.54509804 0.71372549 0.60000000
v -0.03669355 0.00059509 0.09635979 0.54509804 0.71372549 0.60000000
v -0.03655021 0.00488881 0.09635979 0.54509804 0.71372549 0.60000000
v -0.03484591 0.01204503 0.09635979 0.54509804 0.71372549 0.60000000
v -0.03720325 0.01484171 0.09189148 0.54509804 0.71372549 0.60000000
v -0.03557860 -0.00971974 0.09635979 0.54509804 0.71372549 0.60000000
v -0.03390616 0.02132344 0.09189148 0.54509804 0.71372549 0.60000000
v -0.03559452 0.02237631 0.08677862 0.54509804 0.71372549 0.60000000
v -0.03690062 0.02130699 0.08133757 0.54509804 0.71372549 0.60000000
v -0.03835007 0.01883933 0.06749767 0.54509804 0.71372549 0.60000000
v 0.03976080 -0.06377798 0.06651306 0.54509804 0.71372549 0.60000000
v 0.03805650 -0.06868040 0.06651306 0.54509804 0.71372549 0.60000000
v 0.03724418 -0.07123032 0.06651306 0.54509804 0.71372549 0.60000000
v -0.03731475 -0.02082422 0.06749767 0.54509804 0.71372549 0.60000000
v 0.03941038 -0.09952617 0.06651306 0.54509804 0.71372549 0.60000000
v 0.03961745 -0.09998680 0.06651306 0.54509804 0.71372549 0.60000000
v -0.03436807 -0.02539762 0.06749767 0.54509804 0.71372549 0.60000000
v -0.03239300 -0.02786528 0.08133362 0.54509804 0.71372549 0.60000000
v -0.03188330 -0.02742110 0.08677467 0.54509804 0.71372549 0.60000000
v -0.03293455 -0.01657984 0.09635979 0.54509804 0.71372549 0.60000000
v -0.03037014 -0.02612146 0.09188753 0.54509804 0.71372549 0.60000000
v -0.02900034 -0.02279835 0.09635979 0.54509804 0.71372549 0.60000000
v -0.03170810 -0.01852107 0.09635979 0.54509804 0.71372549 0.60000000
v -0.03248857 -0.00218515 0.10018752 0.54509804 0.71372549 0.60000000
v -0.03226557 0.00431303 0.10018752 0.54509804 0.71372549 0.60000000
v -0.03076835 0.01063024 0.10018752 0.54509804 0.71372549 0.60000000
v -0.03412915 0.01360788 0.09635979 0.54509804 0.71372549 0.60000000
v -0.03177181 0.01872417 0.09635979 0.54509804 0.71372549 0.60000000
v -0.02907998 -0.01463861 0.10018752 0.54509804 0.71372549 0.60000000
v -0.03140547 -0.00858461 0.10018752 0.54509804 0.71372549 0.60000000
v -0.02742346 0.02464656 0.09635979 0.54509804 0.71372549 0.60000000
v -0.02949410 0.02709777 0.09189148 0.54509804 0.71372549 0.60000000
v -0.03095948 0.02844676 0.08677862 0.54509804 0.71372549 0.60000000
v -0.03616793 0.02273824 0.08133757 0.54509804 0.71372549 0.60000000
v -0.03564231 0.02354434 0.06749767 0.54509804 0.71372549 0.60000000
v 0.04350388 -0.05622694 0.06651306 0.54509804 0.71372549 0.60000000
v 0.04151288 -0.10350733 0.06651306 0.54509804 0.71372549 0.60000000
v 0.04265969 -0.10559662 0.06651306 0.54509804 0.71372549 0.60000000
v -0.03086391 -0.02954329 0.06749767 0.54509804 0.71372549 0.60000000
v 0.04366316 -0.10704431 0.06651306 0.54509804 0.71372549 0.60000000
v 0.04568601 -0.10966003 0.06651306 0.54509804 0.71372549 0.60000000
v -0.02239022 -0.03783463 0.08860550 0.54509804 0.71372549 0.60000000
v 0.01972339 -0.08363443 0.08956638 0.54509804 0.71372549 0.60000000
v 0.00435287 -0.06708465 0.08806376 0.54509804 0.71372549 0.60000000
v -0.02398302 -0.03495569 0.09106109 0.54509804 0.71372549 0.60000000
v -0.02509798 -0.03173128 0.09324384 0.54509804 0.71372549 0.60000000
v -0.02559175 -0.02013327 0.10018752 0.54509804 0.71372549 0.60000000
v -0.01947540 -0.03709433 0.09467528 0.54509804 0.71372549 0.60000000
v -0.01971432 -0.03390282 0.09667613 0.54509804 0.71372549 0.60000000
v -0.02735976 -0.00183967 0.10310575 0.54509804 0.71372549 0.60000000
v -0.02645186 -0.00723563 0.10310575 0.54509804 0.71372549 0.60000000
v -0.02716862 0.00362208 0.10310575 0.54509804 0.71372549 0.60000000
v -0.02591031 0.00895223 0.10310575 0.54509804 0.71372549 0.60000000
v -0.02361668 0.01392045 0.10310575 0.54509804 0.71372549 0.60000000
v -0.02804466 0.01651972 0.10018752 0.54509804 0.71372549 0.60000000
v -0.02420601 0.02176762 0.10018752 0.54509804 0.71372549 0.60000000
v -0.02156197 -0.01695822 0.10310575 0.54509804 0.71372549 0.60000000
v -0.02449272 -0.01233546 0.10310575 0.54509804 0.71372549 0.60000000
v -0.02218316 0.02941737 0.09635979 0.54509804 0.71372549 0.60000000
v -0.02411045 0.03198374 0.09189148 0.54509804 0.71372549 0.60000000
v -0.02530504 0.03356304 0.08677862 0.54509804 0.71372549 0.60000000
v -0.02571917 0.03410593 0.08133757 0.54509804 0.71372549 0.60000000
v -0.03145325 0.02890739 0.08133757 0.54509804 0.71372549 0.60000000
v -0.03236115 0.02788742 0.06749767 0.54509804 0.71372549 0.60000000
v 0.04796371 -0.05004133 0.06651306 0.54509804 0.71372549 0.60000000
v 0.04543116 -0.05339735 0.06651306 0.54509804 0.71372549 0.60000000
v 0.04739031 -0.11163416 0.06651306 0.54509804 0.71372549 0.60000000
v 0.04899903 -0.11341088 0.06651306 0.54509804 0.71372549 0.60000000
v -0.01777110 -0.04267125 0.08969687 0.54509804 0.71372549 0.60000000
v 0.02725733 -0.09144869 0.08941217 0.54509804 0.71372549 0.60000000
v 0.02940760 -0.09276478 0.09203383 0.54509804 0.71372549 0.60000000
v 0.02150732 -0.08422667 0.09238181 0.54509804 0.71372549 0.60000000
v -0.01256265 -0.04823171 0.09008834 0.54509804 0.71372549 0.60000000
v -0.01888607 -0.04007198 0.09235809 0.54509804 0.71372549 0.60000000
v -0.01700656 -0.03370541 0.09841600 0.54509804 0.71372549 0.60000000
v -0.01057165 -0.03989102 0.09876398 0.54509804 0.71372549 0.60000000
v 0.02929611 -0.08363443 0.09854254 0.54509804 0.71372549 0.60000000
v -0.01316792 -0.04596146 0.09287214 0.54509804 0.71372549 0.60000000
v -0.01321570 -0.04329639 0.09526446 0.54509804 0.71372549 0.60000000
v -0.01291307 -0.04043390 0.09728904 0.54509804 0.71372549 0.60000000
v -0.02173717 -0.00146130 0.10488122 0.54509804 0.71372549 0.60000000
v -0.02159382 0.00288178 0.10488122 0.54509804 0.71372549 0.60000000
v -0.02102041 -0.00573858 0.10488122 0.54509804 0.71372549 0.60000000
v -0.01945947 -0.00980199 0.10488122 0.54509804 0.71372549 0.60000000
v -0.02059036 0.00710971 0.10488122 0.54509804 0.71372549 0.60000000
v -0.01875864 0.01105797 0.10488122 0.54509804 0.71372549 0.60000000
v -0.01619424 0.01456205 0.10488122 0.54509804 0.71372549 0.60000000
v -0.02038329 0.01832935 0.10310575 0.54509804 0.71372549 0.60000000
v -0.01633758 0.02201439 0.10310575 0.54509804 0.71372549 0.60000000
v -0.01941169 0.02612716 0.10018752 0.54509804 0.71372549 0.60000000
v -0.01777110 -0.02089002 0.10310575 0.54509804 0.71372549 0.60000000
v -0.01412359 -0.01659629 0.10488122 0.54509804 0.71372549 0.60000000
v -0.01713398 -0.01347059 0.10488122 0.54509804 0.71372549 0.60000000
v 0.04487368 -0.09437699 0.10060271 0.54509804 0.71372549 0.60000000
v 0.03520539 -0.08225254 0.10123934 0.54509804 0.71372549 0.60000000
v -0.02197609 0.02959833 0.09635979 0.54509804 0.71372549 0.60000000
v -0.01793038 0.03581684 0.09189148 0.54509804 0.71372549 0.60000000
v -0.01882235 0.03759356 0.08677862 0.54509804 0.71372549 0.60000000
v -0.02127526 0.03686971 0.08133757 0.54509804 0.71372549 0.60000000
v -0.02430158 0.03512589 0.06749767 0.54509804 0.71372549 0.60000000
v -0.02857028 0.03176988 0.06749767 0.54509804 0.71372549 0.60000000
v 0.05242355 -0.04637274 0.06651306 0.54509804 0.71372549 0.60000000
v 0.04939723 -0.11378925 0.06651306 0.54509804 0.71372549 0.60000000
v 0.04899903 -0.11341088 0.07549713 0.54509804 0.71372549 0.60000000
v 0.03405858 -0.09832524 0.08868854 0.54509804 0.71372549 0.60000000
v 0.04213407 -0.10632047 0.08892184 0.54509804 0.71372549 0.60000000
v 0.03646370 -0.10031582 0.09100178 0.54509804 0.71372549 0.60000000
v 0.03205165 -0.09360379 0.09431544 0.54509804 0.71372549 0.60000000
v 0.03933074 -0.10191158 0.09306590 0.54509804 0.71372549 0.60000000
v 0.03585844 -0.09793042 0.09380930 0.54509804 0.71372549 0.60000000
v 0.02383281 -0.08430893 0.09480181 0.54509804 0.71372549 0.60000000
v 0.00502185 -0.06647596 0.09192707 0.54509804 0.71372549 0.60000000
v 0.03819986 -0.09442634 0.09793359 0.54509804 0.71372549 0.60000000
v -0.01345462 0.00530009 0.10597654 0.54509804 0.71372549 0.60000000
v -0.00918592 -0.00835430 0.10608726 0.54509804 0.71372549 0.60000000
v -0.00517206 -0.00290900 0.10673576 0.54509804 0.71372549 0.60000000
v -0.00859658 0.01048218 0.10617821 0.54509804 0.71372549 0.60000000
v -0.01297678 0.01749034 0.10488122 0.54509804 0.71372549 0.60000000
v -0.01165476 0.02481107 0.10310575 0.54509804 0.71372549 0.60000000
v -0.01383689 0.02946672 0.10018752 0.54509804 0.71372549 0.60000000
v -0.01566861 0.03338208 0.09635979 0.54509804 0.71372549 0.60000000
v 0.04121025 -0.08031131 0.10319275 0.54509804 0.71372549 0.60000000
v -0.00026624 -0.01710628 0.10612681 0.54509804 0.71372549 0.60000000
v 0.04715139 -0.07777785 0.10455697 0.54509804 0.71372549 0.60000000
v 0.05283768 -0.07470150 0.10541504 0.54509804 0.71372549 0.60000000
v 0.05177050 -0.09347217 0.10254820 0.54509804 0.71372549 0.60000000
v 0.04222964 -0.09950972 0.09732068 0.54509804 0.71372549 0.60000000
v 0.05323588 -0.10544856 0.09900519 0.54509804 0.71372549 0.60000000
v 0.06092910 -0.10551436 0.10089137 0.54509804 0.71372549 0.60000000
v -0.01117692 0.03846546 0.09189148 0.54509804 0.71372549 0.60000000
v -0.01171847 0.04037379 0.08677862 0.54509804 0.71372549 0.60000000
v -0.01190960 0.04103184 0.08133757 0.54509804 0.71372549 0.60000000
v -0.01912498 0.03820225 0.08133757 0.54509804 0.71372549 0.60000000
v -0.02132304 0.03693551 0.06749767 0.54509804 0.71372549 0.60000000
v 0.05361815 -0.04546793 0.06651306 0.54509804 0.71372549 0.60000000
v 0.05365001 -0.11732624 0.07636312 0.54509804 0.71372549 0.60000000
v 0.05218463 -0.11612531 0.07609818 0.54509804 0.71372549 0.60000000
v 0.04971579 -0.11408537 0.07564739 0.54509804 0.71372549 0.60000000
v 0.05490832 -0.11816524 0.06651306 0.54509804 0.71372549 0.60000000
v 0.05124488 -0.11535211 0.08197025 0.54509804 0.71372549 0.60000000
v 0.05036884 -0.11443085 0.08461169 0.54509804 0.71372549 0.60000000
v 0.04909460 -0.11301605 0.08696448 0.54509804 0.71372549 0.60000000
v 0.04734252 -0.11105838 0.08899301 0.54509804 0.71372549 0.60000000
v 0.04512853 -0.10854136 0.09068148 0.54509804 0.71372549 0.60000000
v 0.04243670 -0.10546501 0.09202988 0.54509804 0.71372549 0.60000000
v 0.04592493 -0.10421473 0.09643888 0.54509804 0.71372549 0.60000000
v 0.04919017 -0.10844266 0.09523283 0.54509804 0.71372549 0.60000000
v -0.00048924 0.00196052 0.10690580 0.54509804 0.71372549 0.60000000
v 0.04496925 -0.05655596 0.10606749 0.54509804 0.71372549 0.60000000
v -0.00298993 0.01484171 0.10587373 0.54509804 0.71372549 0.60000000
v -0.00746569 0.01707907 0.10533596 0.54509804 0.71372549 0.60000000
v -0.00924963 0.01971124 0.10488122 0.54509804 0.71372549 0.60000000
v -0.00649409 0.02663714 0.10310575 0.54509804 0.71372549 0.60000000
v -0.00770461 0.03162182 0.10018752 0.54509804 0.71372549 0.60000000
v -0.00873993 0.03581684 0.09635979 0.54509804 0.71372549 0.60000000
v 0.05861954 -0.09162965 0.10388079 0.54509804 0.71372549 0.60000000
v 0.06513409 -0.08884942 0.10465978 0.54509804 0.71372549 0.60000000
v 0.05820541 -0.07109871 0.10582233 0.54509804 0.71372549 0.60000000
v 0.05674004 -0.11025227 0.09770819 0.54509804 0.71372549 0.60000000
v 0.06475182 -0.11074581 0.09952320 0.54509804 0.71372549 0.60000000
v 0.06863825 -0.10426408 0.10213301 0.54509804 0.71372549 0.60000000
v -0.00404118 0.03984735 0.09189148 0.54509804 0.71372549 0.60000000
v -0.00423231 0.04183794 0.08677862 0.54509804 0.71372549 0.60000000
v -0.01468108 0.04012703 0.06749767 0.54509804 0.71372549 0.60000000
v -0.00431195 0.04249598 0.08133757 0.54509804 0.71372549 0.60000000
v -0.00947262 0.04165698 0.06749767 0.54509804 0.71372549 0.60000000
v -0.01965061 0.03793903 0.06749767 0.54509804 0.71372549 0.60000000
v 0.06083353 -0.04244093 0.06651306 0.54509804 0.71372549 0.60000000
v 0.05736123 -0.11972809 0.06651306 0.54509804 0.71372549 0.60000000
v 0.05645333 -0.11910295 0.07675854 0.54509804 0.71372549 0.60000000
v 0.05876289 -0.12048484 0.08047950 0.54509804 0.71372549 0.60000000
v 0.05823727 -0.11999131 0.08371803 0.54509804 0.71372549 0.60000000
v 0.05736123 -0.11898779 0.08671536 0.54509804 0.71372549 0.60000000
v 0.05607106 -0.11737559 0.08940030 0.54509804 0.71372549 0.60000000
v 0.05428713 -0.11508889 0.09172540 0.54509804 0.71372549 0.60000000
v 0.05199350 -0.11209479 0.09367090 0.54509804 0.71372549 0.60000000
v 0.05971857 -0.11439794 0.09601182 0.54509804 0.71372549 0.60000000
v 0.00478293 0.00615555 0.10660527 0.54509804 0.71372549 0.60000000
v 0.04965208 -0.05257480 0.10614658 0.54509804 0.71372549 0.60000000
v 0.00768182 0.02038573 0.10488122 0.54509804 0.71372549 0.60000000
v 0.00347684 0.02150440 0.10488122 0.54509804 0.71372549 0.60000000
v -0.00085558 0.02176762 0.10488122 0.54509804 0.71372549 0.60000000
v -0.00515613 0.02115893 0.10488122 0.54509804 0.71372549 0.60000000
v -0.00107857 0.02739389 0.10310575 0.54509804 0.71372549 0.60000000
v -0.00128563 0.03252662 0.10018752 0.54509804 0.71372549 0.60000000
v -0.00369076 0.03652424 0.09635979 0.54509804 0.71372549 0.60000000
v 0.07598105 -0.10166481 0.10276964 0.54509804 0.71372549 0.60000000
v 0.07115487 -0.08519728 0.10493263 0.54509804 0.71372549 0.60000000
v 0.06319087 -0.06700239 0.10581047 0.54509804 0.71372549 0.60000000
v 0.06796927 -0.11525340 0.09772401 0.54509804 0.71372549 0.60000000
v 0.07282731 -0.10972584 0.10068970 0.54509804 0.71372549 0.60000000
v -0.00144491 0.03683681 0.09635979 0.54509804 0.71372549 0.60000000
v 0.00322199 0.03992961 0.09188753 0.54509804 0.71372549 0.60000000
v 0.00339720 0.04190374 0.08677862 0.54509804 0.71372549 0.60000000
v 0.00344498 0.04257824 0.08133757 0.54509804 0.71372549 0.60000000
v 0.00000453 0.04254533 0.08133757 0.54509804 0.71372549 0.60000000
v 0.00132656 0.04270984 0.06749767 0.54509804 0.71372549 0.60000000
v -0.00410489 0.04252888 0.06749767 0.54509804 0.71372549 0.60000000
v 0.06921165 -0.04081228 0.06651306 0.54509804 0.71372549 0.60000000
v 0.06293602 -0.12244252 0.07749799 0.54509804 0.71372549 0.60000000
v 0.05912924 -0.12064935 0.07710256 0.54509804 0.71372549 0.60000000
v 0.05822134 -0.12022162 0.07700766 0.54509804 0.71372549 0.60000000
v 0.06390763 -0.12280445 0.06651306 0.54509804 0.71372549 0.60000000
v 0.06658353 -0.12365990 0.08150760 0.54509804 0.71372549 0.60000000
v 0.06612162 -0.12319927 0.08507830 0.54509804 0.71372549 0.60000000
v 0.06527744 -0.12214641 0.08838405 0.54509804 0.71372549 0.60000000
v 0.06397135 -0.12036968 0.09133789 0.54509804 0.71372549 0.60000000
v 0.06212370 -0.11778687 0.09388838 0.54509804 0.71372549 0.60000000
v 0.07056553 -0.11892199 0.09546218 0.54509804 0.71372549 0.60000000
v 0.01059665 0.00962672 0.10581837 0.54509804 0.71372549 0.60000000
v 0.01500870 0.01579588 0.10488122 0.54509804 0.71372549 0.60000000
v 0.01156826 0.01846096 0.10488122 0.54509804 0.71372549 0.60000000
v 0.05414377 -0.04837977 0.10583419 0.54509804 0.71372549 0.60000000
v 0.00967282 0.02566653 0.10310575 0.54509804 0.71372549 0.60000000
v 0.00438473 0.02706487 0.10310575 0.54509804 0.71372549 0.60000000
v 0.00519706 0.03213180 0.10018752 0.54509804 0.71372549 0.60000000
v 0.00588196 0.03640908 0.09635979 0.54509804 0.71372549 0.60000000
v 0.08270266 -0.09786461 0.10284477 0.54509804 0.71372549 0.60000000
v 0.08055238 -0.10719237 0.10123144 0.54509804 0.71372549 0.60000000
v 0.08281416 -0.08718786 0.10375821 0.54509804 0.71372549 0.60000000
v 0.07653853 -0.08082130 0.10473491 0.54509804 0.71372549 0.60000000
v 0.06771442 -0.06251125 0.10538340 0.54509804 0.71372549 0.60000000
v 0.07636332 -0.11443085 0.09879166 0.54509804 0.71372549 0.60000000
v 0.01038958 0.03867933 0.09188753 0.54509804 0.71372549 0.60000000
v 0.01089928 0.04060411 0.08677467 0.54509804 0.71372549 0.60000000
v 0.01107449 0.04126215 0.08133757 0.54509804 0.71372549 0.60000000
v 0.00674207 0.04218341 0.06749767 0.54509804 0.71372549 0.60000000
v 0.07809947 -0.04051616 0.06651306 0.54509804 0.71372549 0.60000000
v 0.06494295 -0.12314992 0.06651306 0.54509804 0.71372549 0.60000000
v 0.06644018 -0.12364345 0.06651306 0.54509804 0.71372549 0.60000000
v 0.06790556 -0.12407118 0.07786178 0.54509804 0.71372549 0.60000000
v 0.07297066 -0.12504179 0.07807531 0.54509804 0.71372549 0.60000000
v 0.07497759 -0.12517340 0.08212842 0.54509804 0.71372549 0.60000000
v 0.07462717 -0.12472922 0.08598382 0.54509804 0.71372549 0.60000000
v 0.07384670 -0.12362700 0.08955056 0.54509804 0.71372549 0.60000000
v 0.07250875 -0.12171868 0.09272979 0.54509804 0.71372549 0.60000000
v 0.07918258 -0.11828040 0.09640724 0.54509804 0.71372549 0.60000000
v 0.01784388 0.01250566 0.10488122 0.54509804 0.71372549 0.60000000
v 0.05541801 -0.04082873 0.10516592 0.54509804 0.71372549 0.60000000
v 0.01889513 0.01989220 0.10310575 0.54509804 0.71372549 0.60000000
v 0.01456272 0.02323177 0.10310575 0.54509804 0.71372549 0.60000000
v 0.06570750 -0.05160418 0.10489704 0.54509804 0.71372549 0.60000000
v 0.05846026 -0.04398733 0.10508684 0.54509804 0.71372549 0.60000000
v 0.01730233 0.02759130 0.10018752 0.54509804 0.71372549 0.60000000
v 0.01147269 0.03047024 0.10018752 0.54509804 0.71372549 0.60000000
v 0.01300177 0.03451720 0.09635979 0.54509804 0.71372549 0.60000000
v 0.08759256 -0.10330992 0.10119585 0.54509804 0.71372549 0.60000000
v 0.08858009 -0.09306090 0.10240585 0.54509804 0.71372549 0.60000000
v 0.08439103 -0.11196319 0.09922663 0.54509804 0.71372549 0.60000000
v 0.08759256 -0.08187417 0.10297527 0.54509804 0.71372549 0.60000000
v 0.08122136 -0.07580372 0.10409036 0.54509804 0.71372549 0.60000000
v 0.07523243 -0.06101420 0.10426435 0.54509804 0.71372549 0.60000000
v 0.01720676 0.03617876 0.09188753 0.54509804 0.71372549 0.60000000
v 0.01806688 0.03797194 0.08677467 0.54509804 0.71372549 0.60000000
v 0.01835358 0.03858062 0.08133757 0.54509804 0.71372549 0.60000000
v 0.01714305 0.03913996 0.06749767 0.54509804 0.71372549 0.60000000
v 0.01203017 0.04099893 0.06749767 0.54509804 0.71372549 0.60000000
v 0.08735364 -0.04189805 0.06651306 0.54509804 0.71372549 0.60000000
v 0.07351221 -0.12510760 0.06651306 0.54509804 0.71372549 0.60000000
v 0.07457939 -0.12517340 0.06651306 0.54509804 0.71372549 0.60000000
v 0.07811540 -0.12535436 0.07814253 0.54509804 0.71372549 0.60000000
v 0.08351499 -0.12486083 0.08229450 0.54509804 0.71372549 0.60000000
v 0.08330793 -0.12438375 0.08637925 0.54509804 0.71372549 0.60000000
v 0.08260709 -0.12321572 0.09015161 0.54509804 0.71372549 0.60000000
v 0.08125322 -0.12120869 0.09352064 0.54509804 0.71372549 0.60000000
v 0.08744920 -0.11586209 0.09672358 0.54509804 0.71372549 0.60000000
v 0.02246300 0.01574652 0.10310575 0.54509804 0.71372549 0.60000000
v 0.06218741 -0.04002262 0.10409432 0.54509804 0.71372549 0.60000000
v 0.06602606 -0.03541632 0.10248098 0.54509804 0.71372549 0.60000000
v 0.02243115 0.02361014 0.10018752 0.54509804 0.71372549 0.60000000
v 0.06954614 -0.03077712 0.10024683 0.54509804 0.71372549 0.60000000
v 0.02994916 0.01530234 0.10020333 0.54509804 0.71372549 0.60000000
v 0.07526429 -0.05319994 0.10339046 0.54509804 0.71372549 0.60000000
v 0.02150732 0.02976284 0.09635979 0.54509804 0.71372549 0.60000000
v 0.01958003 0.03124344 0.09635979 0.54509804 0.71372549 0.60000000
v 0.09370891 -0.09829234 0.10062644 0.54509804 0.71372549 0.60000000
v 0.09171790 -0.10801493 0.09907637 0.54509804 0.71372549 0.60000000
v 0.09348591 -0.08743463 0.10148056 0.54509804 0.71372549 0.60000000
v 0.09116042 -0.07573791 0.10182458 0.54509804 0.71372549 0.60000000
v 0.08515557 -0.07029261 0.10297131 0.54509804 0.71372549 0.60000000
v 0.08378576 -0.06905877 0.10323229 0.54509804 0.71372549 0.60000000
v 0.02346646 0.03247727 0.09188753 0.54509804 0.71372549 0.60000000
v 0.02128433 0.03685326 0.08133757 0.54509804 0.71372549 0.60000000
v 0.02462921 0.03408948 0.08677467 0.54509804 0.71372549 0.60000000
v 0.02196923 0.03663939 0.06749767 0.54509804 0.71372549 0.60000000
v 0.02134804 0.03696841 0.06749767 0.54509804 0.71372549 0.60000000
v 0.09565212 -0.04467828 0.06651306 0.54509804 0.71372549 0.60000000
v 0.07609255 -0.12525566 0.06651306 0.54509804 0.71372549 0.60000000
v 0.08060017 -0.12517340 0.06651306 0.54509804 0.71372549 0.60000000
v 0.08327607 -0.12497598 0.06651306 0.54509804 0.71372549 0.60000000
v 0.08340349 -0.12495954 0.07805158 0.54509804 0.71372549 0.60000000
v 0.08808632 -0.12400538 0.07784201 0.54509804 0.71372549 0.60000000
v 0.09179754 -0.12273864 0.08200979 0.54509804 0.71372549 0.60000000
v 0.09171790 -0.12216286 0.08625667 0.54509804 0.71372549 0.60000000
v 0.09106486 -0.12092903 0.09018720 0.54509804 0.71372549 0.60000000
v 0.08966319 -0.11885619 0.09370253 0.54509804 0.71372549 0.60000000
v 0.09498314 -0.11188093 0.09645074 0.54509804 0.71372549 0.60000000
v 0.07844989 -0.04788624 0.10165454 0.54509804 0.71372549 0.60000000
v 0.03109597 0.02203084 0.09604741 0.54509804 0.71372549 0.60000000
v 0.02539375 0.02673585 0.09635979 0.54509804 0.71372549 0.60000000
v 0.03647963 0.01548331 0.09690548 0.54509804 0.71372549 0.60000000
v 0.07260432 -0.02625307 0.09717042 0.54509804 0.71372549 0.60000000
v 0.05959115 -0.01727079 0.09951133 0.54509804 0.71372549 0.60000000
v 0.08110986 -0.04245738 0.09932944 0.54509804 0.71372549 0.60000000
v 0.08829339 -0.06520922 0.10161104 0.54509804 0.71372549 0.60000000
v 0.09804132 -0.10281639 0.09838042 0.54509804 0.71372549 0.60000000
v 0.09872622 -0.09236995 0.09956274 0.54509804 0.71372549 0.60000000
v 0.09732456 -0.08119967 0.10011238 0.54509804 0.71372549 0.60000000
v 0.09173383 -0.07623145 0.10167036 0.54509804 0.71372549 0.60000000
v 0.09147899 -0.07601758 0.10174154 0.54509804 0.71372549 0.60000000
v 0.09447345 -0.07057228 0.10019937 0.54509804 0.71372549 0.60000000
v 0.03007658 0.02772291 0.09015952 0.54509804 0.71372549 0.60000000
v 0.02794223 0.02652198 0.09434312 0.54509804 0.71372549 0.60000000
v 0.03002880 0.02652198 0.09231854 0.54509804 0.71372549 0.60000000
v 0.03329403 0.02494268 0.09022674 0.54509804 0.71372549 0.60000000
v 0.02502741 0.03463236 0.08133757 0.54509804 0.71372549 0.60000000
v 0.03037921 0.02907190 0.08677467 0.54509804 0.71372549 0.60000000
v 0.03087298 0.02954898 0.08133362 0.54509804 0.71372549 0.60000000
v 0.02644500 0.03356304 0.06749767 0.54509804 0.71372549 0.60000000
v 0.10336127 -0.04915297 0.06651306 0.54509804 0.71372549 0.60000000
v 0.08386541 -0.12487728 0.06651306 0.54509804 0.71372549 0.60000000
v 0.08601568 -0.12443310 0.06651306 0.54509804 0.71372549 0.60000000
v 0.09034810 -0.12326508 0.06651306 0.54509804 0.71372549 0.60000000
v 0.09151084 -0.12285380 0.07758893 0.54509804 0.71372549 0.60000000
v 0.09326292 -0.12226156 0.07745844 0.54509804 0.71372549 0.60000000
v 0.09805725 -0.11994196 0.07694044 0.54509804 0.71372549 0.60000000
v 0.09944298 -0.11900424 0.08131384 0.54509804 0.71372549 0.60000000
v 0.09944298 -0.11831330 0.08565562 0.54509804 0.71372549 0.60000000
v 0.09880586 -0.11698076 0.08969292 0.54509804 0.71372549 0.60000000
v 0.09734049 -0.11485857 0.09331501 0.54509804 0.71372549 0.60000000
v 0.10148176 -0.10655078 0.09564407 0.54509804 0.71372549 0.60000000
v 0.09079408 -0.05912233 0.09965764 0.54509804 0.71372549 0.60000000
v 0.03440899 0.02125764 0.09405841 0.54509804 0.71372549 0.60000000
v 0.03955373 0.01515429 0.09484927 0.54509804 0.71372549 0.60000000
v 0.07387856 -0.02414734 0.09518538 0.54509804 0.71372549 0.60000000
v 0.08314865 -0.03709433 0.09621348 0.54509804 0.71372549 0.60000000
v 0.09251430 -0.05293672 0.09717042 0.54509804 0.71372549 0.60000000
v 0.10318606 -0.09664724 0.09719414 0.54509804 0.71372549 0.60000000
v 0.10258079 -0.08582242 0.09805222 0.54509804 0.71372549 0.60000000
v 0.10019160 -0.07542534 0.09840019 0.54509804 0.71372549 0.60000000
v 0.09662373 -0.06410700 0.09811943 0.54509804 0.71372549 0.60000000
v 0.03748310 0.02010606 0.09177681 0.54509804 0.71372549 0.60000000
v 0.04014307 0.01846096 0.08919468 0.54509804 0.71372549 0.60000000
v 0.03617700 0.02293565 0.08790164 0.54509804 0.71372549 0.60000000
v 0.10949354 -0.05468054 0.06806708 0.54509804 0.71372549 0.60000000
v 0.03049071 0.02994381 0.06749767 0.54509804 0.71372549 0.60000000
v 0.10581418 -0.05175224 0.08005244 0.54509804 0.71372549 0.60000000
v 0.10575047 -0.05114355 0.07584115 0.54509804 0.71372549 0.60000000
v 0.10743883 -0.05272286 0.07340138 0.54509804 0.71372549 0.60000000
v 0.10866529 -0.05387443 0.07079552 0.54509804 0.71372549 0.60000000
v 0.10672207 -0.05188385 0.06651306 0.54509804 0.71372549 0.60000000
v 0.10653094 -0.05171934 0.06651306 0.54509804 0.71372549 0.60000000
v 0.10498592 -0.05045261 0.06651306 0.54509804 0.71372549 0.60000000
v 0.09297621 -0.12237672 0.06651306 0.54509804 0.71372549 0.60000000
v 0.09552470 -0.12114288 0.06651306 0.54509804 0.71372549 0.60000000
v 0.10078093 -0.11819814 0.06651306 0.54509804 0.71372549 0.60000000
v 0.10262858 -0.11694786 0.07628008 0.54509804 0.71372549 0.60000000
v 0.10614866 -0.11388796 0.08024224 0.54509804 0.71372549 0.60000000
v 0.10618052 -0.11303251 0.08462356 0.54509804 0.71372549 0.60000000
v 0.10551155 -0.11161771 0.08871621 0.54509804 0.71372549 0.60000000
v 0.10398246 -0.10947907 0.09241345 0.54509804 0.71372549 0.60000000
v 0.10673800 -0.10020067 0.09435498 0.54509804 0.71372549 0.60000000
v 0.04240485 0.01446335 0.09244508 0.54509804 0.71372549 0.60000000
v 0.07481831 -0.02223901 0.09280887 0.54509804 0.71372549 0.60000000
v 0.08383355 -0.03451151 0.09424427 0.54509804 0.71372549 0.60000000
v 0.09340627 -0.04683337 0.09400701 0.54509804 0.71372549 0.60000000
v 0.09788204 -0.05755947 0.09554917 0.54509804 0.71372549 0.60000000
v 0.10960504 -0.09213964 0.09360763 0.54509804 0.71372549 0.60000000
v 0.10702470 -0.08978713 0.09552940 0.54509804 0.71372549 0.60000000
v 0.10651501 -0.08932650 0.09590505 0.54509804 0.71372549 0.60000000
v 0.10283564 -0.08605274 0.09791382 0.54509804 0.71372549 0.60000000
v 0.10528856 -0.07971907 0.09618976 0.54509804 0.71372549 0.60000000
v 0.10203925 -0.06859814 0.09620162 0.54509804 0.71372549 0.60000000
v 0.04479404 0.01324597 0.08968500 0.54509804 0.71372549 0.60000000
v 0.09987304 -0.04606017 0.08425186 0.54509804 0.71372549 0.60000000
v 0.11113412 -0.05688498 0.07210438 0.54509804 0.71372549 0.60000000
v 0.11199424 -0.05778979 0.06916637 0.54509804 0.71372549 0.60000000
v 0.11148454 -0.05708239 0.06651306 0.54509804 0.71372549 0.60000000
v 0.10985989 -0.05509181 0.06651306 0.54509804 0.71372549 0.60000000
v 0.10949354 -0.05469699 0.06651306 0.54509804 0.71372549 0.60000000
v 0.10463550 -0.05199901 0.08438235 0.54509804 0.71372549 0.60000000
v 0.10758218 -0.05472989 0.08196630 0.54509804 0.71372549 0.60000000
v 0.11001917 -0.05698369 0.07931299 0.54509804 0.71372549 0.60000000
v 0.10807595 -0.05390733 0.07758893 0.54509804 0.71372549 0.60000000
v 0.10985989 -0.05560180 0.07492772 0.54509804 0.71372549 0.60000000
v 0.10180032 -0.11752365 0.06651306 0.54509804 0.71372549 0.60000000
v 0.10353647 -0.11605950 0.06651306 0.54509804 0.71372549 0.60000000
v 0.10731141 -0.11286799 0.06651306 0.54509804 0.71372549 0.60000000
v 0.10567083 -0.11434859 0.07570275 0.54509804 0.71372549 0.60000000
v 0.10678578 -0.11339443 0.07549318 0.54509804 0.71372549 0.60000000
v 0.11041736 -0.10939682 0.07460742 0.54509804 0.71372549 0.60000000
v 0.11167568 -0.10760365 0.07885430 0.54509804 0.71372549 0.60000000
v 0.11165975 -0.10660013 0.08321584 0.54509804 0.71372549 0.60000000
v 0.11094299 -0.10511954 0.08731245 0.54509804 0.71372549 0.60000000
v 0.10933426 -0.10301380 0.09104923 0.54509804 0.71372549 0.60000000
v 0.11194646 -0.09440988 0.09116390 0.54509804 0.71372549 0.60000000
v 0.11059258 -0.09309380 0.09257952 0.54509804 0.71372549 0.60000000
v 0.06593049 -0.01152936 0.09184799 0.54509804 0.71372549 0.60000000
v 0.07521651 -0.02077487 0.08998948 0.54509804 0.71372549 0.60000000
v 0.08400876 -0.03013553 0.08918282 0.54509804 0.71372549 0.60000000
v 0.08418396 -0.03214256 0.09191521 0.54509804 0.71372549 0.60000000
v 0.09346998 -0.04388863 0.09208129 0.54509804 0.71372549 0.60000000
v 0.09820059 -0.05114355 0.09237390 0.54509804 0.71372549 0.60000000
v 0.10286750 -0.06172160 0.09355623 0.54509804 0.71372549 0.60000000
v 0.11315698 -0.08649692 0.09054308 0.54509804 0.71372549 0.60000000
v 0.10965282 -0.08340412 0.09357204 0.54509804 0.71372549 0.60000000
v 0.10688135 -0.07254641 0.09389234 0.54509804 0.71372549 0.60000000
v 0.09241874 -0.03873944 0.08731245 0.54509804 0.71372549 0.60000000
v 0.10121099 -0.04880750 0.08651765 0.54509804 0.71372549 0.60000000
v 0.11326848 -0.06014229 0.07343697 0.54509804 0.71372549 0.60000000
v 0.11271100 -0.05874395 0.06651306 0.54509804 0.71372549 0.60000000
v 0.11237651 -0.05828332 0.06651306 0.54509804 0.71372549 0.60000000
v 0.11181903 -0.05752657 0.06651306 0.54509804 0.71372549 0.60000000
v 0.11417637 -0.06112936 0.07030915 0.54509804 0.71372549 0.60000000
v 0.10578232 -0.05512471 0.08630807 0.54509804 0.71372549 0.60000000
v 0.10896792 -0.05795430 0.08376548 0.54509804 0.71372549 0.60000000
v 0.11158011 -0.06029035 0.08096587 0.54509804 0.71372549 0.60000000
v 0.11360296 -0.06216578 0.07794877 0.54509804 0.71372549 0.60000000
v 0.11189867 -0.05877685 0.07645406 0.54509804 0.71372549 0.60000000
v 0.10794853 -0.11217705 0.06651306 0.54509804 0.71372549 0.60000000
v 0.10941391 -0.11054839 0.06651306 0.54509804 0.71372549 0.60000000
v 0.11357111 -0.10488922 0.06651306 0.54509804 0.71372549 0.60000000
v 0.11121376 -0.10826169 0.07435435 0.54509804 0.71372549 0.60000000
v 0.11357111 -0.10488922 0.07360700 0.54509804 0.71372549 0.60000000
v 0.11589660 -0.10006906 0.07885034 0.54509804 0.71372549 0.60000000
v 0.11572138 -0.09932876 0.08147992 0.54509804 0.71372549 0.60000000
v 0.11565768 -0.09908199 0.08236172 0.54509804 0.71372549 0.60000000
v 0.11495684 -0.09784816 0.08554886 0.54509804 0.71372549 0.60000000
v 0.11381003 -0.09640046 0.08831288 0.54509804 0.71372549 0.60000000
v 0.11337997 -0.09593983 0.08898115 0.54509804 0.71372549 0.60000000
v 0.11322069 -0.09575888 0.08923026 0.54509804 0.71372549 0.60000000
v 0.11575324 -0.08898103 0.08713055 0.54509804 0.71372549 0.60000000
v 0.09319921 -0.04115775 0.08985899 0.54509804 0.71372549 0.60000000
v 0.10208703 -0.05181805 0.08855804 0.54509804 0.71372549 0.60000000
v 0.10264451 -0.05502601 0.09038886 0.54509804 0.71372549 0.60000000
v 0.10732734 -0.06537373 0.09119949 0.54509804 0.71372549 0.60000000
v 0.11439936 -0.07878136 0.08815075 0.54509804 0.71372549 0.60000000
v 0.11103856 -0.07593533 0.09120344 0.54509804 0.71372549 0.60000000
v 0.11505241 -0.06359702 0.07476560 0.54509804 0.71372549 0.60000000
v 0.11379410 -0.06038906 0.06651306 0.54509804 0.71372549 0.60000000
v 0.11599216 -0.06468279 0.07146379 0.54509804 0.71372549 0.60000000
v 0.11482942 -0.06213287 0.06651306 0.54509804 0.71372549 0.60000000
v 0.10659465 -0.05843138 0.08806771 0.54509804 0.71372549 0.60000000
v 0.11001917 -0.06134322 0.08544209 0.54509804 0.71372549 0.60000000
v 0.11280656 -0.06377798 0.08253966 0.54509804 0.71372549 0.60000000
v 0.11497277 -0.06571921 0.07940394 0.54509804 0.71372549 0.60000000
v 0.11538690 -0.10163191 0.06651306 0.54509804 0.71372549 0.60000000
v 0.11502056 -0.10225705 0.07302177 0.54509804 0.71372549 0.60000000
v 0.11560989 -0.10117128 0.07346860 0.54509804 0.71372549 0.60000000
v 0.11597623 -0.10041453 0.07261448 0.54509804 0.71372549 0.60000000
v 0.11637444 -0.09952617 0.07241677 0.54509804 0.71372549 0.60000000
v 0.11690006 -0.09824299 0.07213601 0.54509804 0.71372549 0.60000000
v 0.11841322 -0.09350508 0.07514916 0.54509804 0.71372549 0.60000000
v 0.11823801 -0.09238640 0.07936044 0.54509804 0.71372549 0.60000000
v 0.11740975 -0.09092226 0.08338587 0.54509804 0.71372549 0.60000000
v 0.11858842 -0.08291058 0.08110822 0.54509804 0.71372549 0.60000000
v 0.11691599 -0.08108452 0.08477382 0.54509804 0.71372549 0.60000000
v 0.11115005 -0.06851589 0.08849478 0.54509804 0.71372549 0.60000000
v 0.11427194 -0.07113161 0.08548163 0.54509804 0.71372549 0.60000000
v 0.11648593 -0.06724916 0.07608236 0.54509804 0.71372549 0.60000000
v 0.11675671 -0.06619629 0.06651306 0.54509804 0.71372549 0.60000000
v 0.11545061 -0.06333380 0.06651306 0.54509804 0.71372549 0.60000000
v 0.11744161 -0.06840073 0.07263030 0.54509804 0.71372549 0.60000000
v 0.11737790 -0.06766044 0.06651306 0.54509804 0.71372549 0.60000000
v 0.11709120 -0.06696949 0.06651306 0.54509804 0.71372549 0.60000000
v 0.11664521 -0.07325380 0.08218378 0.54509804 0.71372549 0.60000000
v 0.11826987 -0.07493181 0.07865658 0.54509804 0.71372549 0.60000000
v 0.11637444 -0.09952617 0.06651306 0.54509804 0.71372549 0.60000000
v 0.11672485 -0.09865427 0.06651306 0.54509804 0.71372549 0.60000000
v 0.11766460 -0.09582468 0.06651306 0.54509804 0.71372549 0.60000000
v 0.11819023 -0.09431118 0.07126608 0.54509804 0.71372549 0.60000000
v 0.11855657 -0.09317605 0.07101300 0.54509804 0.71372549 0.60000000
v 0.11952818 -0.08840524 0.06995722 0.54509804 0.71372549 0.60000000
v 0.11981488 -0.08541115 0.07318389 0.54509804 0.71372549 0.60000000
v 0.11951225 -0.08430893 0.07722119 0.54509804 0.71372549 0.60000000
v 0.11924147 -0.07623145 0.07495540 0.54509804 0.71372549 0.60000000
v 0.11852471 -0.07226674 0.07379680 0.54509804 0.71372549 0.60000000
v 0.11885920 -0.07244770 0.06651306 0.54509804 0.71372549 0.60000000
v 0.11862028 -0.07165805 0.06651306 0.54509804 0.71372549 0.60000000
v 0.11806280 -0.06984843 0.06651306 0.54509804 0.71372549 0.60000000
v 0.11795130 -0.09493632 0.06651306 0.54509804 0.71372549 0.60000000
v 0.11873178 -0.09241931 0.06651306 0.54509804 0.71372549 0.60000000
v 0.11944854 -0.08886587 0.06651306 0.54509804 0.71372549 0.60000000
v 0.11986267 -0.08397990 0.06651306 0.54509804 0.71372549 0.60000000
v 0.11999009 -0.08277898 0.06870768 0.54509804 0.71372549 0.60000000
v 0.11967153 -0.07725141 0.07114350 0.54509804 0.71372549 0.60000000
v 0.11893884 -0.07287543 0.06651306 0.54509804 0.71372549 0.60000000
v 0.11997416 -0.08249931 0.06651306 0.54509804 0.71372549 0.60000000
v 0.11979895 -0.07817267 0.06651306 0.54509804 0.71372549 0.60000000
v 0.11978303 -0.07790946 0.06762816 0.54509804 0.71372549 0.60000000
v 0.11914591 -0.07412571 0.06651306 0.54509804 0.71372549 0.60000000
v 0.07810513 -0.04051056 0.06651306 0.54117647 0.42352941 0.64313725
v 0.08493115 -0.04161887 0.03452299 0.54117647 0.42352941 0.64313725
v 0.08076062 -0.04116547 0.03368002 0.54117647 0.42352941 0.64313725
v 0.08068570 -0.04135439 0.01988310 0.54117647 0.42352941 0.64313725
v 0.08061910 -0.04151812 0.00792150 0.54117647 0.42352941 0.64313725
v 0.07649019 -0.04115288 0.01900812 0.54117647 0.42352941 0.64313725
v 0.06922297 -0.04081283 0.06651306 0.54117647 0.42352941 0.64313725
v 0.08736188 -0.04190854 0.06651306 0.54117647 0.42352941 0.64313725
v 0.08909336 -0.04252567 0.02039528 0.54117647 0.42352941 0.64313725
v 0.08909336 -0.04253827 0.01932823 0.54117647 0.42352941 0.64313725
v 0.08500607 -0.04212265 0.00540327 0.54117647 0.42352941 0.64313725
v 0.07599073 -0.04188335 0.00146587 0.54117647 0.42352941 0.64313725
v 0.08030277 -0.04305464 -0.00841499 0.54117647 0.42352941 0.64313725
v 0.07201998 -0.04166925 0.01162415 0.54117647 0.42352941 0.64313725
v 0.06774123 -0.04243751 0.01151745 0.54117647 0.42352941 0.64313725
v 0.06084028 -0.04246270 0.06651306 0.54117647 0.42352941 0.64313725
v 0.09042527 -0.04289091 0.04868270 0.54117647 0.42352941 0.64313725
v 0.08903509 -0.04247530 0.03472572 0.54117647 0.42352941 0.64313725
v 0.09565301 -0.04469192 0.06651306 0.54117647 0.42352941 0.64313725
v 0.09109955 -0.04309242 0.05990803 0.54117647 0.42352941 0.64313725
v 0.09149079 -0.04321837 0.05479688 0.54117647 0.42352941 0.64313725
v 0.09409634 -0.04412517 0.02163306 0.54117647 0.42352941 0.64313725
v 0.09452921 -0.04459116 0.00746267 0.54117647 0.42352941 0.64313725
v 0.08937639 -0.04313020 0.00594746 0.54117647 0.42352941 0.64313725
v 0.08948461 -0.04336950 0.00087899 0.54117647 0.42352941 0.64313725
v 0.08508932 -0.04362139 -0.00883114 0.54117647 0.42352941 0.64313725
v 0.07112926 -0.04276496 -0.00309043 0.54117647 0.42352941 0.64313725
v 0.07164538 -0.04212265 0.00550997 0.54117647 0.42352941 0.64313725
v 0.07543299 -0.04328134 -0.00908723 0.54117647 0.42352941 0.64313725
v 0.08511429 -0.04498159 -0.01547884 0.54117647 0.42352941 0.64313725
v 0.08027780 -0.04321837 -0.00917260 0.54117647 0.42352941 0.64313725
v 0.07529980 -0.04360879 -0.01154144 0.54117647 0.42352941 0.64313725
v 0.06730003 -0.04289091 0.00609685 0.54117647 0.42352941 0.64313725
v 0.06123153 -0.04460376 0.00739865 0.54117647 0.42352941 0.64313725
v 0.05939183 -0.04306723 0.06651306 0.54117647 0.42352941 0.64313725
v 0.09658534 -0.04518310 0.06445366 0.54117647 0.42352941 0.64313725
v 0.09986516 -0.04689595 0.05479688 0.54117647 0.42352941 0.64313725
v 0.09866645 -0.04621584 0.04464926 0.54117647 0.42352941 0.64313725
v 0.09775909 -0.04574985 0.03552601 0.54117647 0.42352941 0.64313725
v 0.09575290 -0.04480527 0.03977286 0.54117647 0.42352941 0.64313725
v 0.09384661 -0.04401181 0.04410507 0.54117647 0.42352941 0.64313725
v 0.10336974 -0.04916295 0.06651306 0.54117647 0.42352941 0.64313725
v 0.10099728 -0.04757604 0.06090039 0.54117647 0.42352941 0.64313725
v 0.09884959 -0.04631660 0.02250803 0.54117647 0.42352941 0.64313725
v 0.09941565 -0.04682038 0.00882849 0.54117647 0.42352941 0.64313725
v 0.10042290 -0.04835690 -0.00418949 0.54117647 0.42352941 0.64313725
v 0.09531170 -0.04608990 -0.00617419 0.54117647 0.42352941 0.64313725
v 0.08977597 -0.04464154 -0.00804152 0.54117647 0.42352941 0.64313725
v 0.08989251 -0.04515791 -0.01159479 0.54117647 0.42352941 0.64313725
v 0.07063813 -0.04377252 -0.00855371 0.54117647 0.42352941 0.64313725
v 0.06656748 -0.04364658 -0.00287702 0.54117647 0.42352941 0.64313725
v 0.08510597 -0.04687076 -0.02160370 0.54117647 0.42352941 0.64313725
v 0.07999477 -0.04532164 -0.01867998 0.54117647 0.42352941 0.64313725
v 0.08007802 -0.04469192 -0.01584164 0.54117647 0.42352941 0.64313725
v 0.08997575 -0.04590098 -0.01420906 0.54117647 0.42352941 0.64313725
v 0.09018386 -0.04772718 -0.02060067 0.54117647 0.42352941 0.64313725
v 0.07007206 -0.04494380 -0.01488130 0.54117647 0.42352941 0.64313725
v 0.07460887 -0.04648033 -0.02190247 0.54117647 0.42352941 0.64313725
v 0.05957497 -0.04640476 -0.00567268 0.54117647 0.42352941 0.64313725
v 0.05540443 -0.04736194 0.00922330 0.54117647 0.42352941 0.64313725
v 0.05362301 -0.04548537 0.06651306 0.54117647 0.42352941 0.64313725
v 0.09999003 -0.04697151 0.04868270 0.54117647 0.42352941 0.64313725
v 0.10654135 -0.05173221 0.06651306 0.54117647 0.42352941 0.64313725
v 0.10355288 -0.04930148 0.06607557 0.54117647 0.42352941 0.64313725
v 0.10327818 -0.04907478 0.02359642 0.54117647 0.42352941 0.64313725
v 0.10212108 -0.04829393 0.04062649 0.54117647 0.42352941 0.64313725
v 0.10389418 -0.04960375 0.01050375 0.54117647 0.42352941 0.64313725
v 0.10500966 -0.05119065 -0.00180997 0.54117647 0.42352941 0.64313725
v 0.10098896 -0.04972969 -0.01021830 0.54117647 0.42352941 0.64313725
v 0.09574457 -0.04743751 -0.01252312 0.54117647 0.42352941 0.64313725
v 0.06520228 -0.04595136 -0.01428375 0.54117647 0.42352941 0.64313725
v 0.08506434 -0.04935186 -0.02706697 0.54117647 0.42352941 0.64313725
v 0.07966179 -0.04884808 -0.02736575 0.54117647 0.42352941 0.64313725
v 0.09612750 -0.04930148 -0.01837054 0.54117647 0.42352941 0.64313725
v 0.09641885 -0.05174481 -0.02362041 0.54117647 0.42352941 0.64313725
v 0.09028375 -0.05035942 -0.02588256 0.54117647 0.42352941 0.64313725
v 0.07004709 -0.04503197 -0.01513739 0.54117647 0.42352941 0.64313725
v 0.07421762 -0.04916295 -0.02729106 0.54117647 0.42352941 0.64313725
v 0.06905648 -0.04852063 -0.02471947 0.54117647 0.42352941 0.64313725
v 0.05860101 -0.04794128 -0.01169083 0.54117647 0.42352941 0.64313725
v 0.05363133 -0.04930148 -0.00297305 0.54117647 0.42352941 0.64313725
v 0.05019335 -0.05092617 0.01146410 0.54117647 0.42352941 0.64313725
v 0.05244094 -0.04639217 0.06651306 0.54117647 0.42352941 0.64313725
v 0.10526771 -0.05063649 0.06157263 0.54117647 0.42352941 0.64313725
v 0.10672449 -0.05189594 0.06651306 0.54117647 0.42352941 0.64313725
v 0.10755692 -0.05257604 0.01787705 0.54117647 0.42352941 0.64313725
v 0.10455181 -0.05005715 0.05185183 0.54117647 0.42352941 0.64313725
v 0.10520945 -0.05057352 0.03671043 0.54117647 0.42352941 0.64313725
v 0.10793152 -0.05296646 0.01243511 0.54117647 0.42352941 0.64313725
v 0.10810634 -0.05315538 0.00978883 0.54117647 0.42352941 0.64313725
v 0.10878062 -0.05412515 0.00290638 0.54117647 0.42352941 0.64313725
v 0.10901370 -0.05457855 0.00088966 0.54117647 0.42352941 0.64313725
v 0.10945490 -0.05547276 -0.00297305 0.54117647 0.42352941 0.64313725
v 0.10563399 -0.05256344 -0.00746532 0.54117647 0.42352941 0.64313725
v 0.10151340 -0.05159367 -0.01577762 0.54117647 0.42352941 0.64313725
v 0.06446140 -0.04813020 -0.01983239 0.54117647 0.42352941 0.64313725
v 0.05765203 -0.04999418 -0.01722880 0.54117647 0.42352941 0.64313725
v 0.09032538 -0.05139216 -0.02795263 0.54117647 0.42352941 0.64313725
v 0.08496445 -0.05247528 -0.03174064 0.54117647 0.42352941 0.64313725
v 0.07937044 -0.05319316 -0.03350127 0.54117647 0.42352941 0.64313725
v 0.07406778 -0.05017050 -0.02930777 0.54117647 0.42352941 0.64313725
v 0.10191297 -0.05401181 -0.02077140 0.54117647 0.42352941 0.64313725
v 0.09655204 -0.05480525 -0.02815536 0.54117647 0.42352941 0.64313725
v 0.06842383 -0.05265161 -0.03113242 0.54117647 0.42352941 0.64313725
v 0.06392864 -0.04969191 -0.02380181 0.54117647 0.42352941 0.64313725
v 0.05259910 -0.05090098 -0.00854303 0.54117647 0.42352941 0.64313725
v 0.04849517 -0.05296646 0.00019608 0.54117647 0.42352941 0.64313725
v 0.04797905 -0.05005715 0.06651306 0.54117647 0.42352941 0.64313725
v 0.10674945 -0.05192113 0.06651306 0.54117647 0.42352941 0.64313725
v 0.10717400 -0.05229896 0.06194610 0.54117647 0.42352941 0.64313725
v 0.10830612 -0.05338208 0.04639922 0.54117647 0.42352941 0.64313725
v 0.10933836 -0.05446520 0.04666598 0.54117647 0.42352941 0.64313725
v 0.11075351 -0.05593876 0.01370490 0.54117647 0.42352941 0.64313725
v 0.11179406 -0.05756344 0.00287437 0.54117647 0.42352941 0.64313725
v 0.10966301 -0.05603951 -0.00464832 0.54117647 0.42352941 0.64313725
v 0.11237677 -0.05893623 -0.00204472 0.54117647 0.42352941 0.64313725
v 0.11007090 -0.05718560 -0.00803086 0.54117647 0.42352941 0.64313725
v 0.10621670 -0.05442742 -0.01268318 0.54117647 0.42352941 0.64313725
v 0.05681958 -0.05260123 -0.02219057 0.54117647 0.42352941 0.64313725
v 0.05158352 -0.05300425 -0.01366487 0.54117647 0.42352941 0.64313725
v 0.09024213 -0.05596394 -0.03339457 0.54117647 0.42352941 0.64313725
v 0.08480629 -0.05629140 -0.03555000 0.54117647 0.42352941 0.64313725
v 0.07923725 -0.05610248 -0.03583810 0.54117647 0.42352941 0.64313725
v 0.07370151 -0.05472969 -0.03474971 0.54117647 0.42352941 0.64313725
v 0.10668286 -0.05680777 -0.01739953 0.54117647 0.42352941 0.64313725
v 0.10212941 -0.05702188 -0.02512495 0.54117647 0.42352941 0.64313725
v 0.10209611 -0.06066167 -0.02879559 0.54117647 0.42352941 0.64313725
v 0.09648545 -0.05852061 -0.03191137 0.54117647 0.42352941 0.64313725
v 0.06317944 -0.05396143 -0.03003337 0.54117647 0.42352941 0.64313725
v 0.06322106 -0.05369694 -0.02965990 0.54117647 0.42352941 0.64313725
v 0.06377048 -0.05057352 -0.02509294 0.54117647 0.42352941 0.64313725
v 0.06809918 -0.05772717 -0.03582743 0.54117647 0.42352941 0.64313725
v 0.04750456 -0.05461634 -0.00489374 0.54117647 0.42352941 0.64313725
v 0.04388343 -0.05796646 0.00127380 0.54117647 0.42352941 0.64313725
v 0.04426636 -0.05732414 0.00346124 0.54117647 0.42352941 0.64313725
v 0.04480745 -0.05641734 0.00656635 0.54117647 0.42352941 0.64313725
v 0.04544010 -0.05340727 0.06651306 0.54117647 0.42352941 0.64313725
v 0.10950484 -0.05471709 0.06651306 0.54117647 0.42352941 0.64313725
v 0.10972960 -0.05495639 0.06651306 0.54117647 0.42352941 0.64313725
v 0.10987111 -0.05510752 0.06651306 0.54117647 0.42352941 0.64313725
v 0.11076183 -0.05610248 0.06278907 0.54117647 0.42352941 0.64313725
v 0.11162757 -0.05718560 0.05479688 0.54117647 0.42352941 0.64313725
v 0.11305937 -0.05897402 0.01807979 0.54117647 0.42352941 0.64313725
v 0.11325083 -0.05923850 0.01554022 0.54117647 0.42352941 0.64313725
v 0.11360046 -0.05974228 0.01080253 0.54117647 0.42352941 0.64313725
v 0.11414155 -0.06081280 0.00530724 0.54117647 0.42352941 0.64313725
v 0.11419981 -0.06092615 0.00475237 0.54117647 0.42352941 0.64313725
v 0.11477420 -0.06248786 -0.00034812 0.54117647 0.42352941 0.64313725
v 0.11290953 -0.06073724 -0.00657967 0.54117647 0.42352941 0.64313725
v 0.11055372 -0.05928888 -0.01239508 0.54117647 0.42352941 0.64313725
v 0.05618693 -0.05581281 -0.02649077 0.54117647 0.42352941 0.64313725
v 0.05070114 -0.05562389 -0.01826383 0.54117647 0.42352941 0.64313725
v 0.04653060 -0.05673220 -0.00956740 0.54117647 0.42352941 0.64313725
v 0.09018386 -0.05703447 -0.03414150 0.54117647 0.42352941 0.64313725
v 0.08992580 -0.06150550 -0.03724660 0.54117647 0.42352941 0.64313725
v 0.08458153 -0.06077502 -0.03842036 0.54117647 0.42352941 0.64313725
v 0.07911238 -0.05896142 -0.03812158 0.54117647 0.42352941 0.64313725
v 0.07351005 -0.06053573 -0.03871913 0.54117647 0.42352941 0.64313725
v 0.11087837 -0.06180776 -0.01622577 0.54117647 0.42352941 0.64313725
v 0.10694092 -0.05975487 -0.02155034 0.54117647 0.42352941 0.64313725
v 0.10693259 -0.06328131 -0.02509294 0.54117647 0.42352941 0.64313725
v 0.10661627 -0.06737451 -0.02802732 0.54117647 0.42352941 0.64313725
v 0.10177978 -0.06489340 -0.03174064 0.54117647 0.42352941 0.64313725
v 0.09618577 -0.06287829 -0.03485642 0.54117647 0.42352941 0.64313725
v 0.06297133 -0.05766419 -0.03320250 0.54117647 0.42352941 0.64313725
v 0.05585395 -0.05961633 -0.03008672 0.54117647 0.42352941 0.64313725
v 0.06813247 -0.06422590 -0.03916729 0.54117647 0.42352941 0.64313725
v 0.06285479 -0.05980525 -0.03502715 0.54117647 0.42352941 0.64313725
v 0.04287618 -0.06017049 -0.00383736 0.54117647 0.42352941 0.64313725
v 0.04340062 -0.05901180 -0.00116974 0.54117647 0.42352941 0.64313725
v 0.04091162 -0.06208484 0.00709987 0.54117647 0.42352941 0.64313725
v 0.04210201 -0.05996898 0.01655391 0.54117647 0.42352941 0.64313725
v 0.04350884 -0.05624102 0.06651306 0.54117647 0.42352941 0.64313725
v 0.11148605 -0.05708485 0.06651306 0.54117647 0.42352941 0.64313725
v 0.11182735 -0.05755084 0.06651306 0.54117647 0.42352941 0.64313725
v 0.11271807 -0.05877250 0.06651306 0.54117647 0.42352941 0.64313725
v 0.11349224 -0.05983044 0.06361069 0.54117647 0.42352941 0.64313725
v 0.11500728 -0.06239970 0.06418689 0.54117647 0.42352941 0.64313725
v 0.11520707 -0.06273975 0.06426159 0.54117647 0.42352941 0.64313725
v 0.11520707 -0.06273975 0.04868270 0.54117647 0.42352941 0.64313725
v 0.11721326 -0.06669441 0.01605240 0.54117647 0.42352941 0.64313725
v 0.11765445 -0.06799164 0.01036504 0.54117647 0.42352941 0.64313725
v 0.11790418 -0.06873471 0.00705719 0.54117647 0.42352941 0.64313725
v 0.11513215 -0.06392363 -0.00357060 0.54117647 0.42352941 0.64313725
v 0.11525702 -0.06444000 -0.00471234 0.54117647 0.42352941 0.64313725
v 0.11334240 -0.06301683 -0.01069847 0.54117647 0.42352941 0.64313725
v 0.11066194 -0.06010752 -0.01363285 0.54117647 0.42352941 0.64313725
v 0.05004351 -0.05881029 -0.02230795 0.54117647 0.42352941 0.64313725
v 0.04568983 -0.05933925 -0.01378224 0.54117647 0.42352941 0.64313725
v 0.04201044 -0.06285310 -0.00821225 0.54117647 0.42352941 0.64313725
v 0.04260147 -0.06101432 -0.00522452 0.54117647 0.42352941 0.64313725
v 0.09562804 -0.06781532 -0.03700118 0.54117647 0.42352941 0.64313725
v 0.08948461 -0.06651809 -0.03907125 0.54117647 0.42352941 0.64313725
v 0.08428185 -0.06587577 -0.04039439 0.54117647 0.42352941 0.64313725
v 0.07889595 -0.06602690 -0.04099194 0.54117647 0.42352941 0.64313725
v 0.07906244 -0.06051054 -0.03875114 0.54117647 0.42352941 0.64313725
v 0.07353502 -0.06755083 -0.04113066 0.54117647 0.42352941 0.64313725
v 0.11358381 -0.06580020 -0.01439046 0.54117647 0.42352941 0.64313725
v 0.11098659 -0.06479265 -0.01960832 0.54117647 0.42352941 0.64313725
v 0.11091999 -0.06635436 -0.02093146 0.54117647 0.42352941 0.64313725
v 0.11083675 -0.06836947 -0.02262806 0.54117647 0.42352941 0.64313725
v 0.11041220 -0.07218559 -0.02506093 0.54117647 0.42352941 0.64313725
v 0.10595864 -0.07198408 -0.03036415 0.54117647 0.42352941 0.64313725
v 0.10114712 -0.06967929 -0.03398144 0.54117647 0.42352941 0.64313725
v 0.04970221 -0.06255084 -0.02575451 0.54117647 0.42352941 0.64313725
v 0.05587060 -0.06401179 -0.03294641 0.54117647 0.42352941 0.64313725
v 0.04974383 -0.06682035 -0.02859285 0.54117647 0.42352941 0.64313725
v 0.06311285 -0.06668181 -0.03818561 0.54117647 0.42352941 0.64313725
v 0.06293803 -0.06205965 -0.03606218 0.54117647 0.42352941 0.64313725
v 0.06855702 -0.07180775 -0.04098127 0.54117647 0.42352941 0.64313725
v 0.03952976 -0.06580020 -0.00095633 0.54117647 0.42352941 0.64313725
v 0.04021237 -0.06372212 0.00289571 0.54117647 0.42352941 0.64313725
v 0.03842262 -0.06733673 0.01085588 0.54117647 0.42352941 0.64313725
v 0.03926338 -0.06528383 0.01947762 0.54117647 0.42352941 0.64313725
v 0.03977117 -0.06379769 0.06651306 0.54117647 0.42352941 0.64313725
v 0.11379192 -0.06039719 0.06651306 0.54117647 0.42352941 0.64313725
v 0.11469096 -0.06192111 0.06651306 0.54117647 0.42352941 0.64313725
v 0.11482415 -0.06214781 0.06651306 0.54117647 0.42352941 0.64313725
v 0.11545681 -0.06335688 0.06651306 0.54117647 0.42352941 0.64313725
v 0.11710504 -0.06697149 0.06651306 0.54117647 0.42352941 0.64313725
v 0.11674708 -0.06614025 0.06500852 0.54117647 0.42352941 0.64313725
v 0.11702180 -0.06661884 0.05479688 0.54117647 0.42352941 0.64313725
v 0.11737142 -0.06752564 0.06531797 0.54117647 0.42352941 0.64313725
v 0.11840365 -0.07067425 0.04162952 0.54117647 0.42352941 0.64313725
v 0.11870333 -0.07179516 0.05479688 0.54117647 0.42352941 0.64313725
v 0.11870333 -0.07179516 0.05185183 0.54117647 0.42352941 0.64313725
v 0.11927771 -0.07401178 0.02336167 0.54117647 0.42352941 0.64313725
v 0.11956907 -0.07534679 0.01526278 0.54117647 0.42352941 0.64313725
v 0.11827878 -0.07086317 0.00258627 0.54117647 0.42352941 0.64313725
v 0.11852852 -0.07231153 -0.00047616 0.54117647 0.42352941 0.64313725
v 0.11562329 -0.06704705 -0.00887382 0.54117647 0.42352941 0.64313725
v 0.04505718 -0.06247527 -0.01752758 0.54117647 0.42352941 0.64313725
v 0.04137779 -0.06595134 -0.01195759 0.54117647 0.42352941 0.64313725
v 0.04186892 -0.06355839 -0.00907656 0.54117647 0.42352941 0.64313725
v 0.03893040 -0.06830650 -0.00444558 0.54117647 0.42352941 0.64313725
v 0.10022311 -0.07495636 -0.03559268 0.54117647 0.42352941 0.64313725
v 0.09484554 -0.07326871 -0.03840968 0.54117647 0.42352941 0.64313725
v 0.08930980 -0.06852060 -0.03979685 0.54117647 0.42352941 0.64313725
v 0.08392390 -0.07151808 -0.04153614 0.54117647 0.42352941 0.64313725
v 0.07873778 -0.07421329 -0.04226172 0.54117647 0.42352941 0.64313725
v 0.07379308 -0.07587576 -0.04218703 0.54117647 0.42352941 0.64313725
v 0.11571486 -0.06881027 -0.01092255 0.54117647 0.42352941 0.64313725
v 0.11577313 -0.07009491 -0.01241642 0.54117647 0.42352941 0.64313725
v 0.11359213 -0.06907476 -0.01764495 0.54117647 0.42352941 0.64313725
v 0.11331743 -0.07282790 -0.02047262 0.54117647 0.42352941 0.64313725
v 0.11273472 -0.07703445 -0.02290549 0.54117647 0.42352941 0.64313725
v 0.10999598 -0.07465410 -0.02625602 0.54117647 0.42352941 0.64313725
v 0.10965468 -0.07665661 -0.02721636 0.54117647 0.42352941 0.64313725
v 0.10498468 -0.07703445 -0.03217813 0.54117647 0.42352941 0.64313725
v 0.04478247 -0.07020826 -0.02358840 0.54117647 0.42352941 0.64313725
v 0.04473253 -0.06610247 -0.02079274 0.54117647 0.42352941 0.64313725
v 0.05626185 -0.06894881 -0.03510184 0.54117647 0.42352941 0.64313725
v 0.05020167 -0.07156846 -0.03085499 0.54117647 0.42352941 0.64313725
v 0.04523199 -0.07472966 -0.02593590 0.54117647 0.42352941 0.64313725
v 0.06314614 -0.06704705 -0.03827097 0.54117647 0.42352941 0.64313725
v 0.05701937 -0.07433924 -0.03661705 0.54117647 0.42352941 0.64313725
v 0.06393697 -0.07460372 -0.03990355 0.54117647 0.42352941 0.64313725
v 0.06969746 -0.08381026 -0.04172820 0.54117647 0.42352941 0.64313725
v 0.06541039 -0.08465408 -0.04067183 0.54117647 0.42352941 0.64313725
v 0.03742369 -0.07087577 0.00358929 0.54117647 0.42352941 0.64313725
v 0.03804802 -0.06869693 0.06651306 0.54117647 0.42352941 0.64313725
v 0.03727385 -0.07096392 0.02250803 0.54117647 0.42352941 0.64313725
v 0.11737974 -0.06767677 0.06651306 0.54117647 0.42352941 0.64313725
v 0.11806235 -0.06986821 0.06651306 0.54117647 0.42352941 0.64313725
v 0.11867003 -0.07179516 0.06626764 0.54117647 0.42352941 0.64313725
v 0.11886981 -0.07246266 0.06641703 0.54117647 0.42352941 0.64313725
v 0.11911954 -0.07396140 0.06651306 0.54117647 0.42352941 0.64313725
v 0.11954409 -0.07596392 0.04292065 0.54117647 0.42352941 0.64313725
v 0.11979382 -0.07819313 0.06651306 0.54117647 0.42352941 0.64313725
v 0.11990205 -0.07787828 0.00833765 0.54117647 0.42352941 0.64313725
v 0.12011847 -0.08185812 0.00247956 0.54117647 0.42352941 0.64313725
v 0.11854516 -0.07268936 -0.00092432 0.54117647 0.42352941 0.64313725
v 0.04101983 -0.06949037 -0.01521208 0.54117647 0.42352941 0.64313725
v 0.04131119 -0.06658106 -0.01253379 0.54117647 0.42352941 0.64313725
v 0.03848921 -0.07124100 -0.00760404 0.54117647 0.42352941 0.64313725
v 0.03664951 -0.07601430 -0.00247154 0.54117647 0.42352941 0.64313725
v 0.10401072 -0.08870949 -0.03340524 0.54117647 0.42352941 0.64313725
v 0.10317828 -0.08838204 -0.03398144 0.54117647 0.42352941 0.64313725
v 0.10223762 -0.08801680 -0.03463234 0.54117647 0.42352941 0.64313725
v 0.09973197 -0.08705962 -0.03636096 0.54117647 0.42352941 0.64313725
v 0.09710978 -0.08624098 -0.03783348 0.54117647 0.42352941 0.64313725
v 0.08837746 -0.07689591 -0.04103462 0.54117647 0.42352941 0.64313725
v 0.09273946 -0.08518305 -0.03974349 0.54117647 0.42352941 0.64313725
v 0.09235654 -0.08508229 -0.03990355 0.54117647 0.42352941 0.64313725
v 0.08367417 -0.08387323 -0.04208033 0.54117647 0.42352941 0.64313725
v 0.08307481 -0.08384804 -0.04213368 0.54117647 0.42352941 0.64313725
v 0.07861292 -0.08364653 -0.04249648 0.54117647 0.42352941 0.64313725
v 0.07584921 -0.08365912 -0.04245380 0.54117647 0.42352941 0.64313725
v 0.07500012 -0.08368431 -0.04241111 0.54117647 0.42352941 0.64313725
v 0.07415103 -0.08372210 -0.04234709 0.54117647 0.42352941 0.64313725
v 0.06972244 -0.08406215 -0.04173887 0.54117647 0.42352941 0.64313725
v 0.11865338 -0.07540976 -0.00412546 0.54117647 0.42352941 0.64313725
v 0.11873662 -0.07753822 -0.00663302 0.54117647 0.42352941 0.64313725
v 0.11725488 -0.07826870 -0.01323804 0.54117647 0.42352941 0.64313725
v 0.11572318 -0.07194629 -0.01404900 0.54117647 0.42352941 0.64313725
v 0.11566491 -0.07358357 -0.01550019 0.54117647 0.42352941 0.64313725
v 0.11547345 -0.07552311 -0.01682333 0.54117647 0.42352941 0.64313725
v 0.11526535 -0.07761379 -0.01824250 0.54117647 0.42352941 0.64313725
v 0.11450782 -0.08228633 -0.02076073 0.54117647 0.42352941 0.64313725
v 0.11184401 -0.08160623 -0.02498623 0.54117647 0.42352941 0.64313725
v 0.10848094 -0.08198406 -0.02916906 0.54117647 0.42352941 0.64313725
v 0.10639984 -0.08983040 -0.03137785 0.54117647 0.42352941 0.64313725
v 0.04139443 -0.07796643 -0.02061134 0.54117647 0.42352941 0.64313725
v 0.04101151 -0.07348281 -0.01806110 0.54117647 0.42352941 0.64313725
v 0.05105909 -0.07671958 -0.03260495 0.54117647 0.42352941 0.64313725
v 0.04608108 -0.07961631 -0.02790994 0.54117647 0.42352941 0.64313725
v 0.04395835 -0.08121580 -0.02537037 0.54117647 0.42352941 0.64313725
v 0.05809322 -0.08005711 -0.03762007 0.54117647 0.42352941 0.64313725
v 0.05226613 -0.08218557 -0.03394943 0.54117647 0.42352941 0.64313725
v 0.06444475 -0.08483041 -0.04036238 0.54117647 0.42352941 0.64313725
v 0.05974146 -0.08586315 -0.03849505 0.54117647 0.42352941 0.64313725
v 0.06759971 -0.10097648 -0.04126937 0.54117647 0.42352941 0.64313725
v 0.06520228 -0.12796637 -0.04060780 0.54117647 0.42352941 0.64313725
v 0.03616670 -0.07620321 0.00807089 0.54117647 0.42352941 0.64313725
v 0.03677438 -0.07289087 0.01465457 0.54117647 0.42352941 0.64313725
v 0.03724055 -0.07125360 0.06651306 0.54117647 0.42352941 0.64313725
v 0.03715730 -0.07153068 0.06651306 0.54117647 0.42352941 0.64313725
v 0.11862008 -0.07166921 0.06651306 0.54117647 0.42352941 0.64313725
v 0.11886149 -0.07246266 0.06651306 0.54117647 0.42352941 0.64313725
v 0.11893641 -0.07289087 0.06651306 0.54117647 0.42352941 0.64313725
v 0.11980215 -0.07833168 0.06651306 0.54117647 0.42352941 0.64313725
v 0.11997696 -0.08103948 0.05479688 0.54117647 0.42352941 0.64313725
v 0.11998529 -0.08251303 0.06651306 0.54117647 0.42352941 0.64313725
v 0.12023502 -0.09334425 0.00451762 0.54117647 0.42352941 0.64313725
v 0.12025999 -0.09925104 0.00049485 0.54117647 0.42352941 0.64313725
v 0.12007686 -0.08732411 -0.00252489 0.54117647 0.42352941 0.64313725
v 0.03825613 -0.07459113 -0.01047439 0.54117647 0.42352941 0.64313725
v 0.03646638 -0.08261378 -0.00759337 0.54117647 0.42352941 0.64313725
v 0.03547577 -0.08705962 -0.00217277 0.54117647 0.42352941 0.64313725
v 0.03565891 -0.08097651 0.00256492 0.54117647 0.42352941 0.64313725
v 0.10639984 -0.12796637 -0.03137785 0.54117647 0.42352941 0.64313725
v 0.10240411 -0.12796637 -0.03461100 0.54117647 0.42352941 0.64313725
v 0.10318661 -0.10097648 -0.03403479 0.54117647 0.42352941 0.64313725
v 0.09973197 -0.12796637 -0.03636096 0.54117647 0.42352941 0.64313725
v 0.09732621 -0.10097648 -0.03771611 0.54117647 0.42352941 0.64313725
v 0.09494543 -0.12796637 -0.03885785 0.54117647 0.42352941 0.64313725
v 0.09415461 -0.10097648 -0.03919930 0.54117647 0.42352941 0.64313725
v 0.08746178 -0.08426366 -0.04137608 0.54117647 0.42352941 0.64313725
v 0.08517256 -0.08402436 -0.04180289 0.54117647 0.42352941 0.64313725
v 0.09371341 -0.12796637 -0.03931668 0.54117647 0.42352941 0.64313725
v 0.08985921 -0.12796637 -0.04073585 0.54117647 0.42352941 0.64313725
v 0.08518088 -0.10097648 -0.04184558 0.54117647 0.42352941 0.64313725
v 0.08457320 -0.12796637 -0.04194161 0.54117647 0.42352941 0.64313725
v 0.07918730 -0.12796637 -0.04247513 0.54117647 0.42352941 0.64313725
v 0.07584921 -0.12796637 -0.04245380 0.54117647 0.42352941 0.64313725
v 0.07418432 -0.10097648 -0.04234709 0.54117647 0.42352941 0.64313725
v 0.07152883 -0.10097648 -0.04204832 0.54117647 0.42352941 0.64313725
v 0.07047164 -0.12796637 -0.04187759 0.54117647 0.42352941 0.64313725
v 0.11991037 -0.09056088 -0.00479770 0.54117647 0.42352941 0.64313725
v 0.11871165 -0.07794125 -0.00693180 0.54117647 0.42352941 0.64313725
v 0.11847024 -0.08150547 -0.00962075 0.54117647 0.42352941 0.64313725
v 0.11828711 -0.08427625 -0.01169083 0.54117647 0.42352941 0.64313725
v 0.11613941 -0.08622839 -0.01789037 0.54117647 0.42352941 0.64313725
v 0.11416652 -0.08387323 -0.02145431 0.54117647 0.42352941 0.64313725
v 0.11418316 -0.09513266 -0.02185979 0.54117647 0.42352941 0.64313725
v 0.11332575 -0.08779010 -0.02316158 0.54117647 0.42352941 0.64313725
v 0.11192725 -0.09325609 -0.02523165 0.54117647 0.42352941 0.64313725
v 0.10928841 -0.09149287 -0.02839011 0.54117647 0.42352941 0.64313725
v 0.10853089 -0.09100169 -0.02928644 0.54117647 0.42352941 0.64313725
v 0.10811466 -0.12796637 -0.02972392 0.54117647 0.42352941 0.64313725
v 0.04143606 -0.07821832 -0.02072872 0.54117647 0.42352941 0.64313725
v 0.04218525 -0.08281530 -0.02285214 0.54117647 0.42352941 0.64313725
v 0.04062859 -0.08491857 -0.02036592 0.54117647 0.42352941 0.64313725
v 0.03861408 -0.08237449 -0.01544683 0.54117647 0.42352941 0.64313725
v 0.03828942 -0.07831908 -0.01307799 0.54117647 0.42352941 0.64313725
v 0.04727147 -0.08475484 -0.02956386 0.54117647 0.42352941 0.64313725
v 0.04388343 -0.09013267 -0.02566915 0.54117647 0.42352941 0.64313725
v 0.04222687 -0.08306718 -0.02296952 0.54117647 0.42352941 0.64313725
v 0.05936686 -0.08597650 -0.03830298 0.54117647 0.42352941 0.64313725
v 0.05861766 -0.10097648 -0.03795085 0.54117647 0.42352941 0.64313725
v 0.05596217 -0.08698406 -0.03649967 0.54117647 0.42352941 0.64313725
v 0.05189985 -0.08852058 -0.03373602 0.54117647 0.42352941 0.64313725
v 0.04802900 -0.09038456 -0.03038549 0.54117647 0.42352941 0.64313725
v 0.06039909 -0.12796637 -0.03879382 0.54117647 0.42352941 0.64313725
v 0.05974146 -0.12796637 -0.03849505 0.54117647 0.42352941 0.64313725
v 0.06799096 -0.16917539 -0.04104529 0.54117647 0.42352941 0.64313725
v 0.03616670 -0.07675737 0.06651306 0.54117647 0.42352941 0.64313725
v 0.03669946 -0.07353319 0.04868270 0.54117647 0.42352941 0.64313725
v 0.11960236 -0.08711000 0.06651306 0.54117647 0.42352941 0.64313725
v 0.11992701 -0.16917539 0.00119910 0.54117647 0.42352941 0.64313725
v 0.12022669 -0.12796637 0.00139117 0.54117647 0.42352941 0.64313725
v 0.12021005 -0.10097648 -0.00154321 0.54117647 0.42352941 0.64313725
v 0.12011847 -0.09665659 -0.00321847 0.54117647 0.42352941 0.64313725
v 0.03709071 -0.09037196 -0.01210697 0.54117647 0.42352941 0.64313725
v 0.03577545 -0.09417548 -0.00650498 0.54117647 0.42352941 0.64313725
v 0.03532593 -0.10097648 -0.00258891 0.54117647 0.42352941 0.64313725
v 0.03526766 -0.09806717 -0.00090298 0.54117647 0.42352941 0.64313725
v 0.03522604 -0.09597649 0.00031345 0.54117647 0.42352941 0.64313725
v 0.03523436 -0.09496893 0.00097502 0.54117647 0.42352941 0.64313725
v 0.03526766 -0.09160622 0.00317314 0.54117647 0.42352941 0.64313725
v 0.03528431 -0.08999413 0.00424019 0.54117647 0.42352941 0.64313725
v 0.03582540 -0.08165661 0.06651306 0.54117647 0.42352941 0.64313725
v 0.03585870 -0.08030900 0.05479688 0.54117647 0.42352941 0.64313725
v 0.03593361 -0.07898659 0.04868270 0.54117647 0.42352941 0.64313725
v 0.03530928 -0.08925106 0.00482706 0.54117647 0.42352941 0.64313725
v 0.03541750 -0.08621580 0.00730261 0.54117647 0.42352941 0.64313725
v 0.10841434 -0.16917539 -0.02897699 0.54117647 0.42352941 0.64313725
v 0.10381926 -0.15632906 -0.03318115 0.54117647 0.42352941 0.64313725
v 0.10346132 -0.15697137 -0.03345859 0.54117647 0.42352941 0.64313725
v 0.10201286 -0.15799152 -0.03452564 0.54117647 0.42352941 0.64313725
v 0.09987348 -0.16917539 -0.03593414 0.54117647 0.42352941 0.64313725
v 0.09716805 -0.15799152 -0.03746001 0.54117647 0.42352941 0.64313725
v 0.09490381 -0.15697137 -0.03854841 0.54117647 0.42352941 0.64313725
v 0.09406304 -0.15601420 -0.03891120 0.54117647 0.42352941 0.64313725
v 0.09397148 -0.15557339 -0.03895388 0.54117647 0.42352941 0.64313725
v 0.08981759 -0.16917539 -0.04042641 0.54117647 0.42352941 0.64313725
v 0.08471472 -0.12796637 -0.04190960 0.54117647 0.42352941 0.64313725
v 0.07893757 -0.16917539 -0.04217636 0.54117647 0.42352941 0.64313725
v 0.11967728 -0.10087573 -0.00682509 0.54117647 0.42352941 0.64313725
v 0.11964399 -0.09407473 -0.00695314 0.54117647 0.42352941 0.64313725
v 0.11881987 -0.09153065 -0.01068780 0.54117647 0.42352941 0.64313725
v 0.11756288 -0.08874728 -0.01404900 0.54117647 0.42352941 0.64313725
v 0.11657227 -0.09480521 -0.01725014 0.54117647 0.42352941 0.64313725
v 0.11608114 -0.09710999 -0.01831719 0.54117647 0.42352941 0.64313725
v 0.11250163 -0.10097648 -0.02445271 0.54117647 0.42352941 0.64313725
v 0.11462436 -0.12796637 -0.02110218 0.54117647 0.42352941 0.64313725
v 0.11164422 -0.12796637 -0.02562646 0.54117647 0.42352941 0.64313725
v 0.04077843 -0.09563644 -0.02096346 0.54117647 0.42352941 0.64313725
v 0.03923009 -0.08668179 -0.01764495 0.54117647 0.42352941 0.64313725
v 0.03804802 -0.08850798 -0.01489197 0.54117647 0.42352941 0.64313725
v 0.04667212 -0.12796637 -0.02899833 0.54117647 0.42352941 0.64313725
v 0.04544843 -0.10097648 -0.02762184 0.54117647 0.42352941 0.64313725
v 0.04452441 -0.09253821 -0.02651211 0.54117647 0.42352941 0.64313725
v 0.04355046 -0.09325609 -0.02524232 0.54117647 0.42352941 0.64313725
v 0.04110308 -0.09534677 -0.02146498 0.54117647 0.42352941 0.64313725
v 0.05592887 -0.12796637 -0.03641431 0.54117647 0.42352941 0.64313725
v 0.05499654 -0.12796637 -0.03590213 0.54117647 0.42352941 0.64313725
v 0.05176666 -0.12796637 -0.03355462 0.54117647 0.42352941 0.64313725
v 0.05060957 -0.12796637 -0.03271165 0.54117647 0.42352941 0.64313725
v 0.05077606 -0.10097648 -0.03285037 0.54117647 0.42352941 0.64313725
v 0.05769365 -0.16917539 -0.03711856 0.54117647 0.42352941 0.64313725
v 0.03591696 -0.08033419 0.06651306 0.54117647 0.42352941 0.64313725
v 0.11945253 -0.08888582 0.06651306 0.54117647 0.42352941 0.64313725
v 0.11818721 -0.16917539 0.01206164 0.54117647 0.42352941 0.64313725
v 0.11880322 -0.16917539 -0.00975947 0.54117647 0.42352941 0.64313725
v 0.12005188 -0.12796637 -0.00389071 0.54117647 0.42352941 0.64313725
v 0.12011015 -0.12796637 -0.00216210 0.54117647 0.42352941 0.64313725
v 0.03679935 -0.10097648 -0.01136004 0.54117647 0.42352941 0.64313725
v 0.03649968 -0.10097648 -0.01019696 0.54117647 0.42352941 0.64313725
v 0.03628324 -0.10097648 -0.00931131 0.54117647 0.42352941 0.64313725
v 0.03583372 -0.10097648 -0.00701716 0.54117647 0.42352941 0.64313725
v 0.03568388 -0.12796637 -0.00606749 0.54117647 0.42352941 0.64313725
v 0.03527598 -0.10098908 -0.00166058 0.54117647 0.42352941 0.64313725
v 0.03532593 -0.12796637 -0.00258891 0.54117647 0.42352941 0.64313725
v 0.03532593 -0.12796637 0.00302375 0.54117647 0.42352941 0.64313725
v 0.03557567 -0.16917539 -0.00119108 0.54117647 0.42352941 0.64313725
v 0.03615005 -0.08741227 0.06651306 0.54117647 0.42352941 0.64313725
v 0.11487409 -0.16917539 -0.02005648 0.54117647 0.42352941 0.64313725
v 0.11917782 -0.12796637 -0.00941801 0.54117647 0.42352941 0.64313725
v 0.11813726 -0.09996893 -0.01318469 0.54117647 0.42352941 0.64313725
v 0.11868668 -0.10097648 -0.01137071 0.54117647 0.42352941 0.64313725
v 0.11701347 -0.12796637 -0.01623645 0.54117647 0.42352941 0.64313725
v 0.11653065 -0.10097648 -0.01734617 0.54117647 0.42352941 0.64313725
v 0.04323413 -0.12796637 -0.02480484 0.54117647 0.42352941 0.64313725
v 0.04036221 -0.12796637 -0.02021653 0.54117647 0.42352941 0.64313725
v 0.04017907 -0.10097648 -0.01987508 0.54117647 0.42352941 0.64313725
v 0.03851419 -0.09820570 -0.01634315 0.54117647 0.42352941 0.64313725
v 0.04876987 -0.16917539 -0.03066293 0.54117647 0.42352941 0.64313725
v 0.11873662 -0.09243745 0.06651306 0.54117647 0.42352941 0.64313725
v 0.11368370 -0.16917539 0.02212390 0.54117647 0.42352941 0.64313725
v 0.11795413 -0.09495634 0.06651306 0.54117647 0.42352941 0.64313725
v 0.11868668 -0.12796637 -0.01137071 0.54117647 0.42352941 0.64313725
v 0.03825613 -0.12796637 -0.01570293 0.54117647 0.42352941 0.64313725
v 0.03679935 -0.12796637 -0.01136004 0.54117647 0.42352941 0.64313725
v 0.03635816 -0.12796637 -0.00928997 0.54117647 0.42352941 0.64313725
v 0.03731547 -0.16917539 -0.01206429 0.54117647 0.42352941 0.64313725
v 0.03669946 -0.16917539 0.00976749 0.54117647 0.42352941 0.64313725
v 0.03634983 -0.08859614 0.06651306 0.54117647 0.42352941 0.64313725
v 0.11824548 -0.10097648 -0.01283257 0.54117647 0.42352941 0.64313725
v 0.04181898 -0.16917539 -0.02211588 0.54117647 0.42352941 0.64313725
v 0.10673281 -0.16917539 0.03067095 0.54117647 0.42352941 0.64313725
v 0.11673044 -0.09867170 0.06651306 0.54117647 0.42352941 0.64313725
v 0.11637248 -0.09952812 0.06651306 0.54117647 0.42352941 0.64313725
v 0.11610611 -0.10012006 0.06651306 0.54117647 0.42352941 0.64313725
v 0.11588968 -0.10058605 0.06651306 0.54117647 0.42352941 0.64313725
v 0.11551508 -0.10137950 0.06651306 0.54117647 0.42352941 0.64313725
v 0.11538188 -0.10164399 0.06651306 0.54117647 0.42352941 0.64313725
v 0.11504058 -0.10227371 0.06651306 0.54117647 0.42352941 0.64313725
v 0.11358381 -0.10489335 0.06651306 0.54117647 0.42352941 0.64313725
v 0.04062859 -0.16917539 0.02005383 0.54117647 0.42352941 0.64313725
v 0.03737374 -0.09347020 0.06651306 0.54117647 0.42352941 0.64313725
v 0.03684930 -0.09153065 0.06651306 0.54117647 0.42352941 0.64313725
v 0.03654130 -0.08972965 0.06651306 0.54117647 0.42352941 0.64313725
v 0.09780903 -0.16917539 0.03712658 0.54117647 0.42352941 0.64313725
v 0.10942160 -0.11054826 0.06651306 0.54117647 0.42352941 0.64313725
v 0.04708834 -0.16917539 0.02898501 0.54117647 0.42352941 0.64313725
v 0.03962966 -0.09999412 0.06651306 0.54117647 0.42352941 0.64313725
v 0.03942987 -0.09952812 0.06651306 0.54117647 0.42352941 0.64313725
v 0.03903862 -0.09857094 0.06651306 0.54117647 0.42352941 0.64313725
v 0.03853083 -0.09729890 0.06651306 0.54117647 0.42352941 0.64313725
v 0.03827278 -0.09645508 0.06651306 0.54117647 0.42352941 0.64313725
v 0.08751172 -0.16917539 0.04105331 0.54117647 0.42352941 0.64313725
v 0.10794818 -0.11217294 0.06651306 0.54117647 0.42352941 0.64313725
v 0.10730719 -0.11287823 0.06651306 0.54117647 0.42352941 0.64313725
v 0.10180475 -0.11753817 0.06651306 0.54117647 0.42352941 0.64313725
v 0.10078917 -0.11819309 0.06651306 0.54117647 0.42352941 0.64313725
v 0.05562919 -0.16917539 0.03593149 0.54117647 0.42352941 0.64313725
v 0.04569816 -0.10966665 0.06651306 0.54117647 0.42352941 0.64313725
v 0.04368365 -0.10704701 0.06651306 0.54117647 0.42352941 0.64313725
v 0.04359208 -0.10692106 0.06651306 0.54117647 0.42352941 0.64313725
v 0.04266807 -0.10559864 0.06651306 0.54117647 0.42352941 0.64313725
v 0.04153595 -0.10352056 0.06651306 0.54117647 0.42352941 0.64313725
v 0.04141941 -0.10330646 0.06651306 0.54117647 0.42352941 0.64313725
v 0.07656511 -0.16917539 0.04217371 0.54117647 0.42352941 0.64313725
v 0.09552814 -0.12114018 0.06651306 0.54117647 0.42352941 0.64313725
v 0.09298087 -0.12237444 0.06651306 0.54117647 0.42352941 0.64313725
v 0.09267286 -0.12248779 0.06651306 0.54117647 0.42352941 0.64313725
v 0.09035035 -0.12326864 0.06651306 0.54117647 0.42352941 0.64313725
v 0.08602165 -0.12443993 0.06651306 0.54117647 0.42352941 0.64313725
v 0.08387395 -0.12486814 0.06651306 0.54117647 0.42352941 0.64313725
v 0.06568509 -0.16917539 0.04043443 0.54117647 0.42352941 0.64313725
v 0.05492162 -0.11816790 0.06651306 0.54117647 0.42352941 0.64313725
v 0.04941085 -0.11378503 0.06651306 0.54117647 0.42352941 0.64313725
v 0.04900295 -0.11340720 0.06651306 0.54117647 0.42352941 0.64313725
v 0.04740467 -0.11164398 0.06651306 0.54117647 0.42352941 0.64313725
v 0.08327459 -0.12496889 0.06651306 0.54117647 0.42352941 0.64313725
v 0.08310811 -0.12498149 0.06651306 0.54117647 0.42352941 0.64313725
v 0.08060245 -0.12517041 0.06651306 0.54117647 0.42352941 0.64313725
v 0.07610727 -0.12525857 0.06651306 0.54117647 0.42352941 0.64313725
v 0.07459222 -0.12517041 0.06651306 0.54117647 0.42352941 0.64313725
v 0.07353502 -0.12510744 0.06651306 0.54117647 0.42352941 0.64313725
v 0.06645926 -0.12364648 0.06651306 0.54117647 0.42352941 0.64313725
v 0.06391199 -0.12281525 0.06651306 0.54117647 0.42352941 0.64313725
v 0.05737732 -0.11972961 0.06651306 0.54117647 0.42352941 0.64313725
v 0.05644499 -0.11913767 0.06651306 0.54117647 0.42352941 0.64313725


vn -0.12225199 -0.00332973 -0.99249351
vn -0.26223964 -0.02829776 -0.96458779
vn -0.99877099 0.04245828 0.02556953
vn -0.20182492 0.02094572 -0.97919762
vn -0.00110441 0.00001142 -0.99999939
vn -0.01352324 -0.00095889 -0.99990810
vn -0.27747080 -0.06546898 -0.95850079
vn -0.98393782 -0.17143379 0.04976769
vn -0.99643596 -0.07389632 0.04067813
vn -0.01499711 -0.00247152 -0.99988448
vn -0.01516000 -0.00263870 -0.99988160
vn -0.01585413 -0.00325945 -0.99986900
vn -0.96994586 0.01608699 0.24278848
vn -0.97923791 0.19801645 0.04338904
vn -0.09860452 0.01788276 -0.99496601
vn -0.01098659 0.00145317 -0.99993859
vn -0.27471961 -0.08979054 -0.95732272
vn -0.94210862 -0.33366718 0.03312941
vn -0.01734212 -0.00499186 -0.99983715
vn -0.01765504 -0.00533262 -0.99982992
vn -0.95627605 -0.15980232 0.24494762
vn -0.91218346 -0.32958959 0.24349958
vn -0.86917104 0.01689915 0.49422275
vn -0.87162468 0.17932509 0.45619396
vn -0.95057819 0.19097816 0.24480287
vn -0.87786140 -0.14695097 0.45581220
vn -0.90117923 0.35682038 0.24607970
vn -0.93045837 0.36496820 0.03233325
vn -0.13441561 0.04471479 -0.98991567
vn -0.14527391 0.03968312 -0.98859534
vn -0.00978029 0.00262747 -0.99994872
vn -0.01039533 0.00196233 -0.99994404
vn -0.39308915 -0.16850380 -0.90392886
vn -0.01923885 -0.00664682 -0.99979282
vn -0.86554481 -0.49892587 0.04364808
vn -0.81660741 -0.29880348 0.49383075
vn -0.83735213 -0.48867185 0.24503313
vn -0.76643780 -0.45210463 0.45626144
vn -0.75533994 -0.07483900 0.65104585
vn -0.73460116 0.02386728 0.67807927
vn -0.72217008 0.10399382 0.68385354
vn -0.73277240 0.20785208 0.64795226
vn -0.80363386 0.33015243 0.49514846
vn -0.70479527 -0.19143969 0.68309184
vn -0.74820540 0.48055172 0.45744805
vn -0.82426363 0.51319664 0.23920427
vn -0.89006193 0.45170089 0.06128676
vn -0.11951654 0.05947943 -0.99104894
vn -0.00844979 0.00363605 -0.99995769
vn -0.00907554 0.00306477 -0.99995412
vn -0.00925859 0.00291855 -0.99995288
vn -0.27776541 -0.15484489 -0.94808725
vn -0.02011540 -0.00812494 -0.99976465
vn -0.02461733 -0.01231457 -0.99962110
vn -0.62702781 -0.45742754 -0.63055228
vn -0.74169916 -0.67014070 0.02817428
vn -0.76723204 -0.59512108 0.23913575
vn -0.69446972 -0.31064240 0.64900933
vn -0.71387857 -0.53015081 0.45751230
vn -0.59956756 -0.43872376 0.66935805
vn -0.62180654 -0.39339287 0.67719914
vn -0.59599550 -0.04571526 0.80168540
vn -0.55007871 0.07384900 0.83184117
vn -0.56280559 0.20084061 0.80181851
vn -0.66956955 0.30817197 0.67580075
vn -0.63046990 0.36892984 0.68293373
vn -0.52443762 -0.26389026 0.80952277
vn -0.56005210 -0.15328977 0.81415225
vn -0.57081973 0.49479979 0.65523889
vn -0.62908847 0.59756691 0.49715338
vn -0.71407566 0.65653434 0.24301977
vn -0.81904297 0.57273341 0.03383851
vn -0.06858771 0.04557419 -0.99660359
vn -0.00769753 0.00427498 -0.99996124
vn -0.02450858 -0.01329115 -0.99961126
vn -0.03267633 -0.02053541 -0.99925500
vn -0.72662601 -0.68612763 -0.03526353
vn -0.03475433 -0.02588410 -0.99906063
vn -0.05744839 -0.04755608 -0.99721517
vn -0.73624070 -0.66652885 0.11699969
vn -0.72671930 -0.68693266 0.00160546
vn -0.73423240 -0.67331487 0.08689000
vn -0.72468229 -0.59377543 0.34966600
vn -0.65898397 -0.51550083 0.54772166
vn -0.39981204 -0.34947199 0.84736040
vn -0.60207528 -0.50580178 0.61779440
vn -0.51635560 -0.43208743 0.73937632
vn -0.39339397 -0.01722344 0.91920865
vn -0.40503060 -0.11421891 0.90714070
vn -0.39604800 0.05319284 0.91668779
vn -0.38817410 0.11926824 0.91383585
vn -0.35235709 0.20768454 0.91253034
vn -0.50005759 0.29464272 0.81432676
vn -0.43626537 0.39181819 0.81003150
vn -0.34146159 -0.31127208 0.88685606
vn -0.34027366 -0.17670310 0.92357450
vn -0.50031751 0.55059817 0.66822455
vn -0.54155915 0.71776786 0.43763340
vn -0.57558412 0.78555589 0.22716706
vn -0.62235610 0.78157439 0.04259534
vn -0.73171477 0.68081232 0.03298595
vn -0.16714602 0.13713041 -0.97634905
vn -0.00610331 0.00562877 -0.99996553
vn -0.00668372 0.00481897 -0.99996605
vn -0.04753528 -0.04198657 -0.99798674
vn -0.72187359 -0.69098384 -0.03794535
vn -0.72416202 -0.65399839 0.21880464
vn -0.71474062 -0.69883086 0.02795134
vn -0.66851619 -0.65140642 0.35882555
vn -0.66149298 -0.61052455 0.43553049
vn -0.70014364 -0.64114675 0.31421287
vn -0.68182966 -0.60855667 0.40591512
vn -0.43179002 -0.39057982 0.81302201
vn -0.38465667 -0.35455908 0.85224827
vn -0.36637858 -0.34187109 0.86538483
vn -0.60771916 -0.55579687 0.56724532
vn -0.55031671 -0.50306785 0.66638897
vn -0.47272983 -0.43620123 0.76567290
vn -0.19575706 -0.01302139 0.98056597
vn -0.24000315 0.03216605 0.97023906
vn -0.15018256 -0.03649426 0.98798450
vn -0.19084653 -0.08955060 0.97752662
vn -0.21966951 0.08306708 0.97203146
vn -0.16434026 0.09875261 0.98144801
vn -0.18133888 0.16303491 0.96981226
vn -0.29693567 0.26704231 0.91679748
vn -0.25351040 0.33577786 0.90718560
vn -0.34657347 0.48998720 0.79987460
vn -0.22516231 -0.22179498 0.94874070
vn -0.13282264 -0.13568721 0.98180809
vn -0.17298570 -0.12830387 0.97653165
vn -0.30794536 -0.31434744 0.89797291
vn -0.24020683 -0.23713692 0.94131119
vn -0.39982862 0.65274922 0.64347147
vn -0.40014151 0.77031786 0.49648481
vn -0.42565111 0.86845520 0.25417848
vn -0.52681867 0.84790582 0.05931112
vn -0.11394785 0.16976134 -0.97887536
vn -0.09739229 0.10823753 -0.98934290
vn -0.00506517 0.00633873 -0.99996708
vn -0.45327113 -0.55311192 -0.69900821
vn -0.70334549 -0.71075857 0.01128634
vn -0.70871617 -0.70546733 0.00610227
vn -0.69611366 -0.71557211 0.05815773
vn -0.67698433 -0.69149649 0.25204131
vn -0.54543244 -0.52809189 0.65086281
vn -0.57705486 -0.62262728 0.52852905
vn -0.54487200 -0.56451870 0.62002672
vn -0.53360086 -0.49334502 0.68693581
vn -0.69200812 -0.63287312 0.34726989
vn -0.45266097 -0.42800016 0.78224926
vn -0.11124072 0.01250687 0.99371479
vn -0.09451935 -0.06777002 0.99321363
vn -0.04957806 -0.03916702 0.99800198
vn -0.06910816 0.07327198 0.99491471
vn -0.13423545 0.19148602 0.97227257
vn -0.16731115 0.34465763 0.92369805
vn -0.23596349 0.50267056 0.83165109
vn -0.30381417 0.66476776 0.68248134
vn -0.19914537 -0.20018781 0.95930494
vn -0.07838348 -0.08334084 0.99343361
vn -0.12547813 -0.13558211 0.98278824
vn -0.07158037 -0.08328998 0.99395122
vn -0.18400711 -0.22006799 0.95797258
vn -0.40963054 -0.44136679 0.79837221
vn -0.28516761 -0.38394631 0.87821675
vn -0.16903876 -0.28081332 0.94475911
vn -0.25429693 0.85232526 0.45702813
vn -0.27080516 0.93089169 0.24516367
vn -0.27878796 0.95904880 0.05002673
vn -0.42996794 0.90249793 0.02500105
vn -0.06959540 0.11506222 -0.99091734
vn -0.00367340 0.00741447 -0.99996577
vn -0.57870571 -0.81544499 0.01221392
vn -0.63558793 -0.77202567 -0.00208473
vn -0.64863644 -0.76109817 0.00057987
vn -0.28758761 -0.38565574 -0.87667726
vn -0.60319641 -0.79645514 0.04258281
vn -0.65313864 -0.75467728 0.06222629
vn -0.60645585 -0.77564495 0.17488913
vn -0.59716856 -0.75434979 0.27266482
vn -0.60336432 -0.71514384 0.35287503
vn -0.57618628 -0.66710247 0.47221146
vn -0.44055468 -0.51870966 0.73270176
vn -0.45658264 -0.59176172 0.66434205
vn 0.00378181 0.00394220 0.99998508
vn -0.02090735 -0.03293995 0.99923863
vn 0.00172499 0.10906298 0.99403335
vn -0.05155039 0.13540274 0.98944866
vn -0.08914072 0.20475207 0.97474639
vn -0.09703187 0.39739036 0.91250519
vn -0.15602058 0.57901341 0.80025062
vn -0.16547962 0.72217449 0.67162527
vn -0.09782859 -0.16941558 0.98067728
vn -0.02370202 -0.11831200 0.99269355
vn -0.00465500 -0.04351122 0.99904209
vn -0.29480823 -0.49341617 0.81830837
vn -0.15412889 -0.38951401 0.90803255
vn -0.06223999 -0.22183341 0.97309615
vn -0.09398923 0.86347630 0.49555494
vn -0.09764900 0.96514000 0.24283626
vn -0.04953358 0.13132169 -0.99010153
vn -0.11459056 0.99307272 0.02599174
vn -0.03032128 0.14254262 -0.98932412
vn -0.05948052 0.12378654 -0.99052459
vn -0.00226916 0.00763112 -0.99996831
vn -0.31301131 -0.58903639 -0.74502352
vn -0.53587000 -0.84426228 0.00803441
vn -0.43450515 -0.89919506 0.05151236
vn -0.51163123 -0.85459943 0.08884426
vn -0.48494205 -0.85218729 0.19648923
vn -0.48895289 -0.81221661 0.31816544
vn -0.48463753 -0.75035179 0.44955385
vn -0.47261419 -0.67225737 0.56982967
vn -0.30223359 -0.60029576 0.74047273
vn 0.05504716 0.05207241 0.99712500
vn 0.02582378 0.00817390 0.99963309
vn 0.05069199 0.14351488 0.98834903
vn 0.04230728 0.22147261 0.97424842
vn -0.00983180 0.24762313 0.96880654
vn -0.05227900 0.21340049 0.97556504
vn -0.01569902 0.39928661 0.91669174
vn -0.02334722 0.58657849 0.80955579
vn -0.10190825 0.72886724 0.67702826
vn 0.02568178 -0.16497905 0.98596266
vn 0.04528240 -0.07328934 0.99628218
vn 0.04978478 -0.00217319 0.99875760
vn -0.14205975 -0.49920423 0.85475971
vn -0.02801144 -0.33132195 0.94310186
vn 0.00408684 0.76049456 0.64933144
vn 0.06944596 0.88728147 0.45597023
vn 0.09740370 0.97060511 0.22008689
vn 0.09546857 0.99452539 0.04248525
vn -0.01059470 0.99905623 0.04212358
vn 0.00222239 0.16671099 -0.98600330
vn -0.01576225 0.16167329 -0.98671845
vn -0.00091631 0.00863650 -0.99996228
vn -0.39707660 -0.91776798 0.00566608
vn -0.42560060 -0.90488906 -0.00631710
vn -0.50067439 -0.86562923 0.00334447
vn -0.20784061 -0.50764372 -0.83612208
vn -0.27615636 -0.95992434 0.04777989
vn -0.30539333 -0.93829873 0.16226645
vn -0.32447463 -0.89487760 0.30644786
vn -0.30880126 -0.82893228 0.46638295
vn -0.30796798 -0.71880861 0.62327355
vn -0.12856972 -0.63700969 0.76005821
vn 0.09530544 0.07274080 0.99278681
vn 0.12070141 0.13197332 0.98387713
vn 0.11119544 0.17753841 0.97781168
vn 0.07712075 0.05304071 0.99560990
vn 0.14393801 0.38282909 0.91253698
vn 0.05086662 0.40304270 0.91376647
vn 0.09854620 0.55714226 0.82454906
vn 0.11739450 0.72053074 0.68341348
vn 0.10032209 -0.12411492 0.98718335
vn 0.08123499 -0.26480128 0.96087520
vn 0.13030527 -0.05284467 0.99006463
vn 0.09354852 -0.00824885 0.99558055
vn 0.10463289 0.03686142 0.99382755
vn 0.00636994 -0.44351906 0.89624230
vn 0.22503179 0.84051181 0.49284946
vn 0.24834289 0.92616373 0.28380724
vn 0.26491858 0.96328977 0.04348517
vn 0.03094601 0.18825687 -0.98163216
vn 0.00060321 0.00881410 -0.99996097
vn -0.13980734 -0.42201319 -0.89574482
vn -0.09266504 -0.37703620 -0.92155135
vn -0.20719708 -0.97829837 -0.00128845
vn -0.16510131 -0.98609520 0.01891595
vn -0.06828962 -0.99632176 0.05176370
vn -0.06222797 -0.98067284 0.18549518
vn -0.10963608 -0.91286679 0.39326092
vn -0.11286726 -0.78449995 0.60977111
vn 0.04675508 -0.59065523 0.80556835
vn 0.16770359 0.13064774 0.97714209
vn 0.09804417 0.07398727 0.99242794
vn 0.32843336 0.30581048 0.89365065
vn 0.21182790 0.33831502 0.91688161
vn 0.14057927 0.09747016 0.98525988
vn 0.11209943 0.08233340 0.99028023
vn 0.30129099 0.49418580 0.81547786
vn 0.19684845 0.56611302 0.80047907
vn 0.26944632 0.68935717 0.67244730
vn 0.17848364 -0.20047303 0.96330377
vn 0.19995257 -0.08038332 0.97650268
vn 0.13658004 -0.36939615 0.91918027
vn 0.21535923 0.00894082 0.97649397
vn 0.15104757 0.02798164 0.98813039
vn 0.16289841 0.07341493 0.98390770
vn 0.36677589 0.80191207 0.47160628
vn 0.42084978 0.87606619 0.23535825
vn 0.41297945 0.91025974 0.02958340
vn 0.18260872 0.45033495 -0.87398655
vn 0.04261676 0.14458786 -0.98857380
vn 0.00218747 0.00934491 -0.99995394
vn -0.08781716 -0.51828455 -0.85068753
vn -0.03530811 -0.62283840 -0.78155337
vn 0.02567080 -0.99962668 0.00935494
vn 0.12579951 -0.98840251 0.08505861
vn 0.17864032 -0.95822062 0.22338504
vn 0.12467662 -0.89107110 0.43640351
vn 0.08983918 -0.75520564 0.64930222
vn 0.20434949 -0.51193042 0.83436714
vn 0.26317765 0.21363845 0.94079548
vn 0.18705136 0.14140910 0.97211895
vn 0.24387836 0.19237806 0.95053355
vn 0.40333352 0.43126357 0.80705254
vn 0.33344763 0.27711020 0.90112297
vn 0.38462238 0.33572536 0.85985703
vn 0.22046037 0.13743717 0.96566467
vn 0.43816437 0.56493901 0.69918231
vn 0.37566229 0.66119443 0.64938415
vn 0.26959415 -0.13373787 0.95364206
vn 0.25268569 -0.29377593 0.92187073
vn 0.27705209 -0.01941146 0.96065880
vn 0.26745359 0.06490239 0.96138247
vn 0.24678270 0.06875217 0.96662890
vn 0.21689158 0.08650370 0.97235547
vn 0.51694175 0.71780554 0.46639730
vn 0.50823480 0.85907250 0.06076047
vn 0.58417591 0.77761897 0.23248063
vn 0.21865659 0.35037739 -0.91072772
vn 0.16581639 0.32003094 -0.93278353
vn 0.00498840 0.01114408 -0.99992546
vn 0.00000000 -0.25711220 -0.96638156
vn 0.00966928 -0.24835330 -0.96862126
vn 0.04331979 -0.53634401 -0.84288700
vn 0.13548936 -0.99076313 0.00557311
vn 0.24807335 -0.96868281 0.01064056
vn 0.34162071 -0.93586082 0.08637023
vn 0.37132266 -0.90357971 0.21368947
vn 0.34750650 -0.82572713 0.44431289
vn 0.27626687 -0.67865175 0.68052070
vn 0.34428494 -0.42337443 0.83798686
vn 0.29388803 0.19622014 0.93548249
vn 0.47660672 0.50203082 0.72167242
vn 0.47771871 0.57003551 0.66846417
vn 0.45674378 0.41043191 0.78925963
vn 0.41967286 0.36011554 0.83318155
vn 0.38197583 0.32905456 0.86360730
vn 0.38569331 0.27842161 0.87961473
vn 0.28423469 0.13745906 0.94884964
vn 0.35852739 -0.21296718 0.90890213
vn 0.35544093 -0.06210351 0.93263331
vn 0.35148344 0.04191266 0.93525543
vn 0.31204753 0.05379461 0.94854229
vn 0.30285747 0.05455550 0.95147309
vn 0.35813974 0.12541999 0.92520579
vn 0.60502269 0.70950531 0.36131670
vn 0.52851942 0.62634146 0.57303020
vn 0.57656848 0.65554250 0.48768106
vn 0.64042584 0.69242209 0.33227458
vn 0.59617014 0.80228064 0.03044572
vn 0.67288818 0.71559632 0.18746575
vn 0.72807227 0.68421288 0.04199412
vn 0.46132501 0.56370477 -0.68513953
vn 0.00752192 0.01173633 -0.99990283
vn 0.10183216 -0.50488914 -0.85715645
vn 0.04979932 -0.20024412 -0.97847960
vn 0.08548492 -0.27696857 -0.95706883
vn 0.31961056 -0.94754661 0.00212410
vn 0.40718760 -0.91329366 0.00964078
vn 0.47970376 -0.87740091 0.00720656
vn 0.51982230 -0.84943842 0.09076976
vn 0.53722263 -0.80923654 0.23775633
vn 0.53334956 -0.72085221 0.44261760
vn 0.45793674 -0.58221525 0.67180306
vn 0.46659683 -0.32409682 0.82295119
vn 0.36127141 0.20268089 0.91016670
vn 0.56316903 0.59765473 0.57065704
vn 0.56959214 0.51291527 0.64224818
vn 0.53126221 0.46374655 0.70901312
vn 0.47655399 0.35951069 0.80227698
vn 0.45448238 0.28953724 0.84238587
vn 0.46243803 -0.12451045 0.87786571
vn 0.41522544 0.02006502 0.90949724
vn 0.43051595 0.11574774 0.89513043
vn 0.43740046 0.19761362 0.87728541
vn 0.65082690 0.65053713 0.39144066
vn 0.73161909 0.67292165 0.10913277
vn 0.70702116 0.68794861 0.16385297
vn 0.73198289 0.68131880 0.00239818
vn 0.72777797 0.68479483 -0.03735316
vn 0.73494884 0.67053941 0.10112912
vn 0.73348275 0.67490333 0.08067557
vn 0.73424355 0.67638703 0.05819794
vn 0.73459988 0.67764306 0.03410131
vn 0.01755497 0.01864982 -0.99967195
vn 0.00755196 0.00916082 -0.99992952
vn 0.00740769 0.00914909 -0.99993071
vn 0.15179033 -0.35418483 -0.92277451
vn 0.07691191 -0.14365549 -0.98663451
vn 0.13943644 -0.22900403 -0.96338706
vn 0.60748382 -0.79428878 0.00829141
vn 0.68138751 -0.72704379 0.08437049
vn 0.69598432 -0.67799314 0.23649764
vn 0.66516862 -0.58923847 0.45863792
vn 0.60104472 -0.43830117 0.66830930
vn 0.58031130 -0.22843654 0.78170041
vn 0.66710133 0.60207544 0.43872655
vn 0.60833083 0.53675545 0.58465989
vn 0.57632021 0.46660816 0.67091866
vn 0.54060835 0.37214222 0.75448842
vn 0.52581335 0.28896162 0.80001344
vn 0.59812146 -0.06580967 0.79869882
vn 0.56554422 -0.05102657 0.82313791
vn 0.50491823 0.00635938 0.86314375
vn 0.47444882 -0.00669981 0.88025759
vn 0.51697137 0.09936853 0.85021556
vn 0.50867832 0.19510862 0.83855769
vn 0.71842581 0.64966173 0.24860409
vn 0.73311597 0.65838769 0.17048934
vn 0.78778904 0.61307369 0.05940605
vn 0.80800698 0.58781077 0.04004035
vn 0.05049857 0.04079348 -0.99789067
vn 0.01615515 0.01348407 -0.99977857
vn 0.35306151 0.32995013 -0.87548871
vn 0.75892165 0.57302122 0.30932929
vn 0.78310120 0.55459948 0.28137506
vn 0.80162870 0.55950782 0.21057643
vn 0.75949582 0.63961452 0.11857222
vn 0.78298315 0.61338786 0.10340560
vn 0.08611836 -0.11095958 -0.99008666
vn 0.08908070 -0.10544837 -0.99042681
vn 0.16047377 -0.18526189 -0.96949791
vn 0.64958755 -0.76028538 -0.00146843
vn 0.72390032 -0.68983483 0.00980941
vn 0.76989905 -0.63807727 0.01062287
vn 0.81298421 -0.57721215 0.07669948
vn 0.81770160 -0.52462454 0.23692443
vn 0.78285267 -0.42808234 0.45153871
vn 0.69807885 -0.31459282 0.64320857
vn 0.72067801 -0.14474778 0.67799062
vn 0.66643283 -0.10691776 0.73785898
vn 0.68169631 0.60630212 0.40949710
vn 0.68966444 0.61544046 0.38157044
vn 0.70280383 0.62639551 0.33718755
vn 0.66087780 0.56545127 0.49346266
vn 0.63664853 0.47819415 0.60498678
vn 0.61426336 0.38668883 0.68786065
vn 0.59118410 0.29332801 0.75130556
vn 0.72774645 0.02714945 0.68530870
vn 0.61637538 0.07120863 0.78422620
vn 0.59148471 0.18667787 0.78440883
vn 0.72360495 0.64218931 0.25296002
vn 0.72659778 0.57083949 0.38235840
vn 0.83302337 0.54394319 0.10098452
vn 0.08932903 0.05953059 -0.99422152
vn 0.02831611 0.02074712 -0.99938369
vn 0.02824383 0.02097762 -0.99938092
vn 0.85854875 0.50982989 0.05447507
vn 0.74837082 0.48646142 0.45088402
vn 0.78677355 0.48712891 0.37906834
vn 0.82188149 0.48143080 0.30452456
vn 0.84803849 0.47946926 0.22569881
vn 0.82880351 0.53543349 0.16246757
vn 0.22355012 -0.20275096 -0.95337159
vn 0.08384022 -0.06468295 -0.99437766
vn 0.13795678 -0.09451927 -0.98591786
vn 0.81902107 -0.57376329 -0.00040865
vn 0.86550527 -0.50004121 0.02931577
vn 0.90807246 -0.40853663 0.09220754
vn 0.91121772 -0.37621750 0.16775773
vn 0.89725009 -0.33265123 0.29031954
vn 0.87094872 -0.28625206 0.39938464
vn 0.83018599 -0.23922146 0.50355169
vn 0.76645199 -0.17828020 0.61706363
vn 0.76235361 -0.17471098 0.62313164
vn 0.84757555 -0.03217784 0.52969829
vn 0.69374398 0.56272449 0.44951133
vn 0.69180094 0.48357630 0.53625127
vn 0.65871818 0.37604379 0.65167586
vn 0.66492420 0.29430510 0.68648403
vn 0.78710304 0.13819899 0.60114045
vn 0.68670148 0.16909623 0.70699897
vn 0.87533234 0.45882412 0.15255726
vn 0.04158583 0.02599537 -0.99879671
vn 0.90634898 0.41808606 0.06111940
vn 0.10231253 0.05508878 -0.99322574
vn 0.71873451 0.38566298 0.57851947
vn 0.77742561 0.38415925 0.49802720
vn 0.83451741 0.37450251 0.40413928
vn 0.88549824 0.36139957 0.29203290
vn 0.13457951 -0.07138877 -0.98832788
vn 0.87687373 -0.48070636 0.00372274
vn 0.88528936 -0.46397701 0.03143375
vn 0.90857308 -0.41761972 0.00942005
vn 0.92150153 -0.38792808 0.01862064
vn 0.94325510 -0.33150561 0.01933516
vn 0.96827713 -0.24201915 0.06217829
vn 0.96741366 -0.19493136 0.16159384
vn 0.93076322 -0.13248733 0.34077404
vn 0.94869034 0.03988967 0.31368050
vn 0.88303443 0.11951345 0.45383558
vn 0.74250897 0.28802524 0.60474944
vn 0.82118931 0.27132057 0.50202915
vn 0.91977727 0.33844367 0.19865965
vn 0.05626662 0.02539008 -0.99809289
vn 0.05601624 0.02656864 -0.99807629
vn 0.94429747 0.32322591 0.06186518
vn 0.15444111 0.05749407 -0.98632772
vn 0.05656235 0.02399752 -0.99811063
vn 0.88460643 0.26242596 0.38549200
vn 0.93704226 0.21555235 0.27475258
vn 0.11496183 -0.05057797 -0.99208147
vn 0.06458484 -0.02251114 -0.99765828
vn 0.14035766 -0.04619495 -0.98902263
vn 0.95056031 -0.31053836 0.00100929
vn 0.97093526 -0.23930600 0.00416580
vn 0.98934831 -0.14498647 0.01299407
vn 0.99489034 -0.07686522 0.06545959
vn 0.98666550 -0.01891345 0.16165849
vn 0.98047434 0.11602831 0.15876868
vn 0.96228665 0.25057286 0.10591334
vn 0.56840871 0.14068630 -0.81062871
vn 0.07120423 0.02181653 -0.99722314
vn 0.07115575 0.02211383 -0.99722005
vn 0.05203889 -0.01630803 -0.99851189
vn 0.08483999 -0.01950176 -0.99620372
vn 0.04067315 -0.00545025 -0.99915764
vn 0.06308872 -0.00528867 -0.99799391
vn 0.99982392 -0.00761872 0.01714865
vn 0.99350086 0.10053420 0.05337522
vn 0.15177930 0.02569661 -0.98808032
vn 0.02607067 0.00028606 -0.99966006
vn 0.02791909 0.00192637 -0.99960833
vn 0.99424948 0.10688868 0.00654027
vn 0.01318547 0.00214092 -0.99991078
vn 0.00542330 0.10120670 0.99485064
vn 0.14547654 0.98931820 -0.00927725
vn 0.10413900 0.99448751 -0.01223335
vn 0.09529412 0.99534858 -0.01415049
vn 0.06580132 0.99716750 -0.03643021
vn -0.02985196 0.99937579 -0.01889155
vn -0.12132639 0.99255158 -0.01101233
vn 0.20806941 0.97792996 0.01897658
vn 0.23350124 0.97234491 -0.00474784
vn 0.23413588 0.97186364 -0.02571894
vn 0.14641718 0.98784814 -0.05213498
vn -0.03478827 0.99636122 -0.07780805
vn 0.06019591 0.99126936 -0.11730945
vn -0.11924554 0.99247656 -0.02776275
vn -0.22491338 0.97385594 -0.03191514
vn -0.25464253 0.96698442 -0.00991515
vn 0.29910917 0.95421805 -0.00126906
vn 0.30191960 0.95333147 -0.00191479
vn 0.39998712 0.90755221 0.12790343
vn 0.32249542 0.94656041 0.00448160
vn 0.30637839 0.95190856 -0.00154383
vn 0.36016344 0.93285919 -0.00748529
vn 0.36464751 0.92976253 -0.05073297
vn 0.25843208 0.96528135 -0.03801020
vn 0.26238564 0.96026555 -0.09509910
vn 0.16249289 0.97762775 -0.13356658
vn -0.14224157 0.98466927 -0.10096416
vn -0.14518920 0.98728431 -0.06472861
vn -0.04364737 0.99067110 -0.12909558
vn 0.15595331 0.95772932 -0.24172944
vn 0.04954463 0.97503452 -0.21645556
vn -0.06211153 0.97408848 -0.21747137
vn -0.24475278 0.96764452 -0.06132017
vn -0.36905213 0.92835782 -0.04418468
vn -0.38588467 0.92138203 0.04634847
vn 0.48164685 0.87632603 0.00830646
vn 0.48330672 0.87544455 0.00338428
vn 0.46818377 0.88363004 0.00138554
vn 0.43092285 0.90238543 -0.00245615
vn 0.41460430 0.90999722 -0.00288906
vn 0.33230763 0.94317088 0.00056947
vn 0.49854636 0.76275116 0.41190070
vn 0.51938534 0.85448351 0.00983848
vn 0.48764579 0.87302359 -0.00560424
vn 0.47908381 0.87724885 -0.03021850
vn 0.48771719 0.86847416 -0.08879509
vn 0.36367479 0.92473706 -0.11225868
vn 0.26420232 0.95588095 -0.12840846
vn 0.27232473 0.94429746 -0.18477430
vn -0.16752746 0.97202939 -0.16460079
vn -0.26953025 0.95582041 -0.11730643
vn 0.13942551 0.92345929 -0.35746813
vn 0.03286957 0.94855967 -0.31488750
vn 0.04925173 0.97489763 -0.21713791
vn 0.28431353 0.92433420 -0.25450366
vn 0.29532853 0.89496785 -0.33438541
vn -0.15860823 0.96729819 -0.19793343
vn -0.07540490 0.93850555 -0.33692942
vn -0.39571785 0.91203700 -0.10768420
vn -0.50496159 0.86176138 -0.04879667
vn -0.47899437 0.87781665 -0.00152250
vn 0.52140614 0.85330783 -0.00117546
vn 0.61555938 0.72110230 0.31795931
vn 0.61261666 0.79037660 0.00237739
vn 0.56426011 0.82558907 -0.00363536
vn 0.53872291 0.84248250 -0.00093421
vn 0.59387045 0.80413169 -0.02626993
vn 0.61399179 0.78547414 -0.07774611
vn 0.52341899 0.83168437 -0.18529347
vn 0.38879666 0.89675822 -0.21133350
vn -0.29884708 0.92614655 -0.23009342
vn 0.19250346 0.86354405 -0.46608378
vn 0.04234217 0.88139184 -0.47048439
vn 0.43205572 0.85287818 -0.29313252
vn 0.43639847 0.80108504 -0.40965735
vn 0.30739962 0.85397800 -0.41979405
vn -0.20372823 0.92667003 -0.31587570
vn -0.08209776 0.89439004 -0.43968901
vn -0.21153924 0.89450779 -0.39383621
vn -0.44605288 0.87422649 -0.19174168
vn -0.54299172 0.83551240 -0.08413694
vn -0.60969005 0.79151955 -0.04212878
vn -0.62031429 0.76579124 0.16962888
vn 0.64325694 0.76564931 0.00127890
vn 0.66960677 0.73795788 0.08393413
vn 0.66650926 0.74549621 -0.00089920
vn 0.61311638 0.78999251 0.00036670
vn 0.63304483 0.77411386 -0.00140418
vn 0.70954543 0.70465685 -0.00200076
vn 0.66824843 0.74321652 -0.03276029
vn 0.71555553 0.69753206 -0.03780615
vn 0.71084907 0.69893030 -0.07867670
vn 0.71856657 0.68877821 -0.09615960
vn 0.64204035 0.74933080 -0.16213434
vn 0.55198300 0.78747730 -0.27421572
vn -0.31896035 0.89584946 -0.30938332
vn -0.45195198 0.84542453 -0.28459931
vn 0.32635932 0.76777485 -0.55137227
vn 0.17765614 0.76641886 -0.61728472
vn 0.03216564 0.75183948 -0.65856114
vn -0.09645360 0.81339915 -0.57365366
vn 0.58297824 0.71744449 -0.38132633
vn 0.47716568 0.67990294 -0.55681677
vn -0.24275851 0.76623579 -0.59493783
vn -0.34594842 0.84909012 -0.39920629
vn -0.57929567 0.79762967 -0.16793878
vn -0.68488172 0.72690453 -0.05046612
vn -0.70113427 0.70582825 0.10108026
vn 0.24564514 0.24209257 0.93864245
vn 0.70477893 0.70942065 0.00300065
vn 0.71493824 0.69918431 0.00214545
vn 0.72838476 0.68516763 0.00097918
vn 0.76359596 0.64568607 -0.00327317
vn 0.78390692 0.61957642 -0.04018700
vn 0.73579495 0.66358908 -0.13511228
vn 0.81161578 0.57633758 -0.09547162
vn 0.75012169 0.63899702 -0.17029462
vn 0.67116868 0.70023788 -0.24330950
vn -0.50356486 0.76370343 -0.40395482
vn -0.61813910 0.74679848 -0.24534890
vn 0.33593913 0.68102520 -0.65065319
vn 0.17993880 0.60080308 -0.77888234
vn 0.03148573 0.62399696 -0.78079219
vn -0.10544971 0.66470587 -0.73962589
vn 0.70096339 0.62776958 -0.33846074
vn 0.63016179 0.60458614 -0.48720810
vn 0.62082623 0.49036835 -0.61164832
vn 0.47775133 0.52409160 -0.70504018
vn -0.41580440 0.66045182 -0.62522803
vn -0.37641101 0.78444810 -0.49290560
vn -0.37551071 0.78560789 -0.49174378
vn -0.26370303 0.56866418 -0.77915452
vn -0.71157750 0.69010120 -0.13197649
vn -0.79781025 0.60068923 -0.05168417
vn -0.78606345 0.61663100 -0.04324892
vn -0.77614661 0.62994543 -0.02766210
vn -0.80140592 0.57115032 0.17758340
vn 0.64996008 0.62926861 0.42611374
vn 0.60682592 0.56927523 0.55469633
vn 0.71759232 0.63942824 0.27603041
vn 0.77221561 0.63535312 0.00307704
vn 0.80137208 0.59816081 0.00253496
vn 0.80435767 0.59414135 0.00218992
vn 0.81766722 0.57569116 0.00002076
vn 0.86787987 0.49676978 -0.00207817
vn 0.82085068 0.57033933 -0.03028528
vn 0.88816652 0.45863572 -0.02852194
vn 0.88733143 0.45621861 -0.06713802
vn 0.83615095 0.52638660 -0.15417112
vn 0.77137476 0.58933438 -0.24013741
vn -0.55916632 0.66073159 -0.50076621
vn -0.65876573 0.67186115 -0.33857099
vn -0.74833719 0.63303763 -0.19812826
vn 0.34292962 0.52288054 -0.78038146
vn 0.33453972 0.41800791 -0.84460201
vn 0.15319588 0.42057945 -0.89422813
vn 0.02336666 0.55161839 -0.83376924
vn -0.11108493 0.43444916 -0.89381993
vn 0.80021155 0.50083330 -0.32989011
vn 0.73302883 0.53019283 -0.42610362
vn 0.73233943 0.43329348 -0.52529584
vn 0.72431976 0.30928025 -0.61620338
vn 0.61222869 0.34783639 -0.71006047
vn 0.48866266 0.37089574 -0.78971207
vn -0.41261049 0.60491095 -0.68105457
vn -0.56868072 0.52817922 -0.63057827
vn -0.25680983 0.33533422 -0.90642135
vn -0.41200495 0.47594630 -0.77699874
vn -0.83044367 0.54783299 -0.10120436
vn -0.81275853 0.57589092 -0.08816586
vn -0.87816751 0.47808749 -0.01594288
vn -0.82522628 0.56446066 -0.01964052
vn -0.84750358 0.45806838 0.26816235
vn 0.42301090 0.32571337 0.84556051
vn 0.45391891 0.33137035 0.82713440
vn 0.46818115 0.33509849 0.81762792
vn 0.83673437 0.54759860 0.00337168
vn 0.86118549 0.50828187 0.00301552
vn 0.89898044 0.43797680 0.00323788
vn 0.88759893 0.46061634 -0.00084816
vn 0.90305334 0.42952664 -0.00123360
vn 0.93327497 0.35903029 -0.00975087
vn 0.95516081 0.29574216 -0.01429733
vn 0.90462579 0.41731830 -0.08658874
vn 0.92152766 0.37033251 -0.11679298
vn 0.85984951 0.45943825 -0.22265513
vn 0.82626419 0.50025034 -0.25891521
vn -0.69295715 0.57053411 -0.44079611
vn -0.78374167 0.55616297 -0.27646292
vn -0.86359894 0.47623178 -0.16552998
vn -0.84564060 0.51304066 -0.14724556
vn 0.44403108 0.23769486 -0.86390830
vn 0.31995548 0.29875898 -0.89909486
vn 0.19082070 0.27710903 -0.94169955
vn 0.02842808 0.26775000 -0.96306894
vn 0.03310848 0.37530101 -0.92631149
vn -0.10504560 0.20860104 -0.97234306
vn 0.87560813 0.37936022 -0.29899202
vn 0.81400534 0.41684176 -0.40452226
vn 0.81700933 0.35161195 -0.45701727
vn 0.81195485 0.29460243 -0.50392334
vn 0.79670617 0.20855479 -0.56724261
vn 0.69976874 0.19175313 -0.68815292
vn 0.58505278 0.21322542 -0.78246289
vn -0.73216618 0.43684477 -0.52258907
vn -0.55502970 0.35497636 -0.75228573
vn -0.70714086 0.32216122 -0.62941556
vn -0.41106439 0.28054052 -0.86736560
vn -0.41583003 0.36665645 -0.83225503
vn -0.23308733 0.10956151 -0.96626424
vn -0.91444844 0.39677112 -0.07972905
vn -0.89311117 0.44672337 -0.05282683
vn -0.94024406 0.34045411 -0.00566667
vn -0.89989141 0.43608870 -0.00470142
vn -0.83739377 0.36099500 0.41043182
vn 0.21387841 0.13083857 0.96805852
vn 0.09327985 0.05500123 0.99411958
vn 0.08873359 0.04733113 0.99493021
vn 0.08430204 0.03986245 0.99564258
vn 0.12857971 0.05812014 0.98999460
vn 0.91064640 0.41314350 0.00596550
vn 0.91081851 0.41278764 0.00400062
vn 0.95012737 0.31184487 0.00327993
vn 0.95650045 0.29171830 0.00270651
vn 0.96546227 0.26054115 0.00095843
vn 0.96780472 0.25170226 -0.00006491
vn 0.97019859 0.24231050 -0.00056159
vn 0.98457937 0.17489254 -0.00400877
vn 0.95835756 0.28046880 -0.05374043
vn 0.96993352 0.23132728 -0.07560857
vn 0.92300483 0.34167794 -0.17696970
vn -0.80994771 0.46180936 -0.36154781
vn -0.88089277 0.41711165 -0.22370919
vn -0.84076577 0.47830542 -0.25364707
vn -0.93716177 0.32490175 -0.12714825
vn 0.54082505 0.07038775 -0.83818484
vn 0.40514582 0.07705567 -0.91099906
vn 0.29988362 0.15981215 -0.94049449
vn 0.14761117 0.10409996 -0.98355180
vn 0.03052934 0.07829723 -0.99646249
vn -0.11225089 0.06323383 -0.99166588
vn 0.93944191 0.27840983 -0.19984210
vn 0.94374797 0.24246125 -0.22483841
vn 0.87932208 0.29216231 -0.37607695
vn 0.87014472 0.20331354 -0.44890062
vn 0.84737176 0.12319500 -0.51651146
vn 0.78181193 0.15828140 -0.60308963
vn 0.75884060 0.10255405 -0.64315131
vn 0.65396530 0.07207924 -0.75308298
vn -0.81631193 0.26543128 -0.51301177
vn -0.83009383 0.35515355 -0.42989556
vn -0.55464089 0.21516596 -0.80378921
vn -0.68329455 0.19895958 -0.70251238
vn -0.79073765 0.17208247 -0.58747050
vn -0.37951618 0.15819891 -0.91155942
vn -0.49835540 0.11466004 -0.85935730
vn -0.36241236 0.07813771 -0.92873666
vn -0.21772417 0.03958390 -0.97520731
vn -0.26051032 0.01331197 -0.96537929
vn -0.96201541 0.27012457 -0.03948506
vn -0.88686366 0.29656225 0.35429322
vn -0.95737546 0.28884594 -0.00049503
vn 0.03935823 0.01300713 0.99914050
vn 0.04810003 0.01497129 0.99873032
vn 0.95666021 0.29118281 0.00371706
vn 0.97943484 0.20174297 0.00267770
vn 0.78617042 0.12714934 0.60478849
vn 0.98753265 0.15735255 0.00440838
vn 0.88140519 0.12307391 0.45604573
vn 0.99563005 0.09310300 -0.00725432
vn 0.99928952 0.03533245 -0.01311773
vn 0.96937524 0.20272511 -0.13861520
vn -0.89749778 0.30987650 -0.31380613
vn -0.89329015 0.34985718 -0.28219258
vn -0.94138715 0.27928894 -0.18917697
vn -0.97991497 0.17355905 -0.09820337
vn 0.62697596 0.00739162 -0.77900354
vn 0.57328331 0.01624541 -0.81919615
vn 0.57227829 0.01608871 -0.81990165
vn 0.53456850 0.00511441 -0.84510967
vn 0.43963959 0.01551996 -0.89804018
vn 0.27100251 0.05796215 -0.96083195
vn 0.40251867 0.01604619 -0.91527113
vn 0.32433839 0.00577501 -0.94592350
vn 0.12026756 0.01072435 -0.99268359
vn 0.08215195 0.00464374 -0.99660900
vn 0.03038906 0.00314264 -0.99953321
vn -0.02364712 0.00834137 -0.99968557
vn -0.06357829 0.00197218 -0.99797491
vn -0.12290781 0.00482843 -0.99240635
vn -0.18626779 0.00279811 -0.98249503
vn 0.97238531 0.19295616 -0.13128112
vn 0.97780999 0.13951598 -0.15627830
vn 0.94715140 0.12980027 -0.29335322
vn 0.92830661 0.22966941 -0.29240177
vn 0.91248347 0.20637411 -0.35324729
vn 0.91296896 0.16377815 -0.37371699
vn 0.90707079 0.10864235 -0.40671786
vn 0.87884217 0.05700972 -0.47369434
vn 0.80688278 0.04613863 -0.58890696
vn 0.74109819 0.03410544 -0.67052986
vn 0.67813386 0.00647488 -0.73490988
vn -0.87554219 0.13650600 -0.46345656
vn -0.89985228 0.21021751 -0.38219690
vn -0.64580601 0.09891842 -0.75706654
vn -0.74555554 0.08021664 -0.66159824
vn -0.81683949 0.07614799 -0.57181705
vn -0.47196351 0.03151905 -0.88105448
vn -0.60262287 0.03359727 -0.79731857
vn -0.35683233 0.00273119 -0.93416446
vn -0.38586984 0.00682267 -0.92252800
vn -0.23690944 -0.00063779 -0.97153153
vn -0.29563388 -0.00511540 -0.95528762
vn -0.98852415 0.15092737 -0.00639727
vn -0.97632264 0.21630864 -0.00216343
vn -0.78973104 0.24823264 0.56098613
vn -0.80493382 0.17945095 0.56557838
vn 0.00873289 0.00269842 0.99995823
vn 0.00295556 0.00076530 0.99999534
vn 0.00272322 0.00046888 0.99999618
vn 0.78439601 0.04148514 0.61887145
vn 0.99888137 0.04722886 0.00233341
vn 0.99732471 -0.00557992 0.07288537
vn 0.99996654 0.00788984 0.00216047
vn 0.99999753 0.00000471 0.00222310
vn 0.99645561 0.04082926 -0.07354715
vn -0.95418437 0.19546238 -0.22655386
vn -0.97831209 0.08824972 -0.18739647
vn -0.99580201 0.05078522 -0.07615254
vn -0.99709410 0.07593710 -0.00607537
vn 0.65285482 -0.00557341 -0.75746255
vn 0.59056676 -0.00408720 -0.80697844
vn 0.56886863 0.00193057 -0.82242614
vn 0.49541535 -0.00428025 -0.86864568
vn 0.47213879 -0.00143852 -0.88152305
vn 0.41623911 -0.00522551 -0.90924018
vn 0.39961795 0.00162906 -0.91668034
vn 0.24629928 0.00107848 -0.96919322
vn 0.18366416 0.00872223 -0.98295035
vn 0.34637218 -0.00462504 -0.93808578
vn 0.27915897 -0.00326885 -0.96023934
vn 0.18286282 0.00060945 -0.98313825
vn 0.13509566 -0.00915039 -0.99079031
vn 0.06397207 -0.00306353 -0.99794699
vn -0.07216095 -0.00839113 -0.99735770
vn -0.10142323 -0.00168170 -0.99484195
vn -0.13303347 0.00054595 -0.99111140
vn -0.17075997 -0.00536724 -0.98529804
vn 0.98604166 0.04374403 -0.16064964
vn 0.97966232 0.07452320 -0.18630094
vn 0.96748627 0.10724189 -0.22906222
vn 0.96716717 0.05689124 -0.24769143
vn 0.91627246 0.04223441 -0.39832278
vn 0.86418824 0.03340197 -0.50205875
vn 0.86738968 0.00519145 -0.49760245
vn 0.83714437 0.01605999 -0.54674617
vn 0.78201606 0.00731192 -0.62321538
vn 0.76753379 0.00341696 -0.64099938
vn 0.73920708 0.00104495 -0.67347740
vn 0.73300471 -0.00317536 -0.68021615
vn -0.84345194 0.10584149 -0.52667486
vn -0.87370342 0.07930326 -0.47995139
vn -0.88827801 0.05069797 -0.45649960
vn -0.93804557 0.09229014 -0.33399558
vn -0.94709020 0.14073382 -0.28846863
vn -0.72442180 0.01746420 -0.68913573
vn -0.79012098 0.02337720 -0.61250497
vn -0.84198910 0.02730884 -0.53880292
vn -0.46217705 0.00243537 -0.88678433
vn -0.47355496 -0.00073263 -0.88076397
vn -0.52734621 0.00345406 -0.84964348
vn -0.59144720 0.00130278 -0.80634267
vn -0.68006486 0.00242293 -0.73314795
vn -0.36055209 -0.00852291 -0.93270014
vn -0.46405501 -0.00377675 -0.88579833
vn -0.03211093 -0.99030356 -0.13515824
vn -0.90059180 0.11577500 0.41896367
vn -0.98321696 0.18242827 0.00208023
vn 0.77731642 -0.06498301 0.62574467
vn 0.96062663 -0.27596426 0.03225232
vn 0.99997820 -0.00469551 0.00464193
vn 0.99937383 -0.00073923 -0.03537506
vn 0.99526700 0.00173332 -0.09716271
vn -0.96861566 0.03854044 -0.24555718
vn -0.98921532 0.01778024 -0.14538541
vn -0.99528151 0.00374141 -0.09695733
vn -0.99838242 0.01227853 -0.05551376
vn -0.99996886 -0.00204150 0.00762311
vn -0.99996822 0.00652845 0.00457657
vn -0.99996477 0.00706412 0.00453442
vn -0.99977655 0.02113870 -0.00006255
vn -0.99777794 -0.00258870 0.06657682
vn -0.99789131 0.06480514 0.00363700
vn -0.99701678 0.07713331 0.00282790
vn -0.99945627 0.03283972 0.00295136
vn -0.99906821 0.04305056 0.00305894
vn 0.68351546 -0.38878884 -0.61777816
vn 0.64468268 -0.01047889 -0.76437846
vn 0.62087344 -0.02155853 -0.78361432
vn 0.59173989 -0.01045749 -0.80606113
vn 0.47950753 -0.40317014 -0.77943978
vn 0.45549651 -0.00868652 -0.89019519
vn 0.41146494 -0.02095256 -0.91118472
vn 0.38296906 -0.01249634 -0.92367664
vn 0.36246927 -0.00963069 -0.93194596
vn 0.25793647 -0.11941313 -0.95875403
vn 0.22238919 -0.00473398 -0.97494648
vn 0.03697061 -0.03810037 -0.99858977
vn 0.98968158 -0.00098782 -0.14328084
vn 0.97914945 0.00590563 -0.20305536
vn 0.97141293 0.01488071 -0.23692928
vn 0.94232237 0.02275462 -0.33393230
vn 0.93372890 0.00854661 -0.35787889
vn 0.89158929 0.00107607 -0.45284366
vn 0.83310093 -0.00107083 -0.55311997
vn 0.86772764 -0.00411004 -0.49702300
vn 0.79672975 -0.00745691 -0.60428974
vn -0.86062415 0.00344296 -0.50922905
vn -0.90656988 0.02130086 -0.42151789
vn -0.94106696 0.01753796 -0.33776530
vn -0.72894071 -0.00519831 -0.68455710
vn -0.76029193 -0.00050481 -0.64958134
vn -0.77468715 0.00220409 -0.63234086
vn -0.83034306 0.00307921 -0.55724405
vn -0.84010821 0.00332492 -0.54240865
vn -0.47952930 -0.00421206 -0.87751576
vn -0.56496305 -0.00790502 -0.82507834
vn -0.58814767 -0.00798912 -0.80871410
vn -0.66388788 -0.00376351 -0.74782265
vn -0.65495544 0.00179981 -0.75566536
vn -0.47414035 -0.03999829 -0.87954026
vn -0.28448350 0.01981822 0.95847607
vn 0.92276407 -0.12280927 0.36527299
vn 0.71485937 -0.66548402 0.21472564
vn 0.81127865 -0.55105515 -0.19535909
vn 0.99353991 -0.00892877 -0.11313148
vn 0.99943778 -0.00547794 -0.03307756
vn -0.94932885 0.00138273 -0.31428144
vn -0.96970008 0.00266180 -0.24428398
vn -0.97812975 0.00173316 -0.20798843
vn -0.98387172 0.00035030 -0.17887513
vn -0.98838657 -0.00889251 -0.15170005
vn -0.99940881 -0.00000909 -0.03438080
vn -0.99929740 -0.00468500 -0.03718546
vn -0.99993163 -0.00499345 0.01057396
vn -0.98454314 -0.17452778 0.01465806
vn -0.94575153 -0.07207960 0.31679422
vn 0.77699684 -0.46161897 -0.42799980
vn 0.98201705 -0.00341860 -0.18876128
vn 0.94188553 0.00460151 -0.33590249
vn 0.96686178 0.00138039 -0.25529666
vn 0.92723372 -0.00805149 -0.37439658
vn 0.90893187 -0.00065231 -0.41694417
vn -0.80333577 -0.00761034 -0.59547773
vn -0.88024668 -0.00482800 -0.47449181
vn -0.89855631 0.00269505 -0.43884996
vn -0.92308696 0.00162965 -0.38458785
vn -0.68371151 -0.09162540 -0.72397745
vn 0.59744133 -0.14746778 0.78823671
vn 0.56329629 -0.75171008 0.34297122
vn 0.76152205 -0.24670631 0.59934979
vn 0.95341539 -0.00563380 -0.30160794
vn -0.92465286 -0.00841799 -0.38071803
vn -0.96015950 -0.00419296 -0.27942111
vn -0.97848263 -0.00648514 -0.20622725
vn -0.90258795 -0.34284841 -0.26036504
vn -0.82819942 -0.52387446 0.19910116
vn -0.66429058 -0.11215411 0.73901251
vn 0.95706407 0.00000000 -0.28987648
vn -0.84059261 -0.21154090 -0.49865270
vn 0.37614116 -0.83632812 0.39883970
vn 0.47808122 -0.16539667 0.86260204
vn 0.43063903 -0.18563124 0.88322764
vn 0.41808561 -0.19079876 0.88814428
vn 0.41192395 -0.19330767 0.89047785
vn 0.40693669 -0.19532530 0.89232873
vn 0.38474944 -0.20416190 0.90015876
vn 0.37549208 -0.20778278 0.90323420
vn 0.49672041 -0.29832053 0.81502987
vn -0.64745133 -0.68202460 0.34007237
vn -0.81457615 -0.22797261 0.53337997
vn -0.62342530 -0.13874007 0.76947521
vn -0.66320860 -0.11288181 0.73987300
vn 0.25200157 -0.85241870 0.45812397
vn 0.37883114 -0.31906616 0.86872536
vn -0.47301758 -0.76312307 0.44033799
vn -0.64337419 -0.32469542 0.69328388
vn -0.44714859 -0.18569872 0.87497093
vn -0.45348293 -0.18288877 0.87229865
vn -0.47653263 -0.17248199 0.86207112
vn -0.51347618 -0.15518013 0.84395577
vn 0.12393455 -0.84502668 0.52016357
vn 0.20677550 -0.18764541 0.96022554
vn 0.16996022 -0.19461210 0.96604330
vn 0.16015680 -0.19641255 0.96735304
vn 0.19849100 -0.32226223 0.92560703
vn -0.29720201 -0.82146762 0.48668461
vn -0.42942486 -0.34372137 0.83513466
vn -0.27181098 -0.20850006 0.93949269
vn -0.28954612 -0.20302633 0.93538407
vn -0.31987878 -0.19341637 0.92750616
vn -0.34188758 -0.18624250 0.92110076
vn -0.34352769 -0.18570099 0.92059973
vn -0.01801454 -0.84844409 0.52897835
vn 0.09967209 -0.18612878 0.97745667
vn 0.08832296 -0.18713632 0.97835528
vn 0.06430997 -0.18918438 0.97983340
vn 0.05573255 -0.18988847 0.98022255
vn 0.04706946 -0.19058496 0.98054161
vn 0.06907404 -0.37706875 0.92360594
vn -0.14748653 -0.85349958 0.49978614
vn -0.23428125 -0.31254851 0.92055729
vn -0.16193680 -0.20132553 0.96604581
vn -0.20517795 -0.19225329 0.95965654
vn -0.21515750 -0.19009246 0.95789984
vn 0.02754713 -0.18611995 0.98214078
vn 0.01402843 -0.18601598 0.98244657
vn 0.00735964 -0.18595218 0.98253123
vn 0.00000000 -0.18587217 0.98257393
vn -0.01091268 -0.18573499 0.98253927
vn -0.03473196 -0.18535866 0.98205695
vn -0.07466035 -0.28514770 0.95557136
vn -0.08209801 -0.19035841 0.97827583
vn -0.09315280 -0.18913849 0.97752196
vn -0.11844852 -0.18625355 0.97533562
f 1//1 2//2 3//3
f 1//1 3//3 4//4
f 1//1 4//4 5//5
f 1//1 5//5 6//6
f 1//1 6//6 2//2
f 2//2 7//7 8//8
f 2//2 8//8 9//9
f 2//2 9//9 3//3
f 2//2 6//6 10//10
f 2//2 10//10 11//11
f 2//2 11//11 12//12
f 2//2 12//12 7//7
f 3//3 9//9 13//13
f 3//3 13//13 14//14
f 3//3 14//14 4//4
f 4//4 14//14 15//15
f 4//4 15//15 16//16
f 4//4 16//16 5//5
f 5//5 16//16 32//32
f 5//5 32//32 31//31
f 5//5 31//31 51//51
f 5//5 51//51 50//50
f 5//5 50//50 49//49
f 5//5 49//49 74//74
f 5//5 74//74 104//104
f 5//5 104//104 103//103
f 5//5 103//103 140//140
f 5//5 140//140 173//173
f 5//5 173//173 206//206
f 5//5 206//206 237//237
f 5//5 237//237 266//266
f 5//5 266//266 296//296
f 5//5 296//296 325//325
f 5//5 325//325 358//358
f 5//5 358//358 391//391
f 5//5 391//391 390//390
f 5//5 390//390 389//389
f 5//5 389//389 418//418
f 5//5 418//418 417//417
f 5//5 417//417 416//416
f 5//5 416//416 451//451
f 5//5 451//451 450//450
f 5//5 450//450 449//449
f 5//5 449//449 478//478
f 5//5 478//478 480//480
f 5//5 480//480 500//500
f 5//5 500//500 499//499
f 5//5 499//499 503//503
f 5//5 503//503 502//502
f 5//5 502//502 518//518
f 5//5 518//518 517//517
f 5//5 517//517 516//516
f 5//5 516//516 525//525
f 5//5 525//525 529//529
f 5//5 529//529 527//527
f 5//5 527//527 526//526
f 5//5 526//526 522//522
f 5//5 522//522 521//521
f 5//5 521//521 520//520
f 5//5 520//520 519//519
f 5//5 519//519 508//508
f 5//5 508//508 507//507
f 5//5 507//507 506//506
f 5//5 506//506 485//485
f 5//5 485//485 460//460
f 5//5 460//460 459//459
f 5//5 459//459 458//458
f 5//5 458//458 426//426
f 5//5 426//426 425//425
f 5//5 425//425 424//424
f 5//5 424//424 394//394
f 5//5 394//394 393//393
f 5//5 393//393 392//392
f 5//5 392//392 361//361
f 5//5 361//361 360//360
f 5//5 360//360 359//359
f 5//5 359//359 328//328
f 5//5 328//328 327//327
f 5//5 327//327 326//326
f 5//5 326//326 298//298
f 5//5 298//298 297//297
f 5//5 297//297 268//268
f 5//5 268//268 267//267
f 5//5 267//267 241//241
f 5//5 241//241 207//207
f 5//5 207//207 177//177
f 5//5 177//177 141//141
f 5//5 141//141 106//106
f 5//5 106//106 105//105
f 5//5 105//105 79//79
f 5//5 79//79 78//78
f 5//5 78//78 76//76
f 5//5 76//76 75//75
f 5//5 75//75 54//54
f 5//5 54//54 53//53
f 5//5 53//53 34//34
f 5//5 34//34 20//20
f 5//5 20//20 19//19
f 5//5 19//19 12//12
f 5//5 12//12 11//11
f 5//5 11//11 10//10
f 5//5 10//10 6//6
f 7//7 17//17 18//18
f 7//7 18//18 8//8
f 7//7 12//12 19//19
f 7//7 19//19 20//20
f 7//7 20//20 34//34
f 7//7 34//34 17//17
f 8//8 21//21 13//13
f 8//8 13//13 9//9
f 8//8 18//18 22//22
f 8//8 22//22 21//21
f 13//13 23//23 24//24
f 13//13 24//24 25//25
f 13//13 25//25 14//14
f 13//13 21//21 26//26
f 13//13 26//26 23//23
f 14//14 25//25 27//27
f 14//14 27//27 28//28
f 14//14 28//28 29//29
f 14//14 29//29 30//30
f 14//14 30//30 15//15
f 15//15 30//30 31//31
f 15//15 31//31 32//32
f 15//15 32//32 16//16
f 17//17 33//33 18//18
f 17//17 34//34 33//33
f 18//18 33//33 35//35
f 18//18 35//35 22//22
f 21//21 22//22 26//26
f 22//22 36//36 26//26
f 22//22 35//35 37//37
f 22//22 37//37 38//38
f 22//22 38//38 36//36
f 23//23 26//26 39//39
f 23//23 39//39 40//40
f 23//23 40//40 41//41
f 23//23 41//41 24//24
f 24//24 41//41 42//42
f 24//24 42//42 43//43
f 24//24 43//43 27//27
f 24//24 27//27 25//25
f 26//26 36//36 44//44
f 26//26 44//44 39//39
f 27//27 43//43 45//45
f 27//27 45//45 46//46
f 27//27 46//46 47//47
f 27//27 47//47 28//28
f 28//28 47//47 48//48
f 28//28 48//48 29//29
f 29//29 48//48 49//49
f 29//29 49//49 50//50
f 29//29 50//50 51//51
f 29//29 51//51 31//31
f 29//29 31//31 30//30
f 33//33 52//52 35//35
f 33//33 34//34 53//53
f 33//33 53//53 54//54
f 33//33 54//54 52//52
f 35//35 52//52 55//55
f 35//35 55//55 56//56
f 35//35 56//56 57//57
f 35//35 57//57 37//37
f 36//36 38//38 58//58
f 36//36 58//58 44//44
f 37//37 57//57 38//38
f 38//38 57//57 59//59
f 38//38 59//59 60//60
f 38//38 60//60 61//61
f 38//38 61//61 58//58
f 39//39 62//62 40//40
f 39//39 44//44 62//62
f 40//40 62//62 41//41
f 41//41 62//62 63//63
f 41//41 63//63 64//64
f 41//41 64//64 42//42
f 42//42 64//64 65//65
f 42//42 65//65 43//43
f 43//43 65//65 66//66
f 43//43 66//66 45//45
f 44//44 58//58 67//67
f 44//44 67//67 68//68
f 44//44 68//68 62//62
f 45//45 66//66 69//69
f 45//45 69//69 70//70
f 45//45 70//70 71//71
f 45//45 71//71 46//46
f 46//46 72//72 47//47
f 46//46 71//71 72//72
f 47//47 72//72 48//48
f 48//48 72//72 73//73
f 48//48 73//73 74//74
f 48//48 74//74 49//49
f 52//52 54//54 75//75
f 52//52 75//75 76//76
f 52//52 76//76 55//55
f 55//55 77//77 56//56
f 55//55 76//76 78//78
f 55//55 78//78 79//79
f 55//55 79//79 77//77
f 56//56 80//80 57//57
f 56//56 77//77 81//81
f 56//56 81//81 82//82
f 56//56 82//82 80//80
f 57//57 80//80 83//83
f 57//57 83//83 59//59
f 58//58 61//61 67//67
f 59//59 83//83 84//84
f 59//59 84//84 60//60
f 60//60 85//85 67//67
f 60//60 67//67 61//61
f 60//60 84//84 86//86
f 60//60 86//86 87//87
f 60//60 87//87 85//85
f 62//62 88//88 63//63
f 62//62 68//68 89//89
f 62//62 89//89 88//88
f 63//63 88//88 90//90
f 63//63 90//90 91//91
f 63//63 91//91 64//64
f 64//64 91//91 92//92
f 64//64 92//92 93//93
f 64//64 93//93 66//66
f 64//64 66//66 65//65
f 66//66 94//94 69//69
f 66//66 93//93 94//94
f 67//67 85//85 95//95
f 67//67 95//95 96//96
f 67//67 96//96 89//89
f 67//67 89//89 68//68
f 69//69 94//94 97//97
f 69//69 97//97 70//70
f 70//70 97//97 98//98
f 70//70 98//98 71//71
f 71//71 98//98 99//99
f 71//71 99//99 100//100
f 71//71 100//100 101//101
f 71//71 101//101 72//72
f 72//72 101//101 102//102
f 72//72 102//102 73//73
f 73//73 102//102 103//103
f 73//73 103//103 104//104
f 73//73 104//104 74//74
f 77//77 79//79 105//105
f 77//77 105//105 106//106
f 77//77 106//106 81//81
f 80//80 82//82 81//81
f 80//80 81//81 107//107
f 80//80 107//107 83//83
f 81//81 106//106 108//108
f 81//81 108//108 109//109
f 81//81 109//109 110//110
f 81//81 110//110 111//111
f 81//81 111//111 107//107
f 83//83 107//107 112//112
f 83//83 112//112 84//84
f 84//84 112//112 86//86
f 85//85 87//87 113//113
f 85//85 113//113 114//114
f 85//85 114//114 115//115
f 85//85 115//115 95//95
f 86//86 112//112 116//116
f 86//86 116//116 117//117
f 86//86 117//117 87//87
f 87//87 117//117 118//118
f 87//87 118//118 113//113
f 88//88 119//119 120//120
f 88//88 120//120 90//90
f 88//88 89//89 121//121
f 88//88 121//121 119//119
f 89//89 96//96 122//122
f 89//89 122//122 121//121
f 90//90 120//120 91//91
f 91//91 120//120 123//123
f 91//91 123//123 92//92
f 92//92 123//123 124//124
f 92//92 124//124 125//125
f 92//92 125//125 126//126
f 92//92 126//126 94//94
f 92//92 94//94 93//93
f 94//94 126//126 127//127
f 94//94 127//127 128//128
f 94//94 128//128 97//97
f 95//95 129//129 130//130
f 95//95 130//130 131//131
f 95//95 131//131 96//96
f 95//95 115//115 132//132
f 95//95 132//132 133//133
f 95//95 133//133 129//129
f 96//96 131//131 122//122
f 97//97 134//134 98//98
f 97//97 128//128 134//134
f 98//98 135//135 136//136
f 98//98 136//136 99//99
f 98//98 134//134 135//135
f 99//99 136//136 137//137
f 99//99 137//137 100//100
f 100//100 138//138 139//139
f 100//100 139//139 101//101
f 100//100 137//137 138//138
f 101//101 139//139 102//102
f 102//102 139//139 103//103
f 103//103 139//139 140//140
f 106//106 141//141 142//142
f 106//106 142//142 143//143
f 106//106 143//143 108//108
f 107//107 111//111 112//112
f 108//108 143//143 144//144
f 108//108 144//144 145//145
f 108//108 145//145 109//109
f 109//109 146//146 110//110
f 109//109 145//145 147//147
f 109//109 147//147 148//148
f 109//109 148//148 146//146
f 110//110 146//146 149//149
f 110//110 149//149 116//116
f 110//110 116//116 112//112
f 110//110 112//112 150//150
f 110//110 150//150 111//111
f 111//111 150//150 112//112
f 113//113 118//118 115//115
f 113//113 115//115 114//114
f 115//115 151//151 132//132
f 115//115 118//118 151//151
f 116//116 149//149 117//117
f 117//117 149//149 118//118
f 118//118 149//149 151//151
f 119//119 152//152 120//120
f 119//119 121//121 152//152
f 120//120 152//152 123//123
f 121//121 122//122 153//153
f 121//121 153//153 154//154
f 121//121 154//154 152//152
f 122//122 131//131 153//153
f 123//123 152//152 124//124
f 124//124 155//155 125//125
f 124//124 152//152 155//155
f 125//125 156//156 127//127
f 125//125 127//127 126//126
f 125//125 155//155 156//156
f 127//127 157//157 158//158
f 127//127 158//158 128//128
f 127//127 156//156 157//157
f 128//128 158//158 159//159
f 128//128 159//159 134//134
f 129//129 133//133 160//160
f 129//129 160//160 130//130
f 130//130 161//161 153//153
f 130//130 153//153 131//131
f 130//130 160//160 162//162
f 130//130 162//162 163//163
f 130//130 163//163 161//161
f 132//132 164//164 133//133
f 132//132 151//151 165//165
f 132//132 165//165 166//166
f 132//132 166//166 167//167
f 132//132 167//167 164//164
f 133//133 164//164 160//160
f 134//134 159//159 135//135
f 135//135 159//159 168//168
f 135//135 168//168 136//136
f 136//136 168//168 169//169
f 136//136 169//169 170//170
f 136//136 170//170 171//171
f 136//136 171//171 137//137
f 137//137 171//171 138//138
f 138//138 171//171 172//172
f 138//138 172//172 173//173
f 138//138 173//173 140//140
f 138//138 140//140 139//139
f 141//141 174//174 175//175
f 141//141 175//175 176//176
f 141//141 176//176 142//142
f 141//141 177//177 174//174
f 142//142 176//176 178//178
f 142//142 178//178 179//179
f 142//142 179//179 144//144
f 142//142 144//144 143//143
f 144//144 179//179 180//180
f 144//144 180//180 181//181
f 144//144 181//181 182//182
f 144//144 182//182 145//145
f 145//145 182//182 183//183
f 145//145 183//183 147//147
f 146//146 148//148 165//165
f 146//146 165//165 151//151
f 146//146 151//151 149//149
f 147//147 184//184 148//148
f 147//147 183//183 185//185
f 147//147 185//185 184//184
f 148//148 184//184 165//165
f 152//152 154//154 155//155
f 153//153 161//161 154//154
f 154//154 186//186 155//155
f 154//154 161//161 163//163
f 154//154 163//163 187//187
f 154//154 187//187 186//186
f 155//155 186//186 188//188
f 155//155 188//188 189//189
f 155//155 189//189 190//190
f 155//155 190//190 156//156
f 156//156 190//190 157//157
f 157//157 190//190 191//191
f 157//157 191//191 158//158
f 158//158 192//192 159//159
f 158//158 191//191 192//192
f 159//159 193//193 168//168
f 159//159 192//192 193//193
f 160//160 164//164 162//162
f 162//162 164//164 194//194
f 162//162 194//194 163//163
f 163//163 194//194 195//195
f 163//163 195//195 196//196
f 163//163 196//196 187//187
f 164//164 167//167 194//194
f 165//165 184//184 166//166
f 166//166 197//197 198//198
f 166//166 198//198 167//167
f 166//166 184//184 197//197
f 167//167 198//198 199//199
f 167//167 199//199 194//194
f 168//168 200//200 201//201
f 168//168 201//201 169//169
f 168//168 193//193 200//200
f 169//169 201//201 170//170
f 170//170 202//202 171//171
f 170//170 201//201 203//203
f 170//170 203//203 204//204
f 170//170 204//204 202//202
f 171//171 205//205 172//172
f 171//171 202//202 205//205
f 172//172 205//205 173//173
f 173//173 205//205 202//202
f 173//173 202//202 206//206
f 174//174 178//178 175//175
f 174//174 177//177 207//207
f 174//174 207//207 208//208
f 174//174 208//208 209//209
f 174//174 209//209 210//210
f 174//174 210//210 178//178
f 175//175 178//178 176//176
f 178//178 210//210 179//179
f 179//179 210//210 211//211
f 179//179 211//211 180//180
f 180//180 211//211 212//212
f 180//180 212//212 181//181
f 181//181 212//212 213//213
f 181//181 213//213 182//182
f 182//182 213//213 214//214
f 182//182 214//214 183//183
f 183//183 214//214 185//185
f 184//184 185//185 197//197
f 185//185 214//214 215//215
f 185//185 215//215 197//197
f 186//186 216//216 188//188
f 186//186 187//187 217//217
f 186//186 217//217 216//216
f 187//187 196//196 217//217
f 188//188 216//216 218//218
f 188//188 218//218 219//219
f 188//188 219//219 220//220
f 188//188 220//220 221//221
f 188//188 221//221 190//190
f 188//188 190//190 189//189
f 190//190 221//221 191//191
f 191//191 221//221 220//220
f 191//191 220//220 222//222
f 191//191 222//222 223//223
f 191//191 223//223 192//192
f 192//192 223//223 193//193
f 193//193 223//223 224//224
f 193//193 224//224 200//200
f 194//194 199//199 195//195
f 195//195 199//199 225//225
f 195//195 225//225 226//226
f 195//195 226//226 196//196
f 196//196 227//227 217//217
f 196//196 226//226 227//227
f 197//197 215//215 228//228
f 197//197 228//228 198//198
f 198//198 228//228 229//229
f 198//198 229//229 199//199
f 199//199 229//229 225//225
f 200//200 224//224 230//230
f 200//200 230//230 231//231
f 200//200 231//231 201//201
f 201//201 232//232 233//233
f 201//201 233//233 234//234
f 201//201 234//234 203//203
f 201//201 231//231 232//232
f 202//202 204//204 206//206
f 203//203 234//234 235//235
f 203//203 235//235 236//236
f 203//203 236//236 204//204
f 204//204 236//236 237//237
f 204//204 237//237 206//206
f 207//207 238//238 239//239
f 207//207 239//239 240//240
f 207//207 240//240 208//208
f 207//207 241//241 238//238
f 208//208 240//240 209//209
f 209//209 239//239 238//238
f 209//209 238//238 242//242
f 209//209 242//242 243//243
f 209//209 243//243 210//210
f 209//209 240//240 239//239
f 210//210 243//243 211//211
f 211//211 243//243 244//244
f 211//211 244//244 212//212
f 212//212 244//244 245//245
f 212//212 245//245 213//213
f 213//213 245//245 246//246
f 213//213 246//246 214//214
f 214//214 246//246 215//215
f 215//215 246//246 247//247
f 215//215 247//247 228//228
f 216//216 248//248 249//249
f 216//216 249//249 250//250
f 216//216 250//250 218//218
f 216//216 217//217 251//251
f 216//216 251//251 248//248
f 217//217 227//227 251//251
f 218//218 250//250 252//252
f 218//218 252//252 219//219
f 219//219 252//252 253//253
f 219//219 253//253 220//220
f 220//220 253//253 222//222
f 222//222 253//253 223//223
f 223//223 253//253 254//254
f 223//223 254//254 255//255
f 223//223 255//255 230//230
f 223//223 230//230 224//224
f 225//225 256//256 226//226
f 225//225 229//229 257//257
f 225//225 257//257 256//256
f 226//226 256//256 258//258
f 226//226 258//258 259//259
f 226//226 259//259 227//227
f 227//227 260//260 251//251
f 227//227 259//259 260//260
f 228//228 261//261 229//229
f 228//228 247//247 261//261
f 229//229 261//261 257//257
f 230//230 255//255 231//231
f 231//231 255//255 262//262
f 231//231 262//262 263//263
f 231//231 263//263 232//232
f 232//232 263//263 264//264
f 232//232 264//264 233//233
f 233//233 265//265 235//235
f 233//233 235//235 234//234
f 233//233 264//264 265//265
f 235//235 265//265 266//266
f 235//235 266//266 237//237
f 235//235 237//237 236//236
f 238//238 241//241 242//242
f 241//241 267//267 242//242
f 242//242 267//267 268//268
f 242//242 268//268 269//269
f 242//242 269//269 270//270
f 242//242 270//270 271//271
f 242//242 271//271 272//272
f 242//242 272//272 243//243
f 243//243 272//272 273//273
f 243//243 273//273 244//244
f 244//244 273//273 245//245
f 245//245 273//273 274//274
f 245//245 274//274 246//246
f 246//246 274//274 247//247
f 247//247 275//275 261//261
f 247//247 274//274 275//275
f 248//248 276//276 249//249
f 248//248 251//251 277//277
f 248//248 277//277 276//276
f 249//249 276//276 278//278
f 249//249 278//278 250//250
f 250//250 278//278 279//279
f 250//250 279//279 252//252
f 251//251 260//260 280//280
f 251//251 280//280 281//281
f 251//251 281//281 277//277
f 252//252 279//279 282//282
f 252//252 282//282 283//283
f 252//252 283//283 254//254
f 252//252 254//254 253//253
f 254//254 283//283 255//255
f 255//255 283//283 284//284
f 255//255 284//284 262//262
f 256//256 257//257 285//285
f 256//256 285//285 286//286
f 256//256 286//286 258//258
f 257//257 261//261 287//287
f 257//257 287//287 285//285
f 258//258 288//288 289//289
f 258//258 289//289 259//259
f 258//258 286//286 288//288
f 259//259 289//289 260//260
f 260//260 289//289 290//290
f 260//260 290//290 280//280
f 261//261 275//275 287//287
f 262//262 284//284 291//291
f 262//262 291//291 263//263
f 263//263 291//291 292//292
f 263//263 292//292 264//264
f 264//264 292//292 293//293
f 264//264 293//293 294//294
f 264//264 294//294 295//295
f 264//264 295//295 265//265
f 265//265 295//295 296//296
f 265//265 296//296 266//266
f 268//268 297//297 269//269
f 269//269 297//297 270//270
f 270//270 297//297 271//271
f 271//271 297//297 298//298
f 271//271 298//298 299//299
f 271//271 299//299 300//300
f 271//271 300//300 272//272
f 272//272 301//301 302//302
f 272//272 302//302 273//273
f 272//272 300//300 301//301
f 273//273 302//302 303//303
f 273//273 303//303 274//274
f 274//274 303//303 275//275
f 275//275 303//303 304//304
f 275//275 304//304 287//287
f 276//276 305//305 278//278
f 276//276 277//277 281//281
f 276//276 281//281 280//280
f 276//276 280//280 306//306
f 276//276 306//306 307//307
f 276//276 307//307 305//305
f 278//278 308//308 282//282
f 278//278 282//282 279//279
f 278//278 305//305 309//309
f 278//278 309//309 310//310
f 278//278 310//310 308//308
f 280//280 311//311 306//306
f 280//280 290//290 311//311
f 282//282 308//308 312//312
f 282//282 312//312 313//313
f 282//282 313//313 284//284
f 282//282 284//284 283//283
f 284//284 313//313 291//291
f 285//285 314//314 286//286
f 285//285 287//287 315//315
f 285//285 315//315 314//314
f 286//286 316//316 288//288
f 286//286 314//314 316//316
f 287//287 304//304 315//315
f 288//288 316//316 317//317
f 288//288 317//317 318//318
f 288//288 318//318 319//319
f 288//288 319//319 289//289
f 289//289 319//319 290//290
f 290//290 319//319 311//311
f 291//291 313//313 320//320
f 291//291 320//320 292//292
f 292//292 321//321 293//293
f 292//292 320//320 322//322
f 292//292 322//322 321//321
f 293//293 321//321 323//323
f 293//293 323//323 324//324
f 293//293 324//324 294//294
f 294//294 324//324 325//325
f 294//294 325//325 295//295
f 295//295 325//325 296//296
f 298//298 326//326 299//299
f 299//299 326//326 327//327
f 299//299 327//327 328//328
f 299//299 328//328 329//329
f 299//299 329//329 300//300
f 300//300 329//329 330//330
f 300//300 330//330 331//331
f 300//300 331//331 301//301
f 301//301 331//331 332//332
f 301//301 332//332 333//333
f 301//301 333//333 302//302
f 302//302 333//333 334//334
f 302//302 334//334 303//303
f 303//303 334//334 304//304
f 304//304 335//335 315//315
f 304//304 334//334 335//335
f 305//305 307//307 309//309
f 306//306 311//311 307//307
f 307//307 311//311 336//336
f 307//307 336//336 309//309
f 308//308 337//337 338//338
f 308//308 338//338 312//312
f 308//308 310//310 339//339
f 308//308 339//339 337//337
f 309//309 340//340 341//341
f 309//309 341//341 310//310
f 309//309 336//336 342//342
f 309//309 342//342 340//340
f 310//310 341//341 340//340
f 310//310 340//340 339//339
f 311//311 319//319 343//343
f 311//311 343//343 336//336
f 312//312 320//320 313//313
f 312//312 338//338 320//320
f 314//314 315//315 344//344
f 314//314 344//344 345//345
f 314//314 345//345 316//316
f 315//315 335//335 344//344
f 316//316 345//345 346//346
f 316//316 346//346 347//347
f 316//316 347//347 348//348
f 316//316 348//348 317//317
f 317//317 348//348 349//349
f 317//317 349//349 343//343
f 317//317 343//343 318//318
f 318//318 343//343 319//319
f 320//320 350//350 322//322
f 320//320 338//338 351//351
f 320//320 351//351 352//352
f 320//320 352//352 353//353
f 320//320 353//353 350//350
f 321//321 322//322 354//354
f 321//321 354//354 323//323
f 322//322 350//350 353//353
f 322//322 353//353 355//355
f 322//322 355//355 356//356
f 322//322 356//356 354//354
f 323//323 354//354 357//357
f 323//323 357//357 358//358
f 323//323 358//358 325//325
f 323//323 325//325 324//324
f 328//328 359//359 329//329
f 329//329 359//359 330//330
f 330//330 359//359 360//360
f 330//330 360//360 361//361
f 330//330 361//361 362//362
f 330//330 362//362 331//331
f 331//331 363//363 364//364
f 331//331 364//364 365//365
f 331//331 365//365 332//332
f 331//331 362//362 363//363
f 332//332 365//365 366//366
f 332//332 366//366 333//333
f 333//333 366//366 367//367
f 333//333 367//367 368//368
f 333//333 368//368 334//334
f 334//334 368//368 335//335
f 335//335 368//368 369//369
f 335//335 369//369 344//344
f 336//336 343//343 370//370
f 336//336 370//370 342//342
f 337//337 371//371 338//338
f 337//337 339//339 372//372
f 337//337 372//372 371//371
f 338//338 371//371 351//351
f 339//339 340//340 373//373
f 339//339 373//373 372//372
f 340//340 342//342 374//374
f 340//340 374//374 373//373
f 342//342 370//370 375//375
f 342//342 375//375 374//374
f 343//343 349//349 370//370
f 344//344 376//376 345//345
f 344//344 369//369 376//376
f 345//345 377//377 346//346
f 345//345 376//376 377//377
f 346//346 377//377 378//378
f 346//346 378//378 349//349
f 346//346 349//349 347//347
f 347//347 349//349 348//348
f 349//349 378//378 379//379
f 349//349 379//379 370//370
f 351//351 371//371 352//352
f 352//352 371//371 380//380
f 352//352 380//380 353//353
f 353//353 380//380 381//381
f 353//353 381//381 382//382
f 353//353 382//382 355//355
f 354//354 356//356 357//357
f 355//355 382//382 356//356
f 356//356 383//383 384//384
f 356//356 384//384 357//357
f 356//356 382//382 381//381
f 356//356 381//381 385//385
f 356//356 385//385 386//386
f 356//356 386//386 387//387
f 356//356 387//387 388//388
f 356//356 388//388 383//383
f 357//357 384//384 389//389
f 357//357 389//389 390//390
f 357//357 390//390 391//391
f 357//357 391//391 358//358
f 361//361 392//392 362//362
f 362//362 392//392 363//363
f 363//363 392//392 364//364
f 364//364 392//392 393//393
f 364//364 393//393 394//394
f 364//364 394//394 395//395
f 364//364 395//395 365//365
f 365//365 395//395 396//396
f 365//365 396//396 366//366
f 366//366 396//396 397//397
f 366//366 397//397 367//367
f 367//367 397//397 398//398
f 367//367 398//398 368//368
f 368//368 398//398 399//399
f 368//368 399//399 369//369
f 369//369 399//399 400//400
f 369//369 400//400 376//376
f 370//370 379//379 375//375
f 371//371 372//372 401//401
f 371//371 401//401 380//380
f 372//372 373//373 402//402
f 372//372 402//402 401//401
f 373//373 374//374 403//403
f 373//373 403//403 402//402
f 374//374 375//375 404//404
f 374//374 404//404 403//403
f 375//375 379//379 405//405
f 375//375 405//405 404//404
f 376//376 400//400 406//406
f 376//376 406//406 407//407
f 376//376 407//407 408//408
f 376//376 408//408 409//409
f 376//376 409//409 377//377
f 377//377 409//409 410//410
f 377//377 410//410 378//378
f 378//378 410//410 411//411
f 378//378 411//411 379//379
f 379//379 411//411 405//405
f 380//380 401//401 412//412
f 380//380 412//412 381//381
f 381//381 412//412 413//413
f 381//381 413//413 385//385
f 383//383 388//388 414//414
f 383//383 414//414 415//415
f 383//383 415//415 416//416
f 383//383 416//416 417//417
f 383//383 417//417 418//418
f 383//383 418//418 384//384
f 384//384 418//418 389//389
f 385//385 413//413 419//419
f 385//385 419//419 420//420
f 385//385 420//420 421//421
f 385//385 421//421 422//422
f 385//385 422//422 386//386
f 386//386 422//422 387//387
f 387//387 422//422 423//423
f 387//387 423//423 388//388
f 388//388 423//423 414//414
f 394//394 424//424 395//395
f 395//395 424//424 425//425
f 395//395 425//425 426//426
f 395//395 426//426 427//427
f 395//395 427//427 396//396
f 396//396 427//427 428//428
f 396//396 428//428 429//429
f 396//396 429//429 430//430
f 396//396 430//430 397//397
f 397//397 430//430 431//431
f 397//397 431//431 398//398
f 398//398 431//431 432//432
f 398//398 432//432 399//399
f 399//399 432//432 433//433
f 399//399 433//433 400//400
f 400//400 433//433 434//434
f 400//400 434//434 435//435
f 400//400 435//435 406//406
f 401//401 402//402 436//436
f 401//401 436//436 437//437
f 401//401 437//437 438//438
f 401//401 438//438 412//412
f 402//402 403//403 439//439
f 402//402 439//439 436//436
f 403//403 404//404 440//440
f 403//403 440//440 439//439
f 404//404 405//405 441//441
f 404//404 441//441 440//440
f 405//405 411//411 442//442
f 405//405 442//442 441//441
f 406//406 435//435 443//443
f 406//406 443//443 444//444
f 406//406 444//444 407//407
f 407//407 444//444 408//408
f 408//408 444//444 410//410
f 408//408 410//410 409//409
f 410//410 445//445 411//411
f 410//410 444//444 445//445
f 411//411 445//445 442//442
f 412//412 438//438 446//446
f 412//412 446//446 413//413
f 413//413 447//447 419//419
f 413//413 446//446 447//447
f 414//414 448//448 415//415
f 414//414 423//423 448//448
f 415//415 449//449 450//450
f 415//415 450//450 451//451
f 415//415 451//451 416//416
f 415//415 448//448 452//452
f 415//415 452//452 449//449
f 419//419 453//453 454//454
f 419//419 454//454 420//420
f 419//419 447//447 453//453
f 420//420 454//454 455//455
f 420//420 455//455 421//421
f 421//421 455//455 456//456
f 421//421 456//456 457//457
f 421//421 457//457 423//423
f 421//421 423//423 422//422
f 423//423 457//457 448//448
f 426//426 458//458 428//428
f 426//426 428//428 427//427
f 428//428 458//458 429//429
f 429//429 459//459 460//460
f 429//429 460//460 461//461
f 429//429 461//461 430//430
f 429//429 458//458 459//459
f 430//430 461//461 460//460
f 430//430 460//460 462//462
f 430//430 462//462 463//463
f 430//430 463//463 431//431
f 431//431 463//463 464//464
f 431//431 464//464 465//465
f 431//431 465//465 432//432
f 432//432 465//465 466//466
f 432//432 466//466 467//467
f 432//432 467//467 433//433
f 433//433 467//467 468//468
f 433//433 468//468 469//469
f 433//433 469//469 434//434
f 434//434 470//470 443//443
f 434//434 443//443 435//435
f 434//434 469//469 470//470
f 436//436 439//439 438//438
f 436//436 438//438 437//437
f 438//438 439//439 471//471
f 438//438 471//471 446//446
f 439//439 440//440 471//471
f 440//440 441//441 472//472
f 440//440 472//472 471//471
f 441//441 473//473 472//472
f 441//441 442//442 473//473
f 442//442 445//445 474//474
f 442//442 474//474 473//473
f 443//443 470//470 475//475
f 443//443 475//475 476//476
f 443//443 476//476 444//444
f 444//444 476//476 445//445
f 445//445 476//476 474//474
f 446//446 471//471 447//447
f 447//447 472//472 453//453
f 447//447 471//471 472//472
f 448//448 457//457 477//477
f 448//448 477//477 452//452
f 449//449 452//452 478//478
f 452//452 477//477 479//479
f 452//452 479//479 480//480
f 452//452 480//480 478//478
f 453//453 472//472 481//481
f 453//453 481//481 482//482
f 453//453 482//482 454//454
f 454//454 482//482 483//483
f 454//454 483//483 455//455
f 455//455 483//483 484//484
f 455//455 484//484 456//456
f 456//456 484//484 477//477
f 456//456 477//477 457//457
f 460//460 485//485 462//462
f 462//462 485//485 486//486
f 462//462 486//486 487//487
f 462//462 487//487 463//463
f 463//463 487//487 488//488
f 463//463 488//488 489//489
f 463//463 489//489 490//490
f 463//463 490//490 491//491
f 463//463 491//491 492//492
f 463//463 492//492 464//464
f 464//464 492//492 465//465
f 465//465 492//492 493//493
f 465//465 493//493 466//466
f 466//466 493//493 467//467
f 467//467 493//493 470//470
f 467//467 470//470 468//468
f 468//468 470//470 469//469
f 470//470 493//493 494//494
f 470//470 494//494 495//495
f 470//470 495//495 475//475
f 472//472 473//473 481//481
f 473//473 474//474 481//481
f 474//474 476//476 496//496
f 474//474 496//496 481//481
f 475//475 497//497 496//496
f 475//475 496//496 476//476
f 475//475 495//495 497//497
f 477//477 484//484 498//498
f 477//477 498//498 479//479
f 479//479 499//499 500//500
f 479//479 500//500 480//480
f 479//479 498//498 501//501
f 479//479 501//501 502//502
f 479//479 502//502 503//503
f 479//479 503//503 499//499
f 481//481 496//496 482//482
f 482//482 496//496 497//497
f 482//482 497//497 483//483
f 483//483 497//497 504//504
f 483//483 504//504 484//484
f 484//484 504//504 505//505
f 484//484 505//505 498//498
f 485//485 506//506 488//488
f 485//485 488//488 487//487
f 485//485 487//487 486//486
f 488//488 506//506 489//489
f 489//489 506//506 490//490
f 490//490 506//506 507//507
f 490//490 507//507 508//508
f 490//490 508//508 509//509
f 490//490 509//509 491//491
f 491//491 509//509 510//510
f 491//491 510//510 511//511
f 491//491 511//511 512//512
f 491//491 512//512 492//492
f 492//492 512//512 513//513
f 492//492 513//513 493//493
f 493//493 513//513 494//494
f 494//494 513//513 514//514
f 494//494 514//514 505//505
f 494//494 505//505 495//495
f 495//495 505//505 504//504
f 495//495 504//504 497//497
f 498//498 505//505 515//515
f 498//498 515//515 501//501
f 501//501 515//515 516//516
f 501//501 516//516 517//517
f 501//501 517//517 518//518
f 501//501 518//518 502//502
f 505//505 514//514 515//515
f 508//508 519//519 510//510
f 508//508 510//510 509//509
f 510//510 519//519 520//520
f 510//510 520//520 511//511
f 511//511 520//520 521//521
f 511//511 521//521 522//522
f 511//511 522//522 523//523
f 511//511 523//523 512//512
f 512//512 523//523 524//524
f 512//512 524//524 513//513
f 513//513 524//524 514//514
f 514//514 524//524 515//515
f 515//515 524//524 516//516
f 516//516 524//524 525//525
f 522//522 526//526 523//523
f 523//523 526//526 527//527
f 523//523 527//527 528//528
f 523//523 528//528 524//524
f 524//524 528//528 525//525
f 525//525 528//528 529//529
f 527//527 529//529 528//528
f 530//530 531//531 532//532
f 530//530 532//532 533//533
f 530//530 533//533 534//534
f 530//530 534//534 535//535
f 530//530 535//535 536//536
f 530//530 536//536 545//545
f 530//530 545//545 564//564
f 530//530 564//564 590//590
f 530//530 590//590 612//612
f 530//530 612//612 637//637
f 530//530 637//637 666//666
f 530//530 666//666 702//702
f 530//530 702//702 744//744
f 530//530 744//744 790//790
f 530//530 790//790 845//845
f 530//530 845//845 846//846
f 530//530 846//846 906//906
f 530//530 906//906 961//961
f 530//530 961//961 921//921
f 530//530 921//921 976//976
f 530//530 976//976 997//997
f 530//530 997//997 1012//1012
f 530//530 1012//1012 1011//1011
f 530//530 1011//1011 1010//1010
f 530//530 1010//1010 1020//1020
f 530//530 1020//1020 1019//1019
f 530//530 1019//1019 1018//1018
f 530//530 1018//1018 1017//1017
f 530//530 1017//1017 1016//1016
f 530//530 1016//1016 1032//1032
f 530//530 1032//1032 1031//1031
f 530//530 1031//1031 1030//1030
f 530//530 1030//1030 1029//1029
f 530//530 1029//1029 1028//1028
f 530//530 1028//1028 1027//1027
f 530//530 1027//1027 1044//1044
f 530//530 1044//1044 1043//1043
f 530//530 1043//1043 1042//1042
f 530//530 1042//1042 1041//1041
f 530//530 1041//1041 1054//1054
f 530//530 1054//1054 1053//1053
f 530//530 1053//1053 1052//1052
f 530//530 1052//1052 1051//1051
f 530//530 1051//1051 1050//1050
f 530//530 1050//1050 1049//1049
f 530//530 1049//1049 1048//1048
f 530//530 1048//1048 1047//1047
f 530//530 1047//1047 1046//1046
f 530//530 1046//1046 1045//1045
f 530//530 1045//1045 1039//1039
f 530//530 1039//1039 1038//1038
f 530//530 1038//1038 1037//1037
f 530//530 1037//1037 1036//1036
f 530//530 1036//1036 1035//1035
f 530//530 1035//1035 1034//1034
f 530//530 1034//1034 1025//1025
f 530//530 1025//1025 1024//1024
f 530//530 1024//1024 1023//1023
f 530//530 1023//1023 1022//1022
f 530//530 1022//1022 1014//1014
f 530//530 1014//1014 1008//1008
f 530//530 1008//1008 1007//1007
f 530//530 1007//1007 1006//1006
f 530//530 1006//1006 1005//1005
f 530//530 1005//1005 1004//1004
f 530//530 1004//1004 1003//1003
f 530//530 1003//1003 1002//1002
f 530//530 1002//1002 1001//1001
f 530//530 1001//1001 990//990
f 530//530 990//990 988//988
f 530//530 988//988 962//962
f 530//530 962//962 908//908
f 530//530 908//908 852//852
f 530//530 852//852 850//850
f 530//530 850//850 798//798
f 530//530 798//798 796//796
f 530//530 796//796 849//849
f 530//530 849//849 848//848
f 530//530 848//848 847//847
f 530//530 847//847 793//793
f 530//530 793//793 792//792
f 530//530 792//792 749//749
f 530//530 749//749 748//748
f 530//530 748//748 747//747
f 530//530 747//747 746//746
f 530//530 746//746 745//745
f 530//530 745//745 705//705
f 530//530 705//705 704//704
f 530//530 704//704 703//703
f 530//530 703//703 669//669
f 530//530 669//669 668//668
f 530//530 668//668 667//667
f 530//530 667//667 638//638
f 530//530 638//638 614//614
f 530//530 614//614 592//592
f 530//530 592//592 571//571
f 530//530 571//571 548//548
f 530//530 548//548 537//537
f 530//530 537//537 531//531
f 531//531 534//534 533//533
f 531//531 533//533 532//532
f 531//531 537//537 538//538
f 531//531 538//538 539//539
f 531//531 539//539 540//540
f 531//531 540//540 534//534
f 534//534 541//541 535//535
f 534//534 540//540 542//542
f 534//534 542//542 541//541
f 535//535 541//541 543//543
f 535//535 543//543 536//536
f 536//536 543//543 544//544
f 536//536 544//544 545//545
f 537//537 546//546 547//547
f 537//537 547//547 538//538
f 537//537 548//548 549//549
f 537//537 549//549 550//550
f 537//537 550//550 546//546
f 538//538 547//547 551//551
f 538//538 551//551 539//539
f 539//539 551//551 552//552
f 539//539 552//552 553//553
f 539//539 553//553 540//540
f 540//540 553//553 554//554
f 540//540 554//554 555//555
f 540//540 555//555 542//542
f 541//541 556//556 557//557
f 541//541 557//557 543//543
f 541//541 542//542 558//558
f 541//541 558//558 556//556
f 542//542 555//555 559//559
f 542//542 559//559 560//560
f 542//542 560//560 561//561
f 542//542 561//561 558//558
f 543//543 557//557 544//544
f 544//544 557//557 556//556
f 544//544 556//556 562//562
f 544//544 562//562 563//563
f 544//544 563//563 545//545
f 545//545 563//563 564//564
f 546//546 550//550 547//547
f 547//547 550//550 551//551
f 548//548 565//565 566//566
f 548//548 566//566 567//567
f 548//548 567//567 568//568
f 548//548 568//568 569//569
f 548//548 569//569 551//551
f 548//548 551//551 570//570
f 548//548 570//570 549//549
f 548//548 571//571 572//572
f 548//548 572//572 565//565
f 549//549 570//570 550//550
f 550//550 570//570 551//551
f 551//551 569//569 568//568
f 551//551 568//568 573//573
f 551//551 573//573 574//574
f 551//551 574//574 552//552
f 552//552 554//554 553//553
f 552//552 574//574 575//575
f 552//552 575//575 576//576
f 552//552 576//576 554//554
f 554//554 576//576 577//577
f 554//554 577//577 555//555
f 555//555 577//577 578//578
f 555//555 578//578 559//559
f 556//556 558//558 561//561
f 556//556 561//561 579//579
f 556//556 579//579 580//580
f 556//556 580//580 562//562
f 559//559 581//581 582//582
f 559//559 582//582 583//583
f 559//559 583//583 560//560
f 559//559 578//578 584//584
f 559//559 584//584 585//585
f 559//559 585//585 581//581
f 560//560 583//583 561//561
f 561//561 586//586 579//579
f 561//561 583//583 582//582
f 561//561 582//582 587//587
f 561//561 587//587 586//586
f 562//562 580//580 563//563
f 563//563 580//580 588//588
f 563//563 588//588 589//589
f 563//563 589//589 590//590
f 563//563 590//590 564//564
f 565//565 572//572 566//566
f 566//566 591//591 573//573
f 566//566 573//573 567//567
f 566//566 572//572 591//591
f 567//567 573//573 568//568
f 571//571 592//592 593//593
f 571//571 593//593 594//594
f 571//571 594//594 595//595
f 571//571 595//595 572//572
f 572//572 595//595 591//591
f 573//573 591//591 595//595
f 573//573 595//595 594//594
f 573//573 594//594 574//574
f 574//574 594//594 596//596
f 574//574 596//596 575//575
f 575//575 596//596 597//597
f 575//575 597//597 598//598
f 575//575 598//598 599//599
f 575//575 599//599 576//576
f 576//576 578//578 577//577
f 576//576 599//599 578//578
f 578//578 599//599 584//584
f 579//579 586//586 580//580
f 580//580 586//586 600//600
f 580//580 600//600 588//588
f 581//581 585//585 601//601
f 581//581 601//601 602//602
f 581//581 602//602 582//582
f 582//582 602//602 587//587
f 584//584 599//599 585//585
f 585//585 599//599 603//603
f 585//585 603//603 604//604
f 585//585 604//604 605//605
f 585//585 605//605 601//601
f 586//586 587//587 606//606
f 586//586 606//606 600//600
f 587//587 602//602 607//607
f 587//587 607//607 608//608
f 587//587 608//608 606//606
f 588//588 600//600 609//609
f 588//588 609//609 610//610
f 588//588 610//610 589//589
f 589//589 610//610 611//611
f 589//589 611//611 590//590
f 590//590 611//611 612//612
f 592//592 613//613 593//593
f 592//592 614//614 615//615
f 592//592 615//615 613//613
f 593//593 613//613 616//616
f 593//593 616//616 594//594
f 594//594 616//616 617//617
f 594//594 617//617 596//596
f 596//596 617//617 615//615
f 596//596 615//615 618//618
f 596//596 618//618 619//619
f 596//596 619//619 597//597
f 597//597 619//619 620//620
f 597//597 620//620 621//621
f 597//597 621//621 622//622
f 597//597 622//622 623//623
f 597//597 623//623 598//598
f 598//598 603//603 599//599
f 598//598 623//623 624//624
f 598//598 624//624 603//603
f 600//600 606//606 608//608
f 600//600 608//608 625//625
f 600//600 625//625 626//626
f 600//600 626//626 609//609
f 601//601 605//605 627//627
f 601//601 627//627 628//628
f 601//601 628//628 602//602
f 602//602 628//628 629//629
f 602//602 629//629 630//630
f 602//602 630//630 607//607
f 603//603 624//624 604//604
f 604//604 627//627 605//605
f 604//604 624//624 631//631
f 604//604 631//631 632//632
f 604//604 632//632 627//627
f 607//607 630//630 608//608
f 608//608 630//630 633//633
f 608//608 633//633 634//634
f 608//608 634//634 625//625
f 609//609 626//626 635//635
f 609//609 635//635 610//610
f 610//610 635//635 636//636
f 610//610 636//636 611//611
f 611//611 636//636 637//637
f 611//611 637//637 612//612
f 613//613 615//615 617//617
f 613//613 617//617 616//616
f 614//614 638//638 639//639
f 614//614 639//639 615//615
f 615//615 640//640 641//641
f 615//615 641//641 618//618
f 615//615 639//639 640//640
f 618//618 641//641 642//642
f 618//618 642//642 619//619
f 619//619 642//642 620//620
f 620//620 642//642 643//643
f 620//620 643//643 621//621
f 621//621 643//643 622//622
f 622//622 644//644 623//623
f 622//622 643//643 645//645
f 622//622 645//645 644//644
f 623//623 644//644 646//646
f 623//623 646//646 647//647
f 623//623 647//647 624//624
f 624//624 647//647 631//631
f 625//625 634//634 626//626
f 626//626 634//634 648//648
f 626//626 648//648 649//649
f 626//626 649//649 635//635
f 627//627 632//632 650//650
f 627//627 650//650 628//628
f 628//628 650//650 651//651
f 628//628 651//651 629//629
f 629//629 651//651 652//652
f 629//629 652//652 653//653
f 629//629 653//653 630//630
f 630//630 653//653 633//633
f 631//631 647//647 654//654
f 631//631 654//654 655//655
f 631//631 655//655 632//632
f 632//632 655//655 656//656
f 632//632 656//656 657//657
f 632//632 657//657 650//650
f 633//633 658//658 659//659
f 633//633 659//659 660//660
f 633//633 660//660 634//634
f 633//633 653//653 661//661
f 633//633 661//661 658//658
f 634//634 660//660 648//648
f 635//635 649//649 662//662
f 635//635 662//662 636//636
f 636//636 662//662 663//663
f 636//636 663//663 664//664
f 636//636 664//664 665//665
f 636//636 665//665 637//637
f 637//637 665//665 666//666
f 638//638 667//667 639//639
f 639//639 667//667 640//640
f 640//640 667//667 641//641
f 641//641 667//667 668//668
f 641//641 668//668 669//669
f 641//641 669//669 642//642
f 642//642 669//669 670//670
f 642//642 670//670 671//671
f 642//642 671//671 672//672
f 642//642 672//672 673//673
f 642//642 673//673 674//674
f 642//642 674//674 643//643
f 643//643 674//674 675//675
f 643//643 675//675 676//676
f 643//643 676//676 645//645
f 644//644 645//645 646//646
f 645//645 676//676 677//677
f 645//645 677//677 678//678
f 645//645 678//678 646//646
f 646//646 678//678 679//679
f 646//646 679//679 647//647
f 647//647 679//679 654//654
f 648//648 659//659 658//658
f 648//648 658//658 680//680
f 648//648 680//680 681//681
f 648//648 681//681 649//649
f 648//648 660//660 659//659
f 649//649 681//681 682//682
f 649//649 682//682 662//662
f 650//650 657//657 683//683
f 650//650 683//683 651//651
f 651//651 683//683 684//684
f 651//651 684//684 685//685
f 651//651 685//685 686//686
f 651//651 686//686 652//652
f 652//652 686//686 653//653
f 653//653 686//686 687//687
f 653//653 687//687 661//661
f 654//654 679//679 688//688
f 654//654 688//688 689//689
f 654//654 689//689 655//655
f 655//655 689//689 690//690
f 655//655 690//690 656//656
f 656//656 690//690 691//691
f 656//656 691//691 692//692
f 656//656 692//692 657//657
f 657//657 692//692 693//693
f 657//657 693//693 684//684
f 657//657 684//684 683//683
f 658//658 661//661 694//694
f 658//658 694//694 695//695
f 658//658 695//695 680//680
f 661//661 687//687 696//696
f 661//661 696//696 697//697
f 661//661 697//697 694//694
f 662//662 682//682 698//698
f 662//662 698//698 699//699
f 662//662 699//699 663//663
f 663//663 699//699 700//700
f 663//663 700//700 701//701
f 663//663 701//701 664//664
f 664//664 701//701 665//665
f 665//665 701//701 666//666
f 666//666 701//701 702//702
f 669//669 703//703 670//670
f 670//670 703//703 671//671
f 671//671 703//703 704//704
f 671//671 704//704 705//705
f 671//671 705//705 706//706
f 671//671 706//706 672//672
f 672//672 706//706 673//673
f 673//673 706//706 674//674
f 674//674 706//706 707//707
f 674//674 707//707 708//708
f 674//674 708//708 709//709
f 674//674 709//709 710//710
f 674//674 710//710 676//676
f 674//674 676//676 675//675
f 676//676 710//710 711//711
f 676//676 711//711 712//712
f 676//676 712//712 677//677
f 677//677 712//712 713//713
f 677//677 713//713 678//678
f 678//678 713//713 714//714
f 678//678 714//714 715//715
f 678//678 715//715 679//679
f 679//679 715//715 716//716
f 679//679 716//716 688//688
f 680//680 695//695 717//717
f 680//680 717//717 681//681
f 681//681 717//717 718//718
f 681//681 718//718 682//682
f 682//682 718//718 719//719
f 682//682 719//719 720//720
f 682//682 720//720 698//698
f 684//684 693//693 721//721
f 684//684 721//721 722//722
f 684//684 722//722 723//723
f 684//684 723//723 685//685
f 685//685 723//723 724//724
f 685//685 724//724 725//725
f 685//685 725//725 686//686
f 686//686 725//725 687//687
f 687//687 725//725 724//724
f 687//687 724//724 726//726
f 687//687 726//726 696//696
f 688//688 716//716 715//715
f 688//688 715//715 727//727
f 688//688 727//727 728//728
f 688//688 728//728 689//689
f 689//689 728//728 690//690
f 690//690 728//728 729//729
f 690//690 729//729 730//730
f 690//690 730//730 691//691
f 691//691 730//730 731//731
f 691//691 731//731 732//732
f 691//691 732//732 692//692
f 692//692 732//732 733//733
f 692//692 733//733 693//693
f 693//693 733//733 721//721
f 694//694 697//697 695//695
f 695//695 734//734 717//717
f 695//695 697//697 735//735
f 695//695 735//735 736//736
f 695//695 736//736 734//734
f 696//696 737//737 738//738
f 696//696 738//738 697//697
f 696//696 726//726 739//739
f 696//696 739//739 737//737
f 697//697 738//738 735//735
f 698//698 720//720 740//740
f 698//698 740//740 741//741
f 698//698 741//741 700//700
f 698//698 700//700 699//699
f 700//700 741//741 742//742
f 700//700 742//742 743//743
f 700//700 743//743 702//702
f 700//700 702//702 701//701
f 702//702 743//743 744//744
f 705//705 745//745 706//706
f 706//706 745//745 707//707
f 707//707 745//745 708//708
f 708//708 745//745 746//746
f 708//708 746//746 747//747
f 708//708 747//747 748//748
f 708//708 748//748 749//749
f 708//708 749//749 750//750
f 708//708 750//750 751//751
f 708//708 751//751 710//710
f 708//708 710//710 709//709
f 710//710 751//751 752//752
f 710//710 752//752 711//711
f 711//711 752//752 712//712
f 712//712 714//714 713//713
f 712//712 752//752 753//753
f 712//712 753//753 754//754
f 712//712 754//754 755//755
f 712//712 755//755 756//756
f 712//712 756//756 757//757
f 712//712 757//757 758//758
f 712//712 758//758 714//714
f 714//714 758//758 759//759
f 714//714 759//759 760//760
f 714//714 760//760 715//715
f 715//715 760//760 727//727
f 717//717 734//734 761//761
f 717//717 761//761 718//718
f 718//718 761//761 762//762
f 718//718 762//762 763//763
f 718//718 763//763 719//719
f 719//719 763//763 762//762
f 719//719 762//762 764//764
f 719//719 764//764 740//740
f 719//719 740//740 720//720
f 721//721 733//733 765//765
f 721//721 765//765 766//766
f 721//721 766//766 767//767
f 721//721 767//767 722//722
f 722//722 767//767 723//723
f 723//723 767//767 768//768
f 723//723 768//768 724//724
f 724//724 768//768 769//769
f 724//724 769//769 726//726
f 726//726 769//769 770//770
f 726//726 770//770 739//739
f 727//727 760//760 771//771
f 727//727 771//771 772//772
f 727//727 772//772 773//773
f 727//727 773//773 728//728
f 728//728 773//773 729//729
f 729//729 773//773 730//730
f 730//730 773//773 774//774
f 730//730 774//774 731//731
f 731//731 774//774 775//775
f 731//731 775//775 776//776
f 731//731 776//776 732//732
f 732//732 776//776 777//777
f 732//732 777//777 778//778
f 732//732 778//778 733//733
f 733//733 778//778 765//765
f 734//734 736//736 779//779
f 734//734 779//779 780//780
f 734//734 780//780 761//761
f 735//735 737//737 781//781
f 735//735 781//781 782//782
f 735//735 782//782 736//736
f 735//735 738//738 737//737
f 736//736 782//782 783//783
f 736//736 783//783 779//779
f 737//737 784//784 785//785
f 737//737 785//785 781//781
f 737//737 739//739 784//784
f 739//739 786//786 784//784
f 739//739 770//770 787//787
f 739//739 787//787 788//788
f 739//739 788//788 786//786
f 740//740 764//764 789//789
f 740//740 789//789 742//742
f 740//740 742//742 741//741
f 742//742 790//790 744//744
f 742//742 744//744 743//743
f 742//742 789//789 791//791
f 742//742 791//791 790//790
f 749//749 792//792 752//752
f 749//749 752//752 750//750
f 750//750 752//752 751//751
f 752//752 792//792 793//793
f 752//752 793//793 794//794
f 752//752 794//794 753//753
f 753//753 794//794 754//754
f 754//754 794//794 795//795
f 754//754 795//795 756//756
f 754//754 756//756 755//755
f 756//756 795//795 757//757
f 757//757 759//759 758//758
f 757//757 795//795 796//796
f 757//757 796//796 797//797
f 757//757 797//797 798//798
f 757//757 798//798 799//799
f 757//757 799//799 759//759
f 759//759 799//799 800//800
f 759//759 800//800 801//801
f 759//759 801//801 771//771
f 759//759 771//771 760//760
f 761//761 780//780 802//802
f 761//761 802//802 803//803
f 761//761 803//803 762//762
f 762//762 803//803 804//804
f 762//762 804//804 764//764
f 764//764 804//804 805//805
f 764//764 805//805 789//789
f 765//765 778//778 806//806
f 765//765 806//806 807//807
f 765//765 807//807 808//808
f 765//765 808//808 809//809
f 765//765 809//809 810//810
f 765//765 810//810 766//766
f 766//766 811//811 767//767
f 766//766 810//810 812//812
f 766//766 812//812 813//813
f 766//766 813//813 811//811
f 767//767 811//811 768//768
f 768//768 811//811 814//814
f 768//768 814//814 769//769
f 769//769 814//814 815//815
f 769//769 815//815 816//816
f 769//769 816//816 817//817
f 769//769 817//817 770//770
f 770//770 817//817 818//818
f 770//770 818//818 819//819
f 770//770 819//819 820//820
f 770//770 820//820 787//787
f 771//771 801//801 772//772
f 772//772 801//801 821//821
f 772//772 821//821 822//822
f 772//772 822//822 823//823
f 772//772 823//823 824//824
f 772//772 824//824 773//773
f 773//773 824//824 825//825
f 773//773 825//825 774//774
f 774//774 825//825 826//826
f 774//774 826//826 827//827
f 774//774 827//827 775//775
f 775//775 827//827 828//828
f 775//775 828//828 829//829
f 775//775 829//829 777//777
f 775//775 777//777 776//776
f 777//777 829//829 830//830
f 777//777 830//830 778//778
f 778//778 830//830 831//831
f 778//778 831//831 806//806
f 779//779 783//783 832//832
f 779//779 832//832 833//833
f 779//779 833//833 780//780
f 780//780 833//833 802//802
f 781//781 785//785 834//834
f 781//781 834//834 782//782
f 782//782 834//834 835//835
f 782//782 835//835 783//783
f 783//783 835//835 836//836
f 783//783 836//836 832//832
f 784//784 786//786 785//785
f 785//785 786//786 837//837
f 785//785 837//837 838//838
f 785//785 838//838 834//834
f 786//786 788//788 839//839
f 786//786 839//839 840//840
f 786//786 840//840 837//837
f 787//787 820//820 788//788
f 788//788 841//841 842//842
f 788//788 842//842 839//839
f 788//788 820//820 841//841
f 789//789 805//805 843//843
f 789//789 843//843 844//844
f 789//789 844//844 791//791
f 790//790 791//791 845//845
f 791//791 844//844 846//846
f 791//791 846//846 845//845
f 793//793 847//847 794//794
f 794//794 847//847 795//795
f 795//795 848//848 849//849
f 795//795 849//849 796//796
f 795//795 847//847 848//848
f 796//796 798//798 797//797
f 798//798 850//850 799//799
f 799//799 850//850 851//851
f 799//799 851//851 800//800
f 800//800 822//822 821//821
f 800//800 821//821 801//801
f 800//800 851//851 852//852
f 800//800 852//852 853//853
f 800//800 853//853 854//854
f 800//800 854//854 855//855
f 800//800 855//855 822//822
f 802//802 833//833 856//856
f 802//802 856//856 804//804
f 802//802 804//804 803//803
f 804//804 856//856 805//805
f 805//805 856//856 857//857
f 805//805 857//857 858//858
f 805//805 858//858 859//859
f 805//805 859//859 843//843
f 806//806 831//831 860//860
f 806//806 860//860 861//861
f 806//806 861//861 862//862
f 806//806 862//862 807//807
f 807//807 862//862 808//808
f 808//808 862//862 809//809
f 809//809 862//862 861//861
f 809//809 861//861 863//863
f 809//809 863//863 864//864
f 809//809 864//864 810//810
f 810//810 864//864 865//865
f 810//810 865//865 866//866
f 810//810 866//866 812//812
f 811//811 813//813 867//867
f 811//811 867//867 868//868
f 811//811 868//868 814//814
f 812//812 866//866 813//813
f 813//813 866//866 865//865
f 813//813 865//865 869//869
f 813//813 869//869 870//870
f 813//813 870//870 867//867
f 814//814 868//868 871//871
f 814//814 871//871 872//872
f 814//814 872//872 873//873
f 814//814 873//873 815//815
f 815//815 873//873 816//816
f 816//816 873//873 874//874
f 816//816 874//874 817//817
f 817//817 874//874 818//818
f 818//818 874//874 875//875
f 818//818 875//875 819//819
f 819//819 875//875 876//876
f 819//819 876//876 820//820
f 820//820 876//876 877//877
f 820//820 877//877 841//841
f 822//822 855//855 878//878
f 822//822 878//878 879//879
f 822//822 879//879 823//823
f 823//823 827//827 826//826
f 823//823 826//826 825//825
f 823//823 825//825 824//824
f 823//823 879//879 880//880
f 823//823 880//880 881//881
f 823//823 881//881 882//882
f 823//823 882//882 827//827
f 827//827 882//882 828//828
f 828//828 883//883 829//829
f 828//828 882//882 884//884
f 828//828 884//884 883//883
f 829//829 883//883 885//885
f 829//829 885//885 886//886
f 829//829 886//886 830//830
f 830//830 886//886 887//887
f 830//830 887//887 888//888
f 830//830 888//888 831//831
f 831//831 888//888 889//889
f 831//831 889//889 860//860
f 832//832 836//836 890//890
f 832//832 890//890 897//897
f 832//832 897//897 891//891
f 832//832 891//891 892//892
f 832//832 892//892 893//893
f 832//832 893//893 833//833
f 833//833 893//893 894//894
f 833//833 894//894 856//856
f 834//834 838//838 895//895
f 834//834 895//895 835//835
f 835//835 895//895 896//896
f 835//835 896//896 836//836
f 836//836 897//897 890//890
f 836//836 896//896 897//897
f 837//837 840//840 898//898
f 837//837 898//898 899//899
f 837//837 899//899 900//900
f 837//837 900//900 838//838
f 838//838 900//900 901//901
f 838//838 901//901 902//902
f 838//838 902//902 895//895
f 839//839 842//842 903//903
f 839//839 903//903 840//840
f 840//840 903//903 904//904
f 840//840 904//904 899//899
f 840//840 899//899 898//898
f 841//841 877//877 842//842
f 842//842 877//877 905//905
f 842//842 905//905 903//903
f 843//843 906//906 907//907
f 843//843 907//907 844//844
f 843//843 859//859 906//906
f 844//844 907//907 846//846
f 846//846 907//907 906//906
f 850//850 852//852 851//851
f 852//852 908//908 909//909
f 852//852 909//909 910//910
f 852//852 910//910 854//854
f 852//852 854//854 853//853
f 854//854 911//911 855//855
f 854//854 910//910 911//911
f 855//855 911//911 912//912
f 855//855 912//912 878//878
f 856//856 894//894 857//857
f 857//857 894//894 893//893
f 857//857 893//893 913//913
f 857//857 913//913 914//914
f 857//857 914//914 858//858
f 858//858 914//914 915//915
f 858//858 915//915 916//916
f 858//858 916//916 917//917
f 858//858 917//917 918//918
f 858//858 918//918 919//919
f 858//858 919//919 920//920
f 858//858 920//920 859//859
f 859//859 921//921 922//922
f 859//859 922//922 923//923
f 859//859 923//923 906//906
f 859//859 920//920 924//924
f 859//859 924//924 925//925
f 859//859 925//925 921//921
f 860//860 889//889 926//926
f 860//860 926//926 927//927
f 860//860 927//927 861//861
f 861//861 927//927 928//928
f 861//861 928//928 929//929
f 861//861 929//929 930//930
f 861//861 930//930 863//863
f 863//863 930//930 931//931
f 863//863 931//931 865//865
f 863//863 865//865 864//864
f 865//865 931//931 932//932
f 865//865 932//932 933//933
f 865//865 933//933 934//934
f 865//865 934//934 935//935
f 865//865 935//935 869//869
f 867//867 870//870 936//936
f 867//867 936//936 872//872
f 867//867 872//872 871//871
f 867//867 871//871 868//868
f 869//869 935//935 870//870
f 870//870 935//935 936//936
f 872//872 936//936 935//935
f 872//872 935//935 937//937
f 872//872 937//937 873//873
f 873//873 937//937 874//874
f 874//874 937//937 905//905
f 874//874 905//905 877//877
f 874//874 877//877 875//875
f 875//875 877//877 876//876
f 878//878 881//881 879//879
f 878//878 912//912 938//938
f 878//878 938//938 939//939
f 878//878 939//939 940//940
f 878//878 940//940 881//881
f 879//879 881//881 880//880
f 881//881 940//940 941//941
f 881//881 941//941 882//882
f 882//882 941//941 942//942
f 882//882 942//942 943//943
f 882//882 943//943 884//884
f 883//883 884//884 885//885
f 884//884 944//944 885//885
f 884//884 943//943 945//945
f 884//884 945//945 944//944
f 885//885 944//944 886//886
f 886//886 944//944 946//946
f 886//886 946//946 887//887
f 887//887 946//946 888//888
f 888//888 946//946 889//889
f 889//889 946//946 926//926
f 891//891 897//897 892//892
f 892//892 947//947 948//948
f 892//892 948//948 893//893
f 892//892 897//897 947//947
f 893//893 948//948 949//949
f 893//893 949//949 913//913
f 895//895 902//902 950//950
f 895//895 950//950 951//951
f 895//895 951//951 952//952
f 895//895 952//952 896//896
f 896//896 952//952 953//953
f 896//896 953//953 897//897
f 897//897 953//953 954//954
f 897//897 954//954 947//947
f 899//899 904//904 955//955
f 899//899 955//955 956//956
f 899//899 956//956 900//900
f 900//900 956//956 901//901
f 901//901 956//956 957//957
f 901//901 957//957 958//958
f 901//901 958//958 959//959
f 901//901 959//959 902//902
f 902//902 959//959 958//958
f 902//902 958//958 950//950
f 903//903 905//905 960//960
f 903//903 960//960 904//904
f 904//904 960//960 955//955
f 905//905 937//937 935//935
f 905//905 935//935 930//930
f 905//905 930//930 926//926
f 905//905 926//926 977//977
f 905//905 977//977 964//964
f 905//905 964//964 909//909
f 905//905 909//909 963//963
f 905//905 963//963 989//989
f 905//905 989//989 1000//1000
f 905//905 1000//1000 1013//1013
f 905//905 1013//1013 1021//1021
f 905//905 1021//1021 1033//1033
f 905//905 1033//1033 1040//1040
f 905//905 1040//1040 1026//1026
f 905//905 1026//1026 1015//1015
f 905//905 1015//1015 1009//1009
f 905//905 1009//1009 996//996
f 905//905 996//996 975//975
f 905//905 975//975 995//995
f 905//905 995//995 999//999
f 905//905 999//999 987//987
f 905//905 987//987 960//960
f 906//906 923//923 922//922
f 906//906 922//922 961//961
f 908//908 962//962 909//909
f 909//909 964//964 965//965
f 909//909 965//965 966//966
f 909//909 966//966 910//910
f 909//909 962//962 963//963
f 910//910 966//966 911//911
f 911//911 966//966 965//965
f 911//911 965//965 912//912
f 912//912 965//965 938//938
f 913//913 949//949 967//967
f 913//913 967//967 968//968
f 913//913 968//968 969//969
f 913//913 969//969 914//914
f 914//914 969//969 970//970
f 914//914 970//970 971//971
f 914//914 971//971 915//915
f 915//915 972//972 916//916
f 915//915 971//971 973//973
f 915//915 973//973 972//972
f 916//916 972//972 917//917
f 917//917 972//972 973//973
f 917//917 973//973 974//974
f 917//917 974//974 921//921
f 917//917 921//921 918//918
f 918//918 921//921 919//919
f 919//919 921//921 920//920
f 920//920 921//921 924//924
f 921//921 961//961 922//922
f 921//921 925//925 924//924
f 921//921 974//974 975//975
f 921//921 975//975 976//976
f 926//926 930//930 928//928
f 926//926 928//928 927//927
f 926//926 946//946 977//977
f 928//928 930//930 929//929
f 930//930 935//935 932//932
f 930//930 932//932 931//931
f 932//932 935//935 933//933
f 933//933 935//935 934//934
f 938//938 965//965 978//978
f 938//938 978//978 939//939
f 939//939 978//978 940//940
f 940//940 979//979 941//941
f 940//940 978//978 980//980
f 940//940 980//980 979//979
f 941//941 979//979 942//942
f 942//942 979//979 981//981
f 942//942 981//981 982//982
f 942//942 982//982 943//943
f 943//943 982//982 981//981
f 943//943 981//981 945//945
f 944//944 945//945 946//946
f 945//945 981//981 977//977
f 945//945 977//977 946//946
f 947//947 954//954 983//983
f 947//947 983//983 984//984
f 947//947 984//984 985//985
f 947//947 985//985 948//948
f 948//948 985//985 986//986
f 948//948 986//986 949//949
f 949//949 986//986 967//967
f 950//950 958//958 987//987
f 950//950 987//987 983//983
f 950//950 983//983 951//951
f 951//951 983//983 952//952
f 952//952 983//983 953//953
f 953//953 983//983 954//954
f 955//955 960//960 956//956
f 956//956 960//960 987//987
f 956//956 987//987 957//957
f 957//957 987//987 958//958
f 962//962 988//988 963//963
f 963//963 988//988 990//990
f 963//963 990//990 989//989
f 964//964 977//977 981//981
f 964//964 981//981 991//991
f 964//964 991//991 978//978
f 964//964 978//978 965//965
f 967//967 986//986 992//992
f 967//967 992//992 993//993
f 967//967 993//993 968//968
f 968//968 993//993 969//969
f 969//969 993//993 994//994
f 969//969 994//994 971//971
f 969//969 971//971 970//970
f 971//971 994//994 995//995
f 971//971 995//995 975//975
f 971//971 975//975 973//973
f 973//973 975//975 974//974
f 975//975 996//996 976//976
f 976//976 996//996 997//997
f 978//978 991//991 980//980
f 979//979 980//980 998//998
f 979//979 998//998 991//991
f 979//979 991//991 981//981
f 980//980 991//991 998//998
f 983//983 987//987 999//999
f 983//983 999//999 984//984
f 984//984 999//999 992//992
f 984//984 992//992 986//986
f 984//984 986//986 985//985
f 989//989 990//990 1001//1001
f 989//989 1001//1001 1002//1002
f 989//989 1002//1002 1003//1003
f 989//989 1003//1003 1004//1004
f 989//989 1004//1004 1005//1005
f 989//989 1005//1005 1006//1006
f 989//989 1006//1006 1007//1007
f 989//989 1007//1007 1008//1008
f 989//989 1008//1008 1000//1000
f 992//992 999//999 995//995
f 992//992 995//995 993//993
f 993//993 995//995 994//994
f 996//996 1009//1009 1010//1010
f 996//996 1010//1010 1011//1011
f 996//996 1011//1011 1012//1012
f 996//996 1012//1012 997//997
f 1000//1000 1008//1008 1014//1014
f 1000//1000 1014//1014 1013//1013
f 1009//1009 1015//1015 1016//1016
f 1009//1009 1016//1016 1017//1017
f 1009//1009 1017//1017 1018//1018
f 1009//1009 1018//1018 1019//1019
f 1009//1009 1019//1019 1020//1020
f 1009//1009 1020//1020 1010//1010
f 1013//1013 1014//1014 1022//1022
f 1013//1013 1022//1022 1023//1023
f 1013//1013 1023//1023 1024//1024
f 1013//1013 1024//1024 1025//1025
f 1013//1013 1025//1025 1021//1021
f 1015//1015 1026//1026 1027//1027
f 1015//1015 1027//1027 1028//1028
f 1015//1015 1028//1028 1029//1029
f 1015//1015 1029//1029 1030//1030
f 1015//1015 1030//1030 1031//1031
f 1015//1015 1031//1031 1032//1032
f 1015//1015 1032//1032 1016//1016
f 1021//1021 1025//1025 1034//1034
f 1021//1021 1034//1034 1035//1035
f 1021//1021 1035//1035 1036//1036
f 1021//1021 1036//1036 1037//1037
f 1021//1021 1037//1037 1038//1038
f 1021//1021 1038//1038 1039//1039
f 1021//1021 1039//1039 1033//1033
f 1026//1026 1040//1040 1041//1041
f 1026//1026 1041//1041 1042//1042
f 1026//1026 1042//1042 1043//1043
f 1026//1026 1043//1043 1044//1044
f 1026//1026 1044//1044 1027//1027
f 1033//1033 1039//1039 1045//1045
f 1033//1033 1045//1045 1046//1046
f 1033//1033 1046//1046 1047//1047
f 1033//1033 1047//1047 1048//1048
f 1033//1033 1048//1048 1049//1049
f 1033//1033 1049//1049 1050//1050
f 1033//1033 1050//1050 1051//1051
f 1033//1033 1051//1051 1040//1040
f 1040//1040 1051//1051 1052//1052
f 1040//1040 1052//1052 1053//1053
f 1040//1040 1053//1053 1054//1054
f 1040//1040 1054//1054 1041//1041
