# https://github.com/mikedh/trimesh
o geometry_0
o geometry_1
o geometry_2
o geometry_3
o geometry_4
v 0.04749778 0.00045564 0.15480001 0.54509804 0.71372549 0.60000000
v 0.04619597 0.01100967 0.15480001 0.54509804 0.71372549 0.60000000
v 0.04640054 -0.01011699 0.15480001 0.54509804 0.71372549 0.60000000
v 0.04694916 -0.00719719 0.14239997 0.54509804 0.71372549 0.60000000
v 0.04749778 0.00045564 0.04435641 0.54509804 0.71372549 0.60000000
v 0.04258807 0.02101508 0.15480001 0.54509804 0.71372549 0.60000000
v 0.04619597 0.01100967 0.04435641 0.54509804 0.71372549 0.60000000
v 0.04344355 0.01864390 0.04435641 0.54509804 0.71372549 0.60000000
v 0.04679108 -0.00813636 0.14377295 0.54509804 0.71372549 0.60000000
v 0.04687477 -0.00764353 0.14335132 0.54509804 0.71372549 0.60000000
v 0.04298791 -0.02018748 0.15480001 0.54509804 0.71372549 0.60000000
v 0.04477326 -0.01585429 0.14477836 0.54509804 0.71372549 0.60000000
v 0.04558225 -0.01333434 0.14514593 0.54509804 0.71372549 0.60000000
v 0.04631685 -0.01049823 0.14477836 0.54509804 0.71372549 0.60000000
v 0.04640054 -0.01011699 0.04435641 0.54509804 0.71372549 0.60000000
v 0.04650282 -0.00959626 0.04435641 0.54509804 0.71372549 0.60000000
v 0.04734901 -0.00155288 0.04435641 0.54509804 0.71372549 0.60000000
v 0.03684147 0.02996973 0.15480001 0.54509804 0.71372549 0.60000000
v 0.04258807 0.02101508 0.04435641 0.54509804 0.71372549 0.60000000
v 0.04042147 0.02439980 0.04435641 0.54509804 0.71372549 0.60000000
v 0.04679108 -0.00813636 0.14101618 0.54509804 0.71372549 0.60000000
v 0.03741799 -0.02925372 0.15480001 0.54509804 0.71372549 0.60000000
v 0.04051446 -0.02421382 0.04435641 0.54509804 0.71372549 0.60000000
v 0.04298791 -0.02018748 0.04435641 0.54509804 0.71372549 0.60000000
v 0.04389918 -0.01813247 0.14239997 0.54509804 0.71372549 0.60000000
v 0.04414095 -0.01753735 0.14377295 0.54509804 0.71372549 0.60000000
v 0.04477326 -0.01585429 0.14001077 0.54509804 0.71372549 0.60000000
v 0.04558225 -0.01333434 0.13964321 0.54509804 0.71372549 0.60000000
v 0.04631685 -0.01049823 0.14001077 0.54509804 0.71372549 0.60000000
v 0.04346214 -0.01904374 0.04435641 0.54509804 0.71372549 0.60000000
v 0.02925373 0.03741799 0.15480001 0.54509804 0.71372549 0.60000000
v 0.03684147 0.02996973 0.04435641 0.54509804 0.71372549 0.60000000
v 0.02996972 -0.03684146 0.15480001 0.54509804 0.71372549 0.60000000
v 0.03741799 -0.02925372 0.04435641 0.54509804 0.71372549 0.60000000
v 0.04322038 -0.01965746 0.04435641 0.54509804 0.71372549 0.60000000
v 0.04414095 -0.01753735 0.14101618 0.54509804 0.71372549 0.60000000
v 0.04328547 -0.01949938 0.04435641 0.54509804 0.71372549 0.60000000
v 0.02018749 0.04298791 0.15480001 0.54509804 0.71372549 0.60000000
v 0.02925373 0.03741799 0.04435641 0.54509804 0.71372549 0.60000000
v 0.02101507 -0.04258806 0.15480001 0.54509804 0.71372549 0.60000000
v 0.02784032 -0.03820837 0.04435641 0.54509804 0.71372549 0.60000000
v 0.02996972 -0.03684146 0.04435641 0.54509804 0.71372549 0.60000000
v 0.01011699 0.04640053 0.15480001 0.54509804 0.71372549 0.60000000
v 0.02018749 0.04298791 0.04435641 0.54509804 0.71372549 0.60000000
v 0.01250676 0.04559155 0.04435641 0.54509804 0.71372549 0.60000000
v 0.01100967 -0.04619596 0.15480001 0.54509804 0.71372549 0.60000000
v 0.01864390 -0.04344354 0.04435641 0.54509804 0.71372549 0.60000000
v 0.02101507 -0.04258806 0.04435641 0.54509804 0.71372549 0.60000000
v -0.00045564 0.04749778 0.15480001 0.54509804 0.71372549 0.60000000
v 0.01011699 0.04640053 0.04435641 0.54509804 0.71372549 0.60000000
v 0.00045564 -0.04749778 0.15480001 0.54509804 0.71372549 0.60000000
v 0.01100967 -0.04619596 0.04435641 0.54509804 0.71372549 0.60000000
v -0.01100967 0.04619597 0.15480001 0.54509804 0.71372549 0.60000000
v -0.00045564 0.04749778 0.04435641 0.54509804 0.71372549 0.60000000
v -0.01011699 -0.04640053 0.15480001 0.54509804 0.71372549 0.60000000
v 0.00045564 -0.04749778 0.04435641 0.54509804 0.71372549 0.60000000
v -0.02101507 0.04258807 0.15480001 0.54509804 0.71372549 0.60000000
v -0.01100967 0.04619597 0.04435641 0.54509804 0.71372549 0.60000000
v -0.01864390 0.04344355 0.04435641 0.54509804 0.71372549 0.60000000
v -0.02018749 -0.04298791 0.15480001 0.54509804 0.71372549 0.60000000
v -0.01250676 -0.04559154 0.04435641 0.54509804 0.71372549 0.60000000
v -0.01011699 -0.04640053 0.04435641 0.54509804 0.71372549 0.60000000
v -0.02996973 0.03684147 0.15480001 0.54509804 0.71372549 0.60000000
v -0.02101507 0.04258807 0.04435641 0.54509804 0.71372549 0.60000000
v -0.02784032 0.03820838 0.04435641 0.54509804 0.71372549 0.60000000
v -0.02925373 -0.03741798 0.15480001 0.54509804 0.71372549 0.60000000
v -0.02018749 -0.04298791 0.04435641 0.54509804 0.71372549 0.60000000
v -0.03741799 0.02925373 0.15480001 0.54509804 0.71372549 0.60000000
v -0.02996973 0.03684147 0.04435641 0.54509804 0.71372549 0.60000000
v -0.03684147 -0.02996972 0.15480001 0.54509804 0.71372549 0.60000000
v -0.03279653 -0.03434941 0.14477836 0.54509804 0.71372549 0.60000000
v -0.03146682 -0.03556754 0.14377295 0.54509804 0.71372549 0.60000000
v -0.03113207 -0.03587440 0.14314592 0.54509804 0.71372549 0.60000000
v -0.02925373 -0.03741798 0.04435641 0.54509804 0.71372549 0.60000000
v -0.04298792 0.02018749 0.15480001 0.54509804 0.71372549 0.60000000
v -0.03741799 0.02925373 0.04435641 0.54509804 0.71372549 0.60000000
v -0.03871981 0.02750557 0.04435641 0.54509804 0.71372549 0.60000000
v -0.03659970 -0.03026728 0.14477836 0.54509804 0.71372549 0.60000000
v -0.03465627 -0.03247107 0.14514593 0.54509804 0.71372549 0.60000000
v -0.04258807 -0.02101507 0.15480001 0.54509804 0.71372549 0.60000000
v -0.03859893 -0.02768224 0.14282159 0.54509804 0.71372549 0.60000000
v -0.03807820 -0.02837964 0.14377295 0.54509804 0.71372549 0.60000000
v -0.03684147 -0.02996972 0.04435641 0.54509804 0.71372549 0.60000000
v -0.03279653 -0.03434941 0.14001077 0.54509804 0.71372549 0.60000000
v -0.03113207 -0.03587440 0.14164321 0.54509804 0.71372549 0.60000000
v -0.02970006 -0.03704603 0.04435641 0.54509804 0.71372549 0.60000000
v -0.04640054 0.01011699 0.15480001 0.54509804 0.71372549 0.60000000
v -0.04298792 0.02018749 0.04435641 0.54509804 0.71372549 0.60000000
v -0.04639124 0.01014489 0.04435641 0.54509804 0.71372549 0.60000000
v -0.03659970 -0.03026728 0.14001077 0.54509804 0.71372549 0.60000000
v -0.03465627 -0.03247107 0.13964321 0.54509804 0.71372549 0.60000000
v -0.03864542 -0.02760785 0.14239997 0.54509804 0.71372549 0.60000000
v -0.04619597 -0.01100966 0.15480001 0.54509804 0.71372549 0.60000000
v -0.04257877 -0.02104296 0.04435641 0.54509804 0.71372549 0.60000000
v -0.03871981 -0.02750556 0.04435641 0.54509804 0.71372549 0.60000000
v -0.03807820 -0.02837964 0.14101618 0.54509804 0.71372549 0.60000000
v -0.03626495 -0.03062993 0.04435641 0.54509804 0.71372549 0.60000000
v -0.03577212 -0.03112276 0.04435641 0.54509804 0.71372549 0.60000000
v -0.03018360 -0.03660899 0.04435641 0.54509804 0.71372549 0.60000000
v -0.02983024 -0.03693445 0.04435641 0.54509804 0.71372549 0.60000000
v -0.03146682 -0.03556754 0.14101618 0.54509804 0.71372549 0.60000000
v -0.04749779 -0.00045563 0.15480001 0.54509804 0.71372549 0.60000000
v -0.04640054 0.01011699 0.04435641 0.54509804 0.71372549 0.60000000
v -0.04620527 -0.01098177 0.04435641 0.54509804 0.71372549 0.60000000
v -0.04619597 -0.01100966 0.04435641 0.54509804 0.71372549 0.60000000
v -0.04749779 -0.00045563 0.04435641 0.54509804 0.71372549 0.60000000
v -0.06292865 -0.00299706 0.00899911 0.54117647 0.42352941 0.64313725
v -0.06234963 -0.00895419 0.00100002 0.54117647 0.42352941 0.64313725
v -0.06164741 -0.01188958 0.00899911 0.54117647 0.42352941 0.64313725
v -0.06024298 -0.01461531 0.00999912 0.54117647 0.42352941 0.64313725
v -0.06191845 -0.00294773 0.00999912 0.54117647 0.42352941 0.64313725
v -0.06136406 0.00881852 0.00999912 0.54117647 0.42352941 0.64313725
v -0.06234963 0.00895419 0.00899911 0.54117647 0.42352941 0.64313725
v -0.06291633 0.00299707 0.00100002 0.54117647 0.42352941 0.64313725
v -0.06278082 0.00000000 0.00100002 0.54117647 0.42352941 0.64313725
v -0.06136406 -0.00881852 -0.00000000 0.54117647 0.42352941 0.64313725
v -0.06121623 -0.00944753 -0.00000000 0.54117647 0.42352941 0.64313725
v -0.06164741 -0.01186491 0.00100002 0.54117647 0.42352941 0.64313725
v -0.06121623 -0.01484964 0.00899911 0.54117647 0.42352941 0.64313725
v -0.05828415 -0.02333516 0.00899911 0.54117647 0.42352941 0.64313725
v -0.05706451 -0.02380384 0.00999912 0.54117647 0.42352941 0.64313725
v -0.05057207 -0.02625822 0.01059664 0.54117647 0.42352941 0.64313725
v -0.05071990 -0.02549354 0.01059664 0.54117647 0.42352941 0.64313725
v -0.05071990 0.02550588 0.01059664 0.54117647 0.42352941 0.64313725
v -0.05857983 0.02027643 0.00999912 0.54117647 0.42352941 0.64313725
v -0.05952844 0.02059711 0.00899911 0.54117647 0.42352941 0.64313725
v -0.06164741 0.01186492 0.00899911 0.54117647 0.42352941 0.64313725
v -0.06121623 0.01484965 0.00100002 0.54117647 0.42352941 0.64313725
v -0.06164741 0.01188959 0.00100002 0.54117647 0.42352941 0.64313725
v -0.06191845 0.00294773 -0.00000000 0.54117647 0.42352941 0.64313725
v -0.05857983 -0.02027643 -0.00000000 0.54117647 0.42352941 0.64313725
v -0.05952844 -0.02059710 0.00100002 0.54117647 0.42352941 0.64313725
v -0.05729859 -0.02615955 0.00899911 0.54117647 0.42352941 0.64313725
v -0.05638693 -0.02575254 0.00999912 0.54117647 0.42352941 0.64313725
v -0.05049815 -0.03595243 0.00999912 0.54117647 0.42352941 0.64313725
v -0.05014088 -0.02691190 0.01059664 0.54117647 0.42352941 0.64313725
v -0.05046119 0.02649257 0.01059664 0.54117647 0.42352941 0.64313725
v -0.05368893 0.03099433 0.00999912 0.54117647 0.42352941 0.64313725
v -0.05455131 0.03150001 0.00899911 0.54117647 0.42352941 0.64313725
v -0.05729859 0.02615956 0.00100002 0.54117647 0.42352941 0.64313725
v -0.05828415 0.02333517 0.00100002 0.54117647 0.42352941 0.64313725
v -0.06024298 0.01461531 -0.00000000 0.54117647 0.42352941 0.64313725
v -0.05689204 -0.02398884 -0.00000000 0.54117647 0.42352941 0.64313725
v -0.05828415 -0.02332282 0.00100002 0.54117647 0.42352941 0.64313725
v -0.05455131 -0.03148766 0.00100002 0.54117647 0.42352941 0.64313725
v -0.05131124 -0.03653210 0.00899911 0.54117647 0.42352941 0.64313725
v -0.04277374 -0.04486962 0.00999912 0.54117647 0.42352941 0.64313725
v -0.04948794 -0.02734358 0.01059664 0.54117647 0.42352941 0.64313725
v -0.03649073 -0.04981539 0.00999912 0.54117647 0.42352941 0.64313725
v -0.03350938 -0.05214644 0.00999912 0.54117647 0.42352941 0.64313725
v -0.05044887 0.02650490 0.01059664 0.54117647 0.42352941 0.64313725
v -0.04685154 0.04058986 0.00999912 0.54117647 0.42352941 0.64313725
v -0.04760304 0.04125588 0.00899911 0.54117647 0.42352941 0.64313725
v -0.05131124 0.03653211 0.00100002 0.54117647 0.42352941 0.64313725
v -0.05344254 0.03085866 -0.00000000 0.54117647 0.42352941 0.64313725
v -0.05638693 0.02575255 -0.00000000 0.54117647 0.42352941 0.64313725
v -0.05368893 -0.03099432 -0.00000000 0.54117647 0.42352941 0.64313725
v -0.04760304 -0.04125587 0.00100002 0.54117647 0.42352941 0.64313725
v -0.04542246 -0.04332791 0.00899911 0.54117647 0.42352941 0.64313725
v -0.04346364 -0.04558496 0.00899911 0.54117647 0.42352941 0.64313725
v -0.03640450 -0.05114742 0.00899911 0.54117647 0.42352941 0.64313725
v -0.02019187 -0.04298258 0.01059664 0.54117647 0.42352941 0.64313725
v -0.03405145 -0.05299745 0.00899911 0.54117647 0.42352941 0.64313725
v -0.02303770 -0.05754855 0.00999912 0.54117647 0.42352941 0.64313725
v -0.04970970 0.02723258 0.01059664 0.54117647 0.42352941 0.64313725
v -0.04574277 0.04165055 0.00999912 0.54117647 0.42352941 0.64313725
v -0.04544710 0.04331559 0.00899911 0.54117647 0.42352941 0.64313725
v -0.04346364 0.04558497 0.00100002 0.54117647 0.42352941 0.64313725
v -0.04542246 0.04332792 0.00100002 0.54117647 0.42352941 0.64313725
v -0.05049815 0.03595243 -0.00000000 0.54117647 0.42352941 0.64313725
v -0.04277374 0.04486962 -0.00000000 0.54117647 0.42352941 0.64313725
v -0.04685154 -0.04058986 -0.00000000 0.54117647 0.42352941 0.64313725
v -0.04319261 -0.04409260 -0.00000000 0.54117647 0.42352941 0.64313725
v -0.04544710 -0.04331558 0.00100002 0.54117647 0.42352941 0.64313725
v -0.03894234 -0.04951938 0.00100002 0.54117647 0.42352941 0.64313725
v -0.02005635 -0.04303191 0.01059664 0.54117647 0.42352941 0.64313725
v -0.02886488 -0.05599452 0.00100002 0.54117647 0.42352941 0.64313725
v -0.02340729 -0.05848590 0.00899911 0.54117647 0.42352941 0.64313725
v -0.01172828 -0.06087862 0.00999912 0.54117647 0.42352941 0.64313725
v -0.01011441 -0.04639898 0.01059664 0.54117647 0.42352941 0.64313725
v -0.01015137 -0.04638665 0.01059664 0.54117647 0.42352941 0.64313725
v -0.02101728 0.04258791 0.01059664 0.54117647 0.42352941 0.64313725
v -0.02840906 0.05510650 0.00999912 0.54117647 0.42352941 0.64313725
v -0.03663857 0.04981539 0.00999912 0.54117647 0.42352941 0.64313725
v -0.03831404 0.04873004 0.00999912 0.54117647 0.42352941 0.64313725
v -0.03894234 0.04951939 0.00899911 0.54117647 0.42352941 0.64313725
v -0.03640450 0.05114742 0.00100002 0.54117647 0.42352941 0.64313725
v -0.03405145 0.05299746 0.00100002 0.54117647 0.42352941 0.64313725
v -0.03350938 0.05214644 -0.00000000 0.54117647 0.42352941 0.64313725
v -0.03831404 -0.04873003 -0.00000000 0.54117647 0.42352941 0.64313725
v -0.02840906 -0.05510650 -0.00000000 0.54117647 0.42352941 0.64313725
v -0.01774026 -0.06044695 0.00100002 0.54117647 0.42352941 0.64313725
v -0.01478355 -0.06101429 0.00899911 0.54117647 0.42352941 0.64313725
v -0.01191308 -0.06185298 0.00899911 0.54117647 0.42352941 0.64313725
v 0.00000000 -0.06300000 0.00899911 0.54117647 0.42352941 0.64313725
v 0.00000000 -0.06198864 0.00999912 0.54117647 0.42352941 0.64313725
v 0.00045583 -0.04749667 0.01059664 0.54117647 0.42352941 0.64313725
v -0.01101374 0.04620165 0.01059664 0.54117647 0.42352941 0.64313725
v -0.01745691 0.05948493 0.00999912 0.54117647 0.42352941 0.64313725
v -0.01774026 0.06044696 0.00899911 0.54117647 0.42352941 0.64313725
v -0.02886488 0.05599453 0.00899911 0.54117647 0.42352941 0.64313725
v -0.02340729 0.05848591 0.00100002 0.54117647 0.42352941 0.64313725
v -0.02314858 0.05749923 -0.00000000 0.54117647 0.42352941 0.64313725
v -0.01745691 -0.05948493 -0.00000000 0.54117647 0.42352941 0.64313725
v -0.00588878 -0.06171731 -0.00000000 0.54117647 0.42352941 0.64313725
v -0.00598734 -0.06270399 0.00100002 0.54117647 0.42352941 0.64313725
v 0.00598734 -0.06270399 0.00100002 0.54117647 0.42352941 0.64313725
v 0.01191308 -0.06185298 0.00899911 0.54117647 0.42352941 0.64313725
v 0.01172829 -0.06087862 0.00999912 0.54117647 0.42352941 0.64313725
v 0.01101375 -0.04620164 0.01059664 0.54117647 0.42352941 0.64313725
v -0.00045582 0.04749668 0.01059664 0.54117647 0.42352941 0.64313725
v -0.00588878 0.06171731 0.00999912 0.54117647 0.42352941 0.64313725
v -0.00598734 0.06270400 0.00899911 0.54117647 0.42352941 0.64313725
v -0.01191308 0.06185299 0.00100002 0.54117647 0.42352941 0.64313725
v -0.01478355 0.06101430 0.00100002 0.54117647 0.42352941 0.64313725
v -0.01172828 0.06087863 -0.00000000 0.54117647 0.42352941 0.64313725
v -0.02242172 0.05773356 -0.00000000 0.54117647 0.42352941 0.64313725
v -0.02303770 0.05754856 -0.00000000 0.54117647 0.42352941 0.64313725
v 0.00588879 -0.06171731 -0.00000000 0.54117647 0.42352941 0.64313725
v 0.01774027 -0.06044695 0.00100002 0.54117647 0.42352941 0.64313725
v 0.02340730 -0.05848590 0.00899911 0.54117647 0.42352941 0.64313725
v 0.02303771 -0.05754855 0.00999912 0.54117647 0.42352941 0.64313725
v 0.02101729 -0.04258790 0.01059664 0.54117647 0.42352941 0.64313725
v 0.00588879 0.06171731 0.00999912 0.54117647 0.42352941 0.64313725
v 0.01011442 0.04639899 0.01059664 0.54117647 0.42352941 0.64313725
v 0.00598734 0.06270400 0.00899911 0.54117647 0.42352941 0.64313725
v 0.00000000 0.06300001 0.00100002 0.54117647 0.42352941 0.64313725
v 0.00000000 0.06198865 -0.00000000 0.54117647 0.42352941 0.64313725
v 0.01745692 -0.05948493 -0.00000000 0.54117647 0.42352941 0.64313725
v 0.02840906 -0.05510650 -0.00000000 0.54117647 0.42352941 0.64313725
v 0.02886489 -0.05599452 0.00100002 0.54117647 0.42352941 0.64313725
v 0.03405146 -0.05299745 0.00899911 0.54117647 0.42352941 0.64313725
v 0.03350939 -0.05214644 0.00999912 0.54117647 0.42352941 0.64313725
v 0.02114048 -0.04251390 0.01059664 0.54117647 0.42352941 0.64313725
v 0.01745692 0.05948493 0.00999912 0.54117647 0.42352941 0.64313725
v 0.01774027 0.06044696 0.00899911 0.54117647 0.42352941 0.64313725
v 0.01015138 0.04638666 0.01059664 0.54117647 0.42352941 0.64313725
v 0.01191308 0.06185299 0.00100002 0.54117647 0.42352941 0.64313725
v 0.01172829 0.06087863 -0.00000000 0.54117647 0.42352941 0.64313725
v 0.03831404 -0.04873003 -0.00000000 0.54117647 0.42352941 0.64313725
v 0.03894235 -0.04951938 0.00100002 0.54117647 0.42352941 0.64313725
v 0.03649074 -0.04981539 0.00999912 0.54117647 0.42352941 0.64313725
v 0.04112292 -0.04743500 0.00899911 0.54117647 0.42352941 0.64313725
v 0.02996134 -0.03684044 0.01059664 0.54117647 0.42352941 0.64313725
v 0.02992438 -0.03686511 0.01059664 0.54117647 0.42352941 0.64313725
v 0.02840906 0.05510650 0.00999912 0.54117647 0.42352941 0.64313725
v 0.02005636 0.04303192 0.01059664 0.54117647 0.42352941 0.64313725
v 0.02019187 0.04298258 0.01059664 0.54117647 0.42352941 0.64313725
v 0.02340730 0.05848591 0.00100002 0.54117647 0.42352941 0.64313725
v 0.02886489 0.05599453 0.00899911 0.54117647 0.42352941 0.64313725
v 0.02303771 0.05754856 -0.00000000 0.54117647 0.42352941 0.64313725
v 0.04685155 -0.04058986 -0.00000000 0.54117647 0.42352941 0.64313725
v 0.04760305 -0.04125587 0.00100002 0.54117647 0.42352941 0.64313725
v 0.04346365 -0.04558496 0.00899911 0.54117647 0.42352941 0.64313725
v 0.04277375 -0.04486962 0.00999912 0.54117647 0.42352941 0.64313725
v 0.03005989 -0.03674178 0.01059664 0.54117647 0.42352941 0.64313725
v 0.03663858 0.04981539 0.00999912 0.54117647 0.42352941 0.64313725
v 0.03148897 0.05455149 0.00899911 0.54117647 0.42352941 0.64313725
v 0.02924680 0.03742013 0.01059664 0.54117647 0.42352941 0.64313725
v 0.03405146 0.05299746 0.00100002 0.54117647 0.42352941 0.64313725
v 0.03350939 0.05214644 -0.00000000 0.54117647 0.42352941 0.64313725
v 0.05368894 -0.03099432 -0.00000000 0.54117647 0.42352941 0.64313725
v 0.04935243 -0.03880149 0.00899911 0.54117647 0.42352941 0.64313725
v 0.05455131 -0.03150000 0.00100002 0.54117647 0.42352941 0.64313725
v 0.05131125 -0.03653210 0.00899911 0.54117647 0.42352941 0.64313725
v 0.04899516 -0.03769146 0.00999912 0.54117647 0.42352941 0.64313725
v 0.03741471 -0.02925528 0.01059664 0.54117647 0.42352941 0.64313725
v 0.03831404 0.04873004 0.00999912 0.54117647 0.42352941 0.64313725
v 0.03894235 0.04951939 0.00899911 0.54117647 0.42352941 0.64313725
v 0.04685155 0.04058986 0.00999912 0.54117647 0.42352941 0.64313725
v 0.03974312 0.04737334 0.00999912 0.54117647 0.42352941 0.64313725
v 0.03684801 0.02997064 0.01059664 0.54117647 0.42352941 0.64313725
v 0.04112292 0.04743501 0.00100002 0.54117647 0.42352941 0.64313725
v 0.04277375 0.04486962 -0.00000000 0.54117647 0.42352941 0.64313725
v 0.05857983 -0.02027643 -0.00000000 0.54117647 0.42352941 0.64313725
v 0.05952844 -0.02059710 0.00100002 0.54117647 0.42352941 0.64313725
v 0.05049816 -0.03595243 0.00999912 0.54117647 0.42352941 0.64313725
v 0.05729859 -0.02615955 0.00899911 0.54117647 0.42352941 0.64313725
v 0.05580792 -0.02874961 0.00899911 0.54117647 0.42352941 0.64313725
v 0.04299551 -0.02017776 0.01059664 0.54117647 0.42352941 0.64313725
v 0.04346365 0.04558497 0.00100002 0.54117647 0.42352941 0.64313725
v 0.04760305 0.04125588 0.00899911 0.54117647 0.42352941 0.64313725
v 0.05368894 0.03099433 0.00999912 0.54117647 0.42352941 0.64313725
v 0.04080261 0.02380384 0.01059664 0.54117647 0.42352941 0.64313725
v 0.04935243 0.03880149 0.00100002 0.54117647 0.42352941 0.64313725
v 0.04915532 0.03750647 -0.00000000 0.54117647 0.42352941 0.64313725
v 0.06136407 -0.00881852 -0.00000000 0.54117647 0.42352941 0.64313725
v 0.06234964 -0.00895419 0.00100002 0.54117647 0.42352941 0.64313725
v 0.06121624 -0.01484964 0.00899911 0.54117647 0.42352941 0.64313725
v 0.06024298 -0.01767404 0.00899911 0.54117647 0.42352941 0.64313725
v 0.05638694 -0.02575254 0.00999912 0.54117647 0.42352941 0.64313725
v 0.05706452 -0.02380384 0.00999912 0.54117647 0.42352941 0.64313725
v 0.06024298 -0.01461531 0.00999912 0.54117647 0.42352941 0.64313725
v 0.04640804 -0.01011354 0.01059664 0.54117647 0.42352941 0.64313725
v 0.05131125 0.03653211 0.00100002 0.54117647 0.42352941 0.64313725
v 0.05455131 0.03148767 0.00899911 0.54117647 0.42352941 0.64313725
v 0.04258895 0.02101645 0.01059664 0.54117647 0.42352941 0.64313725
v 0.05857983 0.02027643 0.00999912 0.54117647 0.42352941 0.64313725
v 0.05952844 0.02059711 0.00899911 0.54117647 0.42352941 0.64313725
v 0.05579560 0.02877428 0.00899911 0.54117647 0.42352941 0.64313725
v 0.05049816 0.03595243 -0.00000000 0.54117647 0.42352941 0.64313725
v 0.06249747 -0.00596946 0.00100002 0.54117647 0.42352941 0.64313725
v 0.06191845 0.00294773 -0.00000000 0.54117647 0.42352941 0.64313725
v 0.06292866 0.00299707 0.00100002 0.54117647 0.42352941 0.64313725
v 0.06291634 -0.00299706 0.00899911 0.54117647 0.42352941 0.64313725
v 0.06249747 -0.00595712 0.00899911 0.54117647 0.42352941 0.64313725
v 0.06191845 -0.00294773 0.00999912 0.54117647 0.42352941 0.64313725
v 0.04747985 0.00028368 0.01059664 0.54117647 0.42352941 0.64313725
v 0.05580792 0.02874961 0.00100002 0.54117647 0.42352941 0.64313725
v 0.05729859 0.02615956 0.00100002 0.54117647 0.42352941 0.64313725
v 0.04619861 0.01101390 0.01059664 0.54117647 0.42352941 0.64313725
v 0.06136407 0.00881852 0.00999912 0.54117647 0.42352941 0.64313725
v 0.06121624 0.01484965 0.00100002 0.54117647 0.42352941 0.64313725
v 0.06024298 0.01767405 0.00100002 0.54117647 0.42352941 0.64313725
v 0.06234964 0.00895419 0.00899911 0.54117647 0.42352941 0.64313725
v 0.05638694 0.02575255 -0.00000000 0.54117647 0.42352941 0.64313725
v 0.06103144 0.00913920 -0.00000000 0.54117647 0.42352941 0.64313725
v 0.06024298 0.01461531 -0.00000000 0.54117647 0.42352941 0.64313725
v 0.06249747 0.00596946 0.00899911 0.54117647 0.42352941 0.64313725
v 0.04749217 0.00045635 0.01059664 0.54117647 0.42352941 0.64313725
v 0.04749217 0.00041935 0.01059664 0.54117647 0.42352941 0.64313725
v 0.04747985 0.00059202 0.01059664 0.54117647 0.42352941 0.64313725
v 0.05702756 0.02390251 -0.00000000 0.54117647 0.42352941 0.64313725
v -0.00046002 0.04749778 0.04435640 0.43529412 0.89019608 0.96078431
v 0.01011707 0.04640053 0.04435640 0.43529412 0.89019608 0.96078431
v 0.00998233 0.04641913 0.01059768 0.43529412 0.89019608 0.96078431
v -0.00046002 0.04749778 0.01059768 0.43529412 0.89019608 0.96078431
v -0.01096974 0.04620527 0.01059768 0.43529412 0.89019608 0.96078431
v -0.01100823 0.04619597 0.04435640 0.43529412 0.89019608 0.96078431
v 0.01015557 0.04639124 0.01059768 0.43529412 0.89019608 0.96078431
v 0.01011707 0.04640053 0.01059768 0.43529412 0.89019608 0.96078431
v 0.02019369 0.04298791 0.04435640 0.43529412 0.89019608 0.96078431
v -0.01100823 0.04619597 0.01059768 0.43529412 0.89019608 0.96078431
v -0.01114297 0.04614947 0.01059768 0.43529412 0.89019608 0.96078431
v -0.02097899 0.04260666 0.01059768 0.43529412 0.89019608 0.96078431
v -0.02101749 0.04258807 0.04435640 0.43529412 0.89019608 0.96078431
v 0.02005895 0.04303440 0.01059768 0.43529412 0.89019608 0.96078431
v 0.02925015 0.03741799 0.04435640 0.43529412 0.89019608 0.96078431
v 0.02023219 0.04296932 0.01059768 0.43529412 0.89019608 0.96078431
v 0.02019369 0.04298791 0.01059768 0.43529412 0.89019608 0.96078431
v -0.02101749 0.04258807 0.01059768 0.43529412 0.89019608 0.96078431
v -0.02784111 0.03820838 0.04435640 0.43529412 0.89019608 0.96078431
v -0.04972673 0.02722661 0.04399952 0.43529412 0.89019608 0.96078431
v 0.02927902 0.03739009 0.01059768 0.43529412 0.89019608 0.96078431
v 0.02925015 0.03741799 0.01059768 0.43529412 0.89019608 0.96078431
v 0.02913465 0.03749238 0.01059768 0.43529412 0.89019608 0.96078431
v 0.03684371 0.02996973 0.04435640 0.43529412 0.89019608 0.96078431
v 0.03674746 0.03007201 0.01059768 0.43529412 0.89019608 0.96078431
v -0.04972673 0.02722661 0.01059768 0.43529412 0.89019608 0.96078431
v -0.02996807 0.03684147 0.04435640 0.43529412 0.89019608 0.96078431
v -0.05044855 0.02651061 0.01059768 0.43529412 0.89019608 0.96078431
v -0.05045817 0.02649201 0.04399952 0.43529412 0.89019608 0.96078431
v 0.04042394 0.02439980 0.04435640 0.43529412 0.89019608 0.96078431
v 0.03684371 0.02996973 0.01059768 0.43529412 0.89019608 0.96078431
v -0.03741727 0.02925373 0.04435640 0.43529412 0.89019608 0.96078431
v -0.05045817 0.02649201 0.01059768 0.43529412 0.89019608 0.96078431
v -0.05072765 0.02549705 0.04399952 0.43529412 0.89019608 0.96078431
v -0.04640635 0.01011699 0.04435640 0.43529412 0.89019608 0.96078431
v -0.04298973 0.02018749 0.04435640 0.43529412 0.89019608 0.96078431
v -0.03871655 0.02750557 0.04435640 0.43529412 0.89019608 0.96078431
v 0.03975986 0.02543196 0.01059768 0.43529412 0.89019608 0.96078431
v 0.04258940 0.02101508 0.04435640 0.43529412 0.89019608 0.96078431
v 0.04257015 0.02105227 0.01059768 0.43529412 0.89019608 0.96078431
v -0.05072765 0.02549705 0.01059768 0.43529412 0.89019608 0.96078431
v -0.04749389 -0.00041844 0.04435640 0.43529412 0.89019608 0.96078431
v -0.05082390 0.02478105 0.02722259 0.43529412 0.89019608 0.96078431
v -0.05082390 0.02459507 0.02859065 0.43529412 0.89019608 0.96078431
v -0.05082390 0.02439980 0.02996202 0.43529412 0.89019608 0.96078431
v -0.05082390 0.02358152 0.03219916 0.43529412 0.89019608 0.96078431
v -0.05082390 0.02211232 0.03455197 0.43529412 0.89019608 0.96078431
v -0.05082390 0.02046645 0.03626370 0.43529412 0.89019608 0.96078431
v -0.05082390 0.01816967 0.03781350 0.43529412 0.89019608 0.96078431
v -0.05082390 0.01595658 0.03870572 0.43529412 0.89019608 0.96078431
v -0.05082390 0.01323206 0.03918817 0.43529412 0.89019608 0.96078431
v -0.05072765 -0.02549704 0.04399952 0.43529412 0.89019608 0.96078431
v 0.04344596 0.01864390 0.04435640 0.43529412 0.89019608 0.96078431
v 0.04260865 0.02097788 0.01059768 0.43529412 0.89019608 0.96078431
v -0.05072765 -0.02549704 0.01059768 0.43529412 0.89019608 0.96078431
v -0.05082390 0.01151180 0.01460603 0.43529412 0.89019608 0.96078431
v -0.05082390 0.01427351 0.01470186 0.43529412 0.89019608 0.96078431
v -0.05082390 0.01658889 0.01528015 0.43529412 0.89019608 0.96078431
v -0.05082390 0.01783492 0.01588487 0.43529412 0.89019608 0.96078431
v -0.05082390 0.01908094 0.01649290 0.43529412 0.89019608 0.96078431
v -0.05082390 0.02094998 0.01796009 0.43529412 0.89019608 0.96078431
v -0.05082390 0.02273533 0.02008158 0.43529412 0.89019608 0.96078431
v -0.05082390 0.02385118 0.02218324 0.43529412 0.89019608 0.96078431
v -0.05082390 0.02461367 0.02484666 0.43529412 0.89019608 0.96078431
v -0.04749389 -0.00045563 0.04435640 0.43529412 0.89019608 0.96078431
v -0.05082390 0.01085159 0.03910556 0.43529412 0.89019608 0.96078431
v -0.05057367 -0.02625954 0.04399952 0.43529412 0.89019608 0.96078431
v -0.04620424 -0.01100966 0.04435640 0.43529412 0.89019608 0.96078431
v -0.05082390 -0.01559392 0.03528226 0.43529412 0.89019608 0.96078431
v -0.05082390 -0.01563112 0.03527235 0.43529412 0.89019608 0.96078431
v -0.05082390 -0.01566831 0.03525582 0.43529412 0.89019608 0.96078431
v -0.05082390 -0.01909024 0.03289311 0.43529412 0.89019608 0.96078431
v -0.05082390 -0.01911813 0.03286667 0.43529412 0.89019608 0.96078431
v -0.05082390 -0.01913673 0.03283363 0.43529412 0.89019608 0.96078431
v -0.05082390 -0.02107086 0.02915242 0.43529412 0.89019608 0.96078431
v -0.05082390 -0.02108946 0.02911607 0.43529412 0.89019608 0.96078431
v -0.05082390 -0.02134052 0.02704085 0.43529412 0.89019608 0.96078431
v 0.04619851 0.01100967 0.04435640 0.43529412 0.89019608 0.96078431
v 0.04615039 0.01114915 0.01059768 0.43529412 0.89019608 0.96078431
v -0.05057367 -0.02625954 0.01059768 0.43529412 0.89019608 0.96078431
v -0.05082390 -0.02134052 0.02700119 0.43529412 0.89019608 0.96078431
v -0.05082390 -0.02108946 0.02488301 0.43529412 0.89019608 0.96078431
v -0.05082390 -0.02107086 0.02484666 0.43529412 0.89019608 0.96078431
v -0.05082390 -0.01913673 0.02116545 0.43529412 0.89019608 0.96078431
v -0.05082390 -0.01911813 0.02113241 0.43529412 0.89019608 0.96078431
v -0.05082390 -0.01909024 0.02110597 0.43529412 0.89019608 0.96078431
v -0.05082390 -0.01566831 0.01874326 0.43529412 0.89019608 0.96078431
v -0.05082390 -0.01563112 0.01872673 0.43529412 0.89019608 0.96078431
v -0.05082390 -0.01559392 0.01871682 0.43529412 0.89019608 0.96078431
v -0.05015020 -0.02690115 0.01059768 0.43529412 0.89019608 0.96078431
v -0.05014057 -0.02691045 0.04399952 0.43529412 0.89019608 0.96078431
v -0.03871655 -0.02750556 0.04435640 0.43529412 0.89019608 0.96078431
v -0.04257588 -0.02104296 0.04435640 0.43529412 0.89019608 0.96078431
v -0.04260476 -0.02098717 0.04435640 0.43529412 0.89019608 0.96078431
v 0.04650649 0.00850832 0.04435640 0.43529412 0.89019608 0.96078431
v 0.04620813 0.01097247 0.01059768 0.43529412 0.89019608 0.96078431
v 0.04619851 0.01100967 0.01059768 0.43529412 0.89019608 0.96078431
v -0.05014057 -0.02691045 0.01059768 0.43529412 0.89019608 0.96078431
v -0.04950537 -0.02733819 0.01059768 0.43529412 0.89019608 0.96078431
v -0.04948612 -0.02734748 0.04399952 0.43529412 0.89019608 0.96078431
v -0.02924625 -0.03741798 0.04435640 0.43529412 0.89019608 0.96078431
v -0.02969859 -0.03704603 0.04435640 0.43529412 0.89019608 0.96078431
v -0.02983333 -0.03693445 0.04435640 0.43529412 0.89019608 0.96078431
v -0.03018943 -0.03660899 0.04435640 0.43529412 0.89019608 0.96078431
v -0.03577152 -0.03112276 0.04435640 0.43529412 0.89019608 0.96078431
v -0.03626235 -0.03062993 0.04435640 0.43529412 0.89019608 0.96078431
v -0.03678207 -0.03004411 0.04435640 0.43529412 0.89019608 0.96078431
v -0.03683981 -0.02996972 0.04435640 0.43529412 0.89019608 0.96078431
v 0.04749779 0.00045564 0.04435640 0.43529412 0.89019608 0.96078431
v 0.04749779 0.00045564 0.01059768 0.43529412 0.89019608 0.96078431
v -0.02022830 -0.04296931 0.01059768 0.43529412 0.89019608 0.96078431
v -0.02018980 -0.04298791 0.04435640 0.43529412 0.89019608 0.96078431
v 0.04734380 -0.00155288 0.04435640 0.43529412 0.89019608 0.96078431
v 0.04641024 -0.01010769 0.01059768 0.43529412 0.89019608 0.96078431
v -0.02018980 -0.04298791 0.01059768 0.43529412 0.89019608 0.96078431
v -0.02005506 -0.04303440 0.01059768 0.43529412 0.89019608 0.96078431
v -0.01016130 -0.04639123 0.01059768 0.43529412 0.89019608 0.96078431
v -0.01250962 -0.04559154 0.04435640 0.43529412 0.89019608 0.96078431
v 0.04650649 -0.00959626 0.04435640 0.43529412 0.89019608 0.96078431
v 0.04640062 -0.01011699 0.04435640 0.43529412 0.89019608 0.96078431
v 0.04367695 -0.01837424 0.04435640 0.43529412 0.89019608 0.96078431
v 0.04345559 -0.01904374 0.04435640 0.43529412 0.89019608 0.96078431
v 0.04300325 -0.02015959 0.01059768 0.43529412 0.89019608 0.96078431
v -0.01011318 -0.04640053 0.01059768 0.43529412 0.89019608 0.96078431
v -0.01011318 -0.04640053 0.04435640 0.43529412 0.89019608 0.96078431
v 0.04329197 -0.01949938 0.04435640 0.43529412 0.89019608 0.96078431
v 0.04322460 -0.01965746 0.04435640 0.43529412 0.89019608 0.96078431
v 0.04298400 -0.02018748 0.04435640 0.43529412 0.89019608 0.96078431
v 0.04299362 -0.02017818 0.01059768 0.43529412 0.89019608 0.96078431
v -0.00997843 -0.04641913 0.01059768 0.43529412 0.89019608 0.96078431
v 0.00045429 -0.04749778 0.04435640 0.43529412 0.89019608 0.96078431
v 0.04129013 -0.02294920 0.04435640 0.43529412 0.89019608 0.96078431
v 0.03742116 -0.02925372 0.04435640 0.43529412 0.89019608 0.96078431
v 0.03742116 -0.02925372 0.01059768 0.43529412 0.89019608 0.96078431
v 0.00045429 -0.04749778 0.01059768 0.43529412 0.89019608 0.96078431
v 0.01096401 -0.04620526 0.01059768 0.43529412 0.89019608 0.96078431
v 0.01101213 -0.04619596 0.04435640 0.43529412 0.89019608 0.96078431
v 0.02997197 -0.03684146 0.04435640 0.43529412 0.89019608 0.96078431
v 0.02997197 -0.03684146 0.01059768 0.43529412 0.89019608 0.96078431
v 0.01101213 -0.04619596 0.01059768 0.43529412 0.89019608 0.96078431
v 0.01114687 -0.04614946 0.01059768 0.43529412 0.89019608 0.96078431
v 0.02102138 -0.04258806 0.04435640 0.43529412 0.89019608 0.96078431
v 0.02784500 -0.03820837 0.04435640 0.43529412 0.89019608 0.96078431
v 0.02993347 -0.03686936 0.01059768 0.43529412 0.89019608 0.96078431
v 0.02097326 -0.04260666 0.01059768 0.43529412 0.89019608 0.96078431
v 0.02102138 -0.04258806 0.01059768 0.43529412 0.89019608 0.96078431
v -0.05593017 -0.00364972 0.02700000 0.38039216 0.78823529 0.52549020
v -0.05593017 -0.00390788 0.02911725 0.38039216 0.78823529 0.52549020
v -0.05082679 -0.00365492 0.02703784 0.38039216 0.78823529 0.52549020
v -0.05082679 -0.00365146 0.02700000 0.38039216 0.78823529 0.52549020
v -0.05082679 -0.00365492 0.02696216 0.38039216 0.78823529 0.52549020
v -0.05593017 -0.00390788 0.02488275 0.38039216 0.78823529 0.52549020
v -0.07767971 -0.00570110 0.02700000 0.38039216 0.78823529 0.52549020
v -0.07767971 -0.00570110 0.02709976 0.38039216 0.78823529 0.52549020
v -0.05593017 -0.00466502 0.03111239 0.38039216 0.78823529 0.52549020
v -0.05082679 -0.00465115 0.03107627 0.38039216 0.78823529 0.52549020
v -0.07767971 -0.00600083 0.02899857 0.38039216 0.78823529 0.52549020
v -0.05082679 -0.00465115 0.02292373 0.38039216 0.78823529 0.52549020
v -0.05593017 -0.00466502 0.02288761 0.38039216 0.78823529 0.52549020
v -0.07767971 -0.00621741 0.02439944 0.38039216 0.78823529 0.52549020
v -0.07803906 -0.00574095 0.02709976 0.38039216 0.78823529 0.52549020
v -0.05593017 -0.00587609 0.03286845 0.38039216 0.78823529 0.52549020
v -0.05082679 -0.00468581 0.03114335 0.38039216 0.78823529 0.52549020
v -0.05082679 -0.00466502 0.03111239 0.38039216 0.78823529 0.52549020
v -0.07820425 -0.00609093 0.02899857 0.38039216 0.78823529 0.52549020
v -0.07908814 -0.00872272 0.03166965 0.38039216 0.78823529 0.52549020
v -0.05082679 -0.00466502 0.02288761 0.38039216 0.78823529 0.52549020
v -0.05082679 -0.00468581 0.02285665 0.38039216 0.78823529 0.52549020
v -0.05593017 -0.00587609 0.02113155 0.38039216 0.78823529 0.52549020
v -0.07777534 -0.00650501 0.02379746 0.38039216 0.78823529 0.52549020
v -0.07810282 -0.00659857 0.02373555 0.38039216 0.78823529 0.52549020
v -0.07830858 -0.00633349 0.02444588 0.38039216 0.78823529 0.52549020
v -0.07830858 -0.00582584 0.02700000 0.38039216 0.78823529 0.52549020
v -0.05593017 -0.00747353 0.03428224 0.38039216 0.78823529 0.52549020
v -0.05082679 -0.00744407 0.03425645 0.38039216 0.78823529 0.52549020
v -0.07855201 -0.00595232 0.02709976 0.38039216 0.78823529 0.52549020
v -0.07867372 -0.00635081 0.02899857 0.38039216 0.78823529 0.52549020
v -0.08042702 -0.00808339 0.02954896 0.38039216 0.78823529 0.52549020
v -0.08042702 -0.00995111 0.03141510 0.38039216 0.78823529 0.52549020
v -0.07910842 -0.00944000 0.03213060 0.38039216 0.78823529 0.52549020
v -0.07900700 -0.01032535 0.03273086 0.38039216 0.78823529 0.52549020
v -0.07905046 -0.00943654 0.03214263 0.38039216 0.78823529 0.52549020
v -0.05082679 -0.00744407 0.01974355 0.38039216 0.78823529 0.52549020
v -0.05593017 -0.00747353 0.01971776 0.38039216 0.78823529 0.52549020
v -0.07836943 -0.00677703 0.02361687 0.38039216 0.78823529 0.52549020
v -0.07884470 -0.00666441 0.02458348 0.38039216 0.78823529 0.52549020
v -0.05593017 -0.00936204 0.03527465 0.38039216 0.78823529 0.52549020
v -0.05082679 -0.00750818 0.03430116 0.38039216 0.78823529 0.52549020
v -0.05082679 -0.00747353 0.03428224 0.38039216 0.78823529 0.52549020
v -0.07884761 -0.01089190 0.03310580 0.38039216 0.78823529 0.52549020
v -0.07849984 -0.01146192 0.03348247 0.38039216 0.78823529 0.52549020
v -0.07844478 -0.01155375 0.03354267 0.38039216 0.78823529 0.52549020
v -0.07884470 -0.00618449 0.02700000 0.38039216 0.78823529 0.52549020
v -0.08042702 -0.00740076 0.02700000 0.38039216 0.78823529 0.52549020
v -0.08042702 -0.00740076 0.02709976 0.38039216 0.78823529 0.52549020
v -0.08042991 -0.01691608 0.02954896 0.38039216 0.78823529 0.52549020
v -0.08042702 -0.01249974 0.03209963 0.38039216 0.78823529 0.52549020
v -0.05082679 -0.00747353 0.01971776 0.38039216 0.78823529 0.52549020
v -0.05082679 -0.00750818 0.01969884 0.38039216 0.78823529 0.52549020
v -0.05593017 -0.00936204 0.01872535 0.38039216 0.78823529 0.52549020
v -0.07850564 -0.01148791 0.02050033 0.38039216 0.78823529 0.52549020
v -0.07883021 -0.01093349 0.02086668 0.38039216 0.78823529 0.52549020
v -0.07909393 -0.00961153 0.02174213 0.38039216 0.78823529 0.52549020
v -0.07910263 -0.00932219 0.02193304 0.38039216 0.78823529 0.52549020
v -0.07899540 -0.00817869 0.02268982 0.38039216 0.78823529 0.52549020
v -0.07896932 -0.00790321 0.02287213 0.38039216 0.78823529 0.52549020
v -0.07887659 -0.00758614 0.02308197 0.38039216 0.78823529 0.52549020
v -0.07884470 -0.00751511 0.02312841 0.38039216 0.78823529 0.52549020
v -0.07867952 -0.00715820 0.02336576 0.38039216 0.78823529 0.52549020
v -0.08042702 -0.00808339 0.02445104 0.38039216 0.78823529 0.52549020
v -0.05593017 -0.01143420 0.03578548 0.38039216 0.78823529 0.52549020
v -0.05082679 -0.01143420 0.03578548 0.38039216 0.78823529 0.52549020
v -0.05082679 -0.01139608 0.03577515 0.38039216 0.78823529 0.52549020
v -0.07819266 -0.01175300 0.03367510 0.38039216 0.78823529 0.52549020
v -0.07787677 -0.01187947 0.03375938 0.38039216 0.78823529 0.52549020
v -0.07850274 -0.01191932 0.03355299 0.38039216 0.78823529 0.52549020
v -0.08042991 -0.01691608 0.02445104 0.38039216 0.78823529 0.52549020
v -0.08042702 -0.01504836 0.03141510 0.38039216 0.78823529 0.52549020
v -0.08042991 -0.01759699 0.02709976 0.38039216 0.78823529 0.52549020
v -0.07892006 -0.01840437 0.02899857 0.38039216 0.78823529 0.52549020
v -0.07849984 -0.01876128 0.02899857 0.38039216 0.78823529 0.52549020
v -0.07847086 -0.01878553 0.02899857 0.38039216 0.78823529 0.52549020
v -0.07908814 -0.01627676 0.03166965 0.38039216 0.78823529 0.52549020
v -0.07883021 -0.01406599 0.03313332 0.38039216 0.78823529 0.52549020
v -0.07850564 -0.01351156 0.03349967 0.38039216 0.78823529 0.52549020
v -0.05082679 -0.01139608 0.01822485 0.38039216 0.78823529 0.52549020
v -0.05082679 -0.01143420 0.01821452 0.38039216 0.78823529 0.52549020
v -0.05593017 -0.01143420 0.01821452 0.38039216 0.78823529 0.52549020
v -0.07795212 -0.01186042 0.02025438 0.38039216 0.78823529 0.52549020
v -0.07819555 -0.01175126 0.02032662 0.38039216 0.78823529 0.52549020
v -0.07830568 -0.01165597 0.02038853 0.38039216 0.78823529 0.52549020
v -0.07884470 -0.01249974 0.02068436 0.38039216 0.78823529 0.52549020
v -0.08042702 -0.01249974 0.02190037 0.38039216 0.78823529 0.52549020
v -0.07830858 -0.01249974 0.02032662 0.38039216 0.78823529 0.52549020
v -0.08042702 -0.00995111 0.02258490 0.38039216 0.78823529 0.52549020
v -0.05593017 -0.01356527 0.03578548 0.38039216 0.78823529 0.52549020
v -0.05082679 -0.01147232 0.03578548 0.38039216 0.78823529 0.52549020
v -0.07819555 -0.01324821 0.03367338 0.38039216 0.78823529 0.52549020
v -0.07795212 -0.01313906 0.03374562 0.38039216 0.78823529 0.52549020
v -0.07767971 -0.01309921 0.03377314 0.38039216 0.78823529 0.52549020
v -0.08042991 -0.01759872 0.02700000 0.38039216 0.78823529 0.52549020
v -0.08042702 -0.01504836 0.02258490 0.38039216 0.78823529 0.52549020
v -0.07883021 -0.01753288 0.02316108 0.38039216 0.78823529 0.52549020
v -0.07850564 -0.01808557 0.02352743 0.38039216 0.78823529 0.52549020
v -0.07884470 -0.01833506 0.02458348 0.38039216 0.78823529 0.52549020
v -0.07910263 -0.01567555 0.03206696 0.38039216 0.78823529 0.52549020
v -0.07909973 -0.01556467 0.03214091 0.38039216 0.78823529 0.52549020
v -0.07909393 -0.01538795 0.03225787 0.38039216 0.78823529 0.52549020
v -0.07870850 -0.01893627 0.02709976 0.38039216 0.78823529 0.52549020
v -0.07830858 -0.01917363 0.02700000 0.38039216 0.78823529 0.52549020
v -0.07822453 -0.01920482 0.02709976 0.38039216 0.78823529 0.52549020
v -0.07794632 -0.01897438 0.02899857 0.38039216 0.78823529 0.52549020
v -0.05593017 -0.01912339 0.03286845 0.38039216 0.78823529 0.52549020
v -0.05593017 -0.01752595 0.03428224 0.38039216 0.78823529 0.52549020
v -0.05593017 -0.01563744 0.03527465 0.38039216 0.78823529 0.52549020
v -0.05082679 -0.01147232 0.01821452 0.38039216 0.78823529 0.52549020
v -0.05593017 -0.01356527 0.01821452 0.38039216 0.78823529 0.52549020
v -0.07767971 -0.01249974 0.02020106 0.38039216 0.78823529 0.52549020
v -0.07767971 -0.01190027 0.02022686 0.38039216 0.78823529 0.52549020
v -0.07836943 -0.01337642 0.02041089 0.38039216 0.78823529 0.52549020
v -0.07867952 -0.01375759 0.02066200 0.38039216 0.78823529 0.52549020
v -0.07884470 -0.01411450 0.02089936 0.38039216 0.78823529 0.52549020
v -0.07887659 -0.01418380 0.02094580 0.38039216 0.78823529 0.52549020
v -0.07810282 -0.01319623 0.02029222 0.38039216 0.78823529 0.52549020
v -0.07830858 -0.01333484 0.02038338 0.38039216 0.78823529 0.52549020
v -0.05082679 -0.01563744 0.03527465 0.38039216 0.78823529 0.52549020
v -0.05082679 -0.01559932 0.03528325 0.38039216 0.78823529 0.52549020
v -0.07884470 -0.01881499 0.02700000 0.38039216 0.78823529 0.52549020
v -0.07910263 -0.01592158 0.02209472 0.38039216 0.78823529 0.52549020
v -0.07909393 -0.01621092 0.02228564 0.38039216 0.78823529 0.52549020
v -0.07884470 -0.01746877 0.02311981 0.38039216 0.78823529 0.52549020
v -0.07896932 -0.01450260 0.02115563 0.38039216 0.78823529 0.52549020
v -0.05593017 -0.01752595 0.01971776 0.38039216 0.78823529 0.52549020
v -0.07830858 -0.01866425 0.02444588 0.38039216 0.78823529 0.52549020
v -0.07830568 -0.01825536 0.02363923 0.38039216 0.78823529 0.52549020
v -0.07767971 -0.01878034 0.02439944 0.38039216 0.78823529 0.52549020
v -0.07767971 -0.01929838 0.02700000 0.38039216 0.78823529 0.52549020
v -0.07767971 -0.01929838 0.02709976 0.38039216 0.78823529 0.52549020
v -0.05593017 -0.02109160 0.02911725 0.38039216 0.78823529 0.52549020
v -0.05593017 -0.02033446 0.03111239 0.38039216 0.78823529 0.52549020
v -0.05082679 -0.01912339 0.03286845 0.38039216 0.78823529 0.52549020
v -0.05082679 -0.01909393 0.03289253 0.38039216 0.78823529 0.52549020
v -0.05082679 -0.01567209 0.03525573 0.38039216 0.78823529 0.52549020
v -0.05082679 -0.01559932 0.01871675 0.38039216 0.78823529 0.52549020
v -0.05082679 -0.01563744 0.01872535 0.38039216 0.78823529 0.52549020
v -0.05593017 -0.01563744 0.01872535 0.38039216 0.78823529 0.52549020
v -0.07777534 -0.01310441 0.02023030 0.38039216 0.78823529 0.52549020
v -0.05082679 -0.01567209 0.01874427 0.38039216 0.78823529 0.52549020
v -0.05082679 -0.01909393 0.02110747 0.38039216 0.78823529 0.52549020
v -0.05082679 -0.01912339 0.02113155 0.38039216 0.78823529 0.52549020
v -0.05593017 -0.01912339 0.02113155 0.38039216 0.78823529 0.52549020
v -0.07819555 -0.01834892 0.02370287 0.38039216 0.78823529 0.52549020
v -0.07795212 -0.01845808 0.02377339 0.38039216 0.78823529 0.52549020
v -0.05593017 -0.02033446 0.02288761 0.38039216 0.78823529 0.52549020
v -0.05593017 -0.02109160 0.02488275 0.38039216 0.78823529 0.52549020
v -0.05593017 -0.02134802 0.02700000 0.38039216 0.78823529 0.52549020
v -0.05082679 -0.02134975 0.02700000 0.38039216 0.78823529 0.52549020
v -0.05082679 -0.02109160 0.02911725 0.38039216 0.78823529 0.52549020
v -0.05082679 -0.02107774 0.02915337 0.38039216 0.78823529 0.52549020
v -0.05082679 -0.01914591 0.03283577 0.38039216 0.78823529 0.52549020
v -0.05082679 -0.01914591 0.02116423 0.38039216 0.78823529 0.52549020
v -0.05082679 -0.02107774 0.02484663 0.38039216 0.78823529 0.52549020
v -0.05082679 -0.02109160 0.02488275 0.38039216 0.78823529 0.52549020
v -0.05082679 -0.02109679 0.02492059 0.38039216 0.78823529 0.52549020
v -0.05335788 0.01290634 0.01429775 0.56470588 0.92549020 0.07058824
v -0.06063497 0.01289896 0.01450976 0.56470588 0.92549020 0.07058824
v -0.05111628 0.01551466 0.01466507 0.56470588 0.92549020 0.07058824
v -0.05111628 0.01028325 0.01448265 0.56470588 0.92549020 0.07058824
v -0.06063497 0.01789907 0.01575470 0.56470588 0.92549020 0.07058824
v -0.06063497 0.00782995 0.01540464 0.56470588 0.92549020 0.07058824
v -0.08884182 0.01075817 0.01767512 0.56470588 0.92549020 0.07058824
v -0.08918293 0.01093287 0.01772935 0.56470588 0.92549020 0.07058824
v -0.08961339 0.01135611 0.01786247 0.56470588 0.92549020 0.07058824
v -0.09007227 0.01224196 0.01814105 0.56470588 0.92549020 0.07058824
v -0.05111628 0.02022441 0.01696020 0.56470588 0.92549020 0.07058824
v -0.05082389 0.01908019 0.01649181 0.56470588 0.92549020 0.07058824
v -0.05082389 0.01658998 0.01527892 0.56470588 0.92549020 0.07058824
v -0.05090511 0.01546545 0.01486969 0.56470588 0.92549020 0.07058824
v -0.05082389 0.01427940 0.01470205 0.56470588 0.92549020 0.07058824
v -0.05335788 0.01799011 0.01556488 0.56470588 0.92549020 0.07058824
v -0.05082389 0.01151359 0.01460591 0.56470588 0.92549020 0.07058824
v -0.05090511 0.01031770 0.01468973 0.56470588 0.92549020 0.07058824
v -0.05082389 0.00916610 0.01502007 0.56470588 0.92549020 0.07058824
v -0.05111628 0.00785456 0.01546381 0.56470588 0.92549020 0.07058824
v -0.05335788 0.00775121 0.01520989 0.56470588 0.92549020 0.07058824
v -0.06063497 0.02195919 0.01892499 0.56470588 0.92549020 0.07058824
v -0.09041744 0.01402349 0.01870312 0.56470588 0.92549020 0.07058824
v -0.09045399 0.01481829 0.01895457 0.56470588 0.92549020 0.07058824
v -0.09032810 0.01674254 0.01956102 0.56470588 0.92549020 0.07058824
v -0.09013318 0.01760132 0.01983219 0.56470588 0.92549020 0.07058824
v -0.09008851 0.01771205 0.01986671 0.56470588 0.92549020 0.07058824
v -0.08986110 0.01828539 0.02004667 0.56470588 0.92549020 0.07058824
v -0.08942659 0.01889318 0.02023896 0.56470588 0.92549020 0.07058824
v -0.08934131 0.01895962 0.02025868 0.56470588 0.92549020 0.07058824
v -0.08904893 0.01918108 0.02032771 0.56470588 0.92549020 0.07058824
v -0.08859005 0.01933118 0.02037701 0.56470588 0.92549020 0.07058824
v -0.05111628 0.00542341 0.01644743 0.56470588 0.92549020 0.07058824
v -0.06063497 0.00355821 0.01828649 0.56470588 0.92549020 0.07058824
v -0.08904893 0.00897171 0.01824212 0.56470588 0.92549020 0.07058824
v -0.08859005 0.00907260 0.01812379 0.56470588 0.92549020 0.07058824
v -0.08942659 0.00877732 0.01847139 0.56470588 0.92549020 0.07058824
v -0.08971085 0.01154066 0.01792164 0.56470588 0.92549020 0.07058824
v -0.09230575 0.00903323 0.02064819 0.56470588 0.92549020 0.07058824
v -0.09230575 0.01210170 0.01977549 0.56470588 0.92549020 0.07058824
v -0.05111628 0.02190998 0.01896690 0.56470588 0.92549020 0.07058824
v -0.05082389 0.02184846 0.01901866 0.56470588 0.92549020 0.07058824
v -0.05082389 0.02095769 0.01795862 0.56470588 0.92549020 0.07058824
v -0.05090511 0.02009646 0.01712784 0.56470588 0.92549020 0.07058824
v -0.05335788 0.02212159 0.01879187 0.56470588 0.92549020 0.07058824
v -0.05082389 0.00659961 0.01605793 0.56470588 0.92549020 0.07058824
v -0.06063497 0.02437804 0.02347334 0.56470588 0.92549020 0.07058824
v -0.05111628 0.02359308 0.02097359 0.56470588 0.92549020 0.07058824
v -0.08845604 0.02019980 0.02140501 0.56470588 0.92549020 0.07058824
v -0.09230575 0.01524399 0.02032524 0.56470588 0.92549020 0.07058824
v -0.09230575 0.01783263 0.02218895 0.56470588 0.92549020 0.07058824
v -0.08934131 0.02005708 0.02150855 0.56470588 0.92549020 0.07058824
v -0.09009257 0.01965353 0.02180191 0.56470588 0.92549020 0.07058824
v -0.05090511 0.00554152 0.01662000 0.56470588 0.92549020 0.07058824
v -0.05082389 0.00462369 0.01739162 0.56470588 0.92549020 0.07058824
v -0.05082389 0.00366156 0.01838757 0.56470588 0.92549020 0.07058824
v -0.05111628 0.00360496 0.01833087 0.56470588 0.92549020 0.07058824
v -0.05335788 0.00340811 0.01814105 0.56470588 0.92549020 0.07058824
v -0.05111628 0.00178652 0.02021677 0.56470588 0.92549020 0.07058824
v -0.06063497 0.00082931 0.02265488 0.56470588 0.92549020 0.07058824
v -0.08918293 0.00335397 0.02482182 0.56470588 0.92549020 0.07058824
v -0.08961339 0.00364187 0.02448408 0.56470588 0.92549020 0.07058824
v -0.09007227 0.00424474 0.02377656 0.56470588 0.92549020 0.07058824
v -0.09041744 0.00546032 0.02235412 0.56470588 0.92549020 0.07058824
v -0.09045399 0.00600167 0.02172056 0.56470588 0.92549020 0.07058824
v -0.09040932 0.00646920 0.02117328 0.56470588 0.92549020 0.07058824
v -0.09032810 0.00731321 0.02018719 0.56470588 0.92549020 0.07058824
v -0.09013318 0.00789639 0.01950185 0.56470588 0.92549020 0.07058824
v -0.08986110 0.00836146 0.01895704 0.56470588 0.92549020 0.07058824
v -0.08971491 0.00849926 0.01879433 0.56470588 0.92549020 0.07058824
v -0.09230575 0.00665129 0.02277321 0.56470588 0.92549020 0.07058824
v -0.09230981 0.00543325 0.02572409 0.56470588 0.92549020 0.07058824
v -0.05082389 0.02273923 0.02008118 0.56470588 0.92549020 0.07058824
v -0.06063497 0.02473976 0.02861088 0.56470588 0.92549020 0.07058824
v -0.05111628 0.02503997 0.02601006 0.56470588 0.92549020 0.07058824
v -0.05335788 0.02457982 0.02341664 0.56470588 0.92549020 0.07058824
v -0.08845604 0.02164914 0.02437561 0.56470588 0.92549020 0.07058824
v -0.08845604 0.02168852 0.02451120 0.56470588 0.92549020 0.07058824
v -0.08845604 0.02201825 0.02718104 0.56470588 0.92549020 0.07058824
v -0.05082389 0.02424024 0.02351524 0.56470588 0.92549020 0.07058824
v -0.05082389 0.02385638 0.02218156 0.56470588 0.92549020 0.07058824
v -0.05090511 0.02340853 0.02107221 0.56470588 0.92549020 0.07058824
v -0.08896365 0.02163438 0.02452599 0.56470588 0.92549020 0.07058824
v -0.09230575 0.01935087 0.02499685 0.56470588 0.92549020 0.07058824
v -0.08968242 0.02134894 0.02460734 0.56470588 0.92549020 0.07058824
v -0.08934131 0.02148182 0.02442491 0.56470588 0.92549020 0.07058824
v -0.09009257 0.02099952 0.02456297 0.56470588 0.92549020 0.07058824
v -0.05082389 0.00270189 0.01938352 0.56470588 0.92549020 0.07058824
v -0.05090511 0.00196369 0.02032771 0.56470588 0.92549020 0.07058824
v -0.05082389 0.00143956 0.02140501 0.56470588 0.92549020 0.07058824
v -0.05082389 0.00096465 0.02270419 0.56470588 0.92549020 0.07058824
v -0.05111628 0.00089083 0.02267707 0.56470588 0.92549020 0.07058824
v -0.05335788 0.00063246 0.02258339 0.56470588 0.92549020 0.07058824
v -0.05111628 -0.00000486 0.02513983 0.56470588 0.92549020 0.07058824
v -0.06063497 0.00011326 0.02775544 0.56470588 0.92549020 0.07058824
v -0.08845604 0.00300456 0.02633793 0.56470588 0.92549020 0.07058824
v -0.08884182 0.00323586 0.02495987 0.56470588 0.92549020 0.07058824
v -0.08934131 0.00317926 0.02635026 0.56470588 0.92549020 0.07058824
v -0.09009257 0.00367878 0.02638477 0.56470588 0.92549020 0.07058824
v -0.09230981 0.00562272 0.02890670 0.56470588 0.92549020 0.07058824
v -0.09230575 0.01940008 0.02516695 0.56470588 0.92549020 0.07058824
v -0.06063497 0.02297791 0.03345258 0.56470588 0.92549020 0.07058824
v -0.05111628 0.02430914 0.03119690 0.56470588 0.92549020 0.07058824
v -0.05335788 0.02494646 0.02864046 0.56470588 0.92549020 0.07058824
v -0.05111628 0.02467578 0.02860348 0.56470588 0.92549020 0.07058824
v -0.05082389 0.02440265 0.02996428 0.56470588 0.92549020 0.07058824
v -0.05082389 0.02478651 0.02721802 0.56470588 0.92549020 0.07058824
v -0.05090511 0.02482835 0.02602485 0.56470588 0.92549020 0.07058824
v -0.05082389 0.02462165 0.02484647 0.56470588 0.92549020 0.07058824
v -0.08919512 0.02189521 0.02721556 0.56470588 0.92549020 0.07058824
v -0.08961339 0.02170820 0.02717611 0.56470588 0.92549020 0.07058824
v -0.08984892 0.02154826 0.02731663 0.56470588 0.92549020 0.07058824
v -0.05082389 0.00049220 0.02400583 0.56470588 0.92549020 0.07058824
v -0.05090511 0.00020184 0.02516941 0.56470588 0.92549020 0.07058824
v -0.05082389 0.00014770 0.02596568 0.56470588 0.92549020 0.07058824
v -0.05082389 0.00025844 0.02774558 0.56470588 0.92549020 0.07058824
v -0.05082389 0.00035440 0.02912611 0.56470588 0.92549020 0.07058824
v -0.05111628 0.00017723 0.02775051 0.56470588 0.92549020 0.07058824
v -0.05335788 -0.00009836 0.02777023 0.56470588 0.92549020 0.07058824
v -0.05111628 0.00036178 0.03036365 0.56470588 0.92549020 0.07058824
v -0.06063497 0.00153307 0.03270808 0.56470588 0.92549020 0.07058824
v -0.08845604 0.00335151 0.02962409 0.56470588 0.92549020 0.07058824
v -0.08934131 0.00351884 0.02957478 0.56470588 0.92549020 0.07058824
v -0.08990171 0.00387810 0.02961915 0.56470588 0.92549020 0.07058824
v -0.09009257 0.00400113 0.02943673 0.56470588 0.92549020 0.07058824
v -0.09230575 0.00563749 0.02896834 0.56470588 0.92549020 0.07058824
v -0.09230575 0.00567932 0.02910146 0.56470588 0.92549020 0.07058824
v -0.09230575 0.00761095 0.03220025 0.56470588 0.92549020 0.07058824
v -0.09230575 0.01081968 0.03393823 0.56470588 0.92549020 0.07058824
v -0.09230575 0.01446887 0.03386181 0.56470588 0.92549020 0.07058824
v -0.09230575 0.01760378 0.03199070 0.56470588 0.92549020 0.07058824
v -0.09230575 0.01940500 0.02881549 0.56470588 0.92549020 0.07058824
v -0.06063497 0.01940008 0.03716029 0.56470588 0.92549020 0.07058824
v -0.05111628 0.02153349 0.03563924 0.56470588 0.92549020 0.07058824
v -0.05335788 0.02315508 0.03356352 0.56470588 0.92549020 0.07058824
v -0.09042962 0.01938532 0.03182554 0.56470588 0.92549020 0.07058824
v -0.09036465 0.01785969 0.03361283 0.56470588 0.92549020 0.07058824
v -0.09031592 0.01763823 0.03387167 0.56470588 0.92549020 0.07058824
v -0.09021034 0.01735033 0.03420941 0.56470588 0.92549020 0.07058824
v -0.09009257 0.01702060 0.03459399 0.56470588 0.92549020 0.07058824
v -0.08952811 0.01629962 0.03543956 0.56470588 0.92549020 0.07058824
v -0.05082389 0.02285488 0.03337616 0.56470588 0.92549020 0.07058824
v -0.05082389 0.02358816 0.03220025 0.56470588 0.92549020 0.07058824
v -0.05090511 0.02411229 0.03112541 0.56470588 0.92549020 0.07058824
v -0.08960121 0.02168113 0.02727719 0.56470588 0.92549020 0.07058824
v -0.05082389 0.00101140 0.03141631 0.56470588 0.92549020 0.07058824
v -0.05090511 0.00056356 0.03030695 0.56470588 0.92549020 0.07058824
v -0.05082389 0.00231064 0.03386181 0.56470588 0.92549020 0.07058824
v -0.05111628 0.00282001 0.03498842 0.56470588 0.92549020 0.07058824
v -0.05335788 0.00134852 0.03280670 0.56470588 0.92549020 0.07058824
v -0.06063497 0.00484515 0.03665245 0.56470588 0.92549020 0.07058824
v -0.08883370 0.00455971 0.03219039 0.56470588 0.92549020 0.07058824
v -0.08775757 0.00408480 0.03144589 0.56470588 0.92549020 0.07058824
v -0.08845604 0.00339088 0.02975967 0.56470588 0.92549020 0.07058824
v -0.08922354 0.00351638 0.02972269 0.56470588 0.92549020 0.07058824
v -0.08961339 0.00478609 0.03203015 0.56470588 0.92549020 0.07058824
v -0.09019815 0.00532744 0.03197098 0.56470588 0.92549020 0.07058824
v -0.08956872 0.00481316 0.03211643 0.56470588 0.92549020 0.07058824
v -0.09042962 0.00922024 0.03474190 0.56470588 0.92549020 0.07058824
v -0.09045399 0.01018237 0.03504513 0.56470588 0.92549020 0.07058824
v -0.09044587 0.01035954 0.03510182 0.56470588 0.92549020 0.07058824
v -0.09041744 0.01097717 0.03529658 0.56470588 0.92549020 0.07058824
v -0.09007227 0.01275870 0.03585865 0.56470588 0.92549020 0.07058824
v -0.08961339 0.01364455 0.03613722 0.56470588 0.92549020 0.07058824
v -0.08961339 0.01424741 0.03604107 0.56470588 0.92549020 0.07058824
v -0.08961339 0.01580995 0.03559240 0.56470588 0.92549020 0.07058824
v -0.09045805 0.01860036 0.03272288 0.56470588 0.92549020 0.07058824
v -0.06063497 0.01462390 0.03909056 0.56470588 0.92549020 0.07058824
v -0.05111628 0.01719039 0.03857040 0.56470588 0.92549020 0.07058824
v -0.05335788 0.01951819 0.03733286 0.56470588 0.92549020 0.07058824
v -0.08917888 0.01608308 0.03569348 0.56470588 0.92549020 0.07058824
v -0.08873624 0.01594528 0.03585618 0.56470588 0.92549020 0.07058824
v -0.05111628 0.01936317 0.03710606 0.56470588 0.92549020 0.07058824
v -0.05082389 0.01931888 0.03703949 0.56470588 0.92549020 0.07058824
v -0.05082389 0.02046556 0.03626295 0.56470588 0.92549020 0.07058824
v -0.05090511 0.02138339 0.03549380 0.56470588 0.92549020 0.07058824
v -0.05082389 0.02211914 0.03455208 0.56470588 0.92549020 0.07058824
v -0.05082389 0.00384365 0.03568609 0.56470588 0.92549020 0.07058824
v -0.05090511 0.00298241 0.03485530 0.56470588 0.92549020 0.07058824
v -0.05111628 0.00488452 0.03660315 0.56470588 0.92549020 0.07058824
v -0.05335788 0.00471719 0.03682009 0.56470588 0.92549020 0.07058824
v -0.05111628 0.00695149 0.03821541 0.56470588 0.92549020 0.07058824
v -0.06063497 0.00947615 0.03891060 0.56470588 0.92549020 0.07058824
v -0.08918293 0.01406778 0.03627034 0.56470588 0.92549020 0.07058824
v -0.08884182 0.01424249 0.03632458 0.56470588 0.92549020 0.07058824
v -0.05111628 0.01203526 0.03948254 0.56470588 0.92549020 0.07058824
v -0.05335788 0.01465835 0.03929764 0.56470588 0.92549020 0.07058824
v -0.08845604 0.01430647 0.03634676 0.56470588 0.92549020 0.07058824
v -0.05082389 0.01596251 0.03870599 0.56470588 0.92549020 0.07058824
v -0.05090511 0.01711165 0.03837565 0.56470588 0.92549020 0.07058824
v -0.05082389 0.01816974 0.03781358 0.56470588 0.92549020 0.07058824
v -0.05082389 0.00602627 0.03739202 0.56470588 0.92549020 0.07058824
v -0.05335788 0.00942694 0.03911522 0.56470588 0.92549020 0.07058824
v -0.05090511 0.00704254 0.03802559 0.56470588 0.92549020 0.07058824
v -0.05082389 0.00816707 0.03843481 0.56470588 0.92549020 0.07058824
v -0.05082389 0.00951060 0.03877009 0.56470588 0.92549020 0.07058824
v -0.05082389 0.01085659 0.03910536 0.56470588 0.92549020 0.07058824
v -0.05090511 0.01204264 0.03927053 0.56470588 0.92549020 0.07058824
v -0.05082389 0.01323361 0.03918671 0.56470588 0.92549020 0.07058824
v -0.05082389 0.01459683 0.03894758 0.56470588 0.92549020 0.07058824





vn 0.22902788 0.01477357 0.97330775
vn 0.96496939 0.26224755 0.00776522
vn 0.97707503 -0.20567831 0.05496204
vn 0.99602244 -0.08910136 0.00049882
vn 0.15510031 0.00481926 -0.98788697
vn 0.89368534 0.44751521 0.03250626
vn 0.98305967 0.18319024 -0.00591830
vn 0.94065544 0.33919557 -0.01066302
vn 0.98402602 -0.17800979 0.00230197
vn 0.98635154 -0.16465303 0.00013693
vn 0.86636909 -0.49696974 0.04925114
vn 0.94593834 -0.32369363 0.02056911
vn 0.96193411 -0.27321721 0.00592647
vn 0.96846619 -0.24914323 0.00094207
vn 0.95963421 -0.28089511 -0.01414637
vn 0.99331122 -0.11543399 -0.00279478
vn 0.99513472 -0.09850071 -0.00212006
vn 0.76739375 0.63909042 0.05167468
vn 0.88439957 0.46434550 -0.04712394
vn 0.84118513 0.53982618 -0.03154800
vn 0.98190415 -0.18937855 -0.00006340
vn 0.77799834 -0.62605554 0.05265975
vn 0.85162534 -0.52320311 -0.03150850
vn 0.87611576 -0.48020090 -0.04275817
vn 0.91712893 -0.39859067 -0.00000647
vn 0.93091028 -0.36516753 0.00766372
vn 0.94849261 -0.31679109 -0.00227486
vn 0.96070828 -0.27755821 -0.00101574
vn 0.96923159 -0.24615057 -0.00012016
vn 0.94684737 -0.32088254 -0.02268183
vn 0.58236860 0.80581924 0.10724818
vn 0.75516483 0.64782312 -0.10025605
vn 0.61507132 -0.77535573 0.14321581
vn 0.76358172 -0.63763069 -0.10183348
vn 0.91706373 -0.39657242 -0.04152630
vn 0.93324294 -0.35924481 -0.00088407
vn 0.92805919 -0.37199678 -0.01801497
vn 0.39058701 0.90405598 0.17356432
vn 0.64137822 0.75968812 -0.10727509
vn 0.45412785 -0.87641716 0.16019005
vn 0.53745450 -0.83748947 -0.09876260
vn 0.69482466 -0.71513506 -0.07616128
vn 0.18366535 0.96198178 0.20213387
vn 0.46466385 0.87273861 -0.14971580
vn 0.31772777 0.93760147 -0.14125346
vn 0.22191742 -0.95926215 0.17483930
vn 0.33581588 -0.93128197 -0.14121464
vn 0.48315678 -0.84874277 -0.21493077
vn -0.04565769 0.96023373 0.27543886
vn 0.13679110 0.93018209 -0.34066034
vn -0.02706092 -0.96094012 0.27543021
vn 0.20595893 -0.92397948 -0.32224655
vn -0.24511460 0.90192644 0.35559460
vn 0.02706086 0.96092700 -0.27547598
vn -0.20363212 -0.88181270 0.42537081
vn 0.04565892 -0.96024680 -0.27539308
vn -0.42551876 0.82120504 0.38020530
vn -0.17390870 0.93325184 -0.31431954
vn -0.32625529 0.90476862 -0.27377223
vn -0.40989634 -0.85733895 0.31137583
vn -0.30868621 -0.91092021 -0.27374659
vn -0.12210038 -0.95676568 -0.26399040
vn -0.59793215 0.69696428 0.39587617
vn -0.41698542 0.73250211 -0.53811134
vn -0.51318616 0.79967417 -0.31170689
vn -0.38841938 -0.57643463 0.71892524
vn -0.37239176 -0.76300090 -0.52835026
vn -0.64789929 0.50417638 0.57099273
vn -0.55431878 0.59288552 -0.58413821
vn -0.23466473 -0.18804677 0.95371425
vn -0.69756379 -0.71624712 0.01987009
vn -0.67029201 -0.74203337 0.00975181
vn -0.66133976 -0.75007513 0.00412472
vn -0.51421031 -0.80638474 -0.29211539
vn -0.83538012 0.38118869 0.39602427
vn -0.66986657 0.64115796 -0.37442657
vn -0.79224899 0.48672563 -0.36802133
vn -0.75087463 -0.66044435 0.00073836
vn -0.73164656 -0.68164813 0.00700982
vn -0.74577475 -0.37130036 0.55313295
vn -0.82630969 -0.56310585 0.01113987
vn -0.79852905 -0.60195223 0.00220640
vn -0.69743776 -0.54720513 -0.46276032
vn -0.69850838 -0.71559942 -0.00187487
vn -0.64233262 -0.76642598 -0.00015260
vn -0.50045382 -0.59668817 -0.62730312
vn -0.85679837 0.15401981 0.49211224
vn -0.70673608 0.31229631 -0.63481897
vn -0.87425051 0.29625985 -0.38459868
vn -0.75344599 -0.65750980 -0.00010609
vn -0.73166434 -0.68166469 -0.00073919
vn -0.85802178 -0.51361329 0.00013175
vn -0.83876271 -0.23382481 0.49173475
vn -0.81884550 -0.34247864 -0.46065217
vn -0.76663176 -0.48091037 -0.42544208
vn -0.79398738 -0.60793424 -0.00011119
vn -0.71898546 -0.66917797 -0.18777846
vn -0.53471955 -0.54386755 -0.64674809
vn -0.53354171 -0.54549379 -0.64635112
vn -0.66294432 -0.72660009 -0.18043595
vn -0.67501034 -0.73780760 -0.00099331
vn -0.86649123 -0.04098265 0.49750716
vn -0.75607278 0.07892371 -0.64971147
vn -0.91263994 -0.11257244 -0.39295774
vn -0.72272595 -0.26050255 -0.64016063
vn -0.86737233 0.02470219 -0.49704632
vn -0.98775519 -0.03857333 0.15116805
vn -0.99109782 -0.11785255 -0.06193460
vn -0.97992968 -0.14157687 0.14033461
vn -0.26954508 -0.06220006 0.96097690
vn -0.08419331 -0.00222041 0.99644697
vn -0.24612393 0.03541593 0.96859110
vn -0.99171450 0.10903777 0.06791987
vn -0.99560534 0.07288505 -0.05880280
vn -0.97410008 -0.04616060 -0.22135544
vn -0.00088876 -0.00004718 -0.99999960
vn -0.68884888 -0.16714936 -0.70537105
vn -0.96230760 -0.23317646 -0.13997439
vn -0.96393615 -0.25966052 0.05833961
vn -0.92161512 -0.31922379 0.22072999
vn -0.23119030 -0.08004516 0.96961014
vn -0.00089984 -0.00040825 0.99999951
vn -0.05587925 -0.00160621 0.99843624
vn -0.05678730 0.00271615 0.99838260
vn -0.21640474 0.07460126 0.97344935
vn -0.93140616 0.33114638 0.15107829
vn -0.96224145 0.23316023 0.14045533
vn -0.96393617 0.25966044 -0.05833972
vn -0.96542286 0.13849303 -0.22085828
vn -0.49658010 0.03169384 -0.86741207
vn -0.50850998 -0.15121703 -0.84767388
vn -0.94605586 -0.29968896 -0.12314560
vn -0.89299954 -0.44487252 0.06811945
vn -0.31704795 -0.16980895 0.93308387
vn -0.19158710 -0.13630143 0.97196518
vn -0.05159722 -0.05396675 0.99720876
vn -0.09106042 0.05126877 0.99452477
vn -0.30057680 0.17353003 0.93783843
vn -0.86278419 0.49804054 0.08694285
vn -0.89075524 0.44523769 -0.09120586
vn -0.92156186 0.31920532 -0.22097899
vn -0.23780714 0.06175818 -0.96934704
vn -0.39166054 -0.17886142 -0.90255782
vn -0.90056664 -0.41157087 -0.13996122
vn -0.85808233 -0.50256717 -0.10545588
vn -0.81010235 -0.56655663 0.15082364
vn -0.18666886 -0.18932048 0.96400855
vn -0.01914656 -0.03568116 0.99917980
vn -0.10411335 -0.13253250 0.98569546
vn -0.03103474 -0.05567176 0.99796668
vn -0.00931148 0.00945593 0.99991194
vn -0.17961101 0.13515979 0.97440839
vn -0.77316586 0.62314208 0.11793435
vn -0.81087881 0.56938773 -0.13517828
vn -0.11557282 0.06671831 -0.99105580
vn -0.10828035 0.04421451 -0.99313667
vn -0.20235984 -0.13037334 -0.97059430
vn -0.77101788 -0.62338891 -0.13006805
vn -0.74806223 -0.64846835 0.14103793
vn -0.67071699 -0.73933792 0.05931417
vn -0.60654927 -0.77020612 0.19718143
vn -0.01900994 -0.03596694 0.99917216
vn -0.50718807 -0.85236808 0.12739274
vn -0.04036674 -0.09671143 0.99449355
vn -0.00804634 0.01258874 0.99988838
vn -0.17917794 0.18787175 0.96571190
vn -0.68351448 0.71636796 0.14008891
vn -0.67071671 0.73933812 -0.05931478
vn -0.74806217 0.64846830 -0.14103848
vn -0.04079689 0.03106524 -0.99868442
vn -0.04948074 0.05188847 -0.99742631
vn -0.08130492 -0.06515378 -0.99455744
vn -0.09186993 -0.09631969 -0.99110163
vn -0.68358181 -0.71643854 -0.13939772
vn -0.60464668 -0.78462948 -0.13696339
vn -0.00922312 -0.02720413 0.99958735
vn -0.45643659 -0.88547378 -0.08718841
vn -0.37343335 -0.92002136 0.11877810
vn -0.02246036 -0.12184548 0.99229492
vn -0.00537667 -0.02653965 0.99963330
vn -0.00920915 -0.02719185 0.99958781
vn -0.00480732 0.01022269 0.99993619
vn -0.04400197 0.08539170 0.99537535
vn -0.06646925 0.10325112 0.99243188
vn -0.11182997 0.12469594 0.98587270
vn -0.60476545 0.78278071 0.14667350
vn -0.61252038 0.77776270 -0.14108140
vn -0.50880951 0.84707116 -0.15356866
vn -0.01454191 0.02259669 -0.99963890
vn -0.03100549 -0.04161752 -0.99865241
vn -0.03284714 -0.06371620 -0.99742735
vn -0.27817493 -0.94875828 -0.14992141
vn -0.27833996 -0.95016988 0.14037120
vn -0.15591701 -0.98544956 0.06766867
vn 0.00000000 -0.98873925 0.14964857
vn -0.00000000 -0.10250156 0.99473284
vn 0.00010625 -0.02400544 0.99971182
vn -0.00240097 0.01080247 0.99993877
vn -0.02450571 0.08082513 0.99642700
vn -0.27817487 0.94875806 0.14992294
vn -0.45643656 0.88547372 0.08718916
vn -0.37344831 0.92002249 -0.11872227
vn -0.02125745 0.04121628 -0.99892409
vn -0.00755871 -0.02574937 -0.99963985
vn -0.00387328 -0.04061281 -0.99916745
vn -0.09468495 -0.99166540 -0.08737555
vn 0.09092753 -0.98863230 -0.11974291
vn 0.18840873 -0.97823694 0.08691739
vn 0.02270682 -0.12199594 0.99227083
vn 0.00412387 -0.01595265 0.99986424
vn -0.00005807 0.00968348 0.99995311
vn -0.01212832 0.12378385 0.99223508
vn -0.09468495 0.99166533 0.08737638
vn -0.15591699 0.98544957 -0.06766863
vn -0.27833997 0.95016990 -0.14037105
vn -0.00626842 0.03275961 -0.99944360
vn -0.00524526 0.01781370 -0.99982756
vn -0.00585342 0.01815653 -0.99981802
vn 0.00315999 -0.02470506 -0.99968979
vn 0.27817790 -0.94876887 -0.14984888
vn 0.36556618 -0.92293968 0.12059731
vn 0.04063407 -0.09673732 0.99448015
vn 0.00718312 -0.01627759 0.99984171
vn 0.01220951 0.10432884 0.99446791
vn 0.00171613 0.01138573 0.99993371
vn 0.09092755 0.98863215 0.11974411
vn 0.00000000 0.98873928 -0.14964836
vn -0.00000000 0.01392291 -0.99990307
vn 0.00392156 -0.01335912 -0.99990307
vn 0.01095699 -0.02125413 -0.99971406
vn 0.45643658 -0.88547375 -0.08718876
vn 0.52679979 -0.83998256 0.13004338
vn 0.03991101 -0.06783852 0.99689771
vn 0.00480401 -0.00747708 0.99996051
vn 0.02428905 0.08094516 0.99642256
vn 0.27817783 0.94876865 0.14985041
vn 0.00186023 0.00549269 0.99998318
vn 0.18840873 0.97823695 -0.08691732
vn 0.00452675 0.02348008 -0.99971406
vn 0.00657809 -0.00835705 -0.99994344
vn 0.61135886 -0.77693994 -0.15034853
vn 0.09024736 -0.11484292 0.98927575
vn 0.60654927 -0.77020612 0.19718143
vn 0.02430419 -0.03087184 0.99922782
vn 0.00480568 -0.00747167 0.99996054
vn 0.04866869 0.09826364 0.99396963
vn 0.00186179 0.00549145 0.99998319
vn 0.00438961 0.00885046 0.99995120
vn 0.36556616 0.92293971 -0.12059718
vn 0.42021288 0.90524758 0.06283275
vn 0.00641009 0.01461601 -0.99987263
vn 0.01063987 -0.00983628 -0.99989501
vn 0.75257798 -0.64750310 -0.11985871
vn 0.70700373 -0.70474950 0.05893950
vn 0.07425504 -0.07454055 0.99444954
vn 0.00535235 -0.00525935 0.99997185
vn 0.05507965 0.08555889 0.99480948
vn 0.52732454 0.82053726 0.22056163
vn 0.00598050 0.00762507 0.99995304
vn 0.52679478 0.83482287 -0.15986882
vn 0.00521803 0.00812238 -0.99995340
vn 0.01549089 -0.00894305 -0.99984001
vn 0.73701732 -0.63884839 0.22063138
vn 0.86277349 -0.49803382 -0.08708741
vn 0.82755108 -0.55829536 0.05886857
vn 0.07862927 -0.06811167 0.99457440
vn 0.00770596 -0.00624795 0.99995079
vn 0.12362322 0.17177575 0.97734865
vn 0.62865459 0.77311690 0.08416452
vn 0.06260104 0.05483870 0.99653090
vn 0.10816194 0.11341010 0.98764323
vn 0.00610477 0.00483746 0.99996966
vn 0.61252038 0.77776270 -0.14108140
vn 0.01197882 0.01285573 -0.99984561
vn 0.00800185 -0.00276947 -0.99996415
vn 0.93430200 -0.32331287 -0.15016174
vn 0.08939328 -0.05588583 0.99442728
vn 0.91795073 -0.39084841 0.06785266
vn 0.84467198 -0.48757844 0.22089932
vn 0.01013131 -0.00468991 0.99993768
vn 0.70700394 0.70474925 -0.05894009
vn 0.74828483 0.64731602 0.14509235
vn 0.10736557 0.06261173 0.99224614
vn 0.00423863 0.00271758 0.99998732
vn 0.73701618 0.63884740 -0.22063808
vn 0.00658027 0.00570008 -0.99996210
vn 0.01615561 -0.00232537 -0.99986679
vn 0.98222454 -0.17488179 -0.06820051
vn 0.97583682 -0.21060059 0.05822280
vn 0.92423148 -0.32010904 0.20814988
vn 0.10113775 -0.05508250 0.99334640
vn 0.13588682 -0.04708143 0.98960503
vn 0.10198159 -0.02406832 0.99449508
vn 0.00803527 -0.00154053 0.99996653
vn 0.82772786 0.55808766 -0.05835021
vn 0.84689427 0.52740093 0.06795846
vn 0.00771571 0.00337635 0.99996453
vn 0.07992047 0.02783117 0.99641264
vn 0.93685071 0.31547277 0.15095587
vn 0.90054766 0.41156219 0.14010882
vn 0.01310086 0.00822318 -0.99988037
vn 0.98904724 -0.04791780 -0.13960456
vn 0.00803128 0.00014876 -0.99996774
vn 0.98696144 0.05535508 -0.15113880
vn 0.99798102 -0.02277798 0.05928790
vn 0.96542239 -0.13849296 0.22086039
vn 0.10479252 -0.00458999 0.99448351
vn 0.00542742 -0.00055863 0.99998512
vn 0.84478429 0.48764332 -0.22032590
vn 0.91814657 0.39188644 -0.05858234
vn 0.00721871 0.00173778 0.99997243
vn 0.10862137 0.01698553 0.99393807
vn 0.97688292 0.20272127 -0.06785165
vn 0.92156327 0.31920646 -0.22097144
vn 0.98213890 0.17529389 0.06837563
vn 0.01384440 0.00656403 -0.99988262
vn 0.00793708 0.00113977 -0.99996785
vn 0.01533633 0.00348479 -0.99987632
vn 0.97409975 0.04616054 0.22135690
vn 0.03799140 0.00180332 0.99927644
vn 0.00539137 -0.00038467 0.99998539
vn 0.00514060 0.00062985 0.99998659
vn 0.00764636 0.00264739 -0.99996726
vn -0.00099939 0.10050118 0.99493644
vn 0.21275520 0.97648222 0.03489559
vn 0.00493873 0.04760753 -0.99885391
vn -0.01020029 0.99933225 -0.03508559
vn -0.12241187 0.99186985 -0.03477839
vn -0.26808391 0.96310974 0.02346598
vn 0.32073444 0.94716909 -0.00036439
vn 0.15894396 0.98728760 -0.00009042
vn 0.38921345 0.91650972 0.09231908
vn -0.30152078 0.93606533 -0.18129235
vn -0.33184581 0.92183594 -0.20024197
vn -0.33744614 0.93589398 -0.10115613
vn -0.45336487 0.89041713 0.04021969
vn 0.32108803 0.94704896 -0.00086532
vn 0.60852853 0.77876301 0.15238505
vn 0.52342597 0.85132706 -0.03560177
vn 0.35164603 0.93606574 -0.01122485
vn -0.44755347 0.83654805 -0.31604312
vn -0.02015610 0.03139401 0.99930383
vn -0.48689518 0.87293850 0.03019053
vn 0.68505959 0.69917208 -0.20457704
vn 0.57450434 0.81084360 -0.11170238
vn 0.52286299 0.84937438 -0.07195451
vn 0.67947096 0.58364258 0.44461281
vn 0.69646352 0.71003013 -0.10390271
vn -0.46827106 0.86602590 -0.17527508
vn -0.01357871 0.01444527 0.99980346
vn -0.65083976 0.64804007 -0.39553971
vn -0.32521685 0.15650144 0.93259922
vn 0.80021072 0.51365628 0.30954810
vn 0.82636296 0.53358628 -0.18002760
vn -0.01177122 0.01103057 0.99986987
vn -0.51417023 0.14158502 -0.84592119
vn -0.88283026 0.02686993 0.46892295
vn -0.00815001 0.00180109 0.99996517
vn -0.00876627 0.00387673 0.99995406
vn -0.00962211 0.00591412 0.99993622
vn 0.77955076 0.50059665 -0.37643540
vn 0.70670699 0.37097484 0.60244742
vn 0.82060467 0.52491669 -0.22598773
vn -0.13279612 0.00704267 -0.99111835
vn -0.00743409 0.00076470 0.99997207
vn -0.99999803 0.00198538 0.00000099
vn -0.99949310 0.03153242 0.00438841
vn -0.99983044 0.01772826 0.00497947
vn -0.99992983 0.01060290 0.00528414
vn -0.99996010 0.00709055 0.00543421
vn -0.99997414 0.00458397 0.00554126
vn -0.99997967 0.00303629 0.00560735
vn -0.99998268 0.00157846 0.00566958
vn -0.99987051 0.00011469 0.01609214
vn -0.96100078 -0.01709564 0.27601674
vn 0.68761493 0.24803360 0.68239655
vn 0.89460117 0.32305755 -0.30874354
vn -0.22778077 -0.00294186 -0.97370800
vn -0.99996315 -0.00042572 -0.00857405
vn -0.99998314 0.00076433 -0.00575649
vn -0.99998191 0.00189597 -0.00570774
vn -0.99998011 0.00275956 -0.00567054
vn -0.99997713 0.00374925 -0.00562790
vn -0.99996970 0.00545454 -0.00555441
vn -0.99995372 0.00792999 -0.00544771
vn -0.99989874 0.01323918 -0.00521873
vn -0.99966560 0.02542984 -0.00469236
vn -0.02775978 -0.00058131 0.99961445
vn -0.99999152 -0.00055286 0.00408015
vn -0.37173579 -0.18150559 0.91042200
vn -0.00544424 -0.00128937 0.99998435
vn -0.99999183 -0.00057917 0.00400132
vn -0.99999565 -0.00098737 0.00277801
vn -0.99999741 -0.00128901 0.00187406
vn -0.99999743 -0.00129189 0.00186542
vn -0.99999814 -0.00151835 0.00118675
vn -0.99999831 -0.00162864 0.00085624
vn -0.99999831 -0.00162885 0.00085559
vn -0.99999829 -0.00183611 0.00023448
vn -0.99999828 -0.00184141 0.00021860
vn 0.84766823 0.28029798 0.45043492
vn 0.78742730 0.28357687 -0.54730467
vn -0.48833207 -0.16485695 -0.85694456
vn -0.99990741 -0.01360749 -0.00009607
vn -0.99999828 -0.00183827 -0.00023008
vn -0.99999830 -0.00163106 -0.00085675
vn -0.99999830 -0.00163084 -0.00085740
vn -0.99999814 -0.00152120 -0.00118898
vn -0.99999741 -0.00129571 -0.00187094
vn -0.99999740 -0.00129283 -0.00187962
vn -0.99999562 -0.00099172 -0.00279025
vn -0.99999195 -0.00060236 -0.00396775
vn -0.49381489 -0.32857266 -0.80510053
vn -0.39715825 -0.44616418 0.80199928
vn -0.00389404 -0.00250823 0.99998927
vn -0.00379213 -0.00226200 0.99999025
vn -0.00464763 -0.00168073 0.99998779
vn 0.62309562 0.07670773 0.77837508
vn 0.89883030 0.11065273 -0.42409912
vn 0.78093663 0.25521441 -0.57009085
vn -0.18708757 -0.27603808 -0.94276255
vn -0.16361237 -0.30317209 -0.93878521
vn -0.47205061 -0.88150815 0.01056405
vn -0.00226449 -0.00360792 0.99999093
vn -0.00254869 -0.00309451 0.99999196
vn -0.00267828 -0.00300798 0.99999189
vn -0.00283893 -0.00290072 0.99999176
vn -0.00284916 -0.00289389 0.99999175
vn -0.00298914 -0.00280043 0.99999161
vn -0.00310970 -0.00271993 0.99999147
vn -0.00335465 -0.00255638 0.99999111
vn 0.83987896 0.08681090 0.53578652
vn 0.70590245 0.00147120 -0.70830754
vn -0.27550266 -0.51606429 -0.81103387
vn -0.30063502 -0.65232691 0.69576446
vn 0.79397859 -0.08006519 0.60265045
vn 0.77598580 -0.17070487 -0.60721156
vn -0.11853700 -0.31549163 -0.94149562
vn -0.10825247 -0.31898554 -0.94155703
vn -0.18746888 -0.55361915 -0.81139464
vn -0.11045831 -0.32615598 0.93884037
vn 0.53475900 -0.05889392 0.84294977
vn 0.45354205 -0.14619712 0.87916211
vn 0.45099116 -0.14878679 0.88003947
vn 0.93095456 -0.31583959 0.18321833
vn 0.54928605 -0.19044906 -0.81364242
vn -0.05060147 -0.33166636 -0.94203870
vn -0.04966615 -0.33759185 0.93998139
vn 0.43394129 -0.16332546 0.88601340
vn 0.40919883 -0.18314339 0.89387629
vn 0.36874222 -0.21655598 0.90395392
vn 0.62283132 -0.38222852 -0.68262911
vn -0.06008175 -0.57863942 -0.81336745
vn 0.00574521 -0.57759346 0.81630435
vn 0.36007426 -0.22093343 0.90638565
vn 0.53734285 -0.42803442 0.72666993
vn 0.34948598 -0.27310855 -0.89625402
vn 0.00345759 -0.33857238 -0.94093400
vn 0.07238161 -0.58701932 -0.80633071
vn 0.07944067 -0.33196723 0.93993986
vn 0.25963910 -0.27791014 0.92485323
vn 0.48511463 -0.47661105 -0.73314781
vn 0.10363038 -0.33960306 -0.93484250
vn 0.20747162 -0.57568041 -0.79091567
vn 0.27076121 -0.55852119 0.78405513
vn 0.19463588 -0.30315421 0.93285283
vn 0.34626697 -0.53932650 -0.76761065
vn 0.12215524 -0.33869354 -0.93293343
vn 0.20764064 -0.32428211 -0.92289028
vn -0.07600941 0.99710710 0.00000000
vn -0.06519265 0.97342420 0.21953415
vn 0.99770916 0.06629587 0.01346411
vn 0.00101893 0.99999948 0.00000000
vn 0.03492017 0.97939607 -0.19890682
vn -0.06884527 0.97175480 -0.22572757
vn -0.09722471 0.98260284 -0.15823720
vn -0.09414750 0.98652152 0.13383400
vn -0.08010516 0.88267571 0.46310555
vn 0.03313868 0.95960378 0.27939651
vn -0.11129296 0.85963289 0.49864333
vn 0.03550396 0.95952579 -0.27937380
vn -0.07692654 0.88546353 -0.45829756
vn -0.09824431 0.95392111 -0.28351820
vn -0.19487134 0.97933000 -0.05420256
vn -0.09158114 0.73823213 0.66830099
vn 0.27488628 0.74556189 0.60710379
vn 0.18728389 0.87269534 0.45091861
vn -0.30880969 0.85040445 0.42596813
vn -0.15787565 0.68516662 0.71107101
vn 0.19372396 0.87158504 -0.45034492
vn 0.28066783 0.74426553 -0.60604817
vn -0.06286399 0.74707319 -0.66176263
vn -0.09366716 0.83916076 -0.53575711
vn -0.11083346 0.66939105 -0.73459619
vn -0.38082146 0.89583227 -0.22904053
vn -0.38067660 0.92382108 -0.04049607
vn -0.10596777 0.55141496 0.82747349
vn 0.27651706 0.69215082 0.66668250
vn -0.56950169 0.82161008 0.02499401
vn -0.57591538 0.74809761 0.32965351
vn -0.96360943 0.22570511 0.14322733
vn -0.95489877 0.14436059 0.25947711
vn -0.54309206 0.44429619 0.71249695
vn -0.15139989 0.53010843 0.83430398
vn -0.12299284 0.54357238 0.83030225
vn 0.28230631 0.69093745 -0.66551378
vn -0.10717571 0.55948218 -0.82188385
vn -0.14954843 0.64539915 -0.74906288
vn -0.61024530 0.76070691 -0.22119147
vn -0.06706755 0.35865140 0.93105914
vn 0.59356452 0.31646848 0.73995193
vn 0.59293018 0.46062735 0.66049697
vn -0.23867818 0.45802355 0.85629852
vn -0.11813680 0.49594547 0.86028007
vn -0.14080172 0.44874121 0.88249997
vn -0.59905667 0.78600131 -0.15275159
vn -0.99431194 0.10390282 -0.02340865
vn -0.96275418 0.26407061 0.05806128
vn -0.99303916 -0.09852473 0.06454535
vn -0.86477629 0.00097520 0.50215637
vn 0.59922634 0.45795357 -0.65666302
vn 0.59833033 0.31507767 -0.73669999
vn -0.06760756 0.36028322 -0.93038982
vn -0.14710706 0.45070390 -0.88046892
vn -0.20624729 0.48732515 -0.84851415
vn -0.15119993 0.52763904 -0.83590408
vn -0.15180305 0.55250676 -0.81956825
vn -0.15186457 0.55537207 -0.81761789
vn -0.27645680 0.57669174 -0.76876412
vn -0.16840919 0.58025934 -0.79682962
vn -0.16648902 0.59706402 -0.78472668
vn -0.20609556 0.63283471 -0.74635437
vn -0.97339505 0.19726667 -0.11656730
vn -0.07599204 0.12009367 0.98984985
vn 0.05209089 0.23542341 0.97049593
vn 0.74422218 0.23620870 0.62477100
vn -0.13739929 0.36378331 0.92129427
vn -0.09451304 0.10053184 0.99043457
vn -0.56853386 -0.00003875 0.82265986
vn -0.99512726 -0.08522362 -0.04958492
vn -0.74627872 -0.32249314 0.58229395
vn -0.63484397 -0.75331929 0.17170666
vn -0.64529956 -0.73601517 0.20462195
vn -0.63293309 -0.74591652 0.20737466
vn -0.50541861 -0.76972669 0.38996519
vn -0.15808673 -0.68661488 0.70962567
vn -0.20624695 -0.48732356 0.84851514
vn -0.15443679 -0.44342957 0.88290401
vn 0.74831315 0.23458672 -0.62048086
vn 0.02700072 0.12084423 -0.99230420
vn -0.07763511 0.11244029 -0.99062100
vn -0.09649563 0.24020129 -0.96591507
vn -0.13004278 0.38261692 -0.91470933
vn -0.11212913 0.45176998 -0.88505985
vn -0.59662635 -0.01264614 -0.80241951
vn -0.87301474 -0.00051966 -0.48769355
vn -0.40346158 0.00253553 -0.91499307
vn -0.94484560 0.16540260 -0.28268140
vn -0.06261599 -0.10146725 0.99286637
vn 0.78912695 -0.04884034 0.61228529
vn -0.14481491 -0.38407749 0.91187341
vn -0.09776513 -0.23834198 0.96624794
vn -0.09233506 -0.00535378 0.99571360
vn -0.77348318 -0.61801277 -0.14065559
vn -0.73391099 -0.35649135 -0.57817694
vn -0.18639735 -0.58407087 -0.79001091
vn -0.21312516 -0.64375894 -0.73495040
vn -0.61123371 -0.76210658 -0.21351092
vn -0.15168528 -0.54721615 0.82313186
vn -0.15159828 -0.54346851 0.82562700
vn -0.15117564 -0.52672440 0.83648511
vn -0.57932235 -0.81497372 0.01426323
vn -0.32742155 -0.93638073 -0.12643682
vn -0.26930246 -0.95277761 0.14032465
vn -0.11338871 -0.85980361 0.49787624
vn -0.10595764 -0.73549471 0.66919392
vn -0.09087005 -0.55423192 0.82738722
vn -0.08719512 -0.36098828 0.92848504
vn 0.88971821 -0.05465011 -0.45322717
vn -0.05923655 -0.11288948 -0.99184021
vn -0.09307604 0.00153264 -0.99565782
vn -0.09297869 0.04334351 -0.99472423
vn -0.12206068 -0.45853003 -0.88025644
vn -0.20501019 -0.44235982 -0.87309141
vn -0.17626217 -0.48780132 -0.85497458
vn -0.32886347 -0.42619416 -0.84273801
vn -0.11995839 -0.33427379 -0.93481068
vn -0.12249035 -0.41308038 -0.90241937
vn 0.04230015 -0.35450497 0.93409685
vn 0.88864329 -0.05582646 0.45518844
vn -0.60054075 -0.78444293 -0.15491968
vn -0.15145704 -0.53762522 -0.82946964
vn -0.15095556 -0.56314907 -0.81245033
vn -0.59360433 -0.52329716 -0.61138693
vn -0.15129885 -0.53138755 -0.83350821
vn -0.09541642 -0.55878965 -0.82380206
vn -0.41854525 -0.87732445 -0.23478006
vn -0.12568817 -0.64827493 -0.75096078
vn -0.09887215 -0.95347098 -0.28481113
vn -0.09822166 -0.98247259 -0.15843019
vn -0.09486382 -0.98655115 0.13310781
vn -0.07560556 -0.97470082 0.21033810
vn -0.06007041 -0.88391244 0.46377834
vn 0.05373895 -0.74720349 0.66241911
vn 0.93831733 -0.19670282 0.28437403
vn 0.93821586 -0.19637123 0.28493745
vn 0.89005026 -0.05549332 -0.45247214
vn 0.04254961 -0.35450122 -0.93408694
vn -0.08636317 -0.35631859 -0.93036469
vn -0.09471681 -0.19766797 -0.97568238
vn 0.93871886 -0.19559560 -0.28381200
vn 0.93881855 -0.19592733 -0.28325291
vn 0.05391693 -0.74719631 -0.66241274
vn -0.08328415 -0.74429039 -0.66264286
vn -0.11027888 -0.66183991 -0.74148939
vn -0.09514772 -0.83677939 -0.53920976
vn -0.05949508 -0.88582277 -0.46019382
vn -0.07851820 -0.97283438 -0.21778006
vn -0.07628328 -0.99708619 0.00000000
vn 0.86522247 -0.50138805 0.00030864
vn 0.86790949 -0.48210884 0.11960013
vn 0.95618361 -0.25940319 0.13573093
vn 0.95613862 -0.25923289 0.13637171
vn 0.95631163 -0.25873256 -0.13610850
vn 0.95635564 -0.25890485 -0.13547018
vn 0.11720247 -0.92983503 -0.34881284
vn 0.96030807 -0.27689102 -0.03376050
vn 0.00672990 0.03484817 -0.99936996
vn -0.09507949 0.05396336 -0.99400596
vn 0.00755953 0.24318155 -0.96995133
vn -0.00063372 -0.15988684 -0.98713515
vn -0.10586644 0.39535961 -0.91240510
vn -0.08695740 -0.36474780 -0.92703692
vn -0.10062727 -0.19063005 -0.97649083
vn -0.16061448 0.10134369 -0.98180061
vn -0.30673101 0.06942683 -0.94926077
vn -0.13955363 0.24438181 -0.95958445
vn -0.00157842 0.60596018 -0.79549341
vn 0.99999570 0.00136355 -0.00259670
vn 0.86330319 0.19035374 -0.46741102
vn 0.75348755 0.15925662 -0.63788231
vn 0.93025158 0.02381460 -0.36614870
vn 0.00683046 0.43805737 -0.89892107
vn 0.99528295 -0.00310877 -0.09696484
vn 0.75353998 -0.11421931 -0.64740362
vn 0.99605403 -0.02982418 -0.08358763
vn 0.14591288 -0.37080907 -0.91717505
vn 0.00673194 -0.37480755 -0.92707820
vn -0.08419302 0.76339764 -0.64041829
vn -0.20142634 0.26559259 -0.94280857
vn -0.16091120 0.30177655 -0.93970128
vn -0.16133470 0.31367526 -0.93572375
vn -0.17858677 0.33856595 -0.92383974
vn -0.13197718 0.34397282 -0.92965839
vn -0.27290011 0.40848520 -0.87101399
vn -0.27601084 0.47207154 -0.83723741
vn -0.14171441 0.45664487 -0.87828952
vn -0.13425344 0.54756846 -0.82592058
vn -0.10047099 0.64516953 -0.75740469
vn -0.01099827 -0.55999606 -0.82842227
vn -0.10718135 -0.73091470 -0.67399990
vn -0.10867947 -0.55741662 -0.82308899
vn -0.10662437 -0.28954035 -0.95120851
vn -0.30018657 -0.54234591 -0.78469672
vn -0.58773180 -0.05051803 -0.80747710
vn -0.81212980 -0.24471662 -0.52967818
vn -0.92709095 -0.01383624 -0.37458102
vn 0.13874315 0.75853915 -0.63668571
vn 0.65303744 0.58007355 -0.48688477
vn 0.84614625 0.37232060 -0.38133174
vn 0.75372044 0.40460054 -0.51788406
vn 0.00679031 0.76592943 -0.64288880
vn 0.99808879 -0.02551379 -0.05628326
vn -0.08694178 0.95548716 -0.28193156
vn -0.00064712 0.88886495 -0.45816884
vn -0.10213242 0.87054272 -0.48137755
vn -0.95706987 0.11642306 -0.26544855
vn -0.97395963 0.16831859 -0.15189306
vn -0.38200536 0.79810745 -0.46593605
vn -0.60134322 0.68793361 -0.40636644
vn 0.75358208 -0.36776101 -0.54485400
vn 0.99964331 -0.01729700 -0.02034851
vn 0.99645170 -0.06056993 -0.05844045
vn 0.13818962 -0.71273297 -0.68768840
vn 0.00677161 -0.71962082 -0.69433423
vn -0.00976293 -0.84806135 -0.52980811
vn -0.08865050 -0.94094072 -0.32675933
vn -0.11728200 -0.84350864 -0.52415467
vn -0.22728428 -0.82950930 -0.51015310
vn -0.21417637 -0.78555029 -0.58055079
vn -0.16299490 -0.76480954 -0.62329690
vn -0.16406199 -0.74943607 -0.64142750
vn -0.16448107 -0.74287519 -0.64890864
vn -0.21450945 -0.72248970 -0.65726275
vn -0.17417708 -0.71588146 -0.67614798
vn -0.17240706 -0.69711182 -0.69592450
vn -0.16956276 -0.66849065 -0.72413309
vn -0.68844465 -0.58566808 -0.42782807
vn -0.99292047 -0.11668905 -0.02219453
vn 0.98612121 0.13706170 -0.09369658
vn -0.08465998 0.98673760 0.13849764
vn 0.00047873 0.99663024 -0.08202401
vn 0.00674737 0.96110290 -0.27610810
vn -0.10284961 0.89699566 -0.42990782
vn -0.10036129 0.98644966 -0.12978703
vn -0.10426155 0.99063667 0.08813917
vn 0.96788320 0.24162964 -0.06940619
vn 0.99510109 0.09187941 -0.03649646
vn 0.75318674 0.58076784 -0.30889877
vn -0.19480257 0.93321360 -0.30193431
vn -0.96525815 0.23341211 -0.11745417
vn -0.58179097 0.78894540 -0.19769780
vn -0.38532851 0.89015268 -0.24320804
vn -0.60025624 0.72033973 -0.34756743
vn 0.99981226 -0.01520182 -0.01201468
vn 0.75347067 -0.55767971 -0.34824601
vn 0.99986084 -0.01503620 -0.00722603
vn 0.99844022 -0.05246358 -0.01909708
vn 0.13815483 -0.93070996 -0.33866238
vn 0.00687046 -0.93969911 -0.34193331
vn -0.00879924 -0.99033434 -0.13842136
vn -0.08495544 -0.99348495 0.07596200
vn -0.10264459 -0.99321893 -0.05459169
vn -0.10283480 -0.97894838 -0.17630961
vn -0.41687364 -0.90883160 0.01554011
vn -0.60194815 -0.79836466 0.01650118
vn -0.99763983 -0.06839322 0.00609456
vn -0.98912027 0.14684376 -0.00883184
vn -0.10819455 0.83499420 0.53951703
vn -0.00164081 0.93496464 0.35473714
vn 0.00676408 0.99019623 0.13951946
vn 0.13827580 0.98070660 0.13818236
vn 0.99799690 0.06235496 0.01067967
vn 0.99925397 0.03851864 0.00279673
vn 0.75496400 0.65418748 -0.04547631
vn 0.99870777 0.05000020 -0.00909802
vn -0.13884574 0.89080194 0.43265894
vn -0.45526253 0.88465993 -0.10056260
vn -0.59106373 0.79998983 0.10324699
vn 0.99989014 -0.01431976 -0.00382852
vn 0.70812175 -0.69542835 -0.12224153
vn 0.99992512 -0.01223233 -0.00034471
vn 0.99988885 -0.01487775 0.00097304
vn 0.99955221 -0.02975788 0.00313955
vn 0.13939894 -0.98780627 0.06933035
vn 0.00674008 -0.99752335 0.07001236
vn -0.00061948 -0.95715261 0.28958332
vn -0.08309886 -0.88402948 0.45998528
vn -0.10035004 -0.97286187 0.20849377
vn -0.32869415 -0.93139709 0.15639569
vn -0.58085433 -0.77603427 0.24572149
vn -0.60085889 -0.79488252 0.08444150
vn -0.61475942 -0.75385355 0.23189584
vn -0.64110107 -0.67080624 0.37283833
vn -0.70888178 -0.46122369 0.53362846
vn -0.89619466 -0.09798014 0.43270662
vn -0.93333710 0.09990579 0.34481978
vn -0.97522244 0.15597693 0.15688333
vn -0.97430862 0.21596031 0.06390510
vn -0.08755765 0.56218180 0.82236566
vn -0.00053820 0.72841156 0.68513963
vn 0.00696327 0.84804745 0.52987455
vn -0.17545665 0.84732093 0.50126062
vn -0.14355848 0.74811113 0.64785854
vn -0.17320276 0.72582193 0.66572016
vn -0.12285121 0.73519716 0.66662787
vn -0.25937111 0.66291708 0.70233010
vn -0.13381969 0.70512666 0.69633949
vn 0.99767842 0.05775612 0.03608324
vn 0.99978030 0.01878609 0.00929750
vn 0.75244192 0.61887759 0.22543666
vn -0.39507386 0.84764791 0.35413228
vn 0.99994153 -0.00986617 0.00442649
vn 0.75257700 -0.63297326 0.18158389
vn 0.99974038 -0.01978825 0.01129555
vn -0.00270000 -0.77413917 0.63300968
vn 0.00694412 -0.88298991 0.46934059
vn -0.10049623 -0.58414219 0.80540574
vn -0.11737972 -0.66905855 0.73388191
vn -0.10454000 -0.90252967 0.41774584
vn -0.10627037 -0.90782967 0.40564997
vn -0.26754615 -0.87769293 0.39758543
vn -0.56189034 -0.73810294 0.37347463
vn -0.65071564 -0.64438082 0.40167463
vn -0.45811302 -0.52361460 0.71830370
vn -0.15690944 -0.46116649 0.87332978
vn -0.16036957 -0.29941888 0.94054768
vn -0.16042515 -0.29101319 0.94317289
vn -0.16049901 -0.27412460 0.94820661
vn -0.22506383 -0.22294482 0.94849453
vn -0.18767990 -0.18484243 0.96468105
vn -0.56217911 0.20484938 0.80124365
vn -0.58242707 0.25083477 0.77321447
vn -0.54654452 0.62702382 0.55509478
vn -0.08102971 0.18321514 0.97972772
vn -0.00153528 0.36362458 0.93154431
vn 0.00689139 0.55940286 0.82886727
vn -0.15283753 0.58400302 0.79723344
vn -0.09248375 0.35618226 0.92982845
vn 0.13861304 0.55401589 0.82088539
vn 0.99882100 0.02716177 0.04023500
vn 0.99989881 0.00908311 0.01094877
vn 0.75284110 0.47327589 0.45742782
vn 0.99987055 0.01273707 0.00983062
vn 0.99987234 -0.01035095 0.01217209
vn 0.75323446 -0.50356040 0.42316044
vn 0.14633996 -0.60894541 0.77959611
vn 0.00662760 -0.61554420 0.78807450
vn -0.00169323 -0.42590023 0.90476855
vn -0.10097227 -0.24931597 0.96314389
vn -0.13709479 -0.12375131 0.98279735
vn -0.09937853 -0.02991730 0.99459985
vn 0.00853748 -0.03409841 0.99938201
vn 0.00683264 0.17422791 0.98468165
vn -0.09758924 0.26958113 0.95802002
vn 0.99952381 0.00643795 0.03017775
vn 0.75295467 0.24666823 0.61009348
vn 0.99992834 0.00568086 0.01053744
vn 0.99987458 -0.00922087 0.01287644
vn 0.00671941 -0.24184524 0.97029157
vn 0.75346816 -0.28792150 0.59108962
vn 0.99995786 -0.00308769 0.00864567
vn 0.99938912 -0.00845308 0.03391079
vn 0.99995402 -0.00138529 0.00948861
vn 0.75498795 -0.02242856 0.65535499
vn 0.99995016 0.00075378 0.00995560
vn 0.99990685 0.00236795 0.01344215
f 1//1 2//2 6//6
f 1//1 6//6 18//18
f 1//1 18//18 31//31
f 1//1 31//31 38//38
f 1//1 38//38 43//43
f 1//1 43//43 49//49
f 1//1 49//49 53//53
f 1//1 53//53 57//57
f 1//1 57//57 63//63
f 1//1 63//63 68//68
f 1//1 68//68 75//75
f 1//1 75//75 87//87
f 1//1 87//87 102//102
f 1//1 102//102 93//93
f 1//1 93//93 80//80
f 1//1 80//80 70//70
f 1//1 70//70 66//66
f 1//1 66//66 60//60
f 1//1 60//60 55//55
f 1//1 55//55 51//51
f 1//1 51//51 46//46
f 1//1 46//46 40//40
f 1//1 40//40 33//33
f 1//1 33//33 22//22
f 1//1 22//22 11//11
f 1//1 11//11 3//3
f 1//1 3//3 4//4
f 1//1 4//4 5//5
f 1//1 5//5 7//7
f 1//1 7//7 2//2
f 2//2 7//7 8//8
f 2//2 8//8 6//6
f 3//3 9//9 10//10
f 3//3 10//10 4//4
f 3//3 11//11 12//12
f 3//3 12//12 13//13
f 3//3 13//13 14//14
f 3//3 14//14 29//29
f 3//3 29//29 15//15
f 3//3 15//15 21//21
f 3//3 21//21 9//9
f 4//4 10//10 16//16
f 4//4 16//16 17//17
f 4//4 17//17 5//5
f 5//5 17//17 16//16
f 5//5 16//16 15//15
f 5//5 15//15 30//30
f 5//5 30//30 37//37
f 5//5 37//37 35//35
f 5//5 35//35 24//24
f 5//5 24//24 23//23
f 5//5 23//23 34//34
f 5//5 34//34 42//42
f 5//5 42//42 41//41
f 5//5 41//41 48//48
f 5//5 48//48 47//47
f 5//5 47//47 52//52
f 5//5 52//52 56//56
f 5//5 56//56 62//62
f 5//5 62//62 61//61
f 5//5 61//61 67//67
f 5//5 67//67 74//74
f 5//5 74//74 86//86
f 5//5 86//86 100//100
f 5//5 100//100 99//99
f 5//5 99//99 98//98
f 5//5 98//98 97//97
f 5//5 97//97 83//83
f 5//5 83//83 95//95
f 5//5 95//95 94//94
f 5//5 94//94 105//105
f 5//5 105//105 104//104
f 5//5 104//104 106//106
f 5//5 106//106 103//103
f 5//5 103//103 89//89
f 5//5 89//89 88//88
f 5//5 88//88 77//77
f 5//5 77//77 76//76
f 5//5 76//76 69//69
f 5//5 69//69 65//65
f 5//5 65//65 64//64
f 5//5 64//64 59//59
f 5//5 59//59 58//58
f 5//5 58//58 54//54
f 5//5 54//54 50//50
f 5//5 50//50 45//45
f 5//5 45//45 44//44
f 5//5 44//44 39//39
f 5//5 39//39 32//32
f 5//5 32//32 20//20
f 5//5 20//20 19//19
f 5//5 19//19 8//8
f 5//5 8//8 7//7
f 6//6 8//8 19//19
f 6//6 19//19 20//20
f 6//6 20//20 18//18
f 9//9 21//21 10//10
f 10//10 21//21 16//16
f 11//11 22//22 23//23
f 11//11 23//23 24//24
f 11//11 24//24 25//25
f 11//11 25//25 26//26
f 11//11 26//26 12//12
f 12//12 26//26 36//36
f 12//12 36//36 27//27
f 12//12 27//27 28//28
f 12//12 28//28 13//13
f 13//13 28//28 29//29
f 13//13 29//29 14//14
f 15//15 29//29 28//28
f 15//15 28//28 27//27
f 15//15 27//27 30//30
f 15//15 16//16 21//21
f 18//18 20//20 32//32
f 18//18 32//32 39//39
f 18//18 39//39 31//31
f 22//22 33//33 42//42
f 22//22 42//42 34//34
f 22//22 34//34 23//23
f 24//24 35//35 25//25
f 25//25 36//36 26//26
f 25//25 35//35 37//37
f 25//25 37//37 36//36
f 27//27 36//36 30//30
f 30//30 36//36 37//37
f 31//31 39//39 44//44
f 31//31 44//44 38//38
f 33//33 40//40 41//41
f 33//33 41//41 42//42
f 38//38 44//44 45//45
f 38//38 45//45 43//43
f 40//40 46//46 47//47
f 40//40 47//47 48//48
f 40//40 48//48 41//41
f 43//43 45//45 50//50
f 43//43 50//50 54//54
f 43//43 54//54 49//49
f 46//46 51//51 56//56
f 46//46 56//56 52//52
f 46//46 52//52 47//47
f 49//49 54//54 58//58
f 49//49 58//58 53//53
f 51//51 55//55 62//62
f 51//51 62//62 56//56
f 53//53 58//58 59//59
f 53//53 59//59 57//57
f 55//55 60//60 61//61
f 55//55 61//61 62//62
f 57//57 59//59 64//64
f 57//57 64//64 65//65
f 57//57 65//65 63//63
f 60//60 66//66 74//74
f 60//60 74//74 67//67
f 60//60 67//67 61//61
f 63//63 65//65 69//69
f 63//63 69//69 76//76
f 63//63 76//76 68//68
f 66//66 70//70 71//71
f 66//66 71//71 72//72
f 66//66 72//72 73//73
f 66//66 73//73 85//85
f 66//66 85//85 74//74
f 68//68 76//76 77//77
f 68//68 77//77 75//75
f 70//70 78//78 79//79
f 70//70 79//79 71//71
f 70//70 80//80 81//81
f 70//70 81//81 82//82
f 70//70 82//82 96//96
f 70//70 96//96 83//83
f 70//70 83//83 90//90
f 70//70 90//90 78//78
f 71//71 73//73 72//72
f 71//71 79//79 91//91
f 71//71 91//91 84//84
f 71//71 84//84 85//85
f 71//71 85//85 73//73
f 74//74 85//85 86//86
f 75//75 77//77 88//88
f 75//75 88//88 89//89
f 75//75 89//89 87//87
f 78//78 90//90 91//91
f 78//78 91//91 79//79
f 80//80 92//92 81//81
f 80//80 93//93 94//94
f 80//80 94//94 95//95
f 80//80 95//95 92//92
f 81//81 92//92 95//95
f 81//81 95//95 96//96
f 81//81 96//96 82//82
f 83//83 96//96 95//95
f 83//83 97//97 90//90
f 84//84 91//91 97//97
f 84//84 97//97 98//98
f 84//84 98//98 99//99
f 84//84 99//99 100//100
f 84//84 100//100 101//101
f 84//84 101//101 85//85
f 85//85 101//101 100//100
f 85//85 100//100 86//86
f 87//87 89//89 103//103
f 87//87 103//103 106//106
f 87//87 106//106 102//102
f 90//90 97//97 91//91
f 93//93 102//102 104//104
f 93//93 104//104 105//105
f 93//93 105//105 94//94
f 102//102 106//106 104//104
f 107//107 108//108 109//109
f 107//107 109//109 110//110
f 107//107 110//110 111//111
f 107//107 111//111 112//112
f 107//107 112//112 113//113
f 107//107 113//113 114//114
f 107//107 114//114 115//115
f 107//107 115//115 108//108
f 108//108 116//116 117//117
f 108//108 117//117 118//118
f 108//108 118//118 119//119
f 108//108 119//119 109//109
f 108//108 115//115 116//116
f 109//109 119//119 110//110
f 110//110 119//119 120//120
f 110//110 120//120 121//121
f 110//110 121//121 122//122
f 110//110 122//122 123//123
f 110//110 123//123 111//111
f 111//111 123//123 124//124
f 111//111 124//124 112//112
f 112//112 124//124 125//125
f 112//112 125//125 126//126
f 112//112 126//126 127//127
f 112//112 127//127 113//113
f 113//113 127//127 128//128
f 113//113 128//128 129//129
f 113//113 129//129 114//114
f 114//114 129//129 130//130
f 114//114 130//130 115//115
f 115//115 130//130 116//116
f 116//116 130//130 142//142
f 116//116 142//142 156//156
f 116//116 156//156 155//155
f 116//116 155//155 170//170
f 116//116 170//170 171//171
f 116//116 171//171 189//189
f 116//116 189//189 203//203
f 116//116 203//203 218//218
f 116//116 218//218 217//217
f 116//116 217//217 216//216
f 116//116 216//216 228//228
f 116//116 228//228 239//239
f 116//116 239//239 251//251
f 116//116 251//251 261//261
f 116//116 261//261 274//274
f 116//116 274//274 286//286
f 116//116 286//286 301//301
f 116//116 301//301 316//316
f 116//116 316//316 323//323
f 116//116 323//323 318//318
f 116//116 318//318 317//317
f 116//116 317//317 303//303
f 116//116 303//303 287//287
f 116//116 287//287 275//275
f 116//116 275//275 262//262
f 116//116 262//262 252//252
f 116//116 252//252 240//240
f 116//116 240//240 230//230
f 116//116 230//230 229//229
f 116//116 229//229 219//219
f 116//116 219//219 205//205
f 116//116 205//205 204//204
f 116//116 204//204 191//191
f 116//116 191//191 190//190
f 116//116 190//190 173//173
f 116//116 173//173 172//172
f 116//116 172//172 157//157
f 116//116 157//157 143//143
f 116//116 143//143 131//131
f 116//116 131//131 117//117
f 117//117 131//131 132//132
f 117//117 132//132 118//118
f 118//118 132//132 119//119
f 119//119 132//132 120//120
f 120//120 132//132 133//133
f 120//120 133//133 134//134
f 120//120 134//134 121//121
f 121//121 134//134 122//122
f 122//122 135//135 136//136
f 122//122 136//136 148//148
f 122//122 148//148 162//162
f 122//122 162//162 176//176
f 122//122 176//176 181//181
f 122//122 181//181 180//180
f 122//122 180//180 197//197
f 122//122 197//197 210//210
f 122//122 210//210 223//223
f 122//122 223//223 234//234
f 122//122 234//234 245//245
f 122//122 245//245 244//244
f 122//122 244//244 256//256
f 122//122 256//256 267//267
f 122//122 267//267 280//280
f 122//122 280//280 294//294
f 122//122 294//294 308//308
f 122//122 308//308 321//321
f 122//122 321//321 320//320
f 122//122 320//320 322//322
f 122//122 322//322 311//311
f 122//122 311//311 297//297
f 122//122 297//297 284//284
f 122//122 284//284 272//272
f 122//122 272//272 259//259
f 122//122 259//259 248//248
f 122//122 248//248 247//247
f 122//122 247//247 237//237
f 122//122 237//237 225//225
f 122//122 225//225 211//211
f 122//122 211//211 198//198
f 122//122 198//198 182//182
f 122//122 182//182 165//165
f 122//122 165//165 151//151
f 122//122 151//151 137//137
f 122//122 137//137 124//124
f 122//122 124//124 123//123
f 122//122 134//134 135//135
f 124//124 137//137 125//125
f 125//125 137//137 138//138
f 125//125 138//138 126//126
f 126//126 138//138 139//139
f 126//126 139//139 140//140
f 126//126 140//140 141//141
f 126//126 141//141 128//128
f 126//126 128//128 127//127
f 128//128 142//142 129//129
f 128//128 141//141 142//142
f 129//129 142//142 130//130
f 131//131 143//143 132//132
f 132//132 143//143 144//144
f 132//132 144//144 133//133
f 133//133 145//145 146//146
f 133//133 146//146 134//134
f 133//133 144//144 145//145
f 134//134 146//146 135//135
f 135//135 146//146 147//147
f 135//135 147//147 136//136
f 136//136 147//147 149//149
f 136//136 149//149 150//150
f 136//136 150//150 148//148
f 137//137 151//151 152//152
f 137//137 152//152 138//138
f 138//138 152//152 153//153
f 138//138 153//153 139//139
f 139//139 154//154 140//140
f 139//139 153//153 154//154
f 140//140 154//154 155//155
f 140//140 155//155 156//156
f 140//140 156//156 141//141
f 141//141 156//156 142//142
f 143//143 157//157 145//145
f 143//143 145//145 144//144
f 145//145 157//157 158//158
f 145//145 158//158 146//146
f 146//146 158//158 159//159
f 146//146 159//159 147//147
f 147//147 159//159 160//160
f 147//147 160//160 161//161
f 147//147 161//161 149//149
f 148//148 150//150 162//162
f 149//149 161//161 163//163
f 149//149 163//163 150//150
f 150//150 163//163 164//164
f 150//150 164//164 162//162
f 151//151 165//165 152//152
f 152//152 166//166 153//153
f 152//152 165//165 166//166
f 153//153 166//166 167//167
f 153//153 167//167 168//168
f 153//153 168//168 169//169
f 153//153 169//169 154//154
f 154//154 170//170 155//155
f 154//154 169//169 171//171
f 154//154 171//171 170//170
f 157//157 172//172 158//158
f 158//158 172//172 173//173
f 158//158 173//173 174//174
f 158//158 174//174 160//160
f 158//158 160//160 159//159
f 160//160 174//174 175//175
f 160//160 175//175 161//161
f 161//161 175//175 163//163
f 162//162 164//164 176//176
f 163//163 177//177 178//178
f 163//163 178//178 164//164
f 163//163 175//175 177//177
f 164//164 178//178 179//179
f 164//164 179//179 180//180
f 164//164 180//180 181//181
f 164//164 181//181 176//176
f 165//165 182//182 183//183
f 165//165 183//183 184//184
f 165//165 184//184 185//185
f 165//165 185//185 166//166
f 166//166 185//185 186//186
f 166//166 186//186 167//167
f 167//167 186//186 168//168
f 168//168 171//171 169//169
f 168//168 186//186 187//187
f 168//168 187//187 171//171
f 171//171 187//187 188//188
f 171//171 188//188 189//189
f 173//173 190//190 175//175
f 173//173 175//175 174//174
f 175//175 190//190 191//191
f 175//175 191//191 177//177
f 177//177 191//191 192//192
f 177//177 192//192 178//178
f 178//178 192//192 193//193
f 178//178 193//193 179//179
f 179//179 193//193 194//194
f 179//179 194//194 195//195
f 179//179 195//195 196//196
f 179//179 196//196 197//197
f 179//179 197//197 180//180
f 182//182 198//198 199//199
f 182//182 199//199 183//183
f 183//183 199//199 200//200
f 183//183 200//200 201//201
f 183//183 201//201 186//186
f 183//183 186//186 184//184
f 184//184 186//186 185//185
f 186//186 201//201 188//188
f 186//186 188//188 187//187
f 188//188 201//201 202//202
f 188//188 202//202 203//203
f 188//188 203//203 189//189
f 191//191 204//204 192//192
f 192//192 204//204 205//205
f 192//192 205//205 206//206
f 192//192 206//206 194//194
f 192//192 194//194 193//193
f 194//194 206//206 195//195
f 195//195 206//206 207//207
f 195//195 207//207 208//208
f 195//195 208//208 209//209
f 195//195 209//209 196//196
f 196//196 209//209 197//197
f 197//197 209//209 210//210
f 198//198 211//211 212//212
f 198//198 212//212 199//199
f 199//199 212//212 200//200
f 200//200 202//202 201//201
f 200//200 212//212 213//213
f 200//200 213//213 214//214
f 200//200 214//214 215//215
f 200//200 215//215 202//202
f 202//202 215//215 216//216
f 202//202 216//216 217//217
f 202//202 217//217 218//218
f 202//202 218//218 203//203
f 205//205 219//219 207//207
f 205//205 207//207 206//206
f 207//207 219//219 220//220
f 207//207 220//220 208//208
f 208//208 220//220 221//221
f 208//208 221//221 209//209
f 209//209 221//221 222//222
f 209//209 222//222 210//210
f 210//210 222//222 223//223
f 211//211 224//224 212//212
f 211//211 225//225 224//224
f 212//212 224//224 226//226
f 212//212 226//226 213//213
f 213//213 226//226 227//227
f 213//213 227//227 214//214
f 214//214 227//227 216//216
f 214//214 216//216 215//215
f 216//216 227//227 228//228
f 219//219 229//229 220//220
f 220//220 229//229 230//230
f 220//220 230//230 231//231
f 220//220 231//231 221//221
f 221//221 231//231 232//232
f 221//221 232//232 222//222
f 222//222 232//232 233//233
f 222//222 233//233 223//223
f 223//223 233//233 234//234
f 224//224 225//225 235//235
f 224//224 235//235 236//236
f 224//224 236//236 226//226
f 225//225 237//237 235//235
f 226//226 238//238 227//227
f 226//226 236//236 238//238
f 227//227 238//238 239//239
f 227//227 239//239 228//228
f 230//230 240//240 241//241
f 230//230 241//241 231//231
f 231//231 241//241 232//232
f 232//232 242//242 233//233
f 232//232 241//241 243//243
f 232//232 243//243 242//242
f 233//233 242//242 244//244
f 233//233 244//244 245//245
f 233//233 245//245 234//234
f 235//235 246//246 236//236
f 235//235 237//237 247//247
f 235//235 247//247 248//248
f 235//235 248//248 246//246
f 236//236 249//249 238//238
f 236//236 246//246 250//250
f 236//236 250//250 249//249
f 238//238 249//249 239//239
f 239//239 249//249 251//251
f 240//240 252//252 241//241
f 241//241 252//252 253//253
f 241//241 253//253 254//254
f 241//241 254//254 243//243
f 242//242 243//243 255//255
f 242//242 255//255 244//244
f 243//243 254//254 255//255
f 244//244 255//255 256//256
f 246//246 257//257 258//258
f 246//246 258//258 250//250
f 246//246 248//248 259//259
f 246//246 259//259 257//257
f 249//249 250//250 260//260
f 249//249 260//260 251//251
f 250//250 258//258 260//260
f 251//251 260//260 261//261
f 252//252 262//262 253//253
f 253//253 263//263 254//254
f 253//253 262//262 264//264
f 253//253 264//264 265//265
f 253//253 265//265 263//263
f 254//254 263//263 255//255
f 255//255 263//263 266//266
f 255//255 266//266 267//267
f 255//255 267//267 256//256
f 257//257 268//268 258//258
f 257//257 259//259 268//268
f 258//258 268//268 269//269
f 258//258 269//269 260//260
f 259//259 270//270 271//271
f 259//259 271//271 268//268
f 259//259 272//272 270//270
f 260//260 269//269 273//273
f 260//260 273//273 274//274
f 260//260 274//274 261//261
f 262//262 275//275 276//276
f 262//262 276//276 264//264
f 263//263 265//265 277//277
f 263//263 277//277 266//266
f 264//264 278//278 279//279
f 264//264 279//279 265//265
f 264//264 276//276 278//278
f 265//265 279//279 277//277
f 266//266 277//277 267//267
f 267//267 277//277 280//280
f 268//268 271//271 269//269
f 269//269 281//281 273//273
f 269//269 271//271 282//282
f 269//269 282//282 281//281
f 270//270 282//282 271//271
f 270//270 272//272 283//283
f 270//270 283//283 282//282
f 272//272 284//284 283//283
f 273//273 281//281 274//274
f 274//274 281//281 285//285
f 274//274 285//285 286//286
f 275//275 287//287 276//276
f 276//276 287//287 288//288
f 276//276 288//288 289//289
f 276//276 289//289 290//290
f 276//276 290//290 278//278
f 277//277 279//279 291//291
f 277//277 291//291 280//280
f 278//278 290//290 292//292
f 278//278 292//292 291//291
f 278//278 291//291 279//279
f 280//280 293//293 294//294
f 280//280 291//291 292//292
f 280//280 292//292 293//293
f 281//281 282//282 285//285
f 282//282 295//295 285//285
f 282//282 283//283 296//296
f 282//282 296//296 295//295
f 283//283 284//284 297//297
f 283//283 297//297 298//298
f 283//283 298//298 299//299
f 283//283 299//299 300//300
f 283//283 300//300 296//296
f 285//285 295//295 301//301
f 285//285 301//301 286//286
f 287//287 302//302 288//288
f 287//287 303//303 304//304
f 287//287 304//304 302//302
f 288//288 302//302 305//305
f 288//288 305//305 306//306
f 288//288 306//306 289//289
f 289//289 306//306 293//293
f 289//289 293//293 290//290
f 290//290 293//293 292//292
f 293//293 306//306 307//307
f 293//293 307//307 294//294
f 294//294 307//307 308//308
f 295//295 296//296 309//309
f 295//295 309//309 301//301
f 296//296 310//310 309//309
f 296//296 300//300 310//310
f 297//297 311//311 298//298
f 298//298 311//311 312//312
f 298//298 312//312 299//299
f 299//299 313//313 314//314
f 299//299 314//314 310//310
f 299//299 310//310 300//300
f 299//299 312//312 315//315
f 299//299 315//315 313//313
f 301//301 309//309 316//316
f 302//302 304//304 305//305
f 303//303 317//317 304//304
f 304//304 317//317 318//318
f 304//304 318//318 313//313
f 304//304 313//313 315//315
f 304//304 315//315 319//319
f 304//304 319//319 305//305
f 305//305 307//307 306//306
f 305//305 319//319 307//307
f 307//307 319//319 312//312
f 307//307 312//312 320//320
f 307//307 320//320 321//321
f 307//307 321//321 308//308
f 309//309 310//310 316//316
f 310//310 314//314 316//316
f 311//311 322//322 312//312
f 312//312 319//319 315//315
f 312//312 322//322 320//320
f 313//313 318//318 314//314
f 314//314 323//323 316//316
f 314//314 318//318 323//323
f 324//324 325//325 326//326
f 324//324 326//326 327//327
f 324//324 327//327 328//328
f 324//324 328//328 329//329
f 324//324 329//329 336//336
f 324//324 336//336 342//342
f 324//324 342//342 350//350
f 324//324 350//350 355//355
f 324//324 355//355 360//360
f 324//324 360//360 359//359
f 324//324 359//359 358//358
f 324//324 358//358 365//365
f 324//324 365//365 388//388
f 324//324 388//388 391//391
f 324//324 391//391 417//417
f 324//324 417//417 416//416
f 324//324 416//416 415//415
f 324//324 415//415 431//431
f 324//324 431//431 430//430
f 324//324 430//430 429//429
f 324//324 429//429 428//428
f 324//324 428//428 427//427
f 324//324 427//427 426//426
f 324//324 426//426 425//425
f 324//324 425//425 424//424
f 324//324 424//424 435//435
f 324//324 435//435 441//441
f 324//324 441//441 448//448
f 324//324 448//448 454//454
f 324//324 454//454 460//460
f 324//324 460//460 465//465
f 324//324 465//465 466//466
f 324//324 466//466 461//461
f 324//324 461//461 456//456
f 324//324 456//456 455//455
f 324//324 455//455 451//451
f 324//324 451//451 450//450
f 324//324 450//450 449//449
f 324//324 449//449 445//445
f 324//324 445//445 444//444
f 324//324 444//444 443//443
f 324//324 443//443 442//442
f 324//324 442//442 436//436
f 324//324 436//436 432//432
f 324//324 432//432 418//418
f 324//324 418//418 401//401
f 324//324 401//401 376//376
f 324//324 376//376 362//362
f 324//324 362//362 353//353
f 324//324 353//353 347//347
f 324//324 347//347 338//338
f 324//324 338//338 332//332
f 324//324 332//332 325//325
f 325//325 330//330 331//331
f 325//325 331//331 326//326
f 325//325 332//332 330//330
f 326//326 331//331 330//330
f 326//326 330//330 337//337
f 326//326 337//337 340//340
f 326//326 340//340 339//339
f 326//326 339//339 346//346
f 326//326 346//346 345//345
f 326//326 345//345 344//344
f 326//326 344//344 348//348
f 326//326 348//348 354//354
f 326//326 354//354 361//361
f 326//326 361//361 363//363
f 326//326 363//363 377//377
f 326//326 377//377 402//402
f 326//326 402//402 420//420
f 326//326 420//420 419//419
f 326//326 419//419 433//433
f 326//326 433//433 437//437
f 326//326 437//437 446//446
f 326//326 446//446 452//452
f 326//326 452//452 457//457
f 326//326 457//457 462//462
f 326//326 462//462 467//467
f 326//326 467//467 469//469
f 326//326 469//469 468//468
f 326//326 468//468 464//464
f 326//326 464//464 463//463
f 326//326 463//463 459//459
f 326//326 459//459 458//458
f 326//326 458//458 453//453
f 326//326 453//453 447//447
f 326//326 447//447 440//440
f 326//326 440//440 439//439
f 326//326 439//439 438//438
f 326//326 438//438 434//434
f 326//326 434//434 422//422
f 326//326 422//422 421//421
f 326//326 421//421 413//413
f 326//326 413//413 403//403
f 326//326 403//403 378//378
f 326//326 378//378 364//364
f 326//326 364//364 356//356
f 326//326 356//356 351//351
f 326//326 351//351 349//349
f 326//326 349//349 341//341
f 326//326 341//341 335//335
f 326//326 335//335 334//334
f 326//326 334//334 333//333
f 326//326 333//333 328//328
f 326//326 328//328 327//327
f 328//328 333//333 329//329
f 329//329 333//333 334//334
f 329//329 334//334 335//335
f 329//329 335//335 336//336
f 330//330 332//332 337//337
f 332//332 338//338 339//339
f 332//332 339//339 340//340
f 332//332 340//340 337//337
f 335//335 341//341 336//336
f 336//336 341//341 349//349
f 336//336 349//349 343//343
f 336//336 343//343 342//342
f 338//338 344//344 345//345
f 338//338 345//345 346//346
f 338//338 346//346 339//339
f 338//338 347//347 348//348
f 338//338 348//348 344//344
f 342//342 343//343 350//350
f 343//343 349//349 351//351
f 343//343 351//351 352//352
f 343//343 352//352 350//350
f 347//347 353//353 354//354
f 347//347 354//354 348//348
f 350//350 352//352 355//355
f 351//351 356//356 352//352
f 352//352 356//356 364//364
f 352//352 364//364 357//357
f 352//352 357//357 358//358
f 352//352 358//358 359//359
f 352//352 359//359 360//360
f 352//352 360//360 355//355
f 353//353 361//361 354//354
f 353//353 362//362 363//363
f 353//353 363//363 361//361
f 357//357 365//365 358//358
f 357//357 364//364 366//366
f 357//357 366//366 367//367
f 357//357 367//367 368//368
f 357//357 368//368 369//369
f 357//357 369//369 370//370
f 357//357 370//370 371//371
f 357//357 371//371 372//372
f 357//357 372//372 373//373
f 357//357 373//373 374//374
f 357//357 374//374 375//375
f 357//357 375//375 388//388
f 357//357 388//388 365//365
f 362//362 376//376 377//377
f 362//362 377//377 363//363
f 364//364 378//378 379//379
f 364//364 379//379 380//380
f 364//364 380//380 381//381
f 364//364 381//381 382//382
f 364//364 382//382 383//383
f 364//364 383//383 384//384
f 364//364 384//384 385//385
f 364//364 385//385 386//386
f 364//364 386//386 387//387
f 364//364 387//387 366//366
f 366//366 387//387 386//386
f 366//366 386//386 385//385
f 366//366 385//385 384//384
f 366//366 384//384 383//383
f 366//366 383//383 382//382
f 366//366 382//382 381//381
f 366//366 381//381 380//380
f 366//366 380//380 379//379
f 366//366 379//379 412//412
f 366//366 412//412 411//411
f 366//366 411//411 410//410
f 366//366 410//410 409//409
f 366//366 409//409 408//408
f 366//366 408//408 407//407
f 366//366 407//407 406//406
f 366//366 406//406 405//405
f 366//366 405//405 404//404
f 366//366 404//404 400//400
f 366//366 400//400 399//399
f 366//366 399//399 398//398
f 366//366 398//398 397//397
f 366//366 397//397 396//396
f 366//366 396//396 395//395
f 366//366 395//395 394//394
f 366//366 394//394 393//393
f 366//366 393//393 392//392
f 366//366 392//392 389//389
f 366//366 389//389 374//374
f 366//366 374//374 373//373
f 366//366 373//373 372//372
f 366//366 372//372 371//371
f 366//366 371//371 370//370
f 366//366 370//370 369//369
f 366//366 369//369 368//368
f 366//366 368//368 367//367
f 374//374 389//389 375//375
f 375//375 378//378 403//403
f 375//375 403//403 390//390
f 375//375 390//390 391//391
f 375//375 391//391 388//388
f 375//375 389//389 392//392
f 375//375 392//392 393//393
f 375//375 393//393 394//394
f 375//375 394//394 395//395
f 375//375 395//395 396//396
f 375//375 396//396 397//397
f 375//375 397//397 398//398
f 375//375 398//398 399//399
f 375//375 399//399 400//400
f 375//375 400//400 404//404
f 375//375 404//404 378//378
f 376//376 401//401 377//377
f 377//377 401//401 402//402
f 378//378 404//404 405//405
f 378//378 405//405 406//406
f 378//378 406//406 407//407
f 378//378 407//407 408//408
f 378//378 408//408 409//409
f 378//378 409//409 410//410
f 378//378 410//410 411//411
f 378//378 411//411 412//412
f 378//378 412//412 379//379
f 390//390 403//403 413//413
f 390//390 413//413 414//414
f 390//390 414//414 415//415
f 390//390 415//415 416//416
f 390//390 416//416 417//417
f 390//390 417//417 391//391
f 401//401 418//418 419//419
f 401//401 419//419 420//420
f 401//401 420//420 402//402
f 413//413 421//421 414//414
f 414//414 421//421 422//422
f 414//414 422//422 423//423
f 414//414 423//423 424//424
f 414//414 424//424 425//425
f 414//414 425//425 426//426
f 414//414 426//426 427//427
f 414//414 427//427 428//428
f 414//414 428//428 429//429
f 414//414 429//429 430//430
f 414//414 430//430 431//431
f 414//414 431//431 415//415
f 418//418 432//432 419//419
f 419//419 432//432 433//433
f 422//422 434//434 423//423
f 423//423 434//434 435//435
f 423//423 435//435 424//424
f 432//432 436//436 433//433
f 433//433 436//436 437//437
f 434//434 438//438 435//435
f 435//435 438//438 439//439
f 435//435 439//439 440//440
f 435//435 440//440 441//441
f 436//436 442//442 437//437
f 437//437 442//442 443//443
f 437//437 443//443 444//444
f 437//437 444//444 445//445
f 437//437 445//445 446//446
f 440//440 447//447 448//448
f 440//440 448//448 441//441
f 445//445 449//449 446//446
f 446//446 449//449 450//450
f 446//446 450//450 451//451
f 446//446 451//451 452//452
f 447//447 453//453 448//448
f 448//448 453//453 454//454
f 451//451 455//455 452//452
f 452//452 455//455 456//456
f 452//452 456//456 457//457
f 453//453 458//458 454//454
f 454//454 458//458 459//459
f 454//454 459//459 460//460
f 456//456 461//461 462//462
f 456//456 462//462 457//457
f 459//459 463//463 460//460
f 460//460 463//463 464//464
f 460//460 464//464 465//465
f 461//461 466//466 467//467
f 461//461 467//467 462//462
f 464//464 468//468 465//465
f 465//465 467//467 466//466
f 465//465 468//468 469//469
f 465//465 469//469 467//467
f 470//470 471//471 472//472
f 470//470 472//472 473//473
f 470//470 473//473 474//474
f 470//470 474//474 475//475
f 470//470 475//475 476//476
f 470//470 476//476 477//477
f 470//470 477//477 471//471
f 471//471 478//478 479//479
f 471//471 479//479 472//472
f 471//471 477//477 480//480
f 471//471 480//480 478//478
f 472//472 479//479 487//487
f 472//472 487//487 486//486
f 472//472 486//486 498//498
f 472//472 498//498 512//512
f 472//472 512//512 511//511
f 472//472 511//511 536//536
f 472//472 536//536 535//535
f 472//472 535//535 560//560
f 472//472 560//560 590//590
f 472//472 590//590 589//589
f 472//472 589//589 606//606
f 472//472 606//606 605//605
f 472//472 605//605 604//604
f 472//472 604//604 623//623
f 472//472 623//623 622//622
f 472//472 622//622 621//621
f 472//472 621//621 620//620
f 472//472 620//620 627//627
f 472//472 627//627 626//626
f 472//472 626//626 625//625
f 472//472 625//625 624//624
f 472//472 624//624 613//613
f 472//472 613//613 612//612
f 472//472 612//612 611//611
f 472//472 611//611 608//608
f 472//472 608//608 607//607
f 472//472 607//607 579//579
f 472//472 579//579 550//550
f 472//472 550//550 549//549
f 472//472 549//549 522//522
f 472//472 522//522 521//521
f 472//472 521//521 506//506
f 472//472 506//506 491//491
f 472//472 491//491 490//490
f 472//472 490//490 481//481
f 472//472 481//481 474//474
f 472//472 474//474 473//473
f 474//474 481//481 475//475
f 475//475 481//481 482//482
f 475//475 482//482 483//483
f 475//475 483//483 476//476
f 476//476 483//483 484//484
f 476//476 484//484 477//477
f 477//477 484//484 480//480
f 478//478 485//485 486//486
f 478//478 486//486 487//487
f 478//478 487//487 479//479
f 478//478 480//480 485//485
f 480//480 484//484 488//488
f 480//480 488//488 489//489
f 480//480 489//489 485//485
f 481//481 490//490 482//482
f 482//482 490//490 491//491
f 482//482 491//491 492//492
f 482//482 492//492 493//493
f 482//482 493//493 483//483
f 483//483 493//493 494//494
f 483//483 494//494 495//495
f 483//483 495//495 484//484
f 484//484 495//495 496//496
f 484//484 496//496 488//488
f 485//485 497//497 498//498
f 485//485 498//498 486//486
f 485//485 489//489 497//497
f 488//488 496//496 499//499
f 488//488 499//499 500//500
f 488//488 500//500 489//489
f 489//489 500//500 501//501
f 489//489 501//501 502//502
f 489//489 502//502 503//503
f 489//489 503//503 504//504
f 489//489 504//504 505//505
f 489//489 505//505 497//497
f 491//491 506//506 492//492
f 492//492 506//506 507//507
f 492//492 507//507 494//494
f 492//492 494//494 493//493
f 494//494 507//507 508//508
f 494//494 508//508 495//495
f 495//495 508//508 509//509
f 495//495 509//509 499//499
f 495//495 499//499 496//496
f 497//497 510//510 511//511
f 497//497 511//511 512//512
f 497//497 512//512 498//498
f 497//497 505//505 504//504
f 497//497 504//504 513//513
f 497//497 513//513 514//514
f 497//497 514//514 515//515
f 497//497 515//515 510//510
f 499//499 509//509 516//516
f 499//499 516//516 517//517
f 499//499 517//517 518//518
f 499//499 518//518 500//500
f 500//500 518//518 501//501
f 501//501 518//518 519//519
f 501//501 519//519 502//502
f 502//502 519//519 520//520
f 502//502 520//520 513//513
f 502//502 513//513 504//504
f 502//502 504//504 503//503
f 506//506 521//521 507//507
f 507//507 521//521 522//522
f 507//507 522//522 523//523
f 507//507 523//523 524//524
f 507//507 524//524 525//525
f 507//507 525//525 526//526
f 507//507 526//526 527//527
f 507//507 527//527 528//528
f 507//507 528//528 529//529
f 507//507 529//529 530//530
f 507//507 530//530 531//531
f 507//507 531//531 532//532
f 507//507 532//532 508//508
f 508//508 532//532 509//509
f 509//509 532//532 533//533
f 509//509 533//533 517//517
f 509//509 517//517 516//516
f 510//510 534//534 535//535
f 510//510 535//535 536//536
f 510//510 536//536 511//511
f 510//510 515//515 537//537
f 510//510 537//537 538//538
f 510//510 538//538 534//534
f 513//513 520//520 515//515
f 513//513 515//515 514//514
f 515//515 520//520 539//539
f 515//515 539//539 537//537
f 517//517 533//533 540//540
f 517//517 540//540 519//519
f 517//517 519//519 518//518
f 519//519 541//541 520//520
f 519//519 540//540 564//564
f 519//519 564//564 542//542
f 519//519 542//542 543//543
f 519//519 543//543 544//544
f 519//519 544//544 545//545
f 519//519 545//545 546//546
f 519//519 546//546 541//541
f 520//520 541//541 547//547
f 520//520 547//547 548//548
f 520//520 548//548 539//539
f 522//522 549//549 523//523
f 523//523 549//549 550//550
f 523//523 550//550 551//551
f 523//523 551//551 552//552
f 523//523 552//552 553//553
f 523//523 553//553 554//554
f 523//523 554//554 524//524
f 524//524 555//555 556//556
f 524//524 556//556 525//525
f 524//524 554//554 553//553
f 524//524 553//553 557//557
f 524//524 557//557 555//555
f 525//525 556//556 558//558
f 525//525 558//558 526//526
f 526//526 558//558 527//527
f 527//527 558//558 528//528
f 528//528 558//558 529//529
f 529//529 558//558 533//533
f 529//529 533//533 530//530
f 530//530 533//533 531//531
f 531//531 533//533 532//532
f 533//533 558//558 540//540
f 534//534 559//559 560//560
f 534//534 560//560 535//535
f 534//534 538//538 559//559
f 537//537 539//539 561//561
f 537//537 561//561 562//562
f 537//537 562//562 538//538
f 538//538 562//562 563//563
f 538//538 563//563 559//559
f 539//539 548//548 561//561
f 540//540 558//558 556//556
f 540//540 556//556 565//565
f 540//540 565//565 566//566
f 540//540 566//566 567//567
f 540//540 567//567 568//568
f 540//540 568//568 564//564
f 541//541 546//546 569//569
f 541//541 569//569 570//570
f 541//541 570//570 571//571
f 541//541 571//571 547//547
f 542//542 564//564 572//572
f 542//542 572//572 545//545
f 542//542 545//545 544//544
f 542//542 544//544 543//543
f 545//545 572//572 573//573
f 545//545 573//573 574//574
f 545//545 574//574 575//575
f 545//545 575//575 546//546
f 546//546 575//575 576//576
f 546//546 576//576 577//577
f 546//546 577//577 569//569
f 547//547 571//571 577//577
f 547//547 577//577 548//548
f 548//548 577//577 578//578
f 548//548 578//578 561//561
f 550//550 579//579 580//580
f 550//550 580//580 551//551
f 551//551 580//580 581//581
f 551//551 581//581 582//582
f 551//551 582//582 552//552
f 552//552 582//582 581//581
f 552//552 581//581 557//557
f 552//552 557//557 553//553
f 555//555 557//557 583//583
f 555//555 583//583 584//584
f 555//555 584//584 556//556
f 556//556 584//584 585//585
f 556//556 585//585 586//586
f 556//556 586//586 565//565
f 557//557 581//581 587//587
f 557//557 587//587 588//588
f 557//557 588//588 583//583
f 559//559 578//578 589//589
f 559//559 589//589 590//590
f 559//559 590//590 560//560
f 559//559 563//563 562//562
f 559//559 562//562 578//578
f 561//561 578//578 562//562
f 564//564 568//568 591//591
f 564//564 591//591 572//572
f 565//565 592//592 593//593
f 565//565 593//593 594//594
f 565//565 594//594 566//566
f 565//565 586//586 595//595
f 565//565 595//595 592//592
f 566//566 594//594 593//593
f 566//566 593//593 596//596
f 566//566 596//596 567//567
f 567//567 597//597 568//568
f 567//567 596//596 598//598
f 567//567 598//598 597//597
f 568//568 597//597 572//572
f 568//568 572//572 591//591
f 569//569 577//577 570//570
f 570//570 577//577 571//571
f 572//572 597//597 573//573
f 573//573 597//597 599//599
f 573//573 599//599 600//600
f 573//573 600//600 574//574
f 574//574 600//600 601//601
f 574//574 601//601 575//575
f 575//575 601//601 602//602
f 575//575 602//602 603//603
f 575//575 603//603 576//576
f 576//576 603//603 604//604
f 576//576 604//604 577//577
f 577//577 604//604 605//605
f 577//577 605//605 606//606
f 577//577 606//606 589//589
f 577//577 589//589 578//578
f 579//579 607//607 580//580
f 580//580 607//607 608//608
f 580//580 608//608 609//609
f 580//580 609//609 610//610
f 580//580 610//610 581//581
f 581//581 610//610 587//587
f 583//583 588//588 609//609
f 583//583 609//609 596//596
f 583//583 596//596 584//584
f 584//584 596//596 585//585
f 585//585 596//596 586//586
f 586//586 596//596 595//595
f 587//587 610//610 609//609
f 587//587 609//609 588//588
f 592//592 595//595 596//596
f 592//592 596//596 593//593
f 596//596 609//609 608//608
f 596//596 608//608 611//611
f 596//596 611//611 612//612
f 596//596 612//612 613//613
f 596//596 613//613 614//614
f 596//596 614//614 615//615
f 596//596 615//615 598//598
f 597//597 598//598 615//615
f 597//597 615//615 616//616
f 597//597 616//616 599//599
f 599//599 616//616 617//617
f 599//599 617//617 618//618
f 599//599 618//618 600//600
f 600//600 618//618 619//619
f 600//600 619//619 601//601
f 601//601 619//619 602//602
f 602//602 619//619 620//620
f 602//602 620//620 621//621
f 602//602 621//621 603//603
f 603//603 621//621 622//622
f 603//603 622//622 623//623
f 603//603 623//623 604//604
f 613//613 624//624 617//617
f 613//613 617//617 614//614
f 614//614 617//617 616//616
f 614//614 616//616 615//615
f 617//617 624//624 625//625
f 617//617 625//625 626//626
f 617//617 626//626 618//618
f 618//618 626//626 627//627
f 618//618 627//627 620//620
f 618//618 620//620 619//619
f 628//628 629//629 630//630
f 628//628 630//630 631//631
f 628//628 631//631 629//629
f 629//629 632//632 630//630
f 629//629 631//631 633//633
f 629//629 633//633 634//634
f 629//629 634//634 635//635
f 629//629 635//635 636//636
f 629//629 636//636 637//637
f 629//629 637//637 632//632
f 630//630 638//638 639//639
f 630//630 639//639 640//640
f 630//630 640//640 641//641
f 630//630 641//641 642//642
f 630//630 642//642 631//631
f 630//630 632//632 643//643
f 630//630 643//643 638//638
f 631//631 642//642 644//644
f 631//631 644//644 645//645
f 631//631 645//645 646//646
f 631//631 646//646 647//647
f 631//631 647//647 648//648
f 631//631 648//648 633//633
f 632//632 649//649 638//638
f 632//632 638//638 643//643
f 632//632 637//637 650//650
f 632//632 650//650 651//651
f 632//632 651//651 652//652
f 632//632 652//652 653//653
f 632//632 653//653 654//654
f 632//632 654//654 655//655
f 632//632 655//655 656//656
f 632//632 656//656 657//657
f 632//632 657//657 658//658
f 632//632 658//658 659//659
f 632//632 659//659 649//649
f 633//633 648//648 660//660
f 633//633 660//660 661//661
f 633//633 661//661 662//662
f 633//633 662//662 663//663
f 633//633 663//663 634//634
f 634//634 663//663 662//662
f 634//634 662//662 635//635
f 635//635 662//662 664//664
f 635//635 664//664 636//636
f 636//636 665//665 637//637
f 636//636 664//664 666//666
f 636//636 666//666 667//667
f 636//636 667//667 665//665
f 637//637 665//665 667//667
f 637//637 667//667 650//650
f 638//638 668//668 669//669
f 638//638 669//669 670//670
f 638//638 670//670 671//671
f 638//638 671//671 639//639
f 638//638 649//649 672//672
f 638//638 672//672 668//668
f 639//639 670//670 669//669
f 639//639 669//669 700//700
f 639//639 700//700 708//708
f 639//639 708//708 707//707
f 639//639 707//707 736//736
f 639//639 736//736 734//734
f 639//639 734//734 733//733
f 639//639 733//733 770//770
f 639//639 770//770 769//769
f 639//639 769//769 804//804
f 639//639 804//804 802//802
f 639//639 802//802 801//801
f 639//639 801//801 818//818
f 639//639 818//818 816//816
f 639//639 816//816 827//827
f 639//639 827//827 826//826
f 639//639 826//826 824//824
f 639//639 824//824 823//823
f 639//639 823//823 822//822
f 639//639 822//822 819//819
f 639//639 819//819 805//805
f 639//639 805//805 775//775
f 639//639 775//775 773//773
f 639//639 773//773 744//744
f 639//639 744//744 743//743
f 639//639 743//743 742//742
f 639//639 742//742 740//740
f 639//639 740//740 718//718
f 639//639 718//718 717//717
f 639//639 717//717 715//715
f 639//639 715//715 683//683
f 639//639 683//683 682//682
f 639//639 682//682 673//673
f 639//639 673//673 646//646
f 639//639 646//646 644//644
f 639//639 644//644 642//642
f 639//639 642//642 640//640
f 639//639 671//671 670//670
f 640//640 642//642 641//641
f 644//644 646//646 645//645
f 646//646 673//673 647//647
f 647//647 673//673 660//660
f 647//647 660//660 648//648
f 649//649 674//674 675//675
f 649//649 675//675 672//672
f 649//649 659//659 676//676
f 649//649 676//676 674//674
f 650//650 667//667 677//677
f 650//650 677//677 651//651
f 651//651 677//677 652//652
f 652//652 677//677 653//653
f 653//653 655//655 654//654
f 653//653 677//677 655//655
f 655//655 677//677 678//678
f 655//655 678//678 656//656
f 656//656 679//679 657//657
f 656//656 678//678 680//680
f 656//656 680//680 679//679
f 657//657 679//679 658//658
f 658//658 679//679 676//676
f 658//658 676//676 659//659
f 660//660 673//673 681//681
f 660//660 681//681 682//682
f 660//660 682//682 683//683
f 660//660 683//683 684//684
f 660//660 684//684 685//685
f 660//660 685//685 661//661
f 661//661 685//685 686//686
f 661//661 686//686 687//687
f 661//661 687//687 688//688
f 661//661 688//688 689//689
f 661//661 689//689 690//690
f 661//661 690//690 691//691
f 661//661 691//691 692//692
f 661//661 692//692 693//693
f 661//661 693//693 694//694
f 661//661 694//694 695//695
f 661//661 695//695 696//696
f 661//661 696//696 697//697
f 661//661 697//697 664//664
f 661//661 664//664 662//662
f 664//664 697//697 666//666
f 666//666 698//698 699//699
f 666//666 699//699 667//667
f 666//666 697//697 696//696
f 666//666 696//696 695//695
f 666//666 695//695 694//694
f 666//666 694//694 698//698
f 667//667 699//699 677//677
f 668//668 675//675 669//669
f 668//668 672//672 675//675
f 669//669 675//675 700//700
f 673//673 682//682 681//681
f 674//674 701//701 702//702
f 674//674 702//702 703//703
f 674//674 703//703 675//675
f 674//674 676//676 704//704
f 674//674 704//704 705//705
f 674//674 705//705 706//706
f 674//674 706//706 701//701
f 675//675 702//702 707//707
f 675//675 707//707 708//708
f 675//675 708//708 709//709
f 675//675 709//709 700//700
f 675//675 703//703 702//702
f 676//676 679//679 710//710
f 676//676 710//710 704//704
f 677//677 699//699 678//678
f 678//678 699//699 711//711
f 678//678 711//711 680//680
f 679//679 680//680 712//712
f 679//679 712//712 713//713
f 679//679 713//713 710//710
f 680//680 714//714 712//712
f 680//680 711//711 714//714
f 683//683 715//715 686//686
f 683//683 686//686 684//684
f 684//684 686//686 685//685
f 686//686 715//715 716//716
f 686//686 716//716 717//717
f 686//686 717//717 718//718
f 686//686 718//718 719//719
f 686//686 719//719 720//720
f 686//686 720//720 687//687
f 687//687 720//720 721//721
f 687//687 721//721 722//722
f 687//687 722//722 723//723
f 687//687 723//723 724//724
f 687//687 724//724 688//688
f 688//688 725//725 689//689
f 688//688 724//724 725//725
f 689//689 725//725 726//726
f 689//689 726//726 699//699
f 689//689 699//699 690//690
f 690//690 699//699 698//698
f 690//690 698//698 691//691
f 691//691 698//698 692//692
f 692//692 698//698 693//693
f 693//693 698//698 694//694
f 699//699 727//727 728//728
f 699//699 728//728 711//711
f 699//699 726//726 727//727
f 700//700 709//709 708//708
f 701//701 729//729 730//730
f 701//701 730//730 731//731
f 701//701 731//731 702//702
f 701//701 706//706 729//729
f 702//702 732//732 733//733
f 702//702 733//733 734//734
f 702//702 734//734 735//735
f 702//702 735//735 736//736
f 702//702 736//736 707//707
f 702//702 731//731 732//732
f 704//704 710//710 705//705
f 705//705 710//710 706//706
f 706//706 710//710 737//737
f 706//706 737//737 729//729
f 710//710 713//713 737//737
f 711//711 728//728 712//712
f 711//711 712//712 714//714
f 712//712 738//738 713//713
f 712//712 728//728 739//739
f 712//712 739//739 738//738
f 713//713 738//738 737//737
f 715//715 717//717 716//716
f 718//718 740//740 721//721
f 718//718 721//721 719//719
f 719//719 721//721 720//720
f 721//721 740//740 741//741
f 721//721 741//741 742//742
f 721//721 742//742 743//743
f 721//721 743//743 744//744
f 721//721 744//744 745//745
f 721//721 745//745 746//746
f 721//721 746//746 722//722
f 722//722 746//746 747//747
f 722//722 747//747 748//748
f 722//722 748//748 749//749
f 722//722 749//749 723//723
f 723//723 749//749 750//750
f 723//723 750//750 725//725
f 723//723 725//725 724//724
f 725//725 750//750 751//751
f 725//725 751//751 726//726
f 726//726 751//751 752//752
f 726//726 752//752 727//727
f 727//727 753//753 754//754
f 727//727 754//754 755//755
f 727//727 755//755 756//756
f 727//727 756//756 757//757
f 727//727 757//757 758//758
f 727//727 758//758 759//759
f 727//727 759//759 728//728
f 727//727 752//752 751//751
f 727//727 751//751 753//753
f 728//728 759//759 739//739
f 729//729 760//760 761//761
f 729//729 761//761 762//762
f 729//729 762//762 730//730
f 729//729 737//737 763//763
f 729//729 763//763 764//764
f 729//729 764//764 765//765
f 729//729 765//765 766//766
f 729//729 766//766 767//767
f 729//729 767//767 768//768
f 729//729 768//768 760//760
f 730//730 732//732 731//731
f 730//730 762//762 761//761
f 730//730 761//761 769//769
f 730//730 769//769 770//770
f 730//730 770//770 771//771
f 730//730 771//771 733//733
f 730//730 733//733 732//732
f 733//733 771//771 770//770
f 734//734 736//736 735//735
f 737//737 738//738 772//772
f 737//737 772//772 763//763
f 738//738 739//739 772//772
f 739//739 763//763 772//772
f 739//739 759//759 763//763
f 740//740 742//742 741//741
f 744//744 773//773 774//774
f 744//744 774//774 747//747
f 744//744 747//747 745//745
f 745//745 747//747 746//746
f 747//747 774//774 773//773
f 747//747 773//773 775//775
f 747//747 775//775 776//776
f 747//747 776//776 777//777
f 747//747 777//777 748//748
f 748//748 777//777 776//776
f 748//748 776//776 778//778
f 748//748 778//778 779//779
f 748//748 779//779 780//780
f 748//748 780//780 781//781
f 748//748 781//781 749//749
f 749//749 781//781 782//782
f 749//749 782//782 750//750
f 750//750 782//782 783//783
f 750//750 783//783 751//751
f 751//751 783//783 754//754
f 751//751 754//754 753//753
f 754//754 783//783 784//784
f 754//754 784//784 755//755
f 755//755 784//784 783//783
f 755//755 783//783 785//785
f 755//755 785//785 786//786
f 755//755 786//786 756//756
f 756//756 786//786 787//787
f 756//756 787//787 788//788
f 756//756 788//788 789//789
f 756//756 789//789 790//790
f 756//756 790//790 757//757
f 757//757 790//790 791//791
f 757//757 791//791 792//792
f 757//757 792//792 793//793
f 757//757 793//793 768//768
f 757//757 768//768 767//767
f 757//757 767//767 758//758
f 758//758 794//794 763//763
f 758//758 763//763 759//759
f 758//758 767//767 765//765
f 758//758 765//765 764//764
f 758//758 764//764 794//794
f 760//760 795//795 796//796
f 760//760 796//796 797//797
f 760//760 797//797 761//761
f 760//760 768//768 798//798
f 760//760 798//798 799//799
f 760//760 799//799 795//795
f 761//761 797//797 800//800
f 761//761 800//800 801//801
f 761//761 801//801 802//802
f 761//761 802//802 803//803
f 761//761 803//803 804//804
f 761//761 804//804 769//769
f 763//763 794//794 764//764
f 765//765 767//767 766//766
f 768//768 793//793 798//798
f 775//775 805//805 806//806
f 775//775 806//806 776//776
f 776//776 807//807 808//808
f 776//776 808//808 778//778
f 776//776 806//806 805//805
f 776//776 805//805 807//807
f 778//778 808//808 809//809
f 778//778 809//809 810//810
f 778//778 810//810 786//786
f 778//778 786//786 779//779
f 779//779 786//786 785//785
f 779//779 785//785 783//783
f 779//779 783//783 782//782
f 779//779 782//782 781//781
f 779//779 781//781 780//780
f 786//786 810//810 787//787
f 787//787 810//810 788//788
f 788//788 810//810 789//789
f 789//789 810//810 790//790
f 790//790 810//810 791//791
f 791//791 811//811 792//792
f 791//791 810//810 811//811
f 792//792 811//811 798//798
f 792//792 798//798 793//793
f 795//795 812//812 810//810
f 795//795 810//810 813//813
f 795//795 813//813 814//814
f 795//795 814//814 796//796
f 795//795 799//799 815//815
f 795//795 815//815 812//812
f 796//796 800//800 797//797
f 796//796 814//814 813//813
f 796//796 813//813 816//816
f 796//796 816//816 817//817
f 796//796 817//817 818//818
f 796//796 818//818 801//801
f 796//796 801//801 800//800
f 798//798 811//811 812//812
f 798//798 812//812 799//799
f 799//799 812//812 815//815
f 802//802 804//804 803//803
f 805//805 819//819 807//807
f 807//807 809//809 808//808
f 807//807 819//819 809//809
f 809//809 813//813 820//820
f 809//809 820//820 810//810
f 809//809 819//819 821//821
f 809//809 821//821 822//822
f 809//809 822//822 823//823
f 809//809 823//823 813//813
f 810//810 820//820 813//813
f 810//810 812//812 811//811
f 813//813 823//823 824//824
f 813//813 824//824 825//825
f 813//813 825//825 826//826
f 813//813 826//826 827//827
f 813//813 827//827 816//816
f 816//816 818//818 817//817
f 819//819 822//822 821//821
f 824//824 826//826 825//825
