# https://github.com/mikedh/trimesh
o geometry_0
o geometry_1
o geometry_2
o geometry_3
o geometry_4
v 0.00563379 -0.19177605 -0.04182689 0.54509804 0.71372549 0.60000000
v 0.00225494 -0.15642440 -0.04179413 0.54509804 0.71372549 0.60000000
v 0.00563379 -0.15642440 -0.04181870 0.54509804 0.71372549 0.60000000
v 0.00986354 -0.15642440 -0.04094263 0.54509804 0.71372549 0.60000000
v 0.01311846 -0.15642440 -0.04001744 0.54509804 0.71372549 0.60000000
v 0.01718298 -0.19177951 -0.03854368 0.54509804 0.71372549 0.60000000
v -0.00636978 -0.19177605 -0.04172045 0.54509804 0.71372549 0.60000000
v -0.00636978 -0.15642440 -0.04172045 0.54509804 0.71372549 0.60000000
v 0.01718298 -0.15642440 -0.03854368 0.54509804 0.71372549 0.60000000
v 0.02448591 -0.15642440 -0.03394229 0.54509804 0.71372549 0.60000000
v 0.02734430 -0.19177605 -0.03213284 0.54509804 0.71372549 0.60000000
v 0.03529160 -0.19177951 -0.02312656 0.54509804 0.71372549 0.60000000
v -0.01786941 -0.19177951 -0.03823256 0.54509804 0.71372549 0.60000000
v -0.01786941 -0.15642440 -0.03823256 0.54509804 0.71372549 0.60000000
v 0.02734430 -0.15642440 -0.03213284 0.54509804 0.71372549 0.60000000
v 0.03306106 -0.15642440 -0.02566469 0.54509804 0.71372549 0.60000000
v 0.03529160 -0.15642440 -0.02312656 0.54509804 0.71372549 0.60000000
v 0.03895132 -0.15642440 -0.01530746 0.54509804 0.71372549 0.60000000
v 0.04038051 -0.19177605 -0.01224532 0.54509804 0.71372549 0.60000000
v 0.04219798 -0.19177605 -0.00037339 0.54509804 0.71372549 0.60000000
v 0.04058704 -0.19177951 0.01152310 0.54509804 0.71372549 0.60000000
v -0.02791506 -0.19177951 -0.03164979 0.54509804 0.71372549 0.60000000
v -0.02387532 -0.18060126 -0.03479379 0.54509804 0.71372549 0.60000000
v -0.02176871 -0.17957688 -0.03615292 0.54509804 0.71372549 0.60000000
v -0.02131434 -0.17915812 -0.03642311 0.54509804 0.71372549 0.60000000
v -0.02097563 -0.17861479 -0.03661962 0.54509804 0.71372549 0.60000000
v -0.02089302 -0.17817873 -0.03666873 0.54509804 0.71372549 0.60000000
v -0.01909207 -0.15642440 -0.03759394 0.54509804 0.71372549 0.60000000
v 0.04038051 -0.15642440 -0.01224532 0.54509804 0.71372549 0.60000000
v 0.04218972 -0.15642440 -0.00037339 0.54509804 0.71372549 0.60000000
v 0.04104141 -0.15642440 0.00817439 0.54509804 0.71372549 0.60000000
v 0.04168579 -0.15642440 -0.00371391 0.54509804 0.71372549 0.60000000
v 0.04058704 -0.15642440 0.01152310 0.54509804 0.71372549 0.60000000
v 0.03707602 -0.15642440 0.01940769 0.54509804 0.71372549 0.60000000
v 0.03569640 -0.19177605 0.02249439 0.54509804 0.71372549 0.60000000
v 0.01786867 -0.19177951 0.03822265 0.54509804 0.71372549 0.60000000
v -0.04058779 -0.19177951 -0.01153301 0.54509804 0.71372549 0.60000000
v -0.03569714 -0.19177605 -0.02250430 0.54509804 0.71372549 0.60000000
v -0.02995559 -0.17894009 -0.02972571 0.54509804 0.71372549 0.60000000
v -0.02963340 -0.17957688 -0.03004502 0.54509804 0.71372549 0.60000000
v -0.02831987 -0.18060126 -0.03128134 0.54509804 0.71372549 0.60000000
v -0.02831987 -0.17575274 -0.03128134 0.54509804 0.71372549 0.60000000
v -0.02790680 -0.15642440 -0.03164159 0.54509804 0.71372549 0.60000000
v -0.02722938 -0.15642440 -0.03222291 0.54509804 0.71372549 0.60000000
v -0.02628760 -0.18097848 -0.03300891 0.54509804 0.71372549 0.60000000
v -0.02387532 -0.17575274 -0.03479379 0.54509804 0.71372549 0.60000000
v -0.02176871 -0.17677712 -0.03615292 0.54509804 0.71372549 0.60000000
v -0.02097563 -0.17773921 -0.03661962 0.54509804 0.71372549 0.60000000
v -0.01944730 -0.15642440 -0.03738925 0.54509804 0.71372549 0.60000000
v 0.03569640 -0.15642440 0.02249439 0.54509804 0.71372549 0.60000000
v 0.02791432 -0.19177605 0.03163987 0.54509804 0.71372549 0.60000000
v 0.02069401 -0.15642440 0.03637226 0.54509804 0.71372549 0.60000000
v 0.01786867 -0.15642440 0.03822265 0.54509804 0.71372549 0.60000000
v 0.00636904 -0.19177605 0.04171054 0.54509804 0.71372549 0.60000000
v -0.00563453 -0.19177951 0.04181698 0.54509804 0.71372549 0.60000000
v -0.04038126 -0.19177951 0.01223541 0.54509804 0.71372549 0.60000000
v -0.04219046 -0.19177605 0.00036348 0.54509804 0.71372549 0.60000000
v -0.04219873 -0.15642440 0.00036348 0.54509804 0.71372549 0.60000000
v -0.04104216 -0.15642440 -0.00818430 0.54509804 0.71372549 0.60000000
v -0.04058779 -0.15642440 -0.01153301 0.54509804 0.71372549 0.60000000
v -0.03707677 -0.15642440 -0.01941760 0.54509804 0.71372549 0.60000000
v -0.03569714 -0.15642440 -0.02250430 0.54509804 0.71372549 0.60000000
v -0.03007951 -0.17817873 -0.02959471 0.54509804 0.71372549 0.60000000
v -0.02995559 -0.17741736 -0.02972571 0.54509804 0.71372549 0.60000000
v -0.02963340 -0.17677712 -0.03004502 0.54509804 0.71372549 0.60000000
v -0.03341704 -0.15642440 -0.02536994 0.54509804 0.71372549 0.60000000
v -0.02622977 -0.15642440 -0.03295979 0.54509804 0.71372549 0.60000000
v -0.02628760 -0.17537897 -0.03300891 0.54509804 0.71372549 0.60000000
v -0.02037256 -0.15642440 -0.03679974 0.54509804 0.71372549 0.60000000
v 0.02791432 -0.15642440 0.03163987 0.54509804 0.71372549 0.60000000
v 0.00636904 -0.15642440 0.04171054 0.54509804 0.71372549 0.60000000
v -0.00225569 -0.15642440 0.04178423 0.54509804 0.71372549 0.60000000
v -0.00563453 -0.15642440 0.04180879 0.54509804 0.71372549 0.60000000
v -0.00698937 -0.15642440 0.04157135 0.54509804 0.71372549 0.60000000
v -0.00898859 -0.17817873 0.04121929 0.54509804 0.71372549 0.60000000
v -0.00907946 -0.17861824 0.04120291 0.54509804 0.71372549 0.60000000
v -0.00931904 -0.17899547 0.04114560 0.54509804 0.71372549 0.60000000
v -0.00997994 -0.17957688 0.04099004 0.54509804 0.71372549 0.60000000
v -0.01240048 -0.18060126 0.04032685 0.54509804 0.71372549 0.60000000
v -0.01718373 -0.19177951 0.03853378 0.54509804 0.71372549 0.60000000
v -0.04038126 -0.15642440 0.01223541 0.54509804 0.71372549 0.60000000
v -0.04167827 -0.15642440 0.00416250 0.54509804 0.71372549 0.60000000
v -0.04219046 -0.15642440 0.00082199 0.54509804 0.71372549 0.60000000
v -0.03529234 -0.19177951 0.02311664 0.54509804 0.71372549 0.60000000
v -0.03895207 -0.15642440 0.01529755 0.54509804 0.71372549 0.60000000
v -0.00739417 -0.15642440 0.04148129 0.54509804 0.71372549 0.60000000
v -0.00907946 -0.17773921 0.04120291 0.54509804 0.71372549 0.60000000
v -0.00946774 -0.17719587 0.04111285 0.54509804 0.71372549 0.60000000
v -0.00997994 -0.17677712 0.04099004 0.54509804 0.71372549 0.60000000
v -0.01240048 -0.17575274 0.04032685 0.54509804 0.71372549 0.60000000
v -0.01523408 -0.18097848 0.03934434 0.54509804 0.71372549 0.60000000
v -0.01636587 -0.15642440 0.03887765 0.54509804 0.71372549 0.60000000
v -0.01739852 -0.15642440 0.03843552 0.54509804 0.71372549 0.60000000
v -0.01768766 -0.17575274 0.03830453 0.54509804 0.71372549 0.60000000
v -0.01768766 -0.18060126 0.03830453 0.54509804 0.71372549 0.60000000
v -0.01930686 -0.17957688 0.03751033 0.54509804 0.71372549 0.60000000
v -0.01971166 -0.17894009 0.03730564 0.54509804 0.71372549 0.60000000
v -0.02734504 -0.19177605 0.03212293 0.54509804 0.71372549 0.60000000
v -0.03306181 -0.15642440 0.02565478 0.54509804 0.71372549 0.60000000
v -0.03529234 -0.15642440 0.02311664 0.54509804 0.71372549 0.60000000
v -0.00845987 -0.15642440 0.04119473 0.54509804 0.71372549 0.60000000
v -0.01523408 -0.17537897 0.03934434 0.54509804 0.71372549 0.60000000
v -0.01930686 -0.17677712 0.03751033 0.54509804 0.71372549 0.60000000
v -0.02431317 -0.15642440 0.03418619 0.54509804 0.71372549 0.60000000
v -0.01986863 -0.17817873 0.03722377 0.54509804 0.71372549 0.60000000
v -0.01971166 -0.17741390 0.03730564 0.54509804 0.71372549 0.60000000
v -0.02734504 -0.15642440 0.03212293 0.54509804 0.71372549 0.60000000
v -0.02443709 -0.15642440 0.03410432 0.54509804 0.71372549 0.60000000
v -0.04758297 -0.05137038 0.09636958 0.54117647 0.42352941 0.64313725
v -0.04757367 -0.08035794 0.09614661 0.54117647 0.42352941 0.64313725
v -0.04751788 -0.06206157 0.09820799 0.54117647 0.42352941 0.64313725
v -0.04749927 -0.04940371 0.09818524 0.54117647 0.42352941 0.64313725
v -0.04755507 -0.04940371 0.09676093 0.54117647 0.42352941 0.64313725
v -0.04756437 -0.04940371 0.09640144 0.54117647 0.42352941 0.64313725
v -0.04756437 -0.04940371 0.09636958 0.54117647 0.42352941 0.64313725
v -0.04740628 -0.10730559 0.07205157 0.54117647 0.42352941 0.64313725
v -0.04740628 -0.10743113 0.07205157 0.54117647 0.42352941 0.64313725
v -0.04756437 -0.08726223 0.09567790 0.54117647 0.42352941 0.64313725
v -0.04749927 -0.09161403 0.09747991 0.54117647 0.42352941 0.64313725
v -0.04750857 -0.08177018 0.09812608 0.54117647 0.42352941 0.64313725
v -0.04702498 -0.06214526 0.10045140 0.54117647 0.42352941 0.64313725
v -0.04701568 -0.08345441 0.10044686 0.54117647 0.42352941 0.64313725
v -0.04700638 -0.04940371 0.10038769 0.54117647 0.42352941 0.64313725
v -0.04754577 -0.04940371 0.09633318 0.54117647 0.42352941 0.64313725
v -0.04575090 -0.09690731 0.07205157 0.54117647 0.42352941 0.64313725
v -0.04642049 -0.10011886 0.07205157 0.54117647 0.42352941 0.64313725
v -0.04698778 -0.10365469 0.07205157 0.54117647 0.42352941 0.64313725
v -0.04723888 -0.10576782 0.07205157 0.54117647 0.42352941 0.64313725
v -0.04737837 -0.10931412 0.07205157 0.54117647 0.42352941 0.64313725
v -0.04735978 -0.11070543 0.07813562 0.54117647 0.42352941 0.64313725
v -0.04741557 -0.10663609 0.07869989 0.54117647 0.42352941 0.64313725
v -0.04752717 -0.09443851 0.09432640 0.54117647 0.42352941 0.64313725
v -0.04755507 -0.08953228 0.09550043 0.54117647 0.42352941 0.64313725
v -0.04747138 -0.09642611 0.09647879 0.54117647 0.42352941 0.64313725
v -0.04697848 -0.09931335 0.09880867 0.54117647 0.42352941 0.64313725
v -0.04700638 -0.09410376 0.09981433 0.54117647 0.42352941 0.64313725
v -0.04604849 -0.08504449 0.10265841 0.54117647 0.42352941 0.64313725
v -0.04605779 -0.06216618 0.10260835 0.54117647 0.42352941 0.64313725
v -0.04603919 -0.09648887 0.10203044 0.54117647 0.42352941 0.64313725
v -0.04603919 -0.04940371 0.10252644 0.54117647 0.42352941 0.64313725
v -0.04684828 -0.04940371 0.09552318 0.54117647 0.42352941 0.64313725
v -0.04211464 -0.08587091 0.07205157 0.54117647 0.42352941 0.64313725
v -0.04378862 -0.09034824 0.07205157 0.54117647 0.42352941 0.64313725
v -0.04735048 -0.11109249 0.07205157 0.54117647 0.42352941 0.64313725
v -0.04719238 -0.11261980 0.07205157 0.54117647 0.42352941 0.64313725
v -0.04685758 -0.11577904 0.07205157 0.54117647 0.42352941 0.64313725
v -0.04686688 -0.11526645 0.07963730 0.54117647 0.42352941 0.64313725
v -0.04736908 -0.10968025 0.08295918 0.54117647 0.42352941 0.64313725
v -0.04742487 -0.10517154 0.08375097 0.54117647 0.42352941 0.64313725
v -0.04749927 -0.09703285 0.09318876 0.54117647 0.42352941 0.64313725
v -0.04742487 -0.10087205 0.09443561 0.54117647 0.42352941 0.64313725
v -0.04693198 -0.10415682 0.09673817 0.54117647 0.42352941 0.64313725
v -0.04597409 -0.10734744 0.09894518 0.54117647 0.42352941 0.64313725
v -0.04602059 -0.10209599 0.10102022 0.54117647 0.42352941 0.64313725
v -0.04463491 -0.08654042 0.10475165 0.54117647 0.42352941 0.64313725
v -0.04462561 -0.09873800 0.10411458 0.54117647 0.42352941 0.64313725
v -0.04463491 -0.06214526 0.10467429 0.54117647 0.42352941 0.64313725
v -0.04460701 -0.10471125 0.10310436 0.54117647 0.42352941 0.64313725
v -0.04461631 -0.04940371 0.10459238 0.54117647 0.42352941 0.64313725
v -0.04673669 -0.04940371 0.09539577 0.54117647 0.42352941 0.64313725
v -0.04022677 -0.08210493 0.07205157 0.54117647 0.42352941 0.64313725
v -0.04590900 -0.12043421 0.07205157 0.54117647 0.42352941 0.64313725
v -0.04687618 -0.11406343 0.08479760 0.54117647 0.42352941 0.64313725
v -0.04591829 -0.11976470 0.08111622 0.54117647 0.42352941 0.64313725
v -0.04736908 -0.10764035 0.08741415 0.54117647 0.42352941 0.64313725
v -0.04738768 -0.10463803 0.09127754 0.54117647 0.42352941 0.64313725
v -0.04689478 -0.10834124 0.09352550 0.54117647 0.42352941 0.64313725
v -0.04593689 -0.11193984 0.09569610 0.54117647 0.42352941 0.64313725
v -0.04452331 -0.11539198 0.09778935 0.54117647 0.42352941 0.64313725
v -0.04456051 -0.11038114 0.10104297 0.54117647 0.42352941 0.64313725
v -0.04277493 -0.10084067 0.10606676 0.54117647 0.42352941 0.64313725
v -0.04277493 -0.08791081 0.10672203 0.54117647 0.42352941 0.64313725
v -0.04274704 -0.10719052 0.10505654 0.54117647 0.42352941 0.64313725
v -0.04277493 -0.06207203 0.10663557 0.54117647 0.42352941 0.64313725
v -0.04370492 -0.04940371 0.10556620 0.54117647 0.42352941 0.64313725
v -0.04270984 -0.11323701 0.10301790 0.54117647 0.42352941 0.64313725
v -0.04666229 -0.04940371 0.09532296 0.54117647 0.42352941 0.64313725
v -0.03950138 -0.08090191 0.07205157 0.54117647 0.42352941 0.64313725
v -0.03842259 -0.04940371 0.08777819 0.54117647 0.42352941 0.64313725
v -0.04450471 -0.12501615 0.07205157 0.54117647 0.42352941 0.64313725
v -0.04450471 -0.12483830 0.07657934 0.54117647 0.42352941 0.64313725
v -0.04591829 -0.11836292 0.08660870 0.54117647 0.42352941 0.64313725
v -0.04688548 -0.11173062 0.08951649 0.54117647 0.42352941 0.64313725
v -0.04450471 -0.12413742 0.08256783 0.54117647 0.42352941 0.64313725
v -0.04592759 -0.11572673 0.09156878 0.54117647 0.42352941 0.64313725
v -0.04452331 -0.11958686 0.09356646 0.54117647 0.42352941 0.64313725
v -0.04268194 -0.11867675 0.09978703 0.54117647 0.42352941 0.64313725
v -0.04268194 -0.12326915 0.09548223 0.54117647 0.42352941 0.64313725
v -0.04048716 -0.10281781 0.10788241 0.54117647 0.42352941 0.64313725
v -0.04047786 -0.10950241 0.10687219 0.54117647 0.42352941 0.64313725
v -0.04049646 -0.08919752 0.10855589 0.54117647 0.42352941 0.64313725
v -0.04048716 -0.06196742 0.10848308 0.54117647 0.42352941 0.64313725
v -0.04044066 -0.11592550 0.10487451 0.54117647 0.42352941 0.64313725
v -0.04047786 -0.04940371 0.10842393 0.54117647 0.42352941 0.64313725
v -0.04169615 -0.04940371 0.10743191 0.54117647 0.42352941 0.64313725
v -0.04275634 -0.04940371 0.10656276 0.54117647 0.42352941 0.64313725
v -0.04041276 -0.12177322 0.10167550 0.54117647 0.42352941 0.64313725
v -0.03600462 -0.07568185 0.07205157 0.54117647 0.42352941 0.64313725
v -0.03780880 -0.04940371 0.08730038 0.54117647 0.42352941 0.64313725
v -0.04411412 -0.12594718 0.07205157 0.54117647 0.42352941 0.64313725
v -0.04266334 -0.12913780 0.07763962 0.54117647 0.42352941 0.64313725
v -0.04451401 -0.12254734 0.08837886 0.54117647 0.42352941 0.64313725
v -0.04267264 -0.12834275 0.08397850 0.54117647 0.42352941 0.64313725
v -0.04267264 -0.12655392 0.09008986 0.54117647 0.42352941 0.64313725
v -0.04041276 -0.12677360 0.09731609 0.54117647 0.42352941 0.64313725
v -0.04040346 -0.13037220 0.09173259 0.54117647 0.42352941 0.64313725
v -0.03780880 -0.10461711 0.10955245 0.54117647 0.42352941 0.64313725
v -0.03779950 -0.11164693 0.10854679 0.54117647 0.42352941 0.64313725
v -0.03776230 -0.11842569 0.10659006 0.54117647 0.42352941 0.64313725
v -0.03475844 -0.09141527 0.11180042 0.54117647 0.42352941 0.64313725
v -0.03474914 -0.06170589 0.11179586 0.54117647 0.42352941 0.64313725
v -0.03473984 -0.04940371 0.11178221 0.54117647 0.42352941 0.64313725
v -0.03806920 -0.04940371 0.10985734 0.54117647 0.42352941 0.64313725
v -0.03774370 -0.12466047 0.10344565 0.54117647 0.42352941 0.64313725
v -0.03774370 -0.13004791 0.09904529 0.54117647 0.42352941 0.64313725
v -0.03294496 -0.07207279 0.07205157 0.54117647 0.42352941 0.64313725
v -0.03380055 -0.04940371 0.08447906 0.54117647 0.42352941 0.64313725
v -0.04266334 -0.12936794 0.07205157 0.54117647 0.42352941 0.64313725
v -0.04039417 -0.13353143 0.07205157 0.54117647 0.42352941 0.64313725
v -0.04039417 -0.13324899 0.07865893 0.54117647 0.42352941 0.64313725
v -0.04040346 -0.13237026 0.08533001 0.54117647 0.42352941 0.64313725
v -0.03774370 -0.13397080 0.09328888 0.54117647 0.42352941 0.64313725
v -0.03773440 -0.13615716 0.08661325 0.54117647 0.42352941 0.64313725
v -0.03474914 -0.11360314 0.11007122 0.54117647 0.42352941 0.64313725
v -0.03475844 -0.10626995 0.11107233 0.54117647 0.42352941 0.64313725
v -0.03472124 -0.12070619 0.10816910 0.54117647 0.42352941 0.64313725
v -0.03470264 -0.12731757 0.10508384 0.54117647 0.42352941 0.64313725
v -0.02766263 -0.09315180 0.11443517 0.54117647 0.42352941 0.64313725
v -0.02764403 -0.06139206 0.11453073 0.54117647 0.42352941 0.64313725
v -0.02764403 -0.04940371 0.11456259 0.54117647 0.42352941 0.64313725
v -0.03201497 -0.04940371 0.11287434 0.54117647 0.42352941 0.64313725
v -0.03470264 -0.13307115 0.10066073 0.54117647 0.42352941 0.64313725
v -0.03470264 -0.13730787 0.09474504 0.54117647 0.42352941 0.64313725
v -0.02936451 -0.06816036 0.07205157 0.54117647 0.42352941 0.64313725
v -0.02987600 -0.04940371 0.08217649 0.54117647 0.42352941 0.64313725
v -0.04035697 -0.13359420 0.07205157 0.54117647 0.42352941 0.64313725
v -0.03988267 -0.13429509 0.07205157 0.54117647 0.42352941 0.64313725
v -0.03773440 -0.13713004 0.07962819 0.54117647 0.42352941 0.64313725
v -0.03470264 -0.13967207 0.08781459 0.54117647 0.42352941 0.64313725
v -0.03470264 -0.14073909 0.08053830 0.54117647 0.42352941 0.64313725
v -0.02766263 -0.11687745 0.11265592 0.54117647 0.42352941 0.64313725
v -0.03133608 -0.12275656 0.10959341 0.54117647 0.42352941 0.64313725
v -0.02766263 -0.10903167 0.11363883 0.54117647 0.42352941 0.64313725
v -0.03131748 -0.12971315 0.10657641 0.54117647 0.42352941 0.64313725
v -0.03132678 -0.13582240 0.10213965 0.54117647 0.42352941 0.64313725
v -0.01947873 -0.09440712 0.11640100 0.54117647 0.42352941 0.64313725
v -0.01946943 -0.06109916 0.11660577 0.54117647 0.42352941 0.64313725
v -0.01946943 -0.04940371 0.11667403 0.54117647 0.42352941 0.64313725
v -0.02473317 -0.04940371 0.11534072 0.54117647 0.42352941 0.64313725
v -0.03132678 -0.13832259 0.09930012 0.54117647 0.42352941 0.64313725
v -0.03132678 -0.14288361 0.08892492 0.54117647 0.42352941 0.64313725
v -0.03132678 -0.14034158 0.09608290 0.54117647 0.42352941 0.64313725
v -0.02264999 -0.06284615 0.07205157 0.54117647 0.42352941 0.64313725
v -0.02902971 -0.04940371 0.08174419 0.54117647 0.42352941 0.64313725
v -0.02419377 -0.04940371 0.07949168 0.54117647 0.42352941 0.64313725
v -0.02266859 -0.04940371 0.07880455 0.54117647 0.42352941 0.64313725
v -0.03776230 -0.13738110 0.07205157 0.54117647 0.42352941 0.64313725
v -0.03773440 -0.13743341 0.07257488 0.54117647 0.42352941 0.64313725
v -0.03131748 -0.14402387 0.08137560 0.54117647 0.42352941 0.64313725
v -0.03469334 -0.14105292 0.07318010 0.54117647 0.42352941 0.64313725
v -0.03131748 -0.14434816 0.07373527 0.54117647 0.42352941 0.64313725
v -0.01948803 -0.11930441 0.11457169 0.54117647 0.42352941 0.64313725
v -0.02764403 -0.12456632 0.11085846 0.54117647 0.42352941 0.64313725
v -0.01947873 -0.12743265 0.11287889 0.54117647 0.42352941 0.64313725
v -0.02763473 -0.13183675 0.10791427 0.54117647 0.42352941 0.64313725
v -0.01948803 -0.11106111 0.11554550 0.54117647 0.42352941 0.64313725
v -0.02763473 -0.13827029 0.10347750 0.54117647 0.42352941 0.64313725
v -0.02764403 -0.14091693 0.10058792 0.54117647 0.42352941 0.64313725
v -0.01055085 -0.09517078 0.11764784 0.54117647 0.42352941 0.64313725
v -0.01054155 -0.04940371 0.11802554 0.54117647 0.42352941 0.64313725
v -0.01644697 -0.04940371 0.11714729 0.54117647 0.42352941 0.64313725
v -0.02764403 -0.14305098 0.09729334 0.54117647 0.42352941 0.64313725
v -0.02763473 -0.14697388 0.08213553 0.54117647 0.42352941 0.64313725
v -0.02763473 -0.14576039 0.08993059 0.54117647 0.42352941 0.64313725
v -0.01927414 -0.04940371 0.07774883 0.54117647 0.42352941 0.64313725
v -0.01585178 -0.04940371 0.07676591 0.54117647 0.42352941 0.64313725
v -0.01592618 -0.05916386 0.07205157 0.54117647 0.42352941 0.64313725
v -0.03765070 -0.13753802 0.07205157 0.54117647 0.42352941 0.64313725
v -0.03475844 -0.14099016 0.07205157 0.54117647 0.42352941 0.64313725
v -0.03147558 -0.14418078 0.07205157 0.54117647 0.42352941 0.64313725
v -0.03129888 -0.14433770 0.07205157 0.54117647 0.42352941 0.64313725
v -0.02765333 -0.14729817 0.07205157 0.54117647 0.42352941 0.64313725
v -0.02763473 -0.14729817 0.07424492 0.54117647 0.42352941 0.64313725
v -0.01055085 -0.12922148 0.11416669 0.54117647 0.42352941 0.64313725
v -0.01056015 -0.12081080 0.11578213 0.54117647 0.42352941 0.64313725
v -0.02367298 -0.13367789 0.10908375 0.54117647 0.42352941 0.64313725
v -0.01946943 -0.13521566 0.11007122 0.54117647 0.42352941 0.64313725
v -0.01508919 -0.13645006 0.11087211 0.54117647 0.42352941 0.64313725
v -0.02367298 -0.14040434 0.10464699 0.54117647 0.42352941 0.64313725
v -0.01056015 -0.11230597 0.11674683 0.54117647 0.42352941 0.64313725
v -0.02368228 -0.14317652 0.10172100 0.54117647 0.42352941 0.64313725
v -0.02368228 -0.14541518 0.09836271 0.54117647 0.42352941 0.64313725
v -0.00122307 -0.09546369 0.11811199 0.54117647 0.42352941 0.64313725
v -0.00122307 -0.04940371 0.11853520 0.54117647 0.42352941 0.64313725
v -0.00747259 -0.04940371 0.11820301 0.54117647 0.42352941 0.64313725
v -0.02367298 -0.14827104 0.09081794 0.54117647 0.42352941 0.64313725
v -0.02367298 -0.14988205 0.07469087 0.54117647 0.42352941 0.64313725
v -0.02367298 -0.14954729 0.08280901 0.54117647 0.42352941 0.64313725
v -0.01434520 -0.04940371 0.07655204 0.54117647 0.42352941 0.64313725
v -0.00931396 -0.05677875 0.07205157 0.54117647 0.42352941 0.64313725
v -0.02398918 -0.14965190 0.07205157 0.54117647 0.42352941 0.64313725
v -0.00122307 -0.12991191 0.11464905 0.54117647 0.42352941 0.64313725
v -0.01055085 -0.13734972 0.11146368 0.54117647 0.42352941 0.64313725
v -0.00591951 -0.13793553 0.11184137 0.54117647 0.42352941 0.64313725
v -0.00122307 -0.12138616 0.11623718 0.54117647 0.42352941 0.64313725
v -0.01947873 -0.14219318 0.10564811 0.54117647 0.42352941 0.64313725
v -0.01509849 -0.14362635 0.10645355 0.54117647 0.42352941 0.64313725
v -0.01055085 -0.14117846 0.10951150 0.54117647 0.42352941 0.64313725
v -0.01947873 -0.14506997 0.10268571 0.54117647 0.42352941 0.64313725
v -0.00122307 -0.11279764 0.11719734 0.54117647 0.42352941 0.64313725
v -0.01947873 -0.14741324 0.09927737 0.54117647 0.42352941 0.64313725
v -0.01947873 -0.15039464 0.09157788 0.54117647 0.42352941 0.64313725
v 0.00812331 -0.09530678 0.11777070 0.54117647 0.42352941 0.64313725
v 0.00813261 -0.11251519 0.11687425 0.54117647 0.42352941 0.64313725
v 0.00810471 -0.04940371 0.11815295 0.54117647 0.42352941 0.64313725
v -0.01947873 -0.15171273 0.08337783 0.54117647 0.42352941 0.64313725
v -0.02365438 -0.14985066 0.07205157 0.54117647 0.42352941 0.64313725
v -0.01932064 -0.15213117 0.07205157 0.54117647 0.42352941 0.64313725
v -0.01947873 -0.15204748 0.07507312 0.54117647 0.42352941 0.64313725
v -0.00936046 -0.04940371 0.07586491 0.54117647 0.42352941 0.64313725
v -0.00292494 -0.05577448 0.07205157 0.54117647 0.42352941 0.64313725
v 0.00346407 -0.12984915 0.11457169 0.54117647 0.42352941 0.64313725
v -0.00122307 -0.13817614 0.11198699 0.54117647 0.42352941 0.64313725
v -0.00591951 -0.14180612 0.10989375 0.54117647 0.42352941 0.64313725
v -0.00122307 -0.14207811 0.11004847 0.54117647 0.42352941 0.64313725
v 0.00813261 -0.12105141 0.11590954 0.54117647 0.42352941 0.64313725
v -0.01509849 -0.14659728 0.10346840 0.54117647 0.42352941 0.64313725
v -0.01056015 -0.14468291 0.10705877 0.54117647 0.42352941 0.64313725
v -0.01056015 -0.14772707 0.10405542 0.54117647 0.42352941 0.64313725
v -0.00591951 -0.14536288 0.10744101 0.54117647 0.42352941 0.64313725
v -0.01509849 -0.14900332 0.10001455 0.54117647 0.42352941 0.64313725
v -0.01509849 -0.15209979 0.09219675 0.54117647 0.42352941 0.64313725
v -0.01509849 -0.15345973 0.08384653 0.54117647 0.42352941 0.64313725
v 0.01714420 -0.09467911 0.11666493 0.54117647 0.42352941 0.64313725
v 0.01717210 -0.11145863 0.11580943 0.54117647 0.42352941 0.64313725
v 0.01711630 -0.06107823 0.11686970 0.54117647 0.42352941 0.64313725
v 0.01711630 -0.04940371 0.11693796 0.54117647 0.42352941 0.64313725
v -0.01559138 -0.15359572 0.07205157 0.54117647 0.42352941 0.64313725
v -0.01509849 -0.15379448 0.07538256 0.54117647 0.42352941 0.64313725
v 0.00290608 -0.04940371 0.07550087 0.54117647 0.42352941 0.64313725
v 0.00329668 -0.05556526 0.07205157 0.54117647 0.42352941 0.64313725
v 0.00813261 -0.12950393 0.11429411 0.54117647 0.42352941 0.64313725
v 0.00347337 -0.13809245 0.11190053 0.54117647 0.42352941 0.64313725
v -0.00122307 -0.14564533 0.10759118 0.54117647 0.42352941 0.64313725
v 0.00347337 -0.14198395 0.10995745 0.54117647 0.42352941 0.64313725
v 0.01718140 -0.11978562 0.11483562 0.54117647 0.42352941 0.64313725
v 0.01271746 -0.12888673 0.11381175 0.54117647 0.42352941 0.64313725
v -0.01056015 -0.15019588 0.10056972 0.54117647 0.42352941 0.64313725
v -0.00591951 -0.14844888 0.10442857 0.54117647 0.42352941 0.64313725
v -0.00591951 -0.15094908 0.10092011 0.54117647 0.42352941 0.64313725
v -0.00122307 -0.14875226 0.10457418 0.54117647 0.42352941 0.64313725
v -0.01056015 -0.15335512 0.09265635 0.54117647 0.42352941 0.64313725
v -0.01056015 -0.15475689 0.08419237 0.54117647 0.42352941 0.64313725
v 0.02547689 -0.09354932 0.11484472 0.54117647 0.42352941 0.64313725
v 0.02551409 -0.10962795 0.11404837 0.54117647 0.42352941 0.64313725
v 0.02542109 -0.04940371 0.11498124 0.54117647 0.42352941 0.64313725
v 0.02543039 -0.06137114 0.11494938 0.54117647 0.42352941 0.64313725
v -0.01021605 -0.15515442 0.07205157 0.54117647 0.42352941 0.64313725
v -0.01056015 -0.15508119 0.07561463 0.54117647 0.42352941 0.64313725
v 0.00314788 -0.04940371 0.07550087 0.54117647 0.42352941 0.64313725
v 0.00378957 -0.05561757 0.07205157 0.54117647 0.42352941 0.64313725
v 0.00949970 -0.04940371 0.07564194 0.54117647 0.42352941 0.64313725
v 0.00814191 -0.13768447 0.11159109 0.54117647 0.42352941 0.64313725
v 0.00347337 -0.14554072 0.10750017 0.54117647 0.42352941 0.64313725
v 0.00814191 -0.14152368 0.10963892 0.54117647 0.42352941 0.64313725
v 0.01718140 -0.12799754 0.11314282 0.54117647 0.42352941 0.64313725
v 0.02145934 -0.12682590 0.11229642 0.54117647 0.42352941 0.64313725
v 0.02552339 -0.11759926 0.11306091 0.54117647 0.42352941 0.64313725
v 0.01272676 -0.13693128 0.11106778 0.54117647 0.42352941 0.64313725
v -0.00591951 -0.15283207 0.09704761 0.54117647 0.42352941 0.64313725
v -0.00122307 -0.15127337 0.10105662 0.54117647 0.42352941 0.64313725
v -0.00122307 -0.15316682 0.09717502 0.54117647 0.42352941 0.64313725
v 0.00347337 -0.14863719 0.10448317 0.54117647 0.42352941 0.64313725
v -0.00591951 -0.15417108 0.09295214 0.54117647 0.42352941 0.64313725
v -0.00591951 -0.15591807 0.07576025 0.54117647 0.42352941 0.64313725
v -0.00591951 -0.15558332 0.08441535 0.54117647 0.42352941 0.64313725
v 0.03279590 -0.09192786 0.11236923 0.54117647 0.42352941 0.64313725
v 0.03284240 -0.10703361 0.11163205 0.54117647 0.42352941 0.64313725
v 0.03273080 -0.04940371 0.11236013 0.54117647 0.42352941 0.64313725
v 0.03273080 -0.06167451 0.11237378 0.54117647 0.42352941 0.64313725
v -0.01014165 -0.15517534 0.07205157 0.54117647 0.42352941 0.64313725
v 0.00943460 -0.05639168 0.07205157 0.54117647 0.42352941 0.64313725
v 0.01416824 -0.04940371 0.07607423 0.54117647 0.42352941 0.64313725
v 0.00955550 -0.05641261 0.07205157 0.54117647 0.42352941 0.64313725
v 0.00815121 -0.14504904 0.10718163 0.54117647 0.42352941 0.64313725
v 0.01273606 -0.14417032 0.10664922 0.54117647 0.42352941 0.64313725
v 0.01719070 -0.13586425 0.11034425 0.54117647 0.42352941 0.64313725
v 0.02553269 -0.12540320 0.11127255 0.54117647 0.42352941 0.64313725
v 0.02147794 -0.13447293 0.10942959 0.54117647 0.42352941 0.64313725
v 0.03287030 -0.11451325 0.11063548 0.54117647 0.42352941 0.64313725
v 0.02934564 -0.12370851 0.11008486 0.54117647 0.42352941 0.64313725
v 0.00348267 -0.15114784 0.10097471 0.54117647 0.42352941 0.64313725
v 0.00348267 -0.15304129 0.09709766 0.54117647 0.42352941 0.64313725
v -0.00122307 -0.15450583 0.09306590 0.54117647 0.42352941 0.64313725
v 0.00348267 -0.15438030 0.09299764 0.54117647 0.42352941 0.64313725
v 0.00815121 -0.14810367 0.10417373 0.54117647 0.42352941 0.64313725
v -0.00122307 -0.15593899 0.08450181 0.54117647 0.42352941 0.64313725
v -0.00648680 -0.15582392 0.07205157 0.54117647 0.42352941 0.64313725
v -0.00092547 -0.15625282 0.07205157 0.54117647 0.42352941 0.64313725
v -0.00122307 -0.15627375 0.07581941 0.54117647 0.42352941 0.64313725
v 0.03881292 -0.08982519 0.10928853 0.54117647 0.42352941 0.64313725
v 0.03604156 -0.10547491 0.11019408 0.54117647 0.42352941 0.64313725
v 0.03874782 -0.06194650 0.10922027 0.54117647 0.42352941 0.64313725
v 0.03873852 -0.04940371 0.10916566 0.54117647 0.42352941 0.64313725
v 0.01579572 -0.04940371 0.07625170 0.54117647 0.42352941 0.64313725
v 0.01444723 -0.05774116 0.07205157 0.54117647 0.42352941 0.64313725
v 0.01721860 -0.14291499 0.10591204 0.54117647 0.42352941 0.64313725
v 0.01274536 -0.14717264 0.10365042 0.54117647 0.42352941 0.64313725
v 0.02555129 -0.13278870 0.10834202 0.54117647 0.42352941 0.64313725
v 0.02150584 -0.14130399 0.10498828 0.54117647 0.42352941 0.64313725
v 0.03606946 -0.11266165 0.10918841 0.54117647 0.42352941 0.64313725
v 0.03287960 -0.12177322 0.10873791 0.54117647 0.42352941 0.64313725
v 0.02937354 -0.13080110 0.10708152 0.54117647 0.42352941 0.64313725
v 0.00815121 -0.15059340 0.10067893 0.54117647 0.42352941 0.64313725
v 0.00815121 -0.15378402 0.09275191 0.54117647 0.42352941 0.64313725
v 0.00348267 -0.15580300 0.08444720 0.54117647 0.42352941 0.64313725
v 0.00348267 -0.15613775 0.07578300 0.54117647 0.42352941 0.64313725
v 0.00302698 -0.15616914 0.07205157 0.54117647 0.42352941 0.64313725
v 0.03888732 -0.10373838 0.10861050 0.54117647 0.42352941 0.64313725
v 0.04126809 -0.08860124 0.10754112 0.54117647 0.42352941 0.64313725
v 0.04322106 -0.04940371 0.10549339 0.54117647 0.42352941 0.64313725
v 0.02251023 -0.04940371 0.07783074 0.54117647 0.42352941 0.64313725
v 0.01871588 -0.05957184 0.07205157 0.54117647 0.42352941 0.64313725
v 0.01589802 -0.05823283 0.07205157 0.54117647 0.42352941 0.64313725
v 0.01721860 -0.14583362 0.10293599 0.54117647 0.42352941 0.64313725
v 0.01274536 -0.14961006 0.10018747 0.54117647 0.42352941 0.64313725
v 0.02558849 -0.13934778 0.10389160 0.54117647 0.42352941 0.64313725
v 0.02151514 -0.14411801 0.10203954 0.54117647 0.42352941 0.64313725
v 0.03891522 -0.11062175 0.10760028 0.54117647 0.42352941 0.64313725
v 0.03607876 -0.11960778 0.10724534 0.54117647 0.42352941 0.64313725
v 0.03290750 -0.12854152 0.10567086 0.54117647 0.42352941 0.64313725
v 0.02942004 -0.13705681 0.10263110 0.54117647 0.42352941 0.64313725
v 0.00815121 -0.15519626 0.08426063 0.54117647 0.42352941 0.64313725
v 0.01274536 -0.15273792 0.09234237 0.54117647 0.42352941 0.64313725
v 0.00815121 -0.15554148 0.07566014 0.54117647 0.42352941 0.64313725
v 0.00329668 -0.15615868 0.07205157 0.54117647 0.42352941 0.64313725
v 0.04134249 -0.10185539 0.10688585 0.54117647 0.42352941 0.64313725
v 0.04331407 -0.08726223 0.10566176 0.54117647 0.42352941 0.64313725
v 0.04323037 -0.06212434 0.10557530 0.54117647 0.42352941 0.64313725
v 0.04484855 -0.06216618 0.10359127 0.54117647 0.42352941 0.64313725
v 0.04409525 -0.04940371 0.10441947 0.54117647 0.42352941 0.64313725
v 0.02220333 -0.06161175 0.07205157 0.54117647 0.42352941 0.64313725
v 0.02940144 -0.04940371 0.08049280 0.54117647 0.42352941 0.64313725
v 0.02570939 -0.06392364 0.07205157 0.54117647 0.42352941 0.64313725
v 0.01722790 -0.14820828 0.09950945 0.54117647 0.42352941 0.64313725
v 0.02559779 -0.14204673 0.10097927 0.54117647 0.42352941 0.64313725
v 0.02152444 -0.14640898 0.09866759 0.54117647 0.42352941 0.64313725
v 0.03892452 -0.11722267 0.10560715 0.54117647 0.42352941 0.64313725
v 0.04137039 -0.10839354 0.10587108 0.54117647 0.42352941 0.64313725
v 0.03611596 -0.12600994 0.10411458 0.54117647 0.42352941 0.64313725
v 0.03296330 -0.13446247 0.10122955 0.54117647 0.42352941 0.64313725
v 0.02942934 -0.13961976 0.09976427 0.54117647 0.42352941 0.64313725
v 0.01274536 -0.15447445 0.07545537 0.54117647 0.42352941 0.64313725
v 0.01274536 -0.15412923 0.08395120 0.54117647 0.42352941 0.64313725
v 0.01722790 -0.15124199 0.09178265 0.54117647 0.42352941 0.64313725
v 0.00716543 -0.15565655 0.07205157 0.54117647 0.42352941 0.64313725
v 0.00836511 -0.15545779 0.07205157 0.54117647 0.42352941 0.64313725
v 0.01280115 -0.15447445 0.07205157 0.54117647 0.42352941 0.64313725
v 0.04339776 -0.09980502 0.10502469 0.54117647 0.42352941 0.64313725
v 0.04493224 -0.08581861 0.10365953 0.54117647 0.42352941 0.64313725
v 0.04483924 -0.04940371 0.10350480 0.54117647 0.42352941 0.64313725
v 0.03633915 -0.04940371 0.08466563 0.54117647 0.42352941 0.64313725
v 0.03384678 -0.07174850 0.07205157 0.54117647 0.42352941 0.64313725
v 0.03122422 -0.06876710 0.07205157 0.54117647 0.42352941 0.64313725
v 0.02824826 -0.06600539 0.07205157 0.54117647 0.42352941 0.64313725
v 0.02560709 -0.14422262 0.09766648 0.54117647 0.42352941 0.64313725
v 0.02152444 -0.14932761 0.09108187 0.54117647 0.42352941 0.64313725
v 0.04138899 -0.11463879 0.10384155 0.54117647 0.42352941 0.64313725
v 0.03897102 -0.12324823 0.10242633 0.54117647 0.42352941 0.64313725
v 0.04342566 -0.10598750 0.10400992 0.54117647 0.42352941 0.64313725
v 0.03617175 -0.13157522 0.09969602 0.54117647 0.42352941 0.64313725
v 0.03298190 -0.13881427 0.09525015 0.54117647 0.42352941 0.64313725
v 0.02943864 -0.14169105 0.09651975 0.54117647 0.42352941 0.64313725
v 0.01722790 -0.15295760 0.07517323 0.54117647 0.42352941 0.64313725
v 0.01722790 -0.15260192 0.08352799 0.54117647 0.42352941 0.64313725
v 0.01643741 -0.15324005 0.07205157 0.54117647 0.42352941 0.64313725
v 0.04501594 -0.09762913 0.10303155 0.54117647 0.42352941 0.64313725
v 0.04611333 -0.08429129 0.10154353 0.54117647 0.42352941 0.64313725
v 0.04602963 -0.06216618 0.10151168 0.54117647 0.42352941 0.64313725
v 0.04551814 -0.04940371 0.10231712 0.54117647 0.42352941 0.64313725
v 0.03646935 -0.04940371 0.08475664 0.54117647 0.42352941 0.64313725
v 0.03552076 -0.07394532 0.07205157 0.54117647 0.42352941 0.64313725
v 0.02560709 -0.14701572 0.09025367 0.54117647 0.42352941 0.64313725
v 0.02152444 -0.15063525 0.08299558 0.54117647 0.42352941 0.64313725
v 0.04344426 -0.11185615 0.10194853 0.54117647 0.42352941 0.64313725
v 0.04143549 -0.12026683 0.10061977 0.54117647 0.42352941 0.64313725
v 0.03902682 -0.12843691 0.09803963 0.54117647 0.42352941 0.64313725
v 0.04505314 -0.10343501 0.10201678 0.54117647 0.42352941 0.64313725
v 0.03619965 -0.13564457 0.09386679 0.54117647 0.42352941 0.64313725
v 0.02944794 -0.14431677 0.08930717 0.54117647 0.42352941 0.64313725
v 0.03299120 -0.14128307 0.08825599 0.54117647 0.42352941 0.64313725
v 0.01733950 -0.15287390 0.07205157 0.54117647 0.42352941 0.64313725
v 0.02172904 -0.15091769 0.07205157 0.54117647 0.42352941 0.64313725
v 0.02152444 -0.15100138 0.07481829 0.54117647 0.42352941 0.64313725
v 0.04619703 -0.09532770 0.10091556 0.54117647 0.42352941 0.64313725
v 0.04683872 -0.08265937 0.09931377 0.54117647 0.42352941 0.64313725
v 0.04674572 -0.04940371 0.09930467 0.54117647 0.42352941 0.64313725
v 0.04646673 -0.04940371 0.10012377 0.54117647 0.42352941 0.64313725
v 0.04601103 -0.04940371 0.10143887 0.54117647 0.42352941 0.64313725
v 0.03682275 -0.04940371 0.08506607 0.54117647 0.42352941 0.64313725
v 0.03901752 -0.07946875 0.07205157 0.54117647 0.42352941 0.64313725
v 0.03899892 -0.07943737 0.07205157 0.54117647 0.42352941 0.64313725
v 0.02560709 -0.14827104 0.08236761 0.54117647 0.42352941 0.64313725
v 0.04350006 -0.11707621 0.09869945 0.54117647 0.42352941 0.64313725
v 0.04507174 -0.10890613 0.09993720 0.54117647 0.42352941 0.64313725
v 0.04150059 -0.12505799 0.09627857 0.54117647 0.42352941 0.64313725
v 0.03906402 -0.13219242 0.09237422 0.54117647 0.42352941 0.64313725
v 0.04623423 -0.10075698 0.09990534 0.54117647 0.42352941 0.64313725
v 0.03620895 -0.13792507 0.08710926 0.54117647 0.42352941 0.64313725
v 0.02943864 -0.14550934 0.08164863 0.54117647 0.42352941 0.64313725
v 0.03299120 -0.14240240 0.08085229 0.54117647 0.42352941 0.64313725
v 0.02517930 -0.14890917 0.07205157 0.54117647 0.42352941 0.64313725
v 0.02560709 -0.14862672 0.07440419 0.54117647 0.42352941 0.64313725
v 0.04692242 -0.09290074 0.09868125 0.54117647 0.42352941 0.64313725
v 0.04715491 -0.08816188 0.09707946 0.54117647 0.42352941 0.64313725
v 0.04711771 -0.08364271 0.09727969 0.54117647 0.42352941 0.64313725
v 0.04699682 -0.04940371 0.09753907 0.54117647 0.42352941 0.64313725
v 0.04283047 -0.04940371 0.09082704 0.54117647 0.42352941 0.64313725
v 0.03906402 -0.07955244 0.07205157 0.54117647 0.42352941 0.64313725
v 0.02943864 -0.14587547 0.07392638 0.54117647 0.42352941 0.64313725
v 0.04512754 -0.11371821 0.09668812 0.54117647 0.42352941 0.64313725
v 0.04356516 -0.12145939 0.09443561 0.54117647 0.42352941 0.64313725
v 0.04625283 -0.10582013 0.09782120 0.54117647 0.42352941 0.64313725
v 0.04153779 -0.12849967 0.09079974 0.54117647 0.42352941 0.64313725
v 0.03906402 -0.13428463 0.08588062 0.54117647 0.42352941 0.64313725
v 0.04695962 -0.09793250 0.09767558 0.54117647 0.42352941 0.64313725
v 0.03620895 -0.13896071 0.07998769 0.54117647 0.42352941 0.64313725
v 0.03298190 -0.14274762 0.07339852 0.54117647 0.42352941 0.64313725
v 0.03620895 -0.13929547 0.07282061 0.54117647 0.42352941 0.64313725
v 0.02558849 -0.14862672 0.07205157 0.54117647 0.42352941 0.64313725
v 0.02942934 -0.14587547 0.07205157 0.54117647 0.42352941 0.64313725
v 0.04720141 -0.09353886 0.09631497 0.54117647 0.42352941 0.64313725
v 0.04742461 -0.10878060 0.08105251 0.54117647 0.42352941 0.64313725
v 0.04741531 -0.10979532 0.07205157 0.54117647 0.42352941 0.64313725
v 0.04668992 -0.10259812 0.07205157 0.54117647 0.42352941 0.64313725
v 0.04684802 -0.04940371 0.09713862 0.54117647 0.42352941 0.64313725
v 0.04740601 -0.10755666 0.08466108 0.54117647 0.42352941 0.64313725
v 0.04330476 -0.04940371 0.09130940 0.54117647 0.42352941 0.64313725
v 0.04181678 -0.08505495 0.07205157 0.54117647 0.42352941 0.64313725
v 0.02967114 -0.14569763 0.07205157 0.54117647 0.42352941 0.64313725
v 0.03283310 -0.14290453 0.07205157 0.54117647 0.42352941 0.64313725
v 0.04520194 -0.11769341 0.09250618 0.54117647 0.42352941 0.64313725
v 0.04630863 -0.11020330 0.09459488 0.54117647 0.42352941 0.64313725
v 0.04360236 -0.12458724 0.08914789 0.54117647 0.42352941 0.64313725
v 0.04698752 -0.10259812 0.09560509 0.54117647 0.42352941 0.64313725
v 0.04154709 -0.13039312 0.08458372 0.54117647 0.42352941 0.64313725
v 0.03906402 -0.13523659 0.07905938 0.54117647 0.42352941 0.64313725
v 0.04722001 -0.09692824 0.09530476 0.54117647 0.42352941 0.64313725
v 0.03632055 -0.13915947 0.07205157 0.54117647 0.42352941 0.64313725
v 0.03906402 -0.13555042 0.07220174 0.54117647 0.42352941 0.64313725
v 0.04735021 -0.10554814 0.08817408 0.54117647 0.42352941 0.64313725
v 0.04741531 -0.10961749 0.07548722 0.54117647 0.42352941 0.64313725
v 0.04716422 -0.11196076 0.08388294 0.54117647 0.42352941 0.64313725
v 0.04717352 -0.11306963 0.07891831 0.54117647 0.42352941 0.64313725
v 0.04737811 -0.11034976 0.07205157 0.54117647 0.42352941 0.64313725
v 0.04505314 -0.09471050 0.07205157 0.54117647 0.42352941 0.64313725
v 0.04567624 -0.04940371 0.09469499 0.54117647 0.42352941 0.64313725
v 0.04712702 -0.10976394 0.08847442 0.54117647 0.42352941 0.64313725
v 0.04488574 -0.09402007 0.07205157 0.54117647 0.42352941 0.64313725
v 0.04639233 -0.11379144 0.09051760 0.54117647 0.42352941 0.64313725
v 0.04523914 -0.12049697 0.08743235 0.54117647 0.42352941 0.64313725
v 0.04704332 -0.10657332 0.09241973 0.54117647 0.42352941 0.64313725
v 0.04361166 -0.12628193 0.08322766 0.54117647 0.42352941 0.64313725
v 0.04723861 -0.09990964 0.09374393 0.54117647 0.42352941 0.64313725
v 0.04722931 -0.09797434 0.09476325 0.54117647 0.42352941 0.64313725
v 0.04153779 -0.13125093 0.07807646 0.54117647 0.42352941 0.64313725
v 0.03963131 -0.13464031 0.07205157 0.54117647 0.42352941 0.64313725
v 0.03905472 -0.13556088 0.07205157 0.54117647 0.42352941 0.64313725
v 0.04730371 -0.10372792 0.09029008 0.54117647 0.42352941 0.64313725
v 0.04642953 -0.11628117 0.08567584 0.54117647 0.42352941 0.64313725
v 0.04643882 -0.11758880 0.08038358 0.54117647 0.42352941 0.64313725
v 0.04716422 -0.11352991 0.07205157 0.54117647 0.42352941 0.64313725
v 0.04663412 -0.11691929 0.07205157 0.54117647 0.42352941 0.64313725
v 0.04524844 -0.12199290 0.08182155 0.54117647 0.42352941 0.64313725
v 0.04727581 -0.10279688 0.09139131 0.54117647 0.42352941 0.64313725
v 0.04361166 -0.12704559 0.07705260 0.54117647 0.42352941 0.64313725
v 0.04153779 -0.13152291 0.07205157 0.54117647 0.42352941 0.64313725
v 0.04642953 -0.11819554 0.07205157 0.54117647 0.42352941 0.64313725
v 0.04546234 -0.12193014 0.07205157 0.54117647 0.42352941 0.64313725
v 0.04523914 -0.12276702 0.07205157 0.54117647 0.42352941 0.64313725
v 0.04361166 -0.12726527 0.07205157 0.54117647 0.42352941 0.64313725
v 0.04479274 -0.12404327 0.07205157 0.54117647 0.42352941 0.64313725
v -0.04757269 -0.04939424 0.09637351 0.43529412 0.89019608 0.96078431
v -0.04754480 -0.04939424 0.09633943 0.43529412 0.89019608 0.96078431
v -0.04756340 -0.04939424 0.09676536 0.43529412 0.89019608 0.96078431
v -0.04747971 -0.03197497 0.09636073 0.43529412 0.89019608 0.96078431
v -0.04743322 -0.00561399 0.09058948 0.43529412 0.89019608 0.96078431
v -0.04744252 -0.00414581 0.08883469 0.43529412 0.89019608 0.96078431
v -0.04742392 -0.00180620 0.08127457 0.43529412 0.89019608 0.96078431
v -0.04740533 -0.00110525 0.07549907 0.43529412 0.89019608 0.96078431
v -0.04691252 -0.00688327 0.07549907 0.43529412 0.89019608 0.96078431
v -0.04631744 -0.00975332 0.07549907 0.43529412 0.89019608 0.96078431
v -0.04574095 -0.01250024 0.07549907 0.43529412 0.89019608 0.96078431
v -0.04522955 -0.01401578 0.07549907 0.43529412 0.89019608 0.96078431
v -0.04389990 -0.01793725 0.07549907 0.43529412 0.89019608 0.96078431
v -0.04684743 -0.04939424 0.09552592 0.43529412 0.89019608 0.96078431
v -0.04328622 -0.01935807 0.07549907 0.43529412 0.89019608 0.96078431
v -0.04749831 -0.04939424 0.09818368 0.43529412 0.89019608 0.96078431
v -0.04748901 -0.04235644 0.09817090 0.43529412 0.89019608 0.96078431
v -0.04736813 -0.02264491 0.09796220 0.43529412 0.89019608 0.96078431
v -0.04734024 -0.00379535 0.09329409 0.43529412 0.89019608 0.96078431
v -0.04737743 -0.00035696 0.08983986 0.43529412 0.89019608 0.96078431
v -0.04743322 -0.00285760 0.08613860 0.43529412 0.89019608 0.96078431
v -0.04736813 0.00141433 0.08526972 0.43529412 0.89019608 0.96078431
v -0.04729375 0.00270254 0.07549907 0.43529412 0.89019608 0.96078431
v -0.04673586 -0.04939424 0.09539814 0.43529412 0.89019608 0.96078431
v -0.04174272 -0.02231339 0.07549907 0.43529412 0.89019608 0.96078431
v -0.04700550 -0.04939424 0.10038569 0.43529412 0.89019608 0.96078431
v -0.04699621 -0.04084089 0.10034310 0.43529412 0.89019608 0.96078431
v -0.04686603 -0.01956646 0.10007477 0.43529412 0.89019608 0.96078431
v -0.04680094 -0.00901450 0.09896312 0.43529412 0.89019608 0.96078431
v -0.04729375 -0.01286018 0.09696980 0.43529412 0.89019608 0.96078431
v -0.04729375 -0.00813359 0.09559407 0.43529412 0.89019608 0.96078431
v -0.04679165 -0.00391848 0.09744257 0.43529412 0.89019608 0.96078431
v -0.04684743 0.00070392 0.09488704 0.43529412 0.89019608 0.96078431
v -0.04687533 0.00429387 0.09105800 0.43529412 0.89019608 0.96078431
v -0.04686603 0.00612199 0.08608323 0.43529412 0.89019608 0.96078431
v -0.04725656 0.00391498 0.07549907 0.43529412 0.89019608 0.96078431
v -0.04666147 -0.04939424 0.09532574 0.43529412 0.89019608 0.96078431
v -0.04060834 -0.02448250 0.07549907 0.43529412 0.89019608 0.96078431
v -0.04603849 -0.04939424 0.10252808 0.43529412 0.89019608 0.96078431
v -0.04602919 -0.03931588 0.10246420 0.43529412 0.89019608 0.96078431
v -0.04589902 -0.01649749 0.10215753 0.43529412 0.89019608 0.96078431
v -0.04583393 -0.00517828 0.10093514 0.43529412 0.89019608 0.96078431
v -0.04583393 0.00025873 0.09927829 0.43529412 0.89019608 0.96078431
v -0.04588042 0.00517477 0.09645017 0.43529412 0.89019608 0.96078431
v -0.04590832 0.00727759 0.09455056 0.43529412 0.89019608 0.96078431
v -0.04591761 0.00890680 0.09224632 0.43529412 0.89019608 0.96078431
v -0.04590832 0.01076334 0.08687118 0.43529412 0.89019608 0.96078431
v -0.04641042 0.00974034 0.07549907 0.43529412 0.89019608 0.96078431
v -0.04677305 0.00780803 0.07549907 0.43529412 0.89019608 0.96078431
v -0.04682884 0.00737231 0.07549907 0.43529412 0.89019608 0.96078431
v -0.03842326 -0.04939424 0.08777840 0.43529412 0.89019608 0.96078431
v -0.03937168 -0.02628221 0.07549907 0.43529412 0.89019608 0.96078431
v -0.04461587 -0.04939424 0.10458954 0.43529412 0.89019608 0.96078431
v -0.04460657 -0.03778139 0.10451288 0.43529412 0.89019608 0.96078431
v -0.04448569 -0.01346640 0.10419344 0.43529412 0.89019608 0.96078431
v -0.04445780 -0.00739476 0.10377178 0.43529412 0.89019608 0.96078431
v -0.04442990 -0.00139889 0.10286456 0.43529412 0.89019608 0.96078431
v -0.04442060 0.00438858 0.10107143 0.43529412 0.89019608 0.96078431
v -0.04446709 0.00956985 0.09797497 0.43529412 0.89019608 0.96078431
v -0.04449499 0.01173897 0.09589221 0.43529412 0.89019608 0.96078431
v -0.04450429 0.01340606 0.09339205 0.43529412 0.89019608 0.96078431
v -0.04587112 0.01197577 0.07549907 0.43529412 0.89019608 0.96078431
v -0.04596411 0.01165372 0.07549907 0.43529412 0.89019608 0.96078431
v -0.04449499 0.01529103 0.08762933 0.43529412 0.89019608 0.96078431
v -0.04483902 0.01541416 0.07549907 0.43529412 0.89019608 0.96078431
v -0.03780958 -0.04939424 0.08729711 0.43529412 0.89019608 0.96078431
v -0.03735397 -0.02920910 0.07549907 0.43529412 0.89019608 0.96078431
v -0.04370464 -0.04939424 0.10556491 0.43529412 0.89019608 0.96078431
v -0.04274693 -0.03625638 0.10648064 0.43529412 0.89019608 0.96078431
v -0.04263535 -0.01050162 0.10616120 0.43529412 0.89019608 0.96078431
v -0.04259816 -0.00407004 0.10570972 0.43529412 0.89019608 0.96078431
v -0.04257956 0.00226683 0.10473436 0.43529412 0.89019608 0.96078431
v -0.04257956 0.00840478 0.10281345 0.43529412 0.89019608 0.96078431
v -0.04261675 0.01384178 0.09944867 0.43529412 0.89019608 0.96078431
v -0.04264465 0.01606774 0.09718702 0.43529412 0.89019608 0.96078431
v -0.04265395 0.01777273 0.09449519 0.43529412 0.89019608 0.96078431
v -0.04264465 0.01966715 0.08835340 0.43529412 0.89019608 0.96078431
v -0.04341640 0.01907988 0.07549907 0.43529412 0.89019608 0.96078431
v -0.04443920 0.01645609 0.07549907 0.43529412 0.89019608 0.96078431
v -0.03380206 -0.04939424 0.08447750 0.43529412 0.89019608 0.96078431
v -0.03657292 -0.03011843 0.07549907 0.43529412 0.89019608 0.96078431
v -0.04275623 -0.04939424 0.10656156 0.43529412 0.89019608 0.96078431
v -0.04045957 -0.03476925 0.10835469 0.43529412 0.89019608 0.96078431
v -0.04035729 -0.00764103 0.10804803 0.43529412 0.89019608 0.96078431
v -0.04169623 -0.04939424 0.10743470 0.43529412 0.89019608 0.96078431
v -0.04032939 -0.00087792 0.10756674 0.43529412 0.89019608 0.96078431
v -0.04030150 0.00580941 0.10653174 0.43529412 0.89019608 0.96078431
v -0.04030150 0.01225994 0.10448306 0.43529412 0.89019608 0.96078431
v -0.04034799 0.01794322 0.10086272 0.43529412 0.89019608 0.96078431
v -0.04036659 0.02022600 0.09841367 0.43529412 0.89019608 0.96078431
v -0.04037589 0.02194047 0.09553870 0.43529412 0.89019608 0.96078431
v -0.04036659 0.02384437 0.08903913 0.43529412 0.89019608 0.96078431
v -0.04142658 0.02307713 0.07549907 0.43529412 0.89019608 0.96078431
v -0.02987822 -0.04939424 0.08217752 0.43529412 0.89019608 0.96078431
v -0.03440644 -0.03262855 0.07549907 0.43529412 0.89019608 0.96078431
v -0.03472258 -0.03201286 0.11175781 0.43529412 0.89019608 0.96078431
v -0.03767941 -0.00492253 0.10983690 0.43529412 0.89019608 0.96078431
v -0.04047817 -0.04939424 0.10842284 0.43529412 0.89019608 0.96078431
v -0.03806993 -0.04939424 0.10985820 0.43529412 0.89019608 0.96078431
v -0.03766081 0.00215316 0.10933006 0.43529412 0.89019608 0.96078431
v -0.03764221 0.00917202 0.10823969 0.43529412 0.89019608 0.96078431
v -0.03764221 0.01591618 0.10607175 0.43529412 0.89019608 0.96078431
v -0.03768871 0.02181733 0.10220012 0.43529412 0.89019608 0.96078431
v -0.03770730 0.02414748 0.09957644 0.43529412 0.89019608 0.96078431
v -0.03771660 0.02588088 0.09652258 0.43529412 0.89019608 0.96078431
v -0.04028290 0.02486736 0.07549907 0.43529412 0.89019608 0.96078431
v -0.03770730 0.02777530 0.08968653 0.43529412 0.89019608 0.96078431
v -0.03833028 0.02791739 0.07549907 0.43529412 0.89019608 0.96078431
v -0.02902278 -0.04939424 0.08174309 0.43529412 0.89019608 0.96078431
v -0.03323487 -0.03372732 0.07549907 0.43529412 0.89019608 0.96078431
v -0.02760016 -0.01375057 0.11471797 0.43529412 0.89019608 0.96078431
v -0.03125435 -0.00004437 0.11305688 0.43529412 0.89019608 0.96078431
v -0.03463890 -0.00238400 0.11151077 0.43529412 0.89019608 0.96078431
v -0.03474118 -0.04939424 0.11177911 0.43529412 0.89019608 0.96078431
v -0.03462030 0.00499480 0.11098263 0.43529412 0.89019608 0.96078431
v -0.03460170 0.01230730 0.10984116 0.43529412 0.89019608 0.96078431
v -0.03461100 0.01934510 0.10756248 0.43529412 0.89019608 0.96078431
v -0.03462960 0.02257510 0.10575657 0.43529412 0.89019608 0.96078431
v -0.03464819 0.02543569 0.10345233 0.43529412 0.89019608 0.96078431
v -0.03466679 0.02779425 0.10066254 0.43529412 0.89019608 0.96078431
v -0.03467609 0.02953713 0.09743405 0.43529412 0.89019608 0.96078431
v -0.03466679 0.03143155 0.09028282 0.43529412 0.89019608 0.96078431
v -0.03764221 0.02875094 0.07549907 0.43529412 0.89019608 0.96078431
v -0.02419702 -0.04939424 0.07949421 0.43529412 0.89019608 0.96078431
v -0.03100330 -0.03581119 0.07549907 0.43529412 0.89019608 0.96078431
v -0.03017576 -0.03657843 0.07549907 0.43529412 0.89019608 0.96078431
v -0.03201680 -0.04939424 0.11287373 0.43529412 0.89019608 0.96078431
v -0.02763735 -0.04939424 0.11456038 0.43529412 0.89019608 0.96078431
v -0.01943634 -0.01109837 0.11697536 0.43529412 0.89019608 0.96078431
v -0.02361123 0.00393392 0.11568055 0.43529412 0.89019608 0.96078431
v -0.02756296 0.00207738 0.11444964 0.43529412 0.89019608 0.96078431
v -0.02755367 0.00998663 0.11388316 0.43529412 0.89019608 0.96078431
v -0.03123575 0.00761859 0.11250743 0.43529412 0.89019608 0.96078431
v -0.03122646 0.01520577 0.11131485 0.43529412 0.89019608 0.96078431
v -0.03123575 0.02248985 0.10893395 0.43529412 0.89019608 0.96078431
v -0.03124505 0.02583352 0.10703860 0.43529412 0.89019608 0.96078431
v -0.03127295 0.02876988 0.10460232 0.43529412 0.89019608 0.96078431
v -0.03128224 0.03115686 0.10165494 0.43529412 0.89019608 0.96078431
v -0.03129154 0.03289973 0.09827312 0.43529412 0.89019608 0.96078431
v -0.03464819 0.03236930 0.07549907 0.43529412 0.89019608 0.96078431
v -0.03128224 0.03476574 0.09082800 0.43529412 0.89019608 0.96078431
v -0.03128224 0.03543826 0.08319122 0.43529412 0.89019608 0.96078431
v -0.02267211 -0.04939424 0.07880422 0.43529412 0.89019608 0.96078431
v -0.02938541 -0.03715623 0.07549907 0.43529412 0.89019608 0.96078431
v -0.02472701 -0.04939424 0.11533982 0.43529412 0.89019608 0.96078431
v -0.01946423 -0.04939424 0.11667296 0.43529412 0.89019608 0.96078431
v -0.01052866 -0.00936497 0.11844905 0.43529412 0.89019608 0.96078431
v -0.01504758 0.00679451 0.11758442 0.43529412 0.89019608 0.96078431
v -0.01941774 0.00551577 0.11673258 0.43529412 0.89019608 0.96078431
v -0.02360193 0.01206102 0.11510130 0.43529412 0.89019608 0.96078431
v -0.02754437 0.01781061 0.11265225 0.43529412 0.89019608 0.96078431
v -0.02755367 0.02532202 0.11017764 0.43529412 0.89019608 0.96078431
v -0.02756296 0.02876041 0.10819710 0.43529412 0.89019608 0.96078431
v -0.02758156 0.03176307 0.10564157 0.43529412 0.89019608 0.96078431
v -0.02760016 0.03416900 0.10255364 0.43529412 0.89019608 0.96078431
v -0.02760016 0.03591188 0.09902274 0.43529412 0.89019608 0.96078431
v -0.03145891 0.03547616 0.07549907 0.43529412 0.89019608 0.96078431
v -0.02760016 0.03775894 0.09131781 0.43529412 0.89019608 0.96078431
v -0.02760016 0.03839358 0.08343825 0.43529412 0.89019608 0.96078431
v -0.03126365 0.03563718 0.07549907 0.43529412 0.89019608 0.96078431
v -0.02553596 -0.03995051 0.07549907 0.43529412 0.89019608 0.96078431
v -0.01926897 -0.04939424 0.07774794 0.43529412 0.89019608 0.96078431
v -0.01645161 -0.04939424 0.11714998 0.43529412 0.89019608 0.96078431
v -0.01053796 -0.04939424 0.11802738 0.43529412 0.89019608 0.96078431
v -0.00590745 -0.00889135 0.11884941 0.43529412 0.89019608 0.96078431
v -0.00589815 0.00836689 0.11862793 0.43529412 0.89019608 0.96078431
v -0.01051936 0.00775120 0.11821905 0.43529412 0.89019608 0.96078431
v -0.01051936 0.01630455 0.11760998 0.43529412 0.89019608 0.96078431
v -0.01503829 0.01524366 0.11697962 0.43529412 0.89019608 0.96078431
v -0.01940844 0.01382284 0.11613629 0.43529412 0.89019608 0.96078431
v -0.01940844 0.02204466 0.11483723 0.43529412 0.89019608 0.96078431
v -0.02359263 0.02010287 0.11383205 0.43529412 0.89019608 0.96078431
v -0.02360193 0.02781319 0.11127652 0.43529412 0.89019608 0.96078431
v -0.02361123 0.03133683 0.10921932 0.43529412 0.89019608 0.96078431
v -0.02362982 0.03438686 0.10656156 0.43529412 0.89019608 0.96078431
v -0.02363912 0.03680226 0.10334159 0.43529412 0.89019608 0.96078431
v -0.02364842 0.03853565 0.09968292 0.43529412 0.89019608 0.96078431
v -0.02363912 0.04036378 0.09174373 0.43529412 0.89019608 0.96078431
v -0.02363912 0.04097000 0.08365121 0.43529412 0.89019608 0.96078431
v -0.02693998 0.03901874 0.07549907 0.43529412 0.89019608 0.96078431
v -0.02756296 0.03853565 0.07549907 0.43529412 0.89019608 0.96078431
v -0.02480140 -0.04037676 0.07549907 0.43529412 0.89019608 0.96078431
v -0.01584723 -0.04939424 0.07676831 0.43529412 0.89019608 0.96078431
v -0.00747885 -0.04939424 0.11820202 0.43529412 0.89019608 0.96078431
v -0.00122116 -0.04939424 0.11853849 0.43529412 0.89019608 0.96078431
v -0.00122116 -0.00869244 0.11900701 0.43529412 0.89019608 0.96078431
v -0.00122116 0.00862263 0.11878553 0.43529412 0.89019608 0.96078431
v -0.00122116 0.01728017 0.11817220 0.43529412 0.89019608 0.96078431
v -0.00589815 0.01698654 0.11801460 0.43529412 0.89019608 0.96078431
v -0.01051936 0.02479158 0.11626833 0.43529412 0.89019608 0.96078431
v -0.01503829 0.02361704 0.11565500 0.43529412 0.89019608 0.96078431
v -0.01941774 0.02992548 0.11221355 0.43529412 0.89019608 0.96078431
v -0.01942704 0.03351542 0.11009245 0.43529412 0.89019608 0.96078431
v -0.01943634 0.03660335 0.10734100 0.43529412 0.89019608 0.96078431
v -0.01944563 0.03903768 0.10401029 0.43529412 0.89019608 0.96078431
v -0.01945493 0.04076161 0.10024514 0.43529412 0.89019608 0.96078431
v -0.01945493 0.04256133 0.09210577 0.43529412 0.89019608 0.96078431
v -0.01944563 0.04313912 0.08383436 0.43529412 0.89019608 0.96078431
v -0.02198404 0.04201193 0.07549907 0.43529412 0.89019608 0.96078431
v -0.02359263 0.04104578 0.07549907 0.43529412 0.89019608 0.96078431
v -0.02166790 -0.04217647 0.07549907 0.43529412 0.89019608 0.96078431
v -0.01434092 -0.04939424 0.07655110 0.43529412 0.89019608 0.96078431
v 0.00810494 -0.04939424 0.11815516 0.43529412 0.89019608 0.96078431
v 0.00344654 -0.00877769 0.11890905 0.43529412 0.89019608 0.96078431
v 0.00344654 0.00851844 0.11868757 0.43529412 0.89019608 0.96078431
v 0.00344654 0.01715704 0.11807424 0.43529412 0.89019608 0.96078431
v 0.00344654 0.02572932 0.11671980 0.43529412 0.89019608 0.96078431
v -0.00122116 0.02585246 0.11681351 0.43529412 0.89019608 0.96078431
v -0.00589815 0.02553988 0.11666017 0.43529412 0.89019608 0.96078431
v -0.01052866 0.03289973 0.11354669 0.43529412 0.89019608 0.96078431
v -0.01504758 0.03162100 0.11297595 0.43529412 0.89019608 0.96078431
v -0.01505688 0.03527724 0.11079948 0.43529412 0.89019608 0.96078431
v -0.01506618 0.03839358 0.10797562 0.43529412 0.89019608 0.96078431
v -0.01507548 0.04082792 0.10455121 0.43529412 0.89019608 0.96078431
v -0.01507548 0.04255185 0.10069662 0.43529412 0.89019608 0.96078431
v -0.01507548 0.04432314 0.09239966 0.43529412 0.89019608 0.96078431
v -0.01941774 0.04320542 0.07549907 0.43529412 0.89019608 0.96078431
v -0.01507548 0.04487252 0.08398343 0.43529412 0.89019608 0.96078431
v -0.01792073 0.04389689 0.07549907 0.43529412 0.89019608 0.96078431
v -0.01895283 -0.04336996 0.07549907 0.43529412 0.89019608 0.96078431
v -0.00935709 -0.04939424 0.07586536 0.43529412 0.89019608 0.96078431
v 0.01711490 -0.04939424 0.11694128 0.43529412 0.89019608 0.96078431
v 0.00809564 -0.00914711 0.11857683 0.43529412 0.89019608 0.96078431
v 0.00808634 0.00805430 0.11834682 0.43529412 0.89019608 0.96078431
v 0.00808634 0.01663607 0.11773775 0.43529412 0.89019608 0.96078431
v 0.00809564 0.02516100 0.11639184 0.43529412 0.89019608 0.96078431
v 0.00810494 0.03329756 0.11365743 0.43529412 0.89019608 0.96078431
v 0.00344654 0.03391325 0.11396409 0.43529412 0.89019608 0.96078431
v -0.00122116 0.03405534 0.11405353 0.43529412 0.89019608 0.96078431
v -0.00590745 0.03371434 0.11390872 0.43529412 0.89019608 0.96078431
v -0.01052866 0.03658440 0.11133189 0.43529412 0.89019608 0.96078431
v -0.01053796 0.03972915 0.10844840 0.43529412 0.89019608 0.96078431
v -0.01054726 0.04216349 0.10495584 0.43529412 0.89019608 0.96078431
v -0.01054726 0.04387794 0.10103310 0.43529412 0.89019608 0.96078431
v -0.01054726 0.04563977 0.09261687 0.43529412 0.89019608 0.96078431
v -0.01503829 0.04488200 0.07549907 0.43529412 0.89019608 0.96078431
v -0.01054726 0.04616074 0.08409417 0.43529412 0.89019608 0.96078431
v -0.01249058 0.04574396 0.07549907 0.43529412 0.89019608 0.96078431
v -0.01640512 -0.04448767 0.07549907 0.43529412 0.89019608 0.96078431
v -0.01438741 -0.04517913 0.07549907 0.43529412 0.89019608 0.96078431
v -0.00880849 -0.04659048 0.07549907 0.43529412 0.89019608 0.96078431
v 0.00290724 -0.04939424 0.07550333 0.43529412 0.89019608 0.96078431
v 0.02542749 -0.04939424 0.11498204 0.43529412 0.89019608 0.96078431
v 0.01709630 -0.01065318 0.11725220 0.43529412 0.89019608 0.96078431
v 0.01265176 0.00724917 0.11778035 0.43529412 0.89019608 0.96078431
v 0.01265176 0.01573622 0.11717980 0.43529412 0.89019608 0.96078431
v 0.01265176 0.02417589 0.11584666 0.43529412 0.89019608 0.96078431
v 0.01267036 0.03223668 0.11315057 0.43529412 0.89019608 0.96078431
v 0.01268895 0.03590240 0.11096559 0.43529412 0.89019608 0.96078431
v 0.00811424 0.03701064 0.11143411 0.43529412 0.89019608 0.96078431
v 0.00345584 0.03763581 0.11171948 0.43529412 0.89019608 0.96078431
v -0.00122116 0.03778736 0.11180040 0.43529412 0.89019608 0.96078431
v -0.00590745 0.03742742 0.11166837 0.43529412 0.89019608 0.96078431
v -0.00590745 0.04059112 0.10874654 0.43529412 0.89019608 0.96078431
v -0.00591675 0.04302545 0.10521565 0.43529412 0.89019608 0.96078431
v -0.00591675 0.04473991 0.10125031 0.43529412 0.89019608 0.96078431
v -0.00591675 0.04648278 0.09275317 0.43529412 0.89019608 0.96078431
v -0.00591675 0.04699428 0.08416232 0.43529412 0.89019608 0.96078431
v -0.00682797 0.04692798 0.07549907 0.43529412 0.89019608 0.96078431
v -0.00625149 -0.04700726 0.07549907 0.43529412 0.89019608 0.96078431
v -0.00129554 -0.04740509 0.07549907 0.43529412 0.89019608 0.96078431
v 0.00314900 -0.04939424 0.07550333 0.43529412 0.89019608 0.96078431
v 0.03272658 -0.04939424 0.11235836 0.43529412 0.89019608 0.96078431
v 0.02539959 -0.01309699 0.11514815 0.43529412 0.89019608 0.96078431
v 0.01708700 0.00611252 0.11700518 0.43529412 0.89019608 0.96078431
v 0.01709630 0.01447642 0.11640888 0.43529412 0.89019608 0.96078431
v 0.01710560 0.02278349 0.11510130 0.43529412 0.89019608 0.96078431
v 0.01712419 0.03073061 0.11245632 0.43529412 0.89019608 0.96078431
v 0.01714279 0.03434897 0.11031820 0.43529412 0.89019608 0.96078431
v 0.01716139 0.03746530 0.10754544 0.43529412 0.89019608 0.96078431
v 0.01269825 0.03904715 0.10812044 0.43529412 0.89019608 0.96078431
v 0.00812354 0.04016486 0.10854210 0.43529412 0.89019608 0.96078431
v 0.00345584 0.04080898 0.10879339 0.43529412 0.89019608 0.96078431
v -0.00122116 0.04095106 0.10886580 0.43529412 0.89019608 0.96078431
v -0.00122116 0.04338539 0.10531361 0.43529412 0.89019608 0.96078431
v -0.00122116 0.04509986 0.10133124 0.43529412 0.89019608 0.96078431
v -0.00122116 0.04684273 0.09280854 0.43529412 0.89019608 0.96078431
v -0.00122116 0.04734475 0.08419214 0.43529412 0.89019608 0.96078431
v -0.00238343 0.04736370 0.07549907 0.43529412 0.89019608 0.96078431
v 0.00195883 -0.04737667 0.07549907 0.43529412 0.89019608 0.96078431
v 0.00304672 -0.04727248 0.07549907 0.43529412 0.89019608 0.96078431
v 0.00766792 -0.04679887 0.07549907 0.43529412 0.89019608 0.96078431
v 0.01326544 -0.04552961 0.07549907 0.43529412 0.89019608 0.96078431
v 0.01489263 -0.04501811 0.07549907 0.43529412 0.89019608 0.96078431
v 0.00949967 -0.04939424 0.07563962 0.43529412 0.89019608 0.96078431
v 0.03873322 -0.04939424 0.10916395 0.43529412 0.89019608 0.96078431
v 0.03269868 -0.01632699 0.11238391 0.43529412 0.89019608 0.96078431
v 0.02539959 0.00294882 0.11488408 0.43529412 0.89019608 0.96078431
v 0.02135488 0.01287563 0.11544630 0.43529412 0.89019608 0.96078431
v 0.02136417 0.02102167 0.11416427 0.43529412 0.89019608 0.96078431
v 0.02139207 0.02881724 0.11158744 0.43529412 0.89019608 0.96078431
v 0.02141996 0.03236930 0.10950894 0.43529412 0.89019608 0.96078431
v 0.02144786 0.03544774 0.10682137 0.43529412 0.89019608 0.96078431
v 0.02146645 0.03789156 0.10357159 0.43529412 0.89019608 0.96078431
v 0.01717998 0.03990912 0.10418918 0.43529412 0.89019608 0.96078431
v 0.01271685 0.04149097 0.10468324 0.43529412 0.89019608 0.96078431
v 0.00813283 0.04260868 0.10504102 0.43529412 0.89019608 0.96078431
v 0.00346514 0.04324331 0.10525398 0.43529412 0.89019608 0.96078431
v 0.00346514 0.04495777 0.10128439 0.43529412 0.89019608 0.96078431
v 0.00346514 0.04671012 0.09277447 0.43529412 0.89019608 0.96078431
v 0.00346514 0.04723109 0.08417510 0.43529412 0.89019608 0.96078431
v 0.00334426 0.04729739 0.07549907 0.43529412 0.89019608 0.96078431
v 0.01570157 -0.04469606 0.07549907 0.43529412 0.89019608 0.96078431
v 0.01906752 -0.04335101 0.07549907 0.43529412 0.89019608 0.96078431
v 0.02023909 -0.04287740 0.07549907 0.43529412 0.89019608 0.96078431
v 0.01416737 -0.04939424 0.07607406 0.43529412 0.89019608 0.96078431
v 0.04322425 -0.04939424 0.10549250 0.43529412 0.89019608 0.96078431
v 0.03872392 -0.03408726 0.10910006 0.43529412 0.89019608 0.96078431
v 0.03871462 -0.00629599 0.10879339 0.43529412 0.89019608 0.96078431
v 0.03269868 -0.00124734 0.11210281 0.43529412 0.89019608 0.96078431
v 0.02921186 0.00873630 0.11301002 0.43529412 0.89019608 0.96078431
v 0.02540889 0.01095278 0.11430909 0.43529412 0.89019608 0.96078431
v 0.02542749 0.01890938 0.11306113 0.43529412 0.89019608 0.96078431
v 0.02546468 0.02651551 0.11055671 0.43529412 0.89019608 0.96078431
v 0.02549258 0.02999179 0.10855062 0.43529412 0.89019608 0.96078431
v 0.02552047 0.03302287 0.10596527 0.43529412 0.89019608 0.96078431
v 0.02554837 0.03545721 0.10283474 0.43529412 0.89019608 0.96078431
v 0.02148505 0.03964390 0.09987885 0.43529412 0.89019608 0.96078431
v 0.02556696 0.03720956 0.09926552 0.43529412 0.89019608 0.96078431
v 0.01718928 0.04165200 0.10039847 0.43529412 0.89019608 0.96078431
v 0.01272614 0.04322437 0.10080735 0.43529412 0.89019608 0.96078431
v 0.00813283 0.04433261 0.10110550 0.43529412 0.89019608 0.96078431
v 0.00814213 0.04610390 0.09265947 0.43529412 0.89019608 0.96078431
v 0.00813283 0.04663434 0.08411973 0.43529412 0.89019608 0.96078431
v 0.00908125 0.04653962 0.07549907 0.43529412 0.89019608 0.96078431
v 0.02491609 -0.04031993 0.07549907 0.43529412 0.89019608 0.96078431
v 0.02527872 -0.04012101 0.07549907 0.43529412 0.89019608 0.96078431
v 0.01579455 -0.04939424 0.07624869 0.43529412 0.89019608 0.96078431
v 0.04484213 -0.04939424 0.10350770 0.43529412 0.89019608 0.96078431
v 0.04321495 -0.03701415 0.10541158 0.43529412 0.89019608 0.96078431
v 0.04116934 -0.00907133 0.10698323 0.43529412 0.89019608 0.96078431
v 0.04118794 -0.00248819 0.10651897 0.43529412 0.89019608 0.96078431
v 0.03873322 0.00060920 0.10830359 0.43529412 0.89019608 0.96078431
v 0.03590656 0.00353609 0.10999023 0.43529412 0.89019608 0.96078431
v 0.03271728 0.00625460 0.11156614 0.43529412 0.89019608 0.96078431
v 0.03274517 0.01372812 0.11039912 0.43529412 0.89019608 0.96078431
v 0.02923045 0.01645609 0.11180040 0.43529412 0.89019608 0.96078431
v 0.02927694 0.02385384 0.10938543 0.43529412 0.89019608 0.96078431
v 0.02931414 0.02724487 0.10745600 0.43529412 0.89019608 0.96078431
v 0.02935133 0.03021912 0.10498565 0.43529412 0.89019608 0.96078431
v 0.02937922 0.03263452 0.10198716 0.43529412 0.89019608 0.96078431
v 0.02939782 0.03439634 0.09855849 0.43529412 0.89019608 0.96078431
v 0.02556696 0.03909451 0.09146689 0.43529412 0.89019608 0.96078431
v 0.02148505 0.04149097 0.09186725 0.43529412 0.89019608 0.96078431
v 0.02940712 0.03629076 0.09100689 0.43529412 0.89019608 0.96078431
v 0.01719858 0.04347065 0.09220373 0.43529412 0.89019608 0.96078431
v 0.01272614 0.04501460 0.09246780 0.43529412 0.89019608 0.96078431
v 0.01272614 0.04558293 0.08402177 0.43529412 0.89019608 0.96078431
v 0.01342351 0.04547874 0.07549907 0.43529412 0.89019608 0.96078431
v 0.02667345 -0.03920221 0.07549907 0.43529412 0.89019608 0.96078431
v 0.02250785 -0.04939424 0.07783312 0.43529412 0.89019608 0.96078431
v 0.04552090 -0.04939424 0.10231512 0.43529412 0.89019608 0.96078431
v 0.04483284 -0.03852969 0.10343529 0.43529412 0.89019608 0.96078431
v 0.04321495 -0.01196033 0.10508361 0.43529412 0.89019608 0.96078431
v 0.04323355 -0.00572766 0.10464917 0.43529412 0.89019608 0.96078431
v 0.04328004 0.00046712 0.10370788 0.43529412 0.89019608 0.96078431
v 0.04122513 0.00405706 0.10551379 0.43529412 0.89019608 0.96078431
v 0.03877041 0.00748597 0.10724304 0.43529412 0.89019608 0.96078431
v 0.03593446 0.01071598 0.10887432 0.43529412 0.89019608 0.96078431
v 0.03599025 0.01761170 0.10666379 0.43529412 0.89019608 0.96078431
v 0.03279166 0.02087959 0.10808211 0.43529412 0.89019608 0.96078431
v 0.03283816 0.02416642 0.10624212 0.43529412 0.89019608 0.96078431
v 0.03287535 0.02707437 0.10389103 0.43529412 0.89019608 0.96078431
v 0.03291254 0.02946134 0.10104587 0.43529412 0.89019608 0.96078431
v 0.03293114 0.03122317 0.09776627 0.43529412 0.89019608 0.96078431
v 0.03294044 0.03313654 0.09049152 0.43529412 0.89019608 0.96078431
v 0.02556696 0.03974809 0.08351492 0.43529412 0.89019608 0.96078431
v 0.02940712 0.03698223 0.08328492 0.43529412 0.89019608 0.96078431
v 0.02148505 0.04211613 0.08371936 0.43529412 0.89019608 0.96078431
v 0.03294973 0.03386589 0.08302511 0.43529412 0.89019608 0.96078431
v 0.01718928 0.04406739 0.08388547 0.43529412 0.89019608 0.96078431
v 0.01881647 0.04352748 0.07549907 0.43529412 0.89019608 0.96078431
v 0.02977905 -0.03680576 0.07549907 0.43529412 0.89019608 0.96078431
v 0.03124816 -0.03566911 0.07549907 0.43529412 0.89019608 0.96078431
v 0.02940712 -0.04939424 0.08049087 0.43529412 0.89019608 0.96078431
v 0.04601371 -0.04939424 0.10143772 0.43529412 0.89019608 0.96078431
v 0.04600441 -0.04006418 0.10138235 0.43529412 0.89019608 0.96078431
v 0.04601371 -0.01798462 0.10109272 0.43529412 0.89019608 0.96078431
v 0.04483284 -0.01494406 0.10311585 0.43529412 0.89019608 0.96078431
v 0.04490722 -0.00322702 0.10183809 0.43529412 0.89019608 0.96078431
v 0.04499091 0.00238050 0.10011736 0.43529412 0.89019608 0.96078431
v 0.04336372 0.00643457 0.10185512 0.43529412 0.89019608 0.96078431
v 0.04129952 0.01034656 0.10353326 0.43529412 0.89019608 0.96078431
v 0.03883550 0.01408806 0.10514324 0.43529412 0.89019608 0.96078431
v 0.03603674 0.02078486 0.10491750 0.43529412 0.89019608 0.96078431
v 0.03608323 0.02361704 0.10269845 0.43529412 0.89019608 0.96078431
v 0.03612972 0.02597560 0.10001514 0.43529412 0.89019608 0.96078431
v 0.03614832 0.02772794 0.09690165 0.43529412 0.89019608 0.96078431
v 0.03615761 0.02965079 0.08992079 0.43529412 0.89019608 0.96078431
v 0.02771485 0.03846936 0.07549907 0.43529412 0.89019608 0.96078431
v 0.02552977 0.03989965 0.07549907 0.43529412 0.89019608 0.96078431
v 0.02397697 0.04091317 0.07549907 0.43529412 0.89019608 0.96078431
v 0.03216869 0.03484152 0.07549907 0.43529412 0.89019608 0.96078431
v 0.03616691 0.03066431 0.07549907 0.43529412 0.89019608 0.96078431
v 0.03533007 -0.03163397 0.07549907 0.43529412 0.89019608 0.96078431
v 0.03634358 -0.04939424 0.08466491 0.43529412 0.89019608 0.96078431
v 0.03814743 -0.02816717 0.07549907 0.43529412 0.89019608 0.96078431
v 0.04646932 -0.04939424 0.10012588 0.43529412 0.89019608 0.96078431
v 0.04673897 -0.04157972 0.09927403 0.43529412 0.89019608 0.96078431
v 0.04674827 -0.02105359 0.09903126 0.43529412 0.89019608 0.96078431
v 0.04682265 -0.01085209 0.09797497 0.43529412 0.89019608 0.96078431
v 0.04608809 -0.00702534 0.09992144 0.43529412 0.89019608 0.96078431
v 0.04618108 -0.00174937 0.09833275 0.43529412 0.89019608 0.96078431
v 0.04631125 0.00300566 0.09564944 0.43529412 0.89019608 0.96078431
v 0.04511178 0.00743861 0.09716572 0.43529412 0.89019608 0.96078431
v 0.04347530 0.01174844 0.09863941 0.43529412 0.89019608 0.96078431
v 0.04141110 0.01590672 0.10006199 0.43529412 0.89019608 0.96078431
v 0.03894707 0.01987554 0.10142069 0.43529412 0.89019608 0.96078431
v 0.03898427 0.02219621 0.09890348 0.43529412 0.89019608 0.96078431
v 0.03901216 0.02393908 0.09596036 0.43529412 0.89019608 0.96078431
v 0.03902146 0.02586193 0.08930746 0.43529412 0.89019608 0.96078431
v 0.03889129 0.02713120 0.07549907 0.43529412 0.89019608 0.96078431
v 0.03646445 -0.04939424 0.08475861 0.43529412 0.89019608 0.96078431
v 0.03932830 -0.02642429 0.07549907 0.43529412 0.89019608 0.96078431
v 0.04034180 -0.02491822 0.07549907 0.43529412 0.89019608 0.96078431
v 0.04673897 -0.04939424 0.09930385 0.43529412 0.89019608 0.96078431
v 0.04699002 -0.04145658 0.09752776 0.43529412 0.89019608 0.96078431
v 0.04700862 -0.02352582 0.09725942 0.43529412 0.89019608 0.96078431
v 0.04691563 -0.04939424 0.09809423 0.43529412 0.89019608 0.96078431
v 0.04702721 -0.01873291 0.09705924 0.43529412 0.89019608 0.96078431
v 0.04708300 -0.01394001 0.09638628 0.43529412 0.89019608 0.96078431
v 0.04712019 -0.01196980 0.09583684 0.43529412 0.89019608 0.96078431
v 0.04715739 -0.00985752 0.09524907 0.43529412 0.89019608 0.96078431
v 0.04691563 -0.00594552 0.09652684 0.43529412 0.89019608 0.96078431
v 0.04704581 -0.00146520 0.09409483 0.43529412 0.89019608 0.96078431
v 0.04636704 0.00507058 0.09384353 0.43529412 0.89019608 0.96078431
v 0.04516757 0.00957932 0.09518518 0.43529412 0.89019608 0.96078431
v 0.04353109 0.01395545 0.09647999 0.43529412 0.89019608 0.96078431
v 0.04145759 0.01818002 0.09771942 0.43529412 0.89019608 0.96078431
v 0.04148548 0.01989448 0.09495945 0.43529412 0.89019608 0.96078431
v 0.04149478 0.02182680 0.08864728 0.43529412 0.89019608 0.96078431
v 0.04188531 0.02222463 0.07549907 0.43529412 0.89019608 0.96078431
v 0.04144829 0.02294452 0.07549907 0.43529412 0.89019608 0.96078431
v 0.03681779 -0.04939424 0.08506528 0.43529412 0.89019608 0.96078431
v 0.04307548 -0.01982221 0.07549907 0.43529412 0.89019608 0.96078431
v 0.04282442 -0.04939424 0.09082374 0.43529412 0.89019608 0.96078431
v 0.04699002 -0.04278268 0.09753201 0.43529412 0.89019608 0.96078431
v 0.04699002 -0.04939424 0.09754053 0.43529412 0.89019608 0.96078431
v 0.04699002 -0.04538752 0.09753627 0.43529412 0.89019608 0.96078431
v 0.04717598 -0.00935550 0.09501056 0.43529412 0.89019608 0.96078431
v 0.04726897 -0.00619180 0.09350705 0.43529412 0.89019608 0.96078431
v 0.04730616 -0.00514039 0.09276595 0.43529412 0.89019608 0.96078431
v 0.04735265 -0.00351118 0.09162022 0.43529412 0.89019608 0.96078431
v 0.04713879 0.00204897 0.09046597 0.43529412 0.89019608 0.96078431
v 0.04639493 0.00668084 0.09164577 0.43529412 0.89019608 0.96078431
v 0.04519547 0.01122748 0.09279576 0.43529412 0.89019608 0.96078431
v 0.04355898 0.01564149 0.09389890 0.43529412 0.89019608 0.96078431
v 0.04356828 0.01755487 0.08794877 0.43529412 0.89019608 0.96078431
v 0.04348460 0.01871994 0.07549907 0.43529412 0.89019608 0.96078431
v 0.04352179 -0.01867608 0.07549907 0.43529412 0.89019608 0.96078431
v 0.04329863 -0.04939424 0.09130929 0.43529412 0.89019608 0.96078431
v 0.04684125 -0.04939424 0.09714442 0.43529412 0.89019608 0.96078431
v 0.04631125 -0.01017010 0.07549907 0.43529412 0.89019608 0.96078431
v 0.04720388 -0.00447734 0.07549907 0.43529412 0.89019608 0.96078431
v 0.04727826 -0.00226086 0.07549907 0.43529412 0.89019608 0.96078431
v 0.04739914 0.00134803 0.07549907 0.43529412 0.89019608 0.96078431
v 0.04739914 -0.00587922 0.08305492 0.43529412 0.89019608 0.96078431
v 0.04739914 -0.00173041 0.08953746 0.43529412 0.89019608 0.96078431
v 0.04740844 -0.00043273 0.08673489 0.43529412 0.89019608 0.96078431
v 0.04715739 0.00385815 0.08567434 0.43529412 0.89019608 0.96078431
v 0.04641353 0.00853739 0.08645804 0.43529412 0.89019608 0.96078431
v 0.04521406 0.01312190 0.08722044 0.43529412 0.89019608 0.96078431
v 0.04428424 0.01695812 0.07549907 0.43529412 0.89019608 0.96078431
v 0.04515827 -0.01447045 0.07549907 0.43529412 0.89019608 0.96078431
v 0.04566967 -0.04939424 0.09469537 0.43529412 0.89019608 0.96078431
v 0.04687844 0.00710709 0.07549907 0.43529412 0.89019608 0.96078431
v 0.04739914 0.00134803 0.07551185 0.43529412 0.89019608 0.96078431
v 0.04741774 0.00054290 0.08253530 0.43529412 0.89019608 0.96078431
v 0.04631125 0.00977824 0.07549907 0.43529412 0.89019608 0.96078431
v 0.04567897 0.01271460 0.07549907 0.43529412 0.89019608 0.96078431
v -0.04741236 -0.10961390 0.05849064 0.38039216 0.78823529 0.52549020
v -0.04737523 -0.10931793 0.07205157 0.38039216 0.78823529 0.52549020
v -0.04740308 -0.10743357 0.07205157 0.38039216 0.78823529 0.52549020
v -0.04740308 -0.10724612 0.07205157 0.38039216 0.78823529 0.52549020
v -0.04740308 -0.10754209 0.06487051 0.38039216 0.78823529 0.52549020
v -0.04738452 -0.10739410 0.04184916 0.38039216 0.78823529 0.52549020
v -0.04726384 -0.11147853 0.04184916 0.38039216 0.78823529 0.52549020
v -0.04733810 -0.11161665 0.05849064 0.38039216 0.78823529 0.52549020
v -0.04734739 -0.11132068 0.06831470 0.38039216 0.78823529 0.52549020
v -0.04734739 -0.11109377 0.07205157 0.38039216 0.78823529 0.52549020
v -0.04736595 -0.10681203 0.04998512 0.38039216 0.78823529 0.52549020
v -0.04723599 -0.10577612 0.07205157 0.38039216 0.78823529 0.52549020
v -0.04686468 -0.10166210 0.05849064 0.38039216 0.78823529 0.52549020
v -0.04712460 -0.10430612 0.05849064 0.38039216 0.78823529 0.52549020
v -0.04736595 -0.10680216 0.05849064 0.38039216 0.78823529 0.52549020
v -0.04736595 -0.10680216 0.05423936 0.38039216 0.78823529 0.52549020
v -0.04679042 -0.10248095 0.04184916 0.38039216 0.78823529 0.52549020
v -0.04685540 -0.11502034 0.04184916 0.38039216 0.78823529 0.52549020
v -0.04685540 -0.11598718 0.06906858 0.38039216 0.78823529 0.52549020
v -0.04686468 -0.11578000 0.07205157 0.38039216 0.78823529 0.52549020
v -0.04698536 -0.10366485 0.07205157 0.38039216 0.78823529 0.52549020
v -0.04641911 -0.10011317 0.07205157 0.38039216 0.78823529 0.52549020
v -0.04648409 -0.09950149 0.05423936 0.38039216 0.78823529 0.52549020
v -0.04627987 -0.09913646 0.04184916 0.38039216 0.78823529 0.52549020
v -0.04659549 -0.11705269 0.04184916 0.38039216 0.78823529 0.52549020
v -0.04640983 -0.11837470 0.04986391 0.38039216 0.78823529 0.52549020
v -0.04606637 -0.12006175 0.05415362 0.38039216 0.78823529 0.52549020
v -0.04590856 -0.12059450 0.06981063 0.38039216 0.78823529 0.52549020
v -0.04590856 -0.12042678 0.07205157 0.38039216 0.78823529 0.52549020
v -0.04575075 -0.09690680 0.07205157 0.38039216 0.78823529 0.52549020
v -0.04555582 -0.09572291 0.05849064 0.38039216 0.78823529 0.52549020
v -0.04576004 -0.09644311 0.04998512 0.38039216 0.78823529 0.52549020
v -0.04531447 -0.09511123 0.04184916 0.38039216 0.78823529 0.52549020
v -0.04625203 -0.11906530 0.04184916 0.38039216 0.78823529 0.52549020
v -0.04607565 -0.11984470 0.04184916 0.38039216 0.78823529 0.52549020
v -0.04588072 -0.12066356 0.04184916 0.38039216 0.78823529 0.52549020
v -0.04543514 -0.12243939 0.04184916 0.38039216 0.78823529 0.52549020
v -0.04560223 -0.12183758 0.04997921 0.38039216 0.78823529 0.52549020
v -0.04556510 -0.12196584 0.05849064 0.38039216 0.78823529 0.52549020
v -0.04449759 -0.12508342 0.07054086 0.38039216 0.78823529 0.52549020
v -0.04449759 -0.12502422 0.07205157 0.38039216 0.78823529 0.52549020
v -0.04379211 -0.09035593 0.07205157 0.38039216 0.78823529 0.52549020
v -0.04383852 -0.09079989 0.05423936 0.38039216 0.78823529 0.52549020
v -0.04297522 -0.08918191 0.04184916 0.38039216 0.78823529 0.52549020
v -0.04399632 -0.12667181 0.04184916 0.38039216 0.78823529 0.52549020
v -0.04393135 -0.12683952 0.04184916 0.38039216 0.78823529 0.52549020
v -0.04315159 -0.12850684 0.05418614 0.38039216 0.78823529 0.52549020
v -0.04265962 -0.12940462 0.07124743 0.38039216 0.78823529 0.52549020
v -0.04265962 -0.12937503 0.07205157 0.38039216 0.78823529 0.52549020
v -0.04211193 -0.08586701 0.07205157 0.38039216 0.78823529 0.52549020
v -0.04139716 -0.08582755 0.04184916 0.38039216 0.78823529 0.52549020
v -0.04332797 -0.12810234 0.04184916 0.38039216 0.78823529 0.52549020
v -0.04043176 -0.13395274 0.04184916 0.38039216 0.78823529 0.52549020
v -0.04157354 -0.13165402 0.05849064 0.38039216 0.78823529 0.52549020
v -0.04241826 -0.12981899 0.07205157 0.38039216 0.78823529 0.52549020
v -0.04039463 -0.13353838 0.07192444 0.38039216 0.78823529 0.52549020
v -0.04022754 -0.08209829 0.07205157 0.38039216 0.78823529 0.52549020
v -0.03949421 -0.08090453 0.07205157 0.38039216 0.78823529 0.52549020
v -0.03600390 -0.07568554 0.07205157 0.38039216 0.78823529 0.52549020
v -0.03758197 -0.08022379 0.04184916 0.38039216 0.78823529 0.52549020
v -0.04034821 -0.13409086 0.04184916 0.38039216 0.78823529 0.52549020
v -0.04035750 -0.13359757 0.07205157 0.38039216 0.78823529 0.52549020
v -0.03294989 -0.07207467 0.07205157 0.38039216 0.78823529 0.52549020
v -0.03554905 -0.07753044 0.04184916 0.38039216 0.78823529 0.52549020
v -0.04012543 -0.13443617 0.04184916 0.38039216 0.78823529 0.52549020
v -0.03773049 -0.13743535 0.07205157 0.38039216 0.78823529 0.52549020
v -0.02935748 -0.06815796 0.07205157 0.38039216 0.78823529 0.52549020
v -0.03459293 -0.07661292 0.04184916 0.38039216 0.78823529 0.52549020
v -0.03551192 -0.14091797 0.04184916 0.38039216 0.78823529 0.52549020
v -0.03765623 -0.13753401 0.07205157 0.38039216 0.78823529 0.52549020
v -0.02924609 -0.06806917 0.07205157 0.38039216 0.78823529 0.52549020
v -0.02868912 -0.07114729 0.04184916 0.38039216 0.78823529 0.52549020
v -0.03101908 -0.07318950 0.04184916 0.38039216 0.78823529 0.52549020
v -0.03402669 -0.07607031 0.04184916 0.38039216 0.78823529 0.52549020
v -0.02963596 -0.14705448 0.04184916 0.38039216 0.78823529 0.52549020
v -0.03469504 -0.14105609 0.07205157 0.38039216 0.78823529 0.52549020
v -0.03476002 -0.14098703 0.07205157 0.38039216 0.78823529 0.52549020
v -0.02265536 -0.06284032 0.07205157 0.38039216 0.78823529 0.52549020
v -0.02729672 -0.07027910 0.04184916 0.38039216 0.78823529 0.52549020
v -0.02828997 -0.14821863 0.04184916 0.38039216 0.78823529 0.52549020
v -0.03129757 -0.14434139 0.07205157 0.38039216 0.78823529 0.52549020
v -0.03147394 -0.14418354 0.07205157 0.38039216 0.78823529 0.52549020
v -0.01592539 -0.05916039 0.07205157 0.38039216 0.78823529 0.52549020
v -0.01992624 -0.06584938 0.04184916 0.38039216 0.78823529 0.52549020
v -0.02247899 -0.06729964 0.04184916 0.38039216 0.78823529 0.52549020
v -0.02764946 -0.14730111 0.07205157 0.38039216 0.78823529 0.52549020
v -0.02799292 -0.14842581 0.04184916 0.38039216 0.78823529 0.52549020
v -0.00931609 -0.05677287 0.07205157 0.38039216 0.78823529 0.52549020
v -0.01288994 -0.06342240 0.04184916 0.38039216 0.78823529 0.52549020
v -0.02399207 -0.14965903 0.07205157 0.38039216 0.78823529 0.52549020
v -0.02430768 -0.15071467 0.04184916 0.38039216 0.78823529 0.52549020
v -0.00292958 -0.05577643 0.07205157 0.38039216 0.78823529 0.52549020
v -0.01021652 -0.06256408 0.04184916 0.38039216 0.78823529 0.52549020
v -0.02364861 -0.14984649 0.07205157 0.38039216 0.78823529 0.52549020
v -0.02320304 -0.15123755 0.04184916 0.38039216 0.78823529 0.52549020
v -0.01932286 -0.15212548 0.07205157 0.38039216 0.78823529 0.52549020
v 0.00328984 -0.05555938 0.07205157 0.38039216 0.78823529 0.52549020
v -0.00000553 -0.06144924 0.04184916 0.38039216 0.78823529 0.52549020
v -0.00324520 -0.06179455 0.04184916 0.38039216 0.78823529 0.52549020
v -0.00968740 -0.06250488 0.04184916 0.38039216 0.78823529 0.52549020
v -0.02026970 -0.15218467 0.04184916 0.38039216 0.78823529 0.52549020
v -0.02077097 -0.15229319 0.04286615 0.38039216 0.78823529 0.52549020
v -0.01559121 -0.15359547 0.07205157 0.38039216 0.78823529 0.52549020
v 0.00379110 -0.05561858 0.07205157 0.38039216 0.78823529 0.52549020
v 0.01018689 -0.06256408 0.04184916 0.38039216 0.78823529 0.52549020
v 0.00851601 -0.06237663 0.04184916 0.38039216 0.78823529 0.52549020
v -0.02013974 -0.15222413 0.04184916 0.38039216 0.78823529 0.52549020
v -0.01688151 -0.15364480 0.04410192 0.38039216 0.78823529 0.52549020
v -0.01021652 -0.15515427 0.07205157 0.38039216 0.78823529 0.52549020
v 0.00943499 -0.05638811 0.07205157 0.38039216 0.78823529 0.52549020
v 0.01286960 -0.06341253 0.04184916 0.38039216 0.78823529 0.52549020
v 0.00955567 -0.05640784 0.07205157 0.38039216 0.78823529 0.52549020
v 0.01444766 -0.05774958 0.07205157 0.38039216 0.78823529 0.52549020
v -0.01925788 -0.15236225 0.04184916 0.38039216 0.78823529 0.52549020
v -0.01282496 -0.15473990 0.04505388 0.38039216 0.78823529 0.52549020
v -0.01330766 -0.15461165 0.04695187 0.38039216 0.78823529 0.52549020
v -0.01014226 -0.15517399 0.07205157 0.38039216 0.78823529 0.52549020
v 0.01739028 -0.06497132 0.04184916 0.38039216 0.78823529 0.52549020
v 0.01589576 -0.05823301 0.07205157 0.38039216 0.78823529 0.52549020
v -0.01660303 -0.15275688 0.04184916 0.38039216 0.78823529 0.52549020
v -0.01595324 -0.15297393 0.04208271 0.38039216 0.78823529 0.52549020
v -0.00864774 -0.15554890 0.04573089 0.38039216 0.78823529 0.52549020
v -0.00761736 -0.15578568 0.04773236 0.38039216 0.78823529 0.52549020
v -0.00792369 -0.15572648 0.04769097 0.38039216 0.78823529 0.52549020
v -0.00648486 -0.15582513 0.07205157 0.38039216 0.78823529 0.52549020
v 0.01990590 -0.06583951 0.04184916 0.38039216 0.78823529 0.52549020
v 0.01871771 -0.05957475 0.07205157 0.38039216 0.78823529 0.52549020
v -0.01635239 -0.15276676 0.04184916 0.38039216 0.78823529 0.52549020
v -0.00818360 -0.15469057 0.04388315 0.38039216 0.78823529 0.52549020
v -0.00440554 -0.15605205 0.04614183 0.38039216 0.78823529 0.52549020
v -0.00456334 -0.15607178 0.04791566 0.38039216 0.78823529 0.52549020
v -0.00182494 -0.15632829 0.04808121 0.38039216 0.78823529 0.52549020
v -0.00591862 -0.15587447 0.07205157 0.38039216 0.78823529 0.52549020
v 0.02245865 -0.06727991 0.04184916 0.38039216 0.78823529 0.52549020
v 0.02220801 -0.06160710 0.07205157 0.38039216 0.78823529 0.52549020
v -0.01383678 -0.15279635 0.04184916 0.38039216 0.78823529 0.52549020
v -0.00416419 -0.15515427 0.04435026 0.38039216 0.78823529 0.52549020
v -0.00007051 -0.15622963 0.04629260 0.38039216 0.78823529 0.52549020
v 0.00010586 -0.15634803 0.04827042 0.38039216 0.78823529 0.52549020
v -0.00092452 -0.15624936 0.07205157 0.38039216 0.78823529 0.52549020
v -0.00121228 -0.15622963 0.07205157 0.38039216 0.78823529 0.52549020
v 0.02865950 -0.07111769 0.04184916 0.38039216 0.78823529 0.52549020
v 0.02571688 -0.06392555 0.07205157 0.38039216 0.78823529 0.52549020
v 0.01644345 -0.15266809 0.04184916 0.38039216 0.78823529 0.52549020
v 0.00401389 -0.15516413 0.04438278 0.38039216 0.78823529 0.52549020
v -0.00006122 -0.15531211 0.04451877 0.38039216 0.78823529 0.52549020
v 0.00423667 -0.15606192 0.04617139 0.38039216 0.78823529 0.52549020
v 0.00391178 -0.15620991 0.04802209 0.38039216 0.78823529 0.52549020
v 0.00302064 -0.15617044 0.07205157 0.38039216 0.78823529 0.52549020
v 0.02825106 -0.06600723 0.07205157 0.38039216 0.78823529 0.52549020
v 0.03099874 -0.07315990 0.04184916 0.38039216 0.78823529 0.52549020
v 0.01684260 -0.15265823 0.04184916 0.38039216 0.78823529 0.52549020
v 0.01583079 -0.15299367 0.04220392 0.38039216 0.78823529 0.52549020
v 0.00803330 -0.15471031 0.04394819 0.38039216 0.78823529 0.52549020
v 0.00847888 -0.15556863 0.04579002 0.38039216 0.78823529 0.52549020
v 0.00438520 -0.15615071 0.04798365 0.38039216 0.78823529 0.52549020
v 0.00328984 -0.15616057 0.07205157 0.38039216 0.78823529 0.52549020
v 0.03122153 -0.06876964 0.07205157 0.38039216 0.78823529 0.52549020
v 0.03451689 -0.07652413 0.04184916 0.38039216 0.78823529 0.52549020
v 0.02011012 -0.15216494 0.04184916 0.38039216 0.78823529 0.52549020
v 0.01631349 -0.15346722 0.04317362 0.38039216 0.78823529 0.52549020
v 0.00882234 -0.15558836 0.04764071 0.38039216 0.78823529 0.52549020
v 0.00813541 -0.15567715 0.04769393 0.38039216 0.78823529 0.52549020
v 0.01267466 -0.15476950 0.04513666 0.38039216 0.78823529 0.52549020
v 0.00717001 -0.15565742 0.07205157 0.38039216 0.78823529 0.52549020
v 0.03384854 -0.07174910 0.07205157 0.38039216 0.78823529 0.52549020
v 0.03553800 -0.07750084 0.04184916 0.38039216 0.78823529 0.52549020
v 0.02028649 -0.15212548 0.04184916 0.38039216 0.78823529 0.52549020
v 0.02014725 -0.15219454 0.04191420 0.38039216 0.78823529 0.52549020
v 0.01674049 -0.15367440 0.04421131 0.38039216 0.78823529 0.52549020
v 0.00835820 -0.15545024 0.07205157 0.38039216 0.78823529 0.52549020
v 0.00814470 -0.15548971 0.07205157 0.38039216 0.78823529 0.52549020
v 0.01434555 -0.15432554 0.04680997 0.38039216 0.78823529 0.52549020
v 0.01279534 -0.15447353 0.07205157 0.38039216 0.78823529 0.52549020
v 0.03552871 -0.07393930 0.07205157 0.38039216 0.78823529 0.52549020
v 0.03757091 -0.08018433 0.04184916 0.38039216 0.78823529 0.52549020
v 0.02073206 -0.15198736 0.04184916 0.38039216 0.78823529 0.52549020
v 0.02344261 -0.15110930 0.04184916 0.38039216 0.78823529 0.52549020
v 0.02066708 -0.15231292 0.04299328 0.38039216 0.78823529 0.52549020
v 0.01643416 -0.15324030 0.07205157 0.38039216 0.78823529 0.52549020
v 0.03900045 -0.07944440 0.07205157 0.38039216 0.78823529 0.52549020
v 0.04138611 -0.08579795 0.04184916 0.38039216 0.78823529 0.52549020
v 0.03910255 -0.08243372 0.04184916 0.38039216 0.78823529 0.52549020
v 0.02435232 -0.15067521 0.04184916 0.38039216 0.78823529 0.52549020
v 0.02172531 -0.15091199 0.07205157 0.38039216 0.78823529 0.52549020
v 0.01733459 -0.15287527 0.07205157 0.38039216 0.78823529 0.52549020
v 0.03906543 -0.07955292 0.07205157 0.38039216 0.78823529 0.52549020
v 0.04181311 -0.08505802 0.07205157 0.38039216 0.78823529 0.52549020
v 0.04297345 -0.08914244 0.04184916 0.38039216 0.78823529 0.52549020
v 0.02623671 -0.14951105 0.04184916 0.38039216 0.78823529 0.52549020
v 0.02517848 -0.14890924 0.07205157 0.38039216 0.78823529 0.52549020
v 0.04534982 -0.09499284 0.05849064 0.38039216 0.78823529 0.52549020
v 0.04531269 -0.09506190 0.04184916 0.38039216 0.78823529 0.52549020
v 0.04448654 -0.09297036 0.04184916 0.38039216 0.78823529 0.52549020
v 0.04488569 -0.09401613 0.07205157 0.38039216 0.78823529 0.52549020
v 0.02813967 -0.14829756 0.04184916 0.38039216 0.78823529 0.52549020
v 0.02558692 -0.14862313 0.07205157 0.38039216 0.78823529 0.52549020
v 0.04612029 -0.09781445 0.05423936 0.38039216 0.78823529 0.52549020
v 0.04576755 -0.09645297 0.04998512 0.38039216 0.78823529 0.52549020
v 0.04639877 -0.09984680 0.04184916 0.38039216 0.78823529 0.52549020
v 0.04505278 -0.09471660 0.07205157 0.38039216 0.78823529 0.52549020
v 0.04612029 -0.09857411 0.06406638 0.38039216 0.78823529 0.52549020
v 0.02879874 -0.14780427 0.04184916 0.38039216 0.78823529 0.52549020
v 0.02967132 -0.14570286 0.07205157 0.38039216 0.78823529 0.52549020
v 0.04674223 -0.10085310 0.05849064 0.38039216 0.78823529 0.52549020
v 0.04678865 -0.10235270 0.04184916 0.38039216 0.78823529 0.52549020
v 0.04669582 -0.10259935 0.07205157 0.38039216 0.78823529 0.52549020
v 0.02886372 -0.14775495 0.04184916 0.38039216 0.78823529 0.52549020
v 0.02972701 -0.14700514 0.04184916 0.38039216 0.78823529 0.52549020
v 0.03283673 -0.14290099 0.07205157 0.38039216 0.78823529 0.52549020
v 0.04738274 -0.10681203 0.05849064 0.38039216 0.78823529 0.52549020
v 0.04716924 -0.10481914 0.04184916 0.38039216 0.78823529 0.52549020
v 0.04741988 -0.10979148 0.07205157 0.38039216 0.78823529 0.52549020
v 0.03243757 -0.14419340 0.04184916 0.38039216 0.78823529 0.52549020
v 0.03560297 -0.14085878 0.04184916 0.38039216 0.78823529 0.52549020
v 0.03297597 -0.14275300 0.07205157 0.38039216 0.78823529 0.52549020
v 0.04739202 -0.10740397 0.04184916 0.38039216 0.78823529 0.52549020
v 0.04738274 -0.10681203 0.04998512 0.38039216 0.78823529 0.52549020
v 0.04741059 -0.11005786 0.05849064 0.38039216 0.78823529 0.52549020
v 0.04741059 -0.10920941 0.05003538 0.38039216 0.78823529 0.52549020
v 0.04715995 -0.11353061 0.07205157 0.38039216 0.78823529 0.52549020
v 0.04715995 -0.11375752 0.06870198 0.38039216 0.78823529 0.52549020
v 0.04734561 -0.11161665 0.05849064 0.38039216 0.78823529 0.52549020
v 0.04738274 -0.11083726 0.05849064 0.38039216 0.78823529 0.52549020
v 0.03631774 -0.13916187 0.07205157 0.38039216 0.78823529 0.52549020
v 0.03619707 -0.13929998 0.07205157 0.38039216 0.78823529 0.52549020
v 0.04021649 -0.13434737 0.04184916 0.38039216 0.78823529 0.52549020
v 0.03838779 -0.13671515 0.05849064 0.38039216 0.78823529 0.52549020
v 0.03905614 -0.13556086 0.07205157 0.38039216 0.78823529 0.52549020
v 0.04739202 -0.10798605 0.04184916 0.38039216 0.78823529 0.52549020
v 0.04732705 -0.11033410 0.04184916 0.38039216 0.78823529 0.52549020
v 0.04643590 -0.11819712 0.07205157 0.38039216 0.78823529 0.52549020
v 0.04642662 -0.11838456 0.06943812 0.38039216 0.78823529 0.52549020
v 0.04676080 -0.11677644 0.05849064 0.38039216 0.78823529 0.52549020
v 0.04674223 -0.11626343 0.04184916 0.38039216 0.78823529 0.52549020
v 0.04704856 -0.11361940 0.04184916 0.38039216 0.78823529 0.52549020
v 0.04725278 -0.11165611 0.04184916 0.38039216 0.78823529 0.52549020
v 0.04729919 -0.11088659 0.04184916 0.38039216 0.78823529 0.52549020
v 0.04037429 -0.13407113 0.04184916 0.38039216 0.78823529 0.52549020
v 0.04153463 -0.13154550 0.07154603 0.38039216 0.78823529 0.52549020
v 0.04137682 -0.13179214 0.07205157 0.38039216 0.78823529 0.52549020
v 0.03963167 -0.13463348 0.07205157 0.38039216 0.78823529 0.52549020
v 0.03907471 -0.13553126 0.07205157 0.38039216 0.78823529 0.52549020
v 0.04524772 -0.12276496 0.07205157 0.38039216 0.78823529 0.52549020
v 0.04523844 -0.12291295 0.07015948 0.38039216 0.78823529 0.52549020
v 0.04588822 -0.12070302 0.04184916 0.38039216 0.78823529 0.52549020
v 0.04560974 -0.12183758 0.05849064 0.38039216 0.78823529 0.52549020
v 0.04622240 -0.11913436 0.04184916 0.38039216 0.78823529 0.52549020
v 0.04639877 -0.11830564 0.04184916 0.38039216 0.78823529 0.52549020
v 0.04070846 -0.13347919 0.04184916 0.38039216 0.78823529 0.52549020
v 0.04153463 -0.13152576 0.07205157 0.38039216 0.78823529 0.52549020
v 0.04357683 -0.12756959 0.05849064 0.38039216 0.78823529 0.52549020
v 0.04360467 -0.12732295 0.07086606 0.38039216 0.78823529 0.52549020
v 0.04327049 -0.12796422 0.07205157 0.38039216 0.78823529 0.52549020
v 0.04479286 -0.12404751 0.07205157 0.38039216 0.78823529 0.52549020
v 0.04431016 -0.12577402 0.05418614 0.38039216 0.78823529 0.52549020
v 0.04545193 -0.12244926 0.04184916 0.38039216 0.78823529 0.52549020
v 0.04560974 -0.12183758 0.04998512 0.38039216 0.78823529 0.52549020
v 0.04390172 -0.12697764 0.04184916 0.38039216 0.78823529 0.52549020
v 0.04360467 -0.12726375 0.07205157 0.38039216 0.78823529 0.52549020
v 0.04403168 -0.12661261 0.04184916 0.38039216 0.78823529 0.52549020
v -0.04738875 -0.10744775 0.04121534 0.56470588 0.92549020 0.07058824
v -0.04727741 -0.10863777 0.02825078 0.56470588 0.92549020 0.07058824
v -0.04722174 -0.11166859 0.03214426 0.56470588 0.92549020 0.07058824
v -0.04725885 -0.11147335 0.04184916 0.56470588 0.92549020 0.07058824
v -0.04737947 -0.10764298 0.04184916 0.56470588 0.92549020 0.07058824
v -0.04737947 -0.10740126 0.04184916 0.56470588 0.92549020 0.07058824
v -0.04691555 -0.10247385 0.03178208 0.56470588 0.92549020 0.07058824
v -0.04658152 -0.10286432 0.01718769 0.56470588 0.92549020 0.07058824
v -0.04707328 -0.10955817 0.02212657 0.56470588 0.92549020 0.07058824
v -0.04702688 -0.10976270 0.02077660 0.56470588 0.92549020 0.07058824
v -0.04691555 -0.11285861 0.02310611 0.56470588 0.92549020 0.07058824
v -0.04219280 -0.15642440 0.00036257 0.56470588 0.92549020 0.07058824
v -0.04678565 -0.11568490 0.03356007 0.56470588 0.92549020 0.07058824
v -0.04724957 -0.11164070 0.04184916 0.56470588 0.92549020 0.07058824
v -0.04679493 -0.10248314 0.04184916 0.56470588 0.92549020 0.07058824
v -0.04654441 -0.10085617 0.04184916 0.56470588 0.92549020 0.07058824
v -0.04627533 -0.09913622 0.04184916 0.56470588 0.92549020 0.07058824
v -0.04463304 -0.09305597 0.02929617 0.56470588 0.92549020 0.07058824
v -0.04430829 -0.09345575 0.01266861 0.56470588 0.92549020 0.07058824
v -0.04589491 -0.10431466 0.00658556 0.56470588 0.92549020 0.07058824
v -0.04402066 -0.09403216 0.00603405 0.56470588 0.92549020 0.07058824
v -0.04681348 -0.11061803 0.01750871 0.56470588 0.92549020 0.07058824
v -0.04668358 -0.11111077 0.01565663 0.56470588 0.92549020 0.07058824
v -0.04662791 -0.11379761 0.01877636 0.56470588 0.92549020 0.07058824
v -0.04104227 -0.15642440 -0.00818169 0.56470588 0.92549020 0.07058824
v -0.04218352 -0.15642440 0.00082353 0.56470588 0.92549020 0.07058824
v -0.04659080 -0.11705156 0.04184916 0.56470588 0.92549020 0.07058824
v -0.04685060 -0.11502481 0.04184916 0.56470588 0.92549020 0.07058824
v -0.04639595 -0.11216133 0.01304726 0.56470588 0.92549020 0.07058824
v -0.04627533 -0.11259829 0.01198540 0.56470588 0.92549020 0.07058824
v -0.04618255 -0.11292369 0.01117872 0.56470588 0.92549020 0.07058824
v -0.04531037 -0.09511061 0.04184916 0.56470588 0.92549020 0.07058824
v -0.04452169 -0.09309316 0.04184916 0.56470588 0.92549020 0.07058824
v -0.04297219 -0.08917912 0.04184916 0.56470588 0.92549020 0.07058824
v -0.04047627 -0.08428889 0.02699136 0.56470588 0.92549020 0.07058824
v -0.04018864 -0.08470726 0.00847056 0.56470588 0.92549020 0.07058824
v -0.03991957 -0.08532086 0.00107047 0.56470588 0.92549020 0.07058824
v -0.04364952 -0.09502694 0.00051897 0.56470588 0.92549020 0.07058824
v -0.04321343 -0.09657954 -0.00392603 0.56470588 0.92549020 0.07058824
v -0.04544027 -0.10571850 0.00272500 0.56470588 0.92549020 0.07058824
v -0.03957626 -0.08639931 -0.00510313 0.56470588 0.92549020 0.07058824
v -0.04058762 -0.15642440 -0.01153190 0.56470588 0.92549020 0.07058824
v -0.04580213 -0.11424386 0.00893153 0.56470588 0.92549020 0.07058824
v -0.04167320 -0.15642440 0.00415728 0.56470588 0.92549020 0.07058824
v -0.04543099 -0.12244382 0.04184916 0.56470588 0.92549020 0.07058824
v -0.04587635 -0.12065880 0.04184916 0.56470588 0.92549020 0.07058824
v -0.04607120 -0.11984066 0.04184916 0.56470588 0.92549020 0.07058824
v -0.04623821 -0.11913409 0.04184916 0.56470588 0.92549020 0.07058824
v -0.04492995 -0.10774525 -0.00025479 0.56470588 0.92549020 0.07058824
v -0.04139485 -0.08583220 0.04184916 0.56470588 0.92549020 0.07058824
v -0.04039277 -0.08435397 0.04184916 0.56470588 0.92549020 0.07058824
v -0.03758138 -0.08022610 0.04184916 0.56470588 0.92549020 0.07058824
v -0.03464010 -0.07656308 0.02495819 0.56470588 0.92549020 0.07058824
v -0.03438031 -0.07699074 0.00477463 0.56470588 0.92549020 0.07058824
v -0.03414835 -0.07764153 -0.00330867 0.56470588 0.92549020 0.07058824
v -0.03386071 -0.07877576 -0.01007493 0.56470588 0.92549020 0.07058824
v -0.03917729 -0.08807278 -0.01010786 0.56470588 0.92549020 0.07058824
v -0.04272167 -0.09882012 -0.00739970 0.56470588 0.92549020 0.07058824
v -0.03873192 -0.09052719 -0.01403426 0.56470588 0.92549020 0.07058824
v -0.03350813 -0.08057938 -0.01556532 0.56470588 0.92549020 0.07058824
v -0.03996596 -0.14257186 -0.01424828 0.56470588 0.92549020 0.07058824
v -0.03773912 -0.14257186 -0.01927771 0.56470588 0.92549020 0.07058824
v -0.03569785 -0.15642440 -0.02250445 0.56470588 0.92549020 0.07058824
v -0.04440107 -0.11048787 -0.00246906 0.56470588 0.92549020 0.07058824
v -0.04386292 -0.11407651 -0.00401657 0.56470588 0.92549020 0.07058824
v -0.04121855 -0.11096202 -0.01306295 0.56470588 0.92549020 0.07058824
v -0.04038349 -0.15642440 0.01224057 0.56470588 0.92549020 0.07058824
v -0.04399282 -0.12667397 0.04184916 0.56470588 0.92549020 0.07058824
v -0.04221135 -0.10188813 -0.00999262 0.56470588 0.92549020 0.07058824
v -0.03554940 -0.07752997 0.04184916 0.56470588 0.92549020 0.07058824
v -0.03102149 -0.07318826 0.04184916 0.56470588 0.92549020 0.07058824
v -0.02734721 -0.07017603 0.02327897 0.56470588 0.92549020 0.07058824
v -0.02714309 -0.07062229 0.00172076 0.56470588 0.92549020 0.07058824
v -0.02695752 -0.07130097 -0.00692228 0.56470588 0.92549020 0.07058824
v -0.02671628 -0.07249099 -0.01416597 0.56470588 0.92549020 0.07058824
v -0.02643792 -0.07438758 -0.02005970 0.56470588 0.92549020 0.07058824
v -0.03312771 -0.08320114 -0.01988684 0.56470588 0.92549020 0.07058824
v -0.03826799 -0.09389270 -0.01698936 0.56470588 0.92549020 0.07058824
v -0.03271946 -0.08682698 -0.02315473 0.56470588 0.92549020 0.07058824
v -0.02613173 -0.07716738 -0.02471047 0.56470588 0.92549020 0.07058824
v -0.04078246 -0.11714453 -0.01379555 0.56470588 0.92549020 0.07058824
v -0.03695973 -0.11071100 -0.02139319 0.56470588 0.92549020 0.07058824
v -0.03635663 -0.12823586 -0.02205995 0.56470588 0.92549020 0.07058824
v -0.03495557 -0.14257186 -0.02390379 0.56470588 0.92549020 0.07058824
v -0.03142047 -0.14257186 -0.02834055 0.56470588 0.92549020 0.07058824
v -0.03341535 -0.15642440 -0.02536900 0.56470588 0.92549020 0.07058824
v -0.04170104 -0.10590444 -0.01183647 0.56470588 0.92549020 0.07058824
v -0.03735870 -0.10388699 -0.02052066 0.56470588 0.92549020 0.07058824
v -0.03528960 -0.15642440 0.02312257 0.56470588 0.92549020 0.07058824
v -0.04043916 -0.13395352 0.04184916 0.56470588 0.92549020 0.07058824
v -0.04332477 -0.12810571 0.04184916 0.56470588 0.92549020 0.07058824
v -0.04374230 -0.12724108 0.04184916 0.56470588 0.92549020 0.07058824
v -0.04392787 -0.12684131 0.04184916 0.56470588 0.92549020 0.07058824
v -0.03780407 -0.09830878 -0.01910485 0.56470588 0.92549020 0.07058824
v -0.02868332 -0.07114292 0.04184916 0.56470588 0.92549020 0.07058824
v -0.02730082 -0.07027830 0.04184916 0.56470588 0.92549020 0.07058824
v -0.02247601 -0.06729395 0.04184916 0.56470588 0.92549020 0.07058824
v -0.01891307 -0.06541596 0.02202779 0.56470588 0.92549020 0.07058824
v -0.01876461 -0.06587152 -0.00054289 0.56470588 0.92549020 0.07058824
v -0.01863471 -0.06656879 -0.00962220 0.56470588 0.92549020 0.07058824
v -0.01846770 -0.06780529 -0.01721984 0.56470588 0.92549020 0.07058824
v -0.02246673 -0.07186809 -0.02188708 0.56470588 0.92549020 0.07058824
v -0.02220693 -0.07470367 -0.02666956 0.56470588 0.92549020 0.07058824
v -0.02580699 -0.08100705 -0.02823355 0.56470588 0.92549020 0.07058824
v -0.03232049 -0.09159634 -0.02550893 0.56470588 0.92549020 0.07058824
v -0.02548224 -0.08606462 -0.03078530 0.56470588 0.92549020 0.07058824
v -0.02191930 -0.07863631 -0.03029964 0.56470588 0.92549020 0.07058824
v -0.03158749 -0.10503982 -0.02809361 0.56470588 0.92549020 0.07058824
v -0.03106789 -0.12405221 -0.02889206 0.56470588 0.92549020 0.07058824
v -0.02790392 -0.15642440 -0.03164138 0.56470588 0.92549020 0.07058824
v -0.03193079 -0.09763940 -0.02710584 0.56470588 0.92549020 0.07058824
v -0.02734721 -0.15642440 0.03212780 0.56470588 0.92549020 0.07058824
v -0.02963900 -0.14705301 0.04184916 0.56470588 0.92549020 0.07058824
v -0.03551228 -0.14091698 0.04184916 0.56470588 0.92549020 0.07058824
v -0.04012369 -0.13442767 0.04184916 0.56470588 0.92549020 0.07058824
v -0.01992442 -0.06585292 0.04184916 0.56470588 0.92549020 0.07058824
v -0.01852337 -0.06536948 0.04184916 0.56470588 0.92549020 0.07058824
v -0.01289133 -0.06342640 0.04184916 0.56470588 0.92549020 0.07058824
v -0.00968097 -0.06246881 0.02126226 0.56470588 0.92549020 0.07058824
v -0.00960675 -0.06292436 -0.00195047 0.56470588 0.92549020 0.07058824
v -0.00953252 -0.06364023 -0.01127672 0.56470588 0.92549020 0.07058824
v -0.01402331 -0.06612253 -0.01831463 0.56470588 0.92549020 0.07058824
v -0.01386557 -0.06811209 -0.02461170 0.56470588 0.92549020 0.07058824
v -0.01826358 -0.06976696 -0.02340991 0.56470588 0.92549020 0.07058824
v -0.01804089 -0.07265833 -0.02829940 0.56470588 0.92549020 0.07058824
v -0.01780893 -0.07665605 -0.03201179 0.56470588 0.92549020 0.07058824
v -0.02164094 -0.08381475 -0.03292548 0.56470588 0.92549020 0.07058824
v -0.02517605 -0.09247956 -0.03252214 0.56470588 0.92549020 0.07058824
v -0.01757697 -0.08193675 -0.03471171 0.56470588 0.92549020 0.07058824
v -0.02489769 -0.10035413 -0.03361692 0.56470588 0.92549020 0.07058824
v -0.02448016 -0.12061231 -0.03451415 0.56470588 0.92549020 0.07058824
v -0.02705030 -0.14257186 -0.03251391 0.56470588 0.92549020 0.07058824
v -0.02722659 -0.15642440 -0.03222581 0.56470588 0.92549020 0.07058824
v -0.02431315 -0.15642440 0.03418566 0.56470588 0.92549020 0.07058824
v -0.02430387 -0.15071604 0.04184916 0.56470588 0.92549020 0.07058824
v -0.02799671 -0.14842897 0.04184916 0.56470588 0.92549020 0.07058824
v -0.02828434 -0.14821514 0.04184916 0.56470588 0.92549020 0.07058824
v -0.01020985 -0.06257108 0.04184916 0.56470588 0.92549020 0.07058824
v -0.00969025 -0.06250600 0.04184916 0.56470588 0.92549020 0.07058824
v -0.00325098 -0.06179013 0.04184916 0.56470588 0.92549020 0.07058824
v -0.00005918 -0.06146473 0.02099885 0.56470588 0.92549020 0.07058824
v -0.00004062 -0.06192958 -0.00241967 0.56470588 0.92549020 0.07058824
v -0.00003135 -0.06264545 -0.01183647 0.56470588 0.92549020 0.07058824
v -0.00475410 -0.06417016 -0.01957404 0.56470588 0.92549020 0.07058824
v -0.00943973 -0.06490462 -0.01909662 0.56470588 0.92549020 0.07058824
v -0.00932839 -0.06691278 -0.02547600 0.56470588 0.92549020 0.07058824
v -0.00920777 -0.06987853 -0.03051366 0.56470588 0.92549020 0.07058824
v -0.01369856 -0.07104065 -0.02958350 0.56470588 0.92549020 0.07058824
v -0.01351299 -0.07510345 -0.03336998 0.56470588 0.92549020 0.07058824
v -0.01333670 -0.08045852 -0.03611929 0.56470588 0.92549020 0.07058824
v -0.01736356 -0.08863989 -0.03655556 0.56470588 0.92549020 0.07058824
v -0.01715944 -0.09686775 -0.03772443 0.56470588 0.92549020 0.07058824
v -0.01699242 -0.10666680 -0.03839118 0.56470588 0.92549020 0.07058824
v -0.01686252 -0.11803704 -0.03869574 0.56470588 0.92549020 0.07058824
v -0.02257807 -0.14257186 -0.03574064 0.56470588 0.92549020 0.07058824
v -0.02424820 -0.14257186 -0.03453885 0.56470588 0.92549020 0.07058824
v -0.02622452 -0.15642440 -0.03295841 0.56470588 0.92549020 0.07058824
v -0.01739140 -0.15642440 0.03843310 0.56470588 0.92549020 0.07058824
v -0.02320901 -0.15123667 0.04184916 0.56470588 0.92549020 0.07058824
v -0.00000351 -0.06145543 0.04184916 0.56470588 0.92549020 0.07058824
v 0.00957189 -0.06244092 0.02126226 0.56470588 0.92549020 0.07058824
v 0.00951622 -0.06290577 -0.00194224 0.56470588 0.92549020 0.07058824
v 0.00946055 -0.06361234 -0.01126850 0.56470588 0.92549020 0.07058824
v 0.00470996 -0.06416086 -0.01956581 0.56470588 0.92549020 0.07058824
v -0.00001279 -0.06391914 -0.01973044 0.56470588 0.92549020 0.07058824
v -0.00468915 -0.06618761 -0.02599459 0.56470588 0.92549020 0.07058824
v -0.00461492 -0.06917195 -0.03106517 0.56470588 0.92549020 0.07058824
v -0.00454069 -0.07329983 -0.03492573 0.56470588 0.92549020 0.07058824
v -0.00907787 -0.07397851 -0.03434129 0.56470588 0.92549020 0.07058824
v -0.00894797 -0.07938937 -0.03713176 0.56470588 0.92549020 0.07058824
v -0.00882735 -0.08626916 -0.03904146 0.56470588 0.92549020 0.07058824
v -0.00871601 -0.09471084 -0.04025149 0.56470588 0.92549020 0.07058824
v -0.00862323 -0.10477021 -0.04094292 0.56470588 0.92549020 0.07058824
v -0.00854900 -0.11645655 -0.04127219 0.56470588 0.92549020 0.07058824
v -0.01204699 -0.14257186 -0.04049843 0.56470588 0.92549020 0.07058824
v -0.01671407 -0.14257186 -0.03876159 0.56470588 0.92549020 0.07058824
v -0.01748418 -0.14257186 -0.03847349 0.56470588 0.92549020 0.07058824
v -0.01904297 -0.15642440 -0.03762565 0.56470588 0.92549020 0.07058824
v -0.01918215 -0.15642440 -0.03754333 0.56470588 0.92549020 0.07058824
v -0.01944194 -0.15642440 -0.03738694 0.56470588 0.92549020 0.07058824
v -0.02037907 -0.15642440 -0.03679427 0.56470588 0.92549020 0.07058824
v -0.01718727 -0.15642440 0.03852365 0.56470588 0.92549020 0.07058824
v -0.02027701 -0.15218496 0.04184916 0.56470588 0.92549020 0.07058824
v -0.01636149 -0.15642440 0.03887760 0.56470588 0.92549020 0.07058824
v 0.00957189 -0.06248740 0.04184916 0.56470588 0.92549020 0.07058824
v 0.01018427 -0.06256178 0.04184916 0.56470588 0.92549020 0.07058824
v 0.01286575 -0.06340781 0.04184916 0.56470588 0.92549020 0.07058824
v 0.01880398 -0.06536018 0.02203602 0.56470588 0.92549020 0.07058824
v 0.01868336 -0.06582503 -0.00052643 0.56470588 0.92549020 0.07058824
v 0.00939560 -0.06488603 -0.01908015 0.56470588 0.92549020 0.07058824
v 0.01857202 -0.06652230 -0.00959751 0.56470588 0.92549020 0.07058824
v 0.01398845 -0.06609464 -0.01828993 0.56470588 0.92549020 0.07058824
v 0.00468213 -0.06617832 -0.02598635 0.56470588 0.92549020 0.07058824
v 0.00000577 -0.06594589 -0.02616745 0.56470588 0.92549020 0.07058824
v 0.00001505 -0.06893023 -0.03124626 0.56470588 0.92549020 0.07058824
v 0.00003360 -0.07306740 -0.03511505 0.56470588 0.92549020 0.07058824
v 0.00005216 -0.07852475 -0.03793021 0.56470588 0.92549020 0.07058824
v -0.00446646 -0.07874788 -0.03773266 0.56470588 0.92549020 0.07058824
v 0.00007072 -0.08546032 -0.03986461 0.56470588 0.92549020 0.07058824
v 0.00008927 -0.09397638 -0.04109110 0.56470588 0.92549020 0.07058824
v 0.00010783 -0.10413801 -0.04179077 0.56470588 0.92549020 0.07058824
v 0.00011711 -0.11591732 -0.04212002 0.56470588 0.92549020 0.07058824
v -0.00646134 -0.14257186 -0.04174961 0.56470588 0.92549020 0.07058824
v -0.00844693 -0.14257186 -0.04130511 0.56470588 0.92549020 0.07058824
v -0.00636855 -0.15642440 -0.04171669 0.56470588 0.92549020 0.07058824
v -0.00960675 -0.15642440 -0.04073714 0.56470588 0.92549020 0.07058824
v -0.01786460 -0.15642440 -0.03823478 0.56470588 0.92549020 0.07058824
v -0.02013783 -0.15222215 0.04184916 0.56470588 0.92549020 0.07058824
v -0.00845621 -0.15642440 0.04119064 0.56470588 0.92549020 0.07058824
v -0.00738919 -0.15642440 0.04147874 0.56470588 0.92549020 0.07058824
v -0.00716650 -0.15642440 0.04153636 0.56470588 0.92549020 0.07058824
v -0.00693454 -0.15642440 0.04158575 0.56470588 0.92549020 0.07058824
v -0.00563555 -0.15642440 0.04181623 0.56470588 0.92549020 0.07058824
v 0.01878543 -0.06545315 0.04184916 0.56470588 0.92549020 0.07058824
v 0.01990812 -0.06584362 0.04184916 0.56470588 0.92549020 0.07058824
v 0.02245971 -0.06727536 0.04184916 0.56470588 0.92549020 0.07058824
v 0.02724741 -0.07010165 0.02328720 0.56470588 0.92549020 0.07058824
v 0.02706184 -0.07055721 0.00174546 0.56470588 0.92549020 0.07058824
v 0.00932137 -0.06690348 -0.02545131 0.56470588 0.92549020 0.07058824
v 0.01843284 -0.06776811 -0.01718692 0.56470588 0.92549020 0.07058824
v 0.02690410 -0.07123589 -0.00688935 0.56470588 0.92549020 0.07058824
v 0.01386783 -0.06808420 -0.02457877 0.56470588 0.92549020 0.07058824
v 0.00465429 -0.06916266 -0.03105694 0.56470588 0.92549020 0.07058824
v 0.00461718 -0.07329053 -0.03490927 0.56470588 0.92549020 0.07058824
v 0.00458006 -0.07873858 -0.03771619 0.56470588 0.92549020 0.07058824
v 0.00897807 -0.08625986 -0.03900030 0.56470588 0.92549020 0.07058824
v 0.00890384 -0.09471084 -0.04021032 0.56470588 0.92549020 0.07058824
v 0.00883889 -0.10477951 -0.04089354 0.56470588 0.92549020 0.07058824
v 0.00879250 -0.11645655 -0.04121456 0.56470588 0.92549020 0.07058824
v 0.00498832 -0.14257186 -0.04194716 0.56470588 0.92549020 0.07058824
v -0.00074579 -0.14257186 -0.04224350 0.56470588 0.92549020 0.07058824
v 0.00562853 -0.15642440 -0.04182370 0.56470588 0.92549020 0.07058824
v -0.01926565 -0.15236161 0.04184916 0.56470588 0.92549020 0.07058824
v 0.00637081 -0.15642440 0.04170922 0.56470588 0.92549020 0.07058824
v 0.01683695 -0.15265911 0.04184916 0.56470588 0.92549020 0.07058824
v 0.01644725 -0.15267770 0.04184916 0.56470588 0.92549020 0.07058824
v -0.01383774 -0.15279857 0.04184916 0.56470588 0.92549020 0.07058824
v -0.01660273 -0.15276138 0.04184916 0.56470588 0.92549020 0.07058824
v 0.02866702 -0.07111503 0.04184916 0.56470588 0.92549020 0.07058824
v 0.03455886 -0.07646081 0.02497465 0.56470588 0.92549020 0.07058824
v 0.03431761 -0.07690707 0.00480756 0.56470588 0.92549020 0.07058824
v 0.00923786 -0.06985993 -0.03048074 0.56470588 0.92549020 0.07058824
v 0.01826583 -0.06973907 -0.02336875 0.56470588 0.92549020 0.07058824
v 0.02669070 -0.07243520 -0.01411658 0.56470588 0.92549020 0.07058824
v 0.02246899 -0.07183090 -0.02183770 0.56470588 0.92549020 0.07058824
v 0.03410421 -0.07755786 -0.00326751 0.56470588 0.92549020 0.07058824
v 0.01372865 -0.07102206 -0.02954235 0.56470588 0.92549020 0.07058824
v 0.00915436 -0.07396921 -0.03430836 0.56470588 0.92549020 0.07058824
v 0.00906157 -0.07938937 -0.03709060 0.56470588 0.92549020 0.07058824
v 0.01750499 -0.08863989 -0.03647324 0.56470588 0.92549020 0.07058824
v 0.01345030 -0.08044923 -0.03606167 0.56470588 0.92549020 0.07058824
v 0.01733798 -0.09686775 -0.03763388 0.56470588 0.92549020 0.07058824
v 0.01719881 -0.10667609 -0.03829240 0.56470588 0.92549020 0.07058824
v 0.01708746 -0.11804634 -0.03859697 0.56470588 0.92549020 0.07058824
v 0.01066675 -0.14257186 -0.04088531 0.56470588 0.92549020 0.07058824
v 0.00986880 -0.15642440 -0.04094292 0.56470588 0.92549020 0.07058824
v 0.00959972 -0.15642440 0.04072968 0.56470588 0.92549020 0.07058824
v 0.02028854 -0.15212919 0.04184916 0.56470588 0.92549020 0.07058824
v 0.02010297 -0.15216637 0.04184916 0.56470588 0.92549020 0.07058824
v 0.03099591 -0.07316037 0.04184916 0.56470588 0.92549020 0.07058824
v 0.03289801 -0.07497329 0.04184916 0.56470588 0.92549020 0.07058824
v 0.03553310 -0.07750208 0.04184916 0.56470588 0.92549020 0.07058824
v 0.04042286 -0.08417733 0.02700782 0.56470588 0.92549020 0.07058824
v 0.04014450 -0.08460499 0.00851172 0.56470588 0.92549020 0.07058824
v 0.01808026 -0.07263974 -0.02824178 0.56470588 0.92549020 0.07058824
v 0.02644018 -0.07434109 -0.02000208 0.56470588 0.92549020 0.07058824
v 0.03383514 -0.07871069 -0.01000908 0.56470588 0.92549020 0.07058824
v 0.02223702 -0.07467578 -0.02660371 0.56470588 0.92549020 0.07058824
v 0.03988471 -0.08522789 0.00111986 0.56470588 0.92549020 0.07058824
v 0.01358947 -0.07508485 -0.03332059 0.56470588 0.92549020 0.07058824
v 0.02529893 -0.09247956 -0.03239866 0.56470588 0.92549020 0.07058824
v 0.01769056 -0.08192745 -0.03463763 0.56470588 0.92549020 0.07058824
v 0.02557728 -0.08605532 -0.03067829 0.56470588 0.92549020 0.07058824
v 0.01788541 -0.07664675 -0.03195417 0.56470588 0.92549020 0.07058824
v 0.02505768 -0.10035413 -0.03348522 0.56470588 0.92549020 0.07058824
v 0.02467727 -0.12062161 -0.03436599 0.56470588 0.92549020 0.07058824
v 0.02125350 -0.14257186 -0.03653909 0.56470588 0.92549020 0.07058824
v 0.01873904 -0.14257186 -0.03788083 0.56470588 0.92549020 0.07058824
v 0.01609467 -0.14257186 -0.03907439 0.56470588 0.92549020 0.07058824
v 0.01311627 -0.15642440 -0.04002100 0.56470588 0.92549020 0.07058824
v 0.01786686 -0.15642440 0.03821908 0.56470588 0.92549020 0.07058824
v 0.02344323 -0.15110651 0.04184916 0.56470588 0.92549020 0.07058824
v 0.03756508 -0.08018891 0.04184916 0.56470588 0.92549020 0.07058824
v 0.04033008 -0.08424241 0.04184916 0.56470588 0.92549020 0.07058824
v 0.04138782 -0.08579501 0.04184916 0.56470588 0.92549020 0.07058824
v 0.04297444 -0.08914193 0.04184916 0.56470588 0.92549020 0.07058824
v 0.04459818 -0.09292582 0.02931263 0.56470588 0.92549020 0.07058824
v 0.04428271 -0.09334418 0.01270977 0.56470588 0.92549020 0.07058824
v 0.03351039 -0.08051431 -0.01548300 0.56470588 0.92549020 0.07058824
v 0.02616182 -0.07713019 -0.02462816 0.56470588 0.92549020 0.07058824
v 0.03955996 -0.08631564 -0.00502904 0.56470588 0.92549020 0.07058824
v 0.02199578 -0.07861771 -0.03021733 0.56470588 0.92549020 0.07058824
v 0.04400436 -0.09392989 0.00609167 0.56470588 0.92549020 0.07058824
v 0.03239697 -0.09157775 -0.02536900 0.56470588 0.92549020 0.07058824
v 0.03204439 -0.09763010 -0.02694944 0.56470588 0.92549020 0.07058824
v 0.02587419 -0.08097916 -0.02813477 0.56470588 0.92549020 0.07058824
v 0.03277739 -0.08679909 -0.02303126 0.56470588 0.92549020 0.07058824
v 0.03171964 -0.10503982 -0.02792898 0.56470588 0.92549020 0.07058824
v 0.03123716 -0.12407080 -0.02870274 0.56470588 0.92549020 0.07058824
v 0.02596698 -0.14257186 -0.03336998 0.56470588 0.92549020 0.07058824
v 0.02734947 -0.15642440 -0.03213526 0.56470588 0.92549020 0.07058824
v 0.02449170 -0.15642440 -0.03393795 0.56470588 0.92549020 0.07058824
v 0.01718953 -0.15642440 -0.03853934 0.56470588 0.92549020 0.07058824
v 0.02791546 -0.15642440 0.03163391 0.56470588 0.92549020 0.07058824
v 0.02422262 -0.15073463 0.04184916 0.56470588 0.92549020 0.07058824
v 0.04531262 -0.09506413 0.04184916 0.56470588 0.92549020 0.07058824
v 0.04690853 -0.10234369 0.03179030 0.56470588 0.92549020 0.07058824
v 0.04657450 -0.10274346 0.01722884 0.56470588 0.92549020 0.07058824
v 0.03917954 -0.08800770 -0.01001731 0.56470588 0.92549020 0.07058824
v 0.03314853 -0.08316395 -0.01978806 0.56470588 0.92549020 0.07058824
v 0.04364250 -0.09493397 0.00060128 0.56470588 0.92549020 0.07058824
v 0.04589717 -0.10421239 0.00665964 0.56470588 0.92549020 0.07058824
v 0.03830736 -0.09385552 -0.01684942 0.56470588 0.92549020 0.07058824
v 0.03786200 -0.09828089 -0.01894022 0.56470588 0.92549020 0.07058824
v 0.03744447 -0.10387769 -0.02034780 0.56470588 0.92549020 0.07058824
v 0.03875273 -0.09047140 -0.01391902 0.56470588 0.92549020 0.07058824
v 0.03706405 -0.11071100 -0.02120387 0.56470588 0.92549020 0.07058824
v 0.03377947 -0.14257186 -0.02550893 0.56470588 0.92549020 0.07058824
v 0.03099591 -0.14257186 -0.02871920 0.56470588 0.92549020 0.07058824
v 0.03021652 -0.14257186 -0.02960820 0.56470588 0.92549020 0.07058824
v 0.03529186 -0.15642440 -0.02313004 0.56470588 0.92549020 0.07058824
v 0.03010518 -0.15642440 0.02906569 0.56470588 0.92549020 0.07058824
v 0.02972476 -0.14699723 0.04184916 0.56470588 0.92549020 0.07058824
v 0.02887114 -0.14775029 0.04184916 0.56470588 0.92549020 0.07058824
v 0.02880619 -0.14780607 0.04184916 0.56470588 0.92549020 0.07058824
v 0.02814742 -0.14829881 0.04184916 0.56470588 0.92549020 0.07058824
v 0.02623605 -0.14951672 0.04184916 0.56470588 0.92549020 0.07058824
v 0.02453809 -0.15055799 0.04184916 0.56470588 0.92549020 0.07058824
v 0.02435252 -0.15066955 0.04184916 0.56470588 0.92549020 0.07058824
v 0.04639821 -0.09985209 0.04184916 0.56470588 0.92549020 0.07058824
v 0.04716832 -0.10481669 0.04184916 0.56470588 0.92549020 0.07058824
v 0.04739100 -0.10741056 0.04184916 0.56470588 0.92549020 0.07058824
v 0.04739100 -0.10760580 0.03919040 0.56470588 0.92549020 0.07058824
v 0.04732606 -0.10818221 0.03332136 0.56470588 0.92549020 0.07058824
v 0.04725183 -0.10880511 0.02689258 0.56470588 0.92549020 0.07058824
v 0.04678790 -0.10235299 0.04184916 0.56470588 0.92549020 0.07058824
v 0.04698275 -0.10997653 0.01978060 0.56470588 0.92549020 0.07058824
v 0.04321569 -0.09650516 -0.00382725 0.56470588 0.92549020 0.07058824
v 0.04544253 -0.10563483 0.00282378 0.56470588 0.92549020 0.07058824
v 0.04662089 -0.11137109 0.01489934 0.56470588 0.92549020 0.07058824
v 0.04274248 -0.09876434 -0.00727623 0.56470588 0.92549020 0.07058824
v 0.04224144 -0.10185095 -0.00984445 0.56470588 0.92549020 0.07058824
v 0.04174969 -0.10587655 -0.01166360 0.56470588 0.92549020 0.07058824
v 0.04127648 -0.11095272 -0.01286540 0.56470588 0.92549020 0.07058824
v 0.04084967 -0.11714453 -0.01358153 0.56470588 0.92549020 0.07058824
v 0.03690631 -0.14257186 -0.02080053 0.56470588 0.92549020 0.07058824
v 0.03648878 -0.12824516 -0.02183770 0.56470588 0.92549020 0.07058824
v 0.03943006 -0.14257186 -0.01562294 0.56470588 0.92549020 0.07058824
v 0.03894758 -0.15642440 -0.01531014 0.56470588 0.92549020 0.07058824
v 0.03570011 -0.15642440 0.02248875 0.56470588 0.92549020 0.07058824
v 0.03243408 -0.14418953 0.04184916 0.56470588 0.92549020 0.07058824
v 0.04740028 -0.10799627 0.04184916 0.56470588 0.92549020 0.07058824
v 0.04722399 -0.11170578 0.03178208 0.56470588 0.92549020 0.07058824
v 0.04690853 -0.11291439 0.02280978 0.56470588 0.92549020 0.07058824
v 0.04494148 -0.10768017 -0.00013955 0.56470588 0.92549020 0.07058824
v 0.04627758 -0.11256110 0.01210064 0.56470588 0.92549020 0.07058824
v 0.04611057 -0.11312822 0.01076714 0.56470588 0.92549020 0.07058824
v 0.04661161 -0.11386269 0.01852118 0.56470588 0.92549020 0.07058824
v 0.04219506 -0.15642440 -0.00037003 0.56470588 0.92549020 0.07058824
v 0.04441261 -0.11044138 -0.00231266 0.56470588 0.92549020 0.07058824
v 0.04388374 -0.11404863 -0.00384371 0.56470588 0.92549020 0.07058824
v 0.04037647 -0.15642440 -0.01224804 0.56470588 0.92549020 0.07058824
v 0.04058987 -0.15642440 0.01152444 0.56470588 0.92549020 0.07058824
v 0.04021873 -0.13434400 0.04184916 0.56470588 0.92549020 0.07058824
v 0.03559805 -0.14086121 0.04184916 0.56470588 0.92549020 0.07058824
v 0.04732606 -0.11032982 0.04184916 0.56470588 0.92549020 0.07058824
v 0.04726111 -0.11165929 0.04184916 0.56470588 0.92549020 0.07058824
v 0.04679718 -0.11571279 0.03322258 0.56470588 0.92549020 0.07058824
v 0.04168473 -0.15642440 -0.00371201 0.56470588 0.92549020 0.07058824
v 0.04104452 -0.15642440 0.00817423 0.56470588 0.92549020 0.07058824
v 0.04704770 -0.11362096 0.04184916 0.56470588 0.92549020 0.07058824
v 0.04674151 -0.11626131 0.04184916 0.56470588 0.92549020 0.07058824
v 0.04639821 -0.11830666 0.04184916 0.56470588 0.92549020 0.07058824
v 0.04622192 -0.11913409 0.04184916 0.56470588 0.92549020 0.07058824
v 0.04588789 -0.12069599 0.04184916 0.56470588 0.92549020 0.07058824
v 0.04545180 -0.12245312 0.04184916 0.56470588 0.92549020 0.07058824
v 0.04390229 -0.12698077 0.04184916 0.56470588 0.92549020 0.07058824
v 0.04070122 -0.13347938 0.04184916 0.56470588 0.92549020 0.07058824





vn 0.11260316 -0.02953865 -0.99320088
vn -0.00031406 0.99926356 -0.03836978
vn 0.11121111 0.01155025 -0.99372968
vn 0.23391626 0.02325804 -0.97197852
vn 0.28833043 0.01197827 -0.95745605
vn 0.05241504 -0.99255313 -0.10995881
vn -0.19673339 -0.12518365 -0.97243253
vn -0.11339489 0.02559481 -0.99322027
vn 0.46809979 0.11712052 -0.87587977
vn 0.53214005 0.07357436 -0.84345348
vn 0.66363974 -0.03225076 -0.74735680
vn 0.72970672 -0.50896137 -0.45660314
vn -0.34629483 -0.43601398 -0.83064535
vn -0.31624169 0.03780377 -0.94792514
vn 0.66590251 0.28406963 -0.68983932
vn 0.73850721 0.17300585 -0.65167176
vn 0.76126133 0.48274922 -0.43293691
vn 0.86487132 0.29730943 -0.40448077
vn 0.95076903 -0.04236843 -0.30699051
vn 0.99464827 -0.10145525 -0.01953607
vn 0.42443181 -0.89603945 0.13027256
vn -0.25492362 -0.92236790 -0.29026093
vn -0.55711696 -0.02498431 -0.83005812
vn -0.52871531 -0.01979036 -0.84856848
vn -0.49903282 -0.00899893 -0.86653636
vn -0.48896358 -0.00840857 -0.87226367
vn -0.46132852 0.00007421 -0.88722939
vn -0.45608942 0.26456122 -0.84969983
vn 0.90268241 0.39306769 -0.17510642
vn 0.64188237 0.76601341 0.03479187
vn 0.83543591 0.53787937 0.11283891
vn 0.72014497 0.68508911 -0.10974572
vn 0.51723706 0.83613878 0.18258630
vn 0.71246054 0.62572809 0.31759146
vn 0.82338296 -0.11472324 0.55576891
vn 0.13575582 -0.93899997 0.31598959
vn -0.54553360 -0.82481420 -0.14857530
vn -0.85546386 -0.04366377 -0.51601846
vn -0.75999979 -0.02274805 -0.64952510
vn -0.68895885 -0.00124392 -0.72479939
vn -0.68455894 -0.00053236 -0.72895732
vn -0.67982576 0.00062543 -0.73337341
vn -0.63615060 0.47933019 -0.60461143
vn -0.61770015 0.12471940 -0.77646094
vn -0.62235668 -0.00310722 -0.78272761
vn -0.56128831 0.00864306 -0.82757521
vn -0.53178400 0.00729688 -0.84684859
vn -0.50143408 0.00448925 -0.86518421
vn -0.50404658 0.22291336 -0.83441397
vn 0.38102618 0.87941799 0.28538229
vn 0.63222614 -0.03553254 0.77396870
vn 0.37469241 0.72982956 0.57179928
vn 0.14051863 0.91546159 0.37707372
vn 0.15099546 -0.04829261 0.98735414
vn -0.02214194 -0.92427278 0.38108998
vn -0.49141786 -0.86058546 0.13379518
vn -0.99879021 -0.04837038 0.00885544
vn -0.89657850 0.42687672 -0.11799687
vn -0.67126325 0.73562438 -0.09089780
vn -0.71573727 0.65106402 -0.25265749
vn -0.85403003 0.35454307 -0.38069926
vn -0.78315841 0.28827193 -0.55096479
vn -0.78270459 0.00002954 -0.62239338
vn -0.74956309 0.01258346 -0.66181329
vn -0.69016385 0.00151734 -0.72365154
vn -0.60521013 0.60634629 -0.51581478
vn -0.50640441 0.40983861 -0.75867443
vn -0.59797400 0.00227288 -0.80151227
vn -0.51769536 0.31101691 -0.79703199
vn 0.43906467 0.78639941 0.43450913
vn 0.10971917 0.73518831 0.66892440
vn 0.00318986 0.92092894 0.38971747
vn -0.01744923 0.92149096 0.38800764
vn -0.12966121 0.67868948 0.72288903
vn -0.17496464 0.00013225 0.98457471
vn -0.20717388 -0.00555768 0.97828835
vn -0.21831324 -0.01161426 0.97580963
vn -0.25043111 -0.01477527 0.96802167
vn -0.28401415 -0.02563139 0.95847744
vn -0.06239446 -0.98808529 0.14069251
vn -0.53025008 0.83784322 0.12982140
vn -0.56592419 0.81956230 0.08970756
vn -0.93670247 0.32124394 0.13925087
vn -0.34299615 -0.91448342 0.21464790
vn -0.68343518 0.65631869 0.31962811
vn -0.09148894 0.92348405 0.37256809
vn -0.21282027 0.00386876 0.97708371
vn -0.22563542 0.00436363 0.97420204
vn -0.25619399 0.00834254 0.96658939
vn -0.28741379 0.00991076 0.95775524
vn -0.36058320 -0.00323256 0.93272145
vn -0.12653290 0.92139964 0.36743996
vn -0.17163271 0.93580220 0.30792281
vn -0.43316523 0.00026667 0.90131449
vn -0.43858732 -0.00093550 0.89868809
vn -0.44305355 -0.00125208 0.89649427
vn -0.53148481 -0.02334792 0.84674599
vn -0.67654369 -0.03700507 0.73547214
vn -0.52872041 0.70907282 0.46655168
vn -0.41669411 0.87761461 0.23697810
vn -0.07940587 0.95725052 0.27814770
vn -0.33126108 0.00222501 0.94353651
vn -0.44301620 0.00069022 0.89651334
vn -0.13931446 0.96402047 0.22639790
vn -0.55089095 0.00335814 0.83457048
vn -0.45874809 0.00237072 0.88856321
vn -0.40071630 0.78677741 0.46947604
vn -0.15155274 0.96303501 0.22270010
vn -0.99999301 0.00035675 -0.00372134
vn -0.99999883 -0.00050781 -0.00144544
vn -0.99200410 -0.00021417 0.12620543
vn -0.01330548 0.99990904 0.00220773
vn -0.99929549 0.00886014 0.03646941
vn -0.99950541 0.02060986 0.02375214
vn -0.94390918 0.12835704 -0.30423665
vn -0.00594268 0.00030450 -0.99998230
vn -0.99998347 -0.00194172 -0.00541270
vn -0.99999515 -0.00185091 -0.00250561
vn -0.99442314 -0.01620755 0.10421099
vn -0.99045879 -0.00521238 0.13771066
vn -0.94617238 0.00085971 0.32366201
vn -0.95540648 -0.00746621 0.29519946
vn -0.93665179 0.01548043 0.34991969
vn -0.78045197 0.26754028 -0.56508133
vn -0.81895946 0.22030304 -0.52987921
vn -0.90173227 0.16529892 -0.39944358
vn -0.93474007 0.13541996 -0.32851550
vn -0.95728867 0.10973330 -0.26750142
vn -0.99988351 -0.01523846 -0.00087339
vn -0.99787338 -0.06495397 0.00545030
vn -0.99993951 -0.01098676 0.00052151
vn -0.99996319 -0.00850297 0.00115082
vn -0.99998514 -0.00539706 0.00077315
vn -0.99588086 -0.03746582 0.08256893
vn -0.97284565 -0.07626052 0.21853071
vn -0.96305602 -0.03156476 0.26744487
vn -0.88082810 -0.00950864 0.47334073
vn -0.86610907 0.00214133 0.49985047
vn -0.89685572 -0.04551950 0.43997476
vn -0.85340189 0.04977772 0.51887127
vn -0.71307441 0.33576671 -0.61545561
vn -0.67245908 0.28921631 -0.68128754
vn -0.75921135 0.25014406 -0.60085445
vn -0.99813923 -0.05615907 -0.02375365
vn -0.99323153 -0.10446145 -0.05078311
vn -0.98770239 -0.14266486 -0.06395886
vn -0.98753667 -0.15637214 0.01786268
vn -0.99878465 -0.04743578 0.01338190
vn -0.99992576 -0.01199040 0.00217083
vn -0.99986993 -0.01492523 0.00611214
vn -0.99757798 -0.04555525 0.05256317
vn -0.98059593 -0.10732817 0.16404964
vn -0.94444908 -0.16403719 0.28479419
vn -0.92227865 -0.11256239 0.36977263
vn -0.78611062 -0.01062710 0.61799446
vn -0.80874004 -0.05599890 0.58549439
vn -0.76750164 0.00315427 0.64103922
vn -0.84845986 -0.14054110 0.51025882
vn -0.78632033 0.13074924 0.60382529
vn -0.67312157 0.33830010 -0.65761721
vn -0.61528305 0.34561537 -0.70850320
vn -0.96549386 -0.23961477 -0.10201158
vn -0.98818350 -0.14535078 0.04864689
vn -0.96892498 -0.24481045 0.03538684
vn -0.99822834 -0.05255154 0.02790186
vn -0.99445816 -0.08019595 0.06798219
vn -0.98482839 -0.12393320 0.12146441
vn -0.95754305 -0.19441298 0.21287295
vn -0.91579814 -0.25696551 0.30867861
vn -0.88873338 -0.21083941 0.40706230
vn -0.70964603 -0.06277296 0.70175642
vn -0.67423393 -0.00884421 0.73846489
vn -0.76096222 -0.15930292 0.62893488
vn -0.67381485 0.00352841 0.73889180
vn -0.72312225 0.09549704 0.68408664
vn -0.81663846 -0.24565354 0.52226043
vn -0.61856621 0.40197216 -0.67512534
vn -0.45404523 0.29846227 -0.83950176
vn -0.60417265 0.39811623 -0.69027449
vn -0.81916694 -0.26669950 -0.50777642
vn -0.94487792 -0.32641622 0.02565486
vn -0.96812434 -0.23492224 0.08687233
vn -0.98728347 -0.13516110 0.08368286
vn -0.93971182 -0.33618795 0.06260476
vn -0.96516592 -0.21598710 0.14766283
vn -0.93181056 -0.29125210 0.21656704
vn -0.86015324 -0.30976175 0.40519633
vn -0.88748140 -0.36020167 0.28745698
vn -0.61158712 -0.06680055 0.78835200
vn -0.66641970 -0.16966848 0.72601473
vn -0.52243909 -0.00719729 0.85264623
vn -0.58453351 0.00289670 0.81136439
vn -0.73393285 -0.26893260 0.62371294
vn -0.57164533 0.21798912 0.79101350
vn -0.60908083 0.27023870 0.74564843
vn -0.66249200 0.22873644 0.71329095
vn -0.79264195 -0.35179709 0.49795337
vn -0.44112062 0.32529478 -0.83641850
vn -0.50790616 0.48548860 -0.71157020
vn -0.85412832 -0.36180277 -0.37358207
vn -0.90265142 -0.42908125 0.03331217
vn -0.93897089 -0.31942681 0.12767219
vn -0.90202044 -0.42333456 0.08453980
vn -0.89974395 -0.40087412 0.17251309
vn -0.83308233 -0.42097583 0.35882194
vn -0.85234798 -0.47570324 0.21727712
vn -0.50927755 -0.06016707 0.85849654
vn -0.57388594 -0.17360037 0.80032358
vn -0.64582884 -0.28161496 0.70964648
vn -0.39973339 -0.01051079 0.91657119
vn -0.45592118 0.00058763 0.89001996
vn -0.47615703 0.16199628 0.86430995
vn -0.49833129 0.13490613 0.85642645
vn -0.71672092 -0.38266430 0.58299156
vn -0.76946365 -0.47329846 0.42885227
vn -0.34176652 0.30279416 -0.88966923
vn -0.47004164 0.49257594 -0.73241368
vn -0.64817781 -0.31792056 -0.69194801
vn -0.78205925 -0.42701789 -0.45391524
vn -0.85859408 -0.51055217 0.04639714
vn -0.85566754 -0.50605093 0.10837677
vn -0.79668839 -0.54442080 0.26247590
vn -0.80186702 -0.58274845 0.13196030
vn -0.45504278 -0.16945175 0.87419802
vn -0.38588799 -0.07061731 0.91983893
vn -0.55793991 -0.28590477 0.77907735
vn -0.63584422 -0.40320104 0.65812692
vn -0.28170280 -0.01616479 0.95936554
vn -0.32320829 -0.00261883 0.94632423
vn -0.33818004 0.21101708 0.91711834
vn -0.35724501 0.18769320 0.91495752
vn -0.70532288 -0.50232600 0.50018819
vn -0.73363428 -0.60380966 0.31176056
vn -0.24348501 0.26756876 -0.93226713
vn -0.42777611 0.51194820 -0.74492727
vn -0.50576230 -0.33875994 -0.79337645
vn -0.70973426 -0.48173579 -0.51401158
vn -0.80934222 -0.58491684 0.05326787
vn -0.73980521 -0.65470115 0.15509562
vn -0.74156307 -0.66848502 0.05667433
vn -0.34075976 -0.16803920 0.92501114
vn -0.45883013 -0.26817975 0.84708591
vn -0.28168943 -0.07119651 0.95686056
vn -0.55271385 -0.41533024 0.72250134
vn -0.61376372 -0.51277793 0.60029400
vn -0.17852513 -0.01916938 0.98374860
vn -0.21329863 -0.00588307 0.97696934
vn -0.22599281 0.26200785 0.93823192
vn -0.24263410 0.23925563 0.94015181
vn -0.66543939 -0.60513961 0.43703142
vn -0.67095303 -0.72000559 0.17723991
vn -0.65775039 -0.69449121 0.29162712
vn -0.12617618 0.19205641 -0.97323887
vn -0.32603247 0.64619311 -0.69002702
vn -0.31818465 0.65168563 -0.68852333
vn -0.28347224 0.60873731 -0.74100093
vn -0.04722148 -0.03250052 -0.99835557
vn -0.78493110 -0.61911626 0.02404620
vn -0.67567808 -0.73314205 0.07721318
vn -0.73485225 -0.67777063 0.02488268
vn -0.66325551 -0.74797014 0.02515551
vn -0.21248819 -0.15670969 0.96451586
vn -0.36267357 -0.28147923 0.88839030
vn -0.26257454 -0.26172927 0.92873699
vn -0.47037280 -0.42081331 0.77567106
vn -0.17570105 -0.07183032 0.98181951
vn -0.53274653 -0.53450220 0.65611625
vn -0.57015119 -0.65097600 0.50115653
vn -0.08856688 -0.02017510 0.99586589
vn -0.12616629 0.15954143 0.97909581
vn -0.14283912 0.29357575 0.94520382
vn -0.58494149 -0.73908007 0.33407201
vn -0.59718649 -0.79896504 0.07087434
vn -0.59500396 -0.77880987 0.19855849
vn -0.17194488 0.79991733 -0.57494976
vn -0.17413834 0.63842397 -0.74972706
vn -0.04891035 0.10750403 -0.99300084
vn -0.03393958 -0.02824828 -0.99902459
vn -0.11863574 -0.11304806 -0.98648147
vn -0.07541760 -0.07794132 -0.99410127
vn -0.05717139 -0.07009818 -0.99590044
vn -0.12173420 -0.16985293 -0.97792166
vn -0.58838940 -0.80812432 0.02707376
vn -0.13638239 -0.24840823 0.95900636
vn -0.10608271 -0.15029051 0.98293399
vn -0.37522965 -0.40302719 0.83472858
vn -0.31268495 -0.43475656 0.84452049
vn -0.23236568 -0.38300714 0.89404235
vn -0.44970261 -0.55044064 0.70340789
vn -0.08169341 -0.07216367 0.99404154
vn -0.48645113 -0.68370814 0.54397470
vn -0.50250567 -0.78390614 0.36466315
vn -0.00685516 -0.02774998 0.99959139
vn -0.00210354 0.19044039 0.98169651
vn -0.05104127 0.35565040 0.93322429
vn -0.51312952 -0.83028428 0.21754566
vn -0.50381912 -0.86343347 0.02547436
vn -0.51845649 -0.84993074 0.09391810
vn -0.04626910 0.94166744 -0.33334908
vn -0.03137607 0.11588519 -0.99276692
vn -0.06102465 -0.09560646 -0.99354688
vn -0.04405689 -0.23670962 0.97058104
vn -0.15226660 -0.37126288 0.91595784
vn -0.07652575 -0.34163649 0.93671144
vn -0.00629259 -0.13767650 0.99045726
vn -0.36567687 -0.56099379 0.74267516
vn -0.28624393 -0.56504191 0.77381655
vn -0.20372066 -0.51421654 0.83311419
vn -0.39964428 -0.71015424 0.57962522
vn -0.00760594 -0.07213324 0.99736600
vn -0.41389321 -0.82134781 0.39253049
vn -0.42588486 -0.87397068 0.23408831
vn 0.07372970 -0.02010534 0.99707558
vn 0.06591497 -0.07194367 0.99522828
vn 0.09263441 0.33434902 0.93788571
vn -0.43646702 -0.89524954 0.08958125
vn -0.04653267 -0.08762242 -0.99506634
vn -0.08688685 -0.19026879 -0.97787957
vn -0.40514076 -0.91375607 0.03017956
vn -0.02426596 0.93619612 -0.35063939
vn -0.00898144 0.11798869 -0.99297432
vn 0.04202686 -0.23401654 0.97132384
vn -0.00390976 -0.34242998 0.93953522
vn -0.09703582 -0.50822813 0.85573841
vn -0.01466149 -0.48767408 0.87290265
vn 0.09630085 -0.14640274 0.98452648
vn -0.30990244 -0.73078151 0.60820956
vn -0.19251540 -0.64000031 0.74386653
vn -0.21494356 -0.74533893 0.63108569
vn -0.10775461 -0.63243801 0.76707960
vn -0.32020370 -0.85180752 0.41460047
vn -0.33064370 -0.91032412 0.24896737
vn -0.34451885 -0.93406671 0.09394762
vn 0.16199650 -0.01958924 0.98659688
vn 0.15639891 -0.07141443 0.98510881
vn 0.17274337 -0.00583322 0.98494959
vn 0.15501313 0.67150237 0.72460713
vn -0.03078205 -0.09270089 -0.99521807
vn -0.31114718 -0.95009657 0.02244861
vn -0.00862678 0.94221024 -0.33491109
vn 0.00079027 0.10838497 -0.99410868
vn 0.10194653 -0.26149377 0.95980619
vn 0.05927215 -0.35586703 0.93265507
vn -0.01670013 -0.61250269 0.79029207
vn 0.06622778 -0.50855750 0.85847723
vn 0.19900606 -0.15286139 0.96800309
vn 0.15638301 -0.24167976 0.95767178
vn -0.24217014 -0.86230077 0.44473701
vn -0.11792408 -0.75464706 0.64544692
vn -0.12443520 -0.85343277 0.50613079
vn -0.01855988 -0.73834415 0.67416870
vn -0.24672126 -0.92735439 0.28132270
vn -0.22907912 -0.96845649 0.09805498
vn 0.26027166 -0.01650654 0.96539432
vn 0.25763254 -0.07057008 0.96366246
vn 0.20712298 0.75110237 0.62685349
vn 0.27316578 -0.00262958 0.96196338
vn -0.04800358 -0.16743799 -0.98471324
vn -0.22643130 -0.97368823 0.02569253
vn 0.00472335 0.97531453 -0.22076969
vn 0.00736195 0.05467806 -0.99847690
vn 0.01920950 0.94728712 -0.31980948
vn 0.12850855 -0.35967034 0.92418764
vn 0.07311138 -0.63409758 0.76978892
vn 0.17192553 -0.51591699 0.83920871
vn 0.22456147 -0.27291151 0.93546323
vn 0.27985975 -0.25463661 0.92565583
vn 0.31697760 -0.16063803 0.93473024
vn 0.21500235 -0.40174163 0.89015597
vn -0.16568776 -0.91479885 0.36836210
vn -0.01323784 -0.85273810 0.52217094
vn -0.03008327 -0.93026077 0.36566363
vn 0.07895714 -0.75670885 0.64896648
vn -0.12407855 -0.97136356 0.20262614
vn -0.12511445 -0.99182355 0.02514802
vn -0.12823696 -0.98666248 0.10026178
vn 0.37153710 -0.01069457 0.92835651
vn 0.35484869 -0.06959444 0.93232989
vn 0.24938297 0.82328915 0.50990499
vn 0.39325039 0.00079878 0.91943107
vn -0.03497776 -0.19429694 -0.98031896
vn 0.00751821 0.05452493 -0.99848411
vn 0.02092935 0.97614600 -0.21610400
vn 0.02353438 0.10309279 -0.99439329
vn 0.15558162 -0.64320771 0.74971875
vn 0.24996627 -0.56826054 0.78396226
vn 0.27760148 -0.42025278 0.86390105
vn 0.36098382 -0.28674154 0.88739505
vn 0.35327984 -0.42247394 0.83469103
vn 0.41817727 -0.16735684 0.89281547
vn 0.42187064 -0.26665794 0.86655566
vn 0.09222581 -0.84681400 0.52383246
vn 0.10836898 -0.91784356 0.38186303
vn -0.02276650 -0.97664834 0.21363453
vn 0.06487837 -0.97490205 0.21297135
vn 0.17471223 -0.74999438 0.63795303
vn -0.02333790 -0.99454900 0.10162498
vn -0.00987196 -0.08443941 -0.99637971
vn -0.00576702 -0.11742532 -0.99306497
vn -0.01842691 -0.99957630 0.02253156
vn 0.48510629 -0.00705705 0.87442672
vn 0.46967685 -0.05897709 0.88086625
vn 0.50387999 0.00355305 0.86376636
vn 0.26095977 0.89696970 0.35685480
vn 0.07543414 0.91591034 -0.39423083
vn 0.01582583 0.05514480 -0.99835294
vn 0.32755730 -0.56555165 0.75687353
vn 0.26795369 -0.73784101 0.61950905
vn 0.43158951 -0.42256887 0.79697305
vn 0.40992860 -0.55690611 0.72236703
vn 0.52990803 -0.17195426 0.83043917
vn 0.51575391 -0.28509117 0.80791146
vn 0.51202855 -0.41864265 0.75004340
vn 0.19834753 -0.86970751 0.45195919
vn 0.19079600 -0.94458836 0.26711367
vn 0.09766528 -0.99004886 0.10131511
vn 0.06543225 -0.99739945 0.03021529
vn 0.00403875 -0.15666675 -0.98764327
vn 0.56451038 -0.06486035 0.82287372
vn 0.62775358 -0.00219836 0.77840902
vn 0.42409958 0.78388558 0.45350077
vn 0.10719093 0.93344226 -0.34233850
vn 0.05035726 0.09750225 -0.99396049
vn 0.02115937 0.04933793 -0.99855799
vn 0.35848637 -0.72046074 0.59365296
vn 0.27587971 -0.86278356 0.42366840
vn 0.49228652 -0.54359776 0.67982016
vn 0.44494114 -0.69722854 0.56204958
vn 0.61881043 -0.16944715 0.76704714
vn 0.60118148 -0.28285361 0.74737853
vn 0.59339701 -0.40919359 0.69313822
vn 0.57274173 -0.52469228 0.62981341
vn 0.19824183 -0.97501206 0.10025793
vn 0.28445547 -0.92402396 0.25546978
vn 0.16654226 -0.98574556 0.02386123
vn 0.01769028 -0.14057711 -0.98991168
vn 0.65811706 -0.06089228 0.75044924
vn 0.73818003 -0.00644784 0.67457296
vn 0.67471918 0.00494004 0.73805801
vn 0.77586465 0.00468430 0.63088200
vn 0.13004869 0.98584403 0.10582482
vn 0.03538258 0.05686117 -0.99775492
vn 0.18643023 0.90831560 -0.37444164
vn 0.08921865 0.11543676 -0.98929995
vn 0.36984410 -0.83634042 0.40466040
vn 0.52911307 -0.66823087 0.52297883
vn 0.45979879 -0.80250636 0.38022181
vn 0.68803772 -0.27339269 0.67220572
vn 0.71135903 -0.16126899 0.68407649
vn 0.67484966 -0.39190659 0.62528966
vn 0.66676744 -0.52003708 0.53383763
vn 0.62678378 -0.62729988 0.46220878
vn 0.26282287 -0.96431997 0.03179836
vn 0.29608320 -0.95013716 0.09784743
vn 0.37970421 -0.89257814 0.24316450
vn 0.00890502 -0.06439595 -0.99788469
vn 0.01261451 -0.06014029 -0.99811022
vn 0.03128069 -0.11245284 -0.99316458
vn 0.75629615 -0.05446130 0.65195866
vn 0.83851840 -0.00431649 0.54485618
vn 0.26392363 0.95033040 0.16497410
vn 0.20495906 0.91980485 -0.33459052
vn 0.17427845 0.14356265 -0.97417493
vn 0.06310149 0.06151283 -0.99610962
vn 0.05890286 0.06706760 -0.99600823
vn 0.54411505 -0.76167551 0.35183693
vn 0.47017285 -0.85265283 0.22786100
vn 0.77304544 -0.25407068 0.58124765
vn 0.75237031 -0.36574418 0.54787783
vn 0.80268883 -0.14553887 0.57836759
vn 0.73298046 -0.49551720 0.46604973
vn 0.69746727 -0.63289700 0.33612615
vn 0.61891644 -0.72136800 0.31075818
vn 0.35900546 -0.93296904 0.02615040
vn 0.39128328 -0.91541138 0.09444255
vn 0.01606561 -0.04555393 -0.99883269
vn 0.85099769 -0.04479449 0.52325557
vn 0.92481952 -0.00228711 0.38039930
vn 0.87197167 0.00402108 0.48953982
vn 0.44066214 0.86233403 0.24939306
vn 0.50649669 0.56649397 -0.65003514
vn 0.10455975 0.07011857 -0.99204367
vn 0.55392516 -0.80554183 0.21040265
vn 0.47550502 -0.87408435 0.09935559
vn 0.85105602 -0.22362501 0.47507421
vn 0.82439435 -0.32850967 0.46092879
vn 0.79973443 -0.44738174 0.40034287
vn 0.88412789 -0.12105227 0.45129172
vn 0.76301261 -0.57783473 0.28968739
vn 0.63246368 -0.75083700 0.19035098
vn 0.70385006 -0.68988000 0.16929464
vn 0.01848956 -0.04212951 -0.99894106
vn 0.02761725 -0.05680728 -0.99800312
vn 0.46363960 -0.88539251 0.03344295
vn 0.93018128 -0.03138926 0.36575607
vn 0.97658367 0.00006996 0.21513792
vn 0.54504792 0.82611633 0.14301945
vn 0.34305079 0.93186372 0.11809389
vn 0.26785957 0.95772206 0.10497480
vn 0.24811961 0.93315912 -0.26009751
vn 0.39842707 0.22596367 -0.88892986
vn 0.10459743 0.06621829 -0.99230767
vn 0.55563916 -0.82787071 0.07678026
vn 0.88633722 -0.28000695 0.36878509
vn 0.91549354 -0.18146135 0.35908684
vn 0.85889085 -0.39036488 0.33154451
vn 0.82316325 -0.51222368 0.24500852
vn 0.94755669 -0.08766693 0.30732853
vn 0.76987730 -0.62123857 0.14612182
vn 0.63707347 -0.76615728 0.08450101
vn 0.70590429 -0.70549069 0.06310323
vn 0.03641811 -0.06196544 -0.99741366
vn 0.54896833 -0.83541836 0.02664454
vn 0.97661074 -0.01910061 0.21416496
vn 0.99529608 0.00023856 0.09687957
vn 0.99095123 0.00245057 0.13420007
vn 0.98897549 0.14734254 -0.01475324
vn 0.33756443 0.87531235 -0.34623481
vn 0.30804831 0.15883755 -0.93801752
vn 0.62644802 -0.77881281 0.03183525
vn 0.93597464 -0.22083831 0.27419320
vn 0.90884465 -0.32504993 0.26142675
vn 0.96232863 -0.12879395 0.23944879
vn 0.87536047 -0.44006124 0.20022525
vn 0.82770845 -0.54757928 0.12270153
vn 0.98314863 -0.05367703 0.17474994
vn 0.77464871 -0.62900518 0.06535949
vn 0.69904426 -0.71452176 0.02820950
vn 0.76381475 -0.64488704 0.02660304
vn 0.01796380 -0.02516625 -0.99952187
vn 0.03122536 -0.04352623 -0.99856419
vn 0.99981021 0.00298864 0.01925152
vn 0.99999744 0.00218023 0.00060105
vn 0.68013225 0.02020966 -0.73281082
vn 0.24857799 0.03903234 -0.96782512
vn 0.66464680 0.68391506 -0.30084019
vn 0.99993259 0.00084322 0.01157998
vn 0.52859606 0.75875751 -0.38062217
vn 0.17309821 0.07038410 -0.98238643
vn 0.01548567 -0.01774169 -0.99972267
vn 0.02252184 -0.02349451 -0.99947025
vn 0.94814362 -0.25238671 0.19319582
vn 0.97110652 -0.15329880 0.18289781
vn 0.91920001 -0.36160739 0.15592124
vn 0.98774584 -0.07658411 0.13598907
vn 0.87823915 -0.46785696 0.09902458
vn 0.82723424 -0.55968636 0.04934259
vn 0.99782540 -0.01862645 0.06322601
vn 0.00764520 -0.00641874 -0.99995017
vn 0.80661433 -0.59055708 0.02481222
vn 0.99913872 -0.02230218 0.03499190
vn 0.99809835 -0.06135997 0.00588615
vn 0.99295021 -0.11166157 0.03976898
vn 0.99368208 -0.11151925 0.01262457
vn 0.07211721 -0.00484870 -0.99738438
vn 0.31766252 0.06844915 -0.94573000
vn 0.38902677 0.89099165 -0.23407702
vn 0.99241199 -0.09963425 0.07205178
vn 0.27718943 0.09305193 -0.95629878
vn 0.97640987 -0.17348870 0.12855132
vn 0.95361348 -0.27886468 0.11338356
vn 0.99151154 -0.08285452 0.10019980
vn 0.92069806 -0.38278319 0.07610599
vn 0.99719769 -0.03689172 0.06508276
vn 0.99799851 -0.02433140 0.05836921
vn 0.87818355 -0.47650464 0.04167726
vn 0.12442360 -0.07633364 -0.98928860
vn 0.00140133 -0.00102662 -0.99999849
vn 0.99749035 -0.04074033 0.05790712
vn 0.97872773 -0.19144293 0.07376743
vn 0.97870922 -0.20348437 0.02687689
vn 0.07191585 -0.00814437 -0.99737745
vn 0.15656534 -0.02480021 -0.98735619
vn 0.95545726 -0.29175469 0.04450416
vn 0.99696020 -0.04222883 0.06547581
vn 0.92403333 -0.38113278 0.03000346
vn 0.08706720 -0.04553205 -0.99516136
vn 0.08622643 -0.02016393 -0.99607149
vn 0.18334542 -0.04807496 -0.98187232
vn 0.28116142 -0.09504062 -0.95494269
vn 0.05013187 -0.02181612 -0.99850431
vn 0.05087316 -0.01840606 -0.99853550
vn -0.17566859 -0.98414368 -0.02453090
vn -0.72538145 -0.32002190 -0.60943230
vn -0.99953969 0.00421150 0.03004457
vn -0.99971431 0.00627106 0.02306436
vn -0.99977503 0.00686483 0.02006875
vn -0.99999372 0.00349234 0.00060614
vn -0.99999211 0.00339051 -0.00207088
vn -0.03138264 -0.00058182 -0.99950727
vn -0.95120037 -0.11965691 -0.28442940
vn -0.88246647 -0.18406209 -0.43286728
vn -0.83821897 -0.21393515 -0.50161809
vn -0.75790786 -0.25663853 -0.59976023
vn -0.73443510 -0.26757666 -0.62370491
vn -0.71700248 -0.32591300 -0.61618841
vn -0.64391230 -0.31095464 -0.69905948
vn -0.98796972 -0.02713574 0.15224808
vn -0.99148353 0.00543594 0.13011866
vn -0.99484935 0.01088416 0.10077852
vn -0.99762431 0.03029535 0.06187032
vn -0.99750301 0.05525892 0.04397954
vn -0.99988029 0.01520743 0.00285399
vn -0.99814588 0.05977599 0.01147297
vn -0.99955386 0.02962088 -0.00383278
vn -0.67518724 -0.35209130 -0.64819280
vn -0.59793285 -0.31246254 -0.73813512
vn -0.95512265 -0.05941845 0.29018989
vn -0.94433344 0.00806885 0.32889094
vn -0.95202802 0.01908383 0.30541521
vn -0.96422706 0.04435309 0.26134073
vn -0.99287797 0.02412824 0.11666687
vn -0.98918795 0.04822276 0.13849827
vn -0.97509664 0.07887402 0.20728104
vn -0.98200109 0.10806140 0.15490835
vn -0.98848846 0.12922964 0.07867825
vn -0.98776151 0.15301218 0.03024031
vn -0.99477345 0.10195202 -0.00561940
vn -0.62103368 -0.39408814 -0.67750403
vn -0.59803298 -0.36678221 -0.71262008
vn -0.87621495 -0.11579075 0.46780324
vn -0.85554481 0.00922180 0.51764663
vn -0.89352290 0.02581514 0.44827492
vn -0.91482679 0.07493394 0.39683353
vn -0.93913609 0.12967566 0.31813146
vn -0.94646583 0.16922134 0.27489374
vn -0.96531182 0.18713223 0.18208411
vn -0.96967346 0.22146515 0.10337586
vn -0.96617468 0.25391573 0.04509198
vn -0.97904589 0.20175278 -0.02765779
vn -0.98243421 0.17359160 -0.06847604
vn -0.99181594 0.12318181 -0.03357641
vn -0.60874021 -0.39807924 -0.68627128
vn -0.43115902 -0.29686265 -0.85204135
vn -0.79603363 -0.14039317 0.58874462
vn -0.76484030 0.00995703 0.64414298
vn -0.79865942 0.01712929 0.60153946
vn -0.83042179 0.06101291 0.55378432
vn -0.85451094 0.11560179 0.50640624
vn -0.89216196 0.17729938 0.41546596
vn -0.91157326 0.22928986 0.34126288
vn -0.93138639 0.27419515 0.23945025
vn -0.94167794 0.30809780 0.13534547
vn -0.94401108 0.28243967 -0.17050192
vn -0.96554748 0.23293941 -0.11600558
vn -0.93701428 0.34427008 0.05901147
vn -0.95120135 0.29822204 -0.07924394
vn -0.50988254 -0.48007481 -0.71382629
vn -0.47018064 -0.36008988 -0.80577010
vn -0.72148528 -0.13459881 0.67922173
vn -0.67380434 0.00955573 0.73884803
vn -0.70805942 0.02278640 0.70578512
vn -0.74964065 0.08122783 0.65684164
vn -0.78324369 0.13948305 0.60586616
vn -0.83632959 0.22134155 0.50155831
vn -0.86543709 0.28962378 0.40882357
vn -0.89258763 0.34913273 0.28529575
vn -0.90519350 0.39260248 0.16275140
vn -0.89896963 0.43258346 0.06873981
vn -0.89883578 0.39571293 -0.18842906
vn -0.90107051 0.34969417 -0.25648766
vn -0.47274968 -0.49806156 -0.72694045
vn -0.29509665 -0.25437021 -0.92098521
vn -0.65032778 -0.29852031 0.69854091
vn -0.55252290 0.00679130 0.83347005
vn -0.61643573 0.02156982 0.78710973
vn -0.62529815 -0.16668767 0.76237618
vn -0.66558823 0.09113313 0.74073414
vn -0.72356920 0.16768993 0.66957278
vn -0.77570239 0.26097467 0.57461120
vn -0.81374431 0.34603283 0.46699195
vn -0.84678405 0.42200952 0.32382826
vn -0.86090469 0.47372529 0.18554639
vn -0.85115773 0.51973114 0.07355305
vn -0.85583941 0.46272235 -0.23114265
vn -0.40860971 -0.56831806 -0.71417973
vn -0.35207673 -0.33254147 -0.87490465
vn -0.45557775 0.00522514 0.89018066
vn -0.52214801 0.01635458 0.85269806
vn -0.51395603 -0.38004319 0.76903600
vn -0.49730338 -0.20516132 0.84296986
vn -0.58299831 0.08699454 0.80780252
vn -0.63708731 0.16879655 0.75208210
vn -0.71537032 0.29842549 0.63181289
vn -0.77021728 0.40065180 0.49622926
vn -0.79402594 0.49156100 0.35761794
vn -0.80875849 0.55126163 0.20498859
vn -0.73653899 0.47116182 -0.48530079
vn -0.79982100 0.59305135 0.09260918
vn -0.79921609 0.57773687 -0.16575207
vn -0.35346609 -0.58262526 -0.73185349
vn -0.18106135 -0.19360566 -0.96422696
vn -0.33159015 0.00216690 0.94342105
vn -0.40284614 0.02309734 0.91497623
vn -0.45996861 0.01986570 0.88771292
vn -0.40116760 -0.17576133 0.89898415
vn -0.50851885 0.09279628 0.85603588
vn -0.56412647 0.18965011 0.80361319
vn -0.60673368 0.28014851 0.74390259
vn -0.69273966 0.39095025 0.60602778
vn -0.71329748 0.48470437 0.50622957
vn -0.73433256 0.55851335 0.38577005
vn -0.74850576 0.62509742 0.22134214
vn -0.74532801 0.66176816 0.08092624
vn -0.61981392 0.51263630 -0.59416726
vn -0.31091073 -0.67226987 -0.67185396
vn -0.18014496 -0.19328726 -0.96446246
vn -0.30093269 -0.34405746 -0.88941778
vn -0.35152515 -0.26511870 0.89785419
vn -0.28813889 -0.14555519 0.94646166
vn -0.22153596 -0.00123785 0.97515142
vn -0.27699165 0.02322635 0.96059157
vn -0.33807214 0.03880010 0.94032004
vn -0.38459486 0.10528503 0.91706153
vn -0.44929341 0.10909015 0.88669880
vn -0.49389747 0.20108146 0.84595008
vn -0.54621951 0.30992614 0.77819666
vn -0.61365324 0.44390355 0.65297729
vn -0.64770108 0.53763022 0.53984910
vn -0.66897542 0.62053722 0.40915209
vn -0.68145458 0.69357976 0.23359532
vn -0.61868831 0.56501545 -0.54587757
vn -0.66627887 0.73353312 0.13417018
vn -0.67783797 0.73381139 0.04534911
vn -0.24351236 -0.67393349 -0.69750655
vn -0.07853139 -0.10805495 -0.99103832
vn -0.23715109 -0.31933887 0.91748681
vn -0.18373623 -0.17840137 0.96665089
vn -0.13749856 -0.00310630 0.99049710
vn -0.16786579 0.02682360 0.98544486
vn -0.23002392 0.04215924 0.97227136
vn -0.31168206 0.10829391 0.94399509
vn -0.42568203 0.21073508 0.87999178
vn -0.47553309 0.32901889 0.81585222
vn -0.54230153 0.48003248 0.68954904
vn -0.57643921 0.58649857 0.56897914
vn -0.59615675 0.67879987 0.42875152
vn -0.60716320 0.75628791 0.24368309
vn -0.31544992 0.32671116 -0.89092714
vn -0.59606232 0.79280802 0.12714223
vn -0.58708670 0.80854256 0.03985136
vn -0.39332617 0.49517146 -0.77466105
vn -0.13843317 -0.19933496 -0.97010403
vn -0.16220681 -0.82341750 -0.54375783
vn -0.13897779 -0.37650802 0.91592952
vn -0.10144622 -0.28231687 0.95394227
vn -0.05562190 -0.00629011 0.99843209
vn -0.06615313 0.03240156 0.99728326
vn -0.11567464 0.03801790 0.99255933
vn -0.13697637 0.10446705 0.98505031
vn -0.19815701 0.11791706 0.97305157
vn -0.25190355 0.11038855 0.96143589
vn -0.29186325 0.21461494 0.93207096
vn -0.37041719 0.23289132 0.89919561
vn -0.40339963 0.34533189 0.84735744
vn -0.46692687 0.51223905 0.72082622
vn -0.49863919 0.63195358 0.59329051
vn -0.51619449 0.73190173 0.44481806
vn -0.52553451 0.81272393 0.25158157
vn -0.51309055 0.84854712 0.12925121
vn -0.50067988 0.86479212 0.03813451
vn -0.31237080 0.48686648 -0.81571166
vn -0.23846123 0.30489705 -0.92204882
vn -0.02421489 -0.04207831 -0.99882083
vn -0.13605987 -0.80338282 -0.57971006
vn -0.04903795 -0.44559369 0.89389124
vn -0.00040237 -0.33547892 0.94204763
vn -0.00632397 -0.00425795 0.99997094
vn -0.00674077 0.02441432 0.99967920
vn -0.00844368 0.11370981 0.99347812
vn -0.08212948 0.11342015 0.99014677
vn -0.15796097 0.22294875 0.96194708
vn -0.23449653 0.24568666 0.94055805
vn -0.32974219 0.35912716 0.87309666
vn -0.38642967 0.54091655 0.74704846
vn -0.41535800 0.67162657 0.61351078
vn -0.43044917 0.77771016 0.45812708
vn -0.43790540 0.86145814 0.25715508
vn -0.42442465 0.89605903 0.13016115
vn -0.40966654 0.91142310 0.03848709
vn -0.24380436 0.47119852 -0.84766231
vn -0.16797280 0.27811904 -0.94574570
vn -0.04052190 -0.08077169 -0.99590859
vn -0.05357098 -0.92133856 -0.38505247
vn 0.07344470 -0.47232947 0.87835685
vn 0.04204457 -0.00629990 0.99909587
vn 0.05412160 0.03610814 0.99788128
vn 0.06100588 0.12180522 0.99067743
vn 0.05757441 0.24938338 0.96669184
vn -0.01103022 0.23842575 0.97109809
vn -0.07999729 0.24892739 0.96521272
vn -0.17584448 0.37913250 0.90848074
vn -0.25435347 0.37034371 0.89339233
vn -0.30190359 0.56456212 0.76819518
vn -0.32544312 0.70495883 0.63017444
vn -0.33681902 0.81688968 0.46823519
vn -0.34287707 0.90235638 0.26112887
vn -0.33019742 0.93484146 0.13054160
vn -0.11862631 0.25571655 -0.95944611
vn -0.31553936 0.94828974 0.03437256
vn -0.17196394 0.44118106 -0.88078810
vn -0.00509335 -0.01159796 -0.99991977
vn -0.02177816 -0.95645268 -0.29107385
vn 0.14714599 -0.47816844 0.86585391
vn 0.12109416 -0.00325093 0.99263570
vn 0.10699937 0.03769446 0.99354429
vn 0.10664082 0.10427128 0.98881507
vn 0.13420849 0.22366612 0.96538156
vn 0.14647661 0.38098410 0.91290510
vn 0.07777193 0.40454892 0.91120344
vn -0.01373396 0.38721877 0.92188557
vn -0.10605858 0.40351562 0.90880511
vn -0.21161664 0.58337362 0.78415152
vn -0.22924479 0.73116408 0.64253087
vn -0.23745179 0.84702933 0.47556068
vn -0.24358653 0.93324625 0.26403984
vn -0.23205286 0.96392289 0.13039986
vn -0.07992038 0.23495571 -0.96871489
vn -0.21455614 0.97617294 0.03243538
vn -0.08580397 0.32795141 -0.94078986
vn -0.00437025 -0.01102828 -0.99992964
vn -0.00268525 -0.00970078 -0.99994934
vn -0.00434927 -0.01800092 -0.99982851
vn -0.00405486 -0.98356595 -0.18050370
vn 0.22126899 -0.56420509 0.79543237
vn 0.20088837 -0.00170730 0.97961265
vn 0.15112964 0.02240041 0.98826011
vn 0.17084357 0.11177163 0.97893798
vn 0.20754341 0.24697928 0.94653419
vn 0.22306922 0.37327252 0.90050416
vn 0.26407143 0.57085295 0.77742729
vn 0.17500999 0.58698542 0.79045532
vn 0.08142004 0.59738831 0.79780824
vn -0.01831435 0.62743331 0.77845490
vn -0.11719194 0.59537027 0.79485866
vn -0.12751433 0.74852695 0.65072844
vn -0.13218232 0.86693148 0.48058053
vn -0.13823043 0.95405967 0.26582420
vn -0.12897769 0.98306996 0.13014687
vn -0.11335991 0.99297718 0.03385030
vn -0.04825767 0.29004531 -0.95579544
vn -0.00001078 -0.00009945 -0.99999999
vn -0.00000416 -0.00009516 -1.00000000
vn 0.00386616 -0.93178993 -0.36297737
vn 0.28566436 -0.66598711 0.68909871
vn 0.30142699 0.00288626 0.95348489
vn 0.23371986 0.03154752 0.97179205
vn 0.23718278 0.11789327 0.96428497
vn 0.26342421 0.22629583 0.93776217
vn 0.29708056 0.36286853 0.88321547
vn 0.34864616 0.54929966 0.75941803
vn 0.37397817 0.68436943 0.62592237
vn 0.28381029 0.71478504 0.63916669
vn 0.18748362 0.73766418 0.64861502
vn 0.08595686 0.75206464 0.65346018
vn -0.02107578 0.78013903 0.62525108
vn -0.02246924 0.89069740 0.45404104
vn -0.02367621 0.97038139 0.24041505
vn -0.02463627 0.99399146 0.10664910
vn -0.01663905 0.99952124 0.02608520
vn -0.01266807 0.26181760 -0.96503423
vn 0.00000261 -0.00008549 -1.00000000
vn 0.00000807 -0.00007977 -1.00000000
vn 0.00001277 -0.00007485 -1.00000000
vn 0.00001728 -0.00007012 -1.00000000
vn 0.00339550 -0.00921943 -0.99995174
vn 0.01342490 -0.96759066 -0.25216678
vn 0.25450071 -0.86671192 0.42899864
vn 0.43018314 0.00691396 0.90271516
vn 0.32301548 0.03027677 0.94590925
vn 0.28649923 0.09791278 0.95306415
vn 0.32809123 0.22017116 0.91862985
vn 0.36957920 0.34986288 0.86081774
vn 0.42860165 0.52322067 0.73657366
vn 0.45854940 0.64738730 0.60878742
vn 0.47445666 0.75174685 0.45800388
vn 0.38629467 0.79456445 0.46844825
vn 0.29234672 0.82943908 0.47598761
vn 0.19181027 0.85569693 0.48061585
vn 0.08625955 0.87163104 0.48251281
vn 0.08968441 0.95939351 0.26743373
vn 0.07986260 0.98810292 0.13143281
vn 0.06651648 0.99704974 0.03830627
vn 0.02131693 0.28965562 -0.95689352
vn 0.00079034 -0.00197924 -0.99999773
vn 0.00079234 -0.00197688 -0.99999773
vn 0.00878311 -0.01643834 -0.99982630
vn 0.03227088 -0.94362877 -0.32942880
vn 0.33831807 -0.85342536 0.39649216
vn 0.56910676 0.00615431 0.82224061
vn 0.53109348 0.02010021 0.84707479
vn 0.43307801 0.03164827 0.90080066
vn 0.40579975 0.09170552 0.90934958
vn 0.35431182 0.11283997 0.92829428
vn 0.39256551 0.21258696 0.89481792
vn 0.43942014 0.33465931 0.83361447
vn 0.50377620 0.49301507 0.70932763
vn 0.53669135 0.60569397 0.58744975
vn 0.55574087 0.70250112 0.44457200
vn 0.48230419 0.83651579 0.26004615
vn 0.56637495 0.78407788 0.25385288
vn 0.39214780 0.88118253 0.26407848
vn 0.29621262 0.91725703 0.26626607
vn 0.19509250 0.94360209 0.26749583
vn 0.18209484 0.97429280 0.13264617
vn 0.15942755 0.98665953 0.03295195
vn 0.04132898 0.21138687 -0.97652829
vn 0.00383668 -0.00701478 -0.99996804
vn 0.01422215 -0.02424659 -0.99960484
vn 0.05796869 -0.95953874 -0.27554499
vn 0.18561327 -0.97242436 0.14120403
vn 0.73297671 0.00734003 0.68021413
vn 0.64453628 0.01179248 0.76448278
vn 0.69033432 0.07593322 0.71949473
vn 0.62474020 0.09028640 0.77559528
vn 0.53832038 0.08137772 0.83880202
vn 0.48187636 0.10414988 0.87002757
vn 0.52635702 0.19242405 0.82820364
vn 0.45880428 0.20336341 0.86495200
vn 0.50950107 0.31626209 0.80024181
vn 0.57593692 0.45842734 0.67686117
vn 0.60987569 0.55905304 0.56170397
vn 0.63091326 0.64749357 0.42743484
vn 0.64368957 0.72494160 0.24520077
vn 0.55428113 0.82162521 0.13305806
vn 0.46866435 0.87312072 0.13421602
vn 0.63328279 0.76279622 0.13074723
vn 0.37797553 0.91600001 0.13445626
vn 0.28273280 0.94979404 0.13399049
vn 0.26083403 0.96464440 0.03777277
vn 0.05911867 0.18546511 -0.98087088
vn 0.04374567 -0.05960647 -0.99726295
vn 0.09298559 -0.95006025 -0.29789124
vn 0.20340214 -0.97228771 0.11525698
vn 0.82518524 0.00681915 0.56482105
vn 0.74843207 0.01404299 0.66306276
vn 0.78310038 0.05994414 0.61899959
vn 0.81085613 0.12046048 0.57271425
vn 0.73900571 0.14378577 0.65817643
vn 0.66712724 0.16295726 0.72690176
vn 0.59569385 0.17906966 0.78299610
vn 0.63695925 0.26500829 0.72391541
vn 0.57821682 0.29543398 0.76051566
vn 0.64434251 0.42036739 0.63883800
vn 0.67754043 0.50809248 0.53177157
vn 0.69922845 0.58816230 0.40637998
vn 0.71404906 0.65984179 0.23397170
vn 0.70057501 0.70029908 0.13702499
vn 0.53931205 0.84088321 0.04536459
vn 0.62057706 0.78289274 0.04430651
vn 0.45182316 0.89115879 0.04113209
vn 0.71117120 0.70137920 0.04798685
vn 0.35678667 0.93339581 0.03841274
vn 0.06907554 0.15748002 -0.98510335
vn 0.01761633 -0.02280989 -0.99958460
vn 0.07828704 -0.08339088 -0.99343701
vn 0.16927370 -0.92749540 -0.33331471
vn 0.09690004 -0.99440844 0.04197892
vn 0.91829374 0.00426032 0.39587683
vn 0.90914133 0.01452483 0.41623439
vn 0.84251787 0.02666260 0.53800812
vn 0.87467199 0.07858457 0.47830260
vn 0.91013843 0.14768950 0.38708635
vn 0.85786085 0.19433574 0.47571881
vn 0.79973801 0.23676575 0.55168932
vn 0.74099648 0.27676289 0.61182230
vn 0.71872894 0.36610280 0.59109851
vn 0.73977166 0.45357379 0.49699970
vn 0.76148690 0.52371619 0.38191498
vn 0.77717634 0.58977971 0.21944666
vn 0.77286756 0.62866098 0.08637771
vn 0.09487808 0.12706451 -0.98734632
vn 0.05883261 0.08998623 -0.99420380
vn 0.08897758 0.16017874 -0.98306956
vn 0.08956747 0.09841951 -0.99110608
vn 0.15658204 0.13303213 -0.97866466
vn 0.04111466 -0.03781170 -0.99843871
vn 0.20831018 -0.92087355 -0.32954328
vn 0.15862051 -0.12492951 -0.97940398
vn 0.17606710 -0.98252052 0.06044669
vn 0.97464254 0.00197697 0.22375881
vn 0.96492960 0.00644620 0.26242964
vn 0.97308414 0.02436355 0.22915864
vn 0.92750365 0.05063181 0.37036926
vn 0.95337768 0.09717884 0.28570486
vn 0.95916327 0.13323313 0.24950901
vn 0.92704903 0.19510754 0.32017675
vn 0.88397315 0.25701079 0.39055975
vn 0.83506543 0.31503662 0.45101847
vn 0.79299241 0.37090519 0.48331396
vn 0.81783748 0.45570513 0.35138966
vn 0.83385720 0.51366677 0.20206093
vn 0.83320024 0.54711461 0.08026803
vn 0.19486057 0.13751036 -0.97114379
vn 0.20592820 -0.94768283 -0.24390742
vn 0.07841543 -0.05296249 -0.99551293
vn 0.25111674 -0.13958973 -0.95783876
vn 0.08201177 -0.99646851 0.01801623
vn 0.99014806 0.00099660 0.14002080
vn 0.98987621 0.00127012 0.14192772
vn 0.16308241 -0.98633603 0.02335286
vn 0.99206591 0.00455450 0.12563635
vn 0.99645315 0.00193198 0.08412718
vn 0.99176022 0.01728751 0.12693620
vn 0.99161723 0.01903345 0.12780060
vn 0.98119857 0.04971046 0.18648923
vn 0.98641686 0.07691550 0.14514058
vn 0.97525741 0.14783078 0.16437469
vn 0.94556788 0.23540074 0.22469507
vn 0.90987320 0.31165128 0.27386901
vn 0.86720729 0.38537675 0.31533517
vn 0.88239998 0.43428966 0.18100491
vn 0.87710004 0.47277366 0.08473835
vn 0.35783789 0.18665024 -0.91493920
vn 0.13258652 0.08090513 -0.98786395
vn 0.21211713 -0.95159436 -0.22242864
vn 0.14906041 -0.07594708 -0.98590721
vn 0.29139716 -0.90821351 -0.30039294
vn 0.99343025 0.00024775 0.11443896
vn 0.99297689 -0.11184756 -0.03856176
vn 0.99587286 0.00011092 0.09075918
vn 0.99765729 0.00205327 0.06837919
vn 0.99750585 0.00700198 0.07023575
vn 0.99886875 0.00225208 0.04749888
vn 0.99938300 0.00623936 0.03456417
vn 0.99280617 0.09432444 0.07374833
vn 0.97940176 0.17923426 0.09299071
vn 0.95555097 0.26618715 0.12675470
vn 0.92281881 0.35226300 0.15593660
vn 0.91658433 0.39462010 0.06440609
vn 0.12398897 0.05647779 -0.99067502
vn 0.14268701 -0.05553072 -0.98820886
vn 0.41388622 -0.85802737 -0.30411713
vn 0.34948013 -0.92280029 -0.16218283
vn 0.28129835 -0.06061963 -0.95770376
vn 0.21456136 -0.02623299 -0.97635816
vn 0.22373889 -0.00749948 -0.97462027
vn 0.36219026 -0.00612062 -0.93208409
vn 0.99995613 -0.00915085 -0.00199778
vn 0.99995029 -0.00420914 0.00903904
vn 0.99944055 0.03058424 0.01353496
vn 0.99353761 0.11118060 0.02284487
vn 0.97771435 0.20621406 0.03937526
vn 0.95212647 0.30061331 0.05555922
vn 0.21030992 0.07697110 -0.97460001
vn 0.25740617 -0.08839295 -0.96225192
vn 0.40891697 -0.88156698 -0.23585286
vn 0.16957771 0.02371118 -0.98523154
vn 0.99639330 0.08481054 0.00275113
vn 0.99970756 0.02399802 0.00298003
vn 0.11352424 0.02428331 -0.99323842
vn 0.19146899 0.05231762 -0.98010331
vn -0.99982214 -0.01878520 -0.00167669
vn -0.00334404 -0.00005088 0.99999441
vn -0.99990507 -0.01344108 0.00303111
vn -0.99702778 0.07693076 0.00415511
vn -0.99997050 0.00765336 -0.00065200
vn -0.01857771 0.00092869 -0.99982699
vn -0.99795702 -0.06253484 -0.01308365
vn -0.99500764 -0.09974968 -0.00313133
vn -0.99633440 -0.08550091 0.00271365
vn -0.99866694 -0.04822435 0.01840536
vn -0.99590383 0.09038306 -0.00254048
vn -0.99287674 0.11580933 0.02799980
vn -0.99144533 0.13052257 -0.00010656
vn -0.99527486 0.09709732 0.00023478
vn -0.99540827 0.09571979 0.00031081
vn -0.99559092 0.09380138 -0.00010885
vn -0.99068651 0.13541345 -0.01426302
vn -0.99264432 -0.12023410 -0.01417773
vn -0.98887729 -0.14873230 -0.00064388
vn -0.98540441 -0.14547553 0.08840264
vn -0.98882737 0.14263825 0.04329854
vn -0.98162026 0.18524620 0.04588583
vn -0.98010749 0.19846694 0.00042074
vn -0.97915089 0.19739633 -0.04793971
vn -0.98912166 -0.14468297 -0.02655513
vn -0.98379872 -0.17926999 -0.00153494
vn -0.97573528 -0.21895252 0.00067390
vn -0.96983986 -0.24365722 0.00646497
vn -0.82547044 -0.21137130 0.52337437
vn -0.96473491 0.24751545 0.08956930
vn -0.95928117 0.28242279 0.00412277
vn -0.97091341 0.23933291 -0.00684945
vn -0.94303451 0.32464587 -0.07273902
vn -0.97852410 -0.19365952 -0.07061568
vn -0.96609984 -0.22444567 -0.12757444
vn -0.96111660 -0.23725562 -0.14129635
vn -0.94895347 -0.30725086 -0.07130379
vn -0.96688812 -0.25520048 -0.00028883
vn -0.95626320 -0.29248987 0.00321886
vn -0.93842816 -0.34544727 0.00433243
vn -0.66044919 -0.22488925 0.71640190
vn -0.94359101 0.32085004 0.08180011
vn -0.93291365 0.35992463 -0.01124179
vn -0.91226628 0.39085424 -0.12248751
vn -0.94117105 -0.32165495 -0.10361054
vn -0.91584365 -0.39393186 -0.07776948
vn -0.90646886 -0.42226587 0.00239759
vn -0.90070024 -0.43439211 0.00652435
vn -0.46641418 -0.19902426 0.86188582
vn -0.91086399 0.40517683 0.07847635
vn -0.85046621 0.51105849 -0.12460518
vn -0.81898704 -0.40292847 -0.40854482
vn -0.87569523 -0.45510290 -0.16136669
vn -0.88449886 -0.46651399 0.00514391
vn -0.14525886 -0.07912532 0.98622464
vn -0.87374291 -0.48630468 0.00900444
vn -0.86928697 0.45855094 0.18458386
vn -0.80776678 0.53202075 0.25390303
vn -0.80193163 0.58024750 0.14219174
vn -0.78357517 0.55229276 -0.28457454
vn -0.82297068 -0.51900842 -0.23097515
vn -0.76858788 -0.52239722 0.36928825
vn -0.69526190 0.61387625 0.37385403
vn -0.74670946 0.64595066 -0.15865913
vn -0.80359786 -0.56235854 -0.19489317
vn -0.81379868 -0.57137850 0.10610526
vn -0.69740811 0.70916154 0.10349800
vn -0.61302273 0.63914945 -0.46442558
vn -0.73536220 -0.61245670 -0.29006764
vn -0.71942968 -0.60169955 0.34695618
vn -0.53168042 0.67010666 0.51795076
vn -0.59406644 0.75264993 -0.28390694
vn -0.59399360 0.64401169 -0.48210015
vn -0.61240587 0.63931587 -0.46500997
vn -0.67140666 -0.67352883 -0.30914723
vn -0.70219906 -0.68933484 0.17814027
vn -0.71723820 -0.60301827 0.34919671
vn -0.50488408 0.78481672 0.35938110
vn -0.40671415 0.65643906 -0.63535136
vn -0.62522151 -0.76381959 -0.16024263
vn -0.58188725 -0.70266869 0.40946787
vn -0.62425050 -0.64556429 0.43995234
vn -0.30261496 0.66529804 0.68249740
vn -0.35031743 0.80768633 -0.47425783
vn -0.39393195 0.65545171 -0.64436067
vn -0.49395581 -0.67971875 0.54220851
vn -0.50058104 -0.78786783 -0.35872400
vn -0.24141230 0.82188941 0.51596307
vn -0.20683699 0.61130771 -0.76388569
vn -0.49298821 -0.78381540 0.37761892
vn -0.45222614 -0.81043839 -0.37239916
vn -0.08299579 0.81333327 0.57584780
vn -0.17126369 0.85804097 -0.48418431
vn -0.35496956 -0.67198905 0.64994410
vn -0.26321940 -0.58369566 -0.76812429
vn -0.34986199 -0.75582846 0.55346176
vn 0.05073280 0.89661226 0.43990072
vn 0.01270763 0.62595194 -0.77975809
vn -0.05904479 0.54153308 -0.83860338
vn -0.05982867 0.54199937 -0.83824651
vn -0.00901223 -0.02798270 -0.99956778
vn -0.36218300 -0.93198853 0.01486120
vn -0.24955397 -0.73525249 0.63017981
vn 0.06521435 0.48357363 0.87287091
vn 0.16449432 0.79090505 -0.58941566
vn 0.05088199 0.46518841 -0.88374813
vn -0.06113861 -0.29081885 -0.95482274
vn -0.29123326 -0.95663801 0.00518728
vn -0.21493019 -0.74978814 0.62579769
vn 0.06609512 0.48274330 0.87326419
vn 0.14937030 0.44705058 -0.88194914
vn 0.11752716 0.43271232 0.89383858
vn 0.16873329 0.56943273 0.80453430
vn -0.01292812 -0.08353771 -0.99642075
vn -0.19632017 -0.97864932 -0.06085975
vn -0.26281555 -0.96478804 0.01058459
vn -0.16568592 -0.84192280 0.51353109
vn 0.13382198 0.38797665 -0.91190230
vn 0.28489001 0.75751471 0.58737479
vn -0.00078912 -0.00566806 -0.99998363
vn -0.10747057 -0.89553718 -0.43181390
vn -0.11039253 -0.94049133 -0.32138690
vn -0.14021415 -0.99012112 0.00038896
vn -0.19886447 -0.98001883 0.00400321
vn -0.10154112 -0.81700589 0.56761851
vn 0.22566976 0.48779334 -0.84328573
vn 0.25299839 0.46585012 0.84792422
vn -0.00069547 -0.04823682 -0.99883569
vn -0.05579310 -0.85431566 -0.51675128
vn -0.06504799 -0.96544341 -0.25236436
vn -0.09334085 -0.99563345 0.00122902
vn -0.06712641 -0.99774444 0.00027071
vn -0.03698978 -0.48215473 0.87530484
vn 0.24597124 0.41196018 -0.87737504
vn 0.33684667 0.54299803 0.76921223
vn 0.00016369 -0.06797022 -0.99768734
vn -0.01759997 -0.82996844 -0.55753262
vn 0.00396428 -0.95707700 -0.28980665
vn 0.02038398 -0.99979184 0.00088203
vn 0.00366601 -0.58779306 0.80900301
vn -0.03614688 -0.48153100 0.87568333
vn 0.31300890 0.44402718 -0.83956256
vn 0.21828281 0.29978522 0.92869879
vn 0.00029363 -0.05630561 -0.99841354
vn 0.00770605 -0.75228037 -0.65879804
vn 0.00149142 -0.78906806 -0.61430398
vn 0.05755620 -0.94973749 -0.30771087
vn 0.04868088 -0.99877344 -0.00904361
vn 0.01951388 -0.68666613 0.72671097
vn 0.32021606 0.36474443 0.87431297
vn 0.32549311 0.35175179 -0.87768155
vn 0.00404006 -0.02789759 -0.99960262
vn 0.07825338 -0.85697228 -0.50938681
vn 0.06796482 -0.87038505 -0.48765834
vn 0.11241723 -0.95685088 -0.26795291
vn 0.12532959 -0.99211225 0.00240158
vn 0.08408820 -0.67197406 0.73578532
vn 0.39714625 0.39927047 0.82635219
vn 0.23825443 0.24913931 -0.93870359
vn 0.00363893 -0.02404809 -0.99970418
vn 0.12172662 -0.90189931 -0.41443969
vn 0.19367066 -0.98104970 0.00575811
vn 0.12713080 -0.99187770 0.00404840
vn 0.21811733 -0.97590506 -0.00584281
vn 0.06260910 -0.45650072 0.88751743
vn 0.25976215 0.21642474 0.94110783
vn 0.48748239 0.40640003 -0.77278712
vn 0.00028979 -0.00101494 -0.99999944
vn 0.25332505 -0.93306996 -0.25535635
vn 0.31044487 -0.95058689 0.00292384
vn 0.13497956 -0.61697819 0.77531828
vn 0.06943512 -0.39821468 0.91466050
vn 0.26206418 -0.96500431 0.00943664
vn 0.14620870 -0.53409686 0.83268455
vn 0.49267764 0.33887725 0.80151790
vn 0.26636853 0.19248065 -0.94445699
vn 0.00031470 -0.00097740 -0.99999947
vn 0.30010571 -0.66907898 -0.67990432
vn 0.36294813 -0.93171389 0.01333735
vn 0.21070430 -0.59747692 0.77370862
vn 0.27567484 0.17368200 0.94543003
vn 0.57475719 0.32740717 -0.74997248
vn 0.27018730 0.18362814 -0.94513466
vn 0.34505679 -0.59862898 -0.72289636
vn 0.19603551 -0.38999310 0.89970854
vn 0.22358713 -0.50540193 0.83341327
vn 0.28474283 0.14266815 0.94792791
vn 0.44967099 0.18590845 0.87363268
vn 0.28989192 0.12531208 -0.94882009
vn 0.20151853 -0.32099812 -0.92539207
vn 0.33097391 -0.54250525 0.77210383
vn 0.94785000 0.31870438 0.00280896
vn 0.39702274 0.13737592 -0.90746945
vn 0.29247820 0.11558093 -0.94926158
vn 0.21881201 0.06563961 0.97355675
vn 0.43305510 -0.62182942 -0.65252698
vn 0.21552260 -0.30199433 0.92862772
vn 0.97488852 0.22260902 0.00613216
vn 0.97020815 0.24208821 -0.00945749
vn 0.21353074 0.04170083 -0.97604593
vn 0.08308524 0.01752199 0.99638839
vn 0.97655064 0.21382922 0.02501809
vn 0.21931289 -0.29264757 -0.93073050
vn 0.26678722 -0.33610642 0.90324806
vn 0.98934604 0.14551264 0.00452546
vn 0.17223789 0.02668847 -0.98469378
vn 0.19199196 0.02710378 0.98102216
vn 0.23219774 -0.26972107 -0.93452381
vn 0.38817518 -0.41110181 -0.82481230
vn 0.51927435 -0.52409191 0.67504208
vn 0.99601572 0.08870299 0.00919067
vn 0.34791414 0.04026215 -0.93666147
vn 0.26491753 0.00537710 0.96425608
vn 0.24843215 -0.23750275 -0.93908142
vn 0.38077495 -0.31493095 -0.86938423
vn 0.25218848 -0.23533371 0.93862613
vn 0.38016699 0.00914248 -0.92487268
vn 0.99630331 0.08586888 -0.00249879
vn 0.99974932 -0.02236684 -0.00101320
vn 0.99989598 -0.01416764 -0.00270188
vn 0.03521633 -0.00412249 0.99937121
vn 0.99335703 -0.11507306 0.00000887
vn 0.99654681 -0.08299999 -0.00233443
vn 0.99911484 -0.04197009 -0.00283568
vn 0.26576333 -0.20321251 0.94237706
vn 0.25238990 -0.23486451 0.93868951
vn 0.36309105 -0.24105438 -0.90003204
vn 0.81592244 -0.57810436 0.00811961
vn 0.42999438 -0.31677271 0.84543473
vn 0.08600037 -0.00190689 -0.99629328
vn 0.22715148 -0.00901130 -0.97381775
vn 0.05475950 -0.01096759 0.99843934
vn 0.97680004 -0.21412242 0.00364270
vn 0.98498966 -0.17260965 -0.00113293
vn 0.33710566 -0.04284507 -0.94049140
vn 0.34168556 -0.03795932 -0.93904743
vn 0.17231799 -0.01580353 -0.98491460
vn 0.17259556 -0.00969635 -0.98494505
vn 0.27463127 -0.15562481 -0.94887227
vn 0.89163568 -0.45271690 0.00576336
vn 0.27964027 -0.17169958 0.94462721
vn 0.27724558 -0.17069520 0.94551469
vn 0.27688530 -0.17183441 0.94541391
vn 0.01961696 -0.00550928 0.99979239
vn 0.95124693 -0.30837135 0.00603236
vn 0.50682429 -0.11557912 -0.85426612
vn 0.96797287 -0.25103730 0.00296590
vn 0.17044174 -0.03629756 -0.98469899
vn 0.17098908 -0.03096044 -0.98478637
vn 0.34654444 -0.17320992 -0.92190307
vn 0.00506008 -0.00250322 0.99998406
vn 0.90149060 -0.43278053 0.00396494
vn 0.92369732 -0.38304398 0.00778301
vn 0.01693717 -0.00823377 0.99982265
vn 0.03137069 -0.01148491 0.99944183
vn 0.94163955 -0.33660139 0.00380412
vn 0.30296886 -0.09888495 -0.94785634
vn 0.97017774 -0.24239443 -0.00029059
vn 0.19761741 -0.09250508 -0.97590480
vn 0.01209871 -0.00470260 0.99991575
vn 0.12480434 -0.04272454 -0.99126106
vn -0.99979968 0.01791221 -0.00892996
vn -0.99893476 0.04075996 -0.02163253
vn -0.99586586 -0.08974708 -0.01402336
vn -0.00309580 -0.00010386 0.99999520
vn -0.99942044 -0.02960399 0.01680432
vn -0.99087111 0.11669831 0.06749769
vn -0.98421496 0.17606259 -0.01796870
vn -0.98880157 0.14027125 -0.05094539
vn -0.99929490 0.01255380 -0.03538522
vn -0.99838607 0.00311516 -0.05670579
vn -0.99550909 -0.08965864 -0.03038074
vn -0.16695044 -0.98593461 -0.00777783
vn -0.99394125 -0.10988342 -0.00253447
vn -0.99363579 -0.11263678 0.00093187
vn -0.98885375 0.12616362 0.07906324
vn -0.98291782 0.15259525 0.10289431
vn -0.97358958 0.22433486 0.04239348
vn -0.93731676 0.34800107 -0.01823598
vn -0.95121807 0.30601619 -0.03922094
vn -0.99070375 0.09143554 -0.10072550
vn -0.95899411 0.26795413 -0.09236280
vn -0.99785385 -0.00673934 -0.06513283
vn -0.99551095 -0.06853878 -0.06527165
vn -0.99539228 -0.08171523 -0.05016810
vn -0.98937157 -0.05752954 -0.13354496
vn -0.96842038 -0.22507311 0.10725699
vn -0.98863196 -0.14568894 0.03716962
vn -0.99262290 -0.12085143 0.00973138
vn -0.99445373 -0.06036512 -0.08612683
vn -0.99421693 -0.05999710 -0.08906767
vn -0.99014008 -0.05523990 -0.12872908
vn -0.94025580 0.27285352 0.20364183
vn -0.87987686 0.34684548 0.32483062
vn -0.89993568 0.40853337 0.15236879
vn -0.84606185 0.53283362 -0.01636092
vn -0.86901143 0.49320537 -0.03959278
vn -0.87615656 0.47170644 -0.09921048
vn -0.95402255 0.26023960 -0.14871559
vn -0.95920184 0.19178333 -0.20772814
vn -0.98519373 0.04626670 -0.16508391
vn -0.88837313 0.42766524 -0.16701982
vn -0.96857870 -0.06773749 -0.23930511
vn -0.98929671 -0.05714527 -0.13426256
vn -0.95015304 -0.27343799 0.14980275
vn -0.94518686 -0.27657934 0.17356746
vn -0.96148102 -0.23646252 0.14014178
vn -0.96452562 -0.22891123 0.13149132
vn -0.98002847 -0.18257603 0.07880479
vn -0.98704786 -0.03938150 -0.15551729
vn -0.80119894 0.42830349 0.41789519
vn -0.69274200 0.47122792 0.54594210
vn -0.77341111 0.56744898 0.28255425
vn -0.72003613 0.69376529 -0.01541724
vn -0.74976469 0.66054236 -0.03920069
vn -0.75917498 0.64231220 -0.10530144
vn -0.77861045 0.59898866 -0.18702500
vn -0.89715665 0.36039535 -0.25539214
vn -0.95326960 0.12725447 -0.27401345
vn -0.89538885 0.27048426 -0.35371893
vn -0.79661860 0.52472184 -0.30010963
vn -0.92380247 -0.02659334 -0.38194474
vn -0.89733295 -0.02007969 -0.44089724
vn -0.84543038 -0.18800010 -0.49990343
vn -0.96970886 -0.01792041 -0.24360537
vn -0.95774932 -0.02283645 -0.28669624
vn -0.93093304 -0.01467085 -0.36489511
vn -0.86608167 -0.42270056 0.26688345
vn -0.91323361 -0.31215528 0.26184623
vn -0.94239344 0.06558485 -0.32801408
vn -0.55387393 0.51625954 0.65322260
vn -0.60644603 0.67196133 0.42507785
vn -0.56221399 0.82687980 -0.01360964
vn -0.59780741 0.80072323 -0.03832253
vn -0.60704494 0.78700286 -0.11010423
vn -0.63773181 0.74644070 -0.19006426
vn -0.69219496 0.64672490 -0.32033270
vn -0.80151946 0.41444063 -0.43105165
vn -0.88099289 0.17564374 -0.43931856
vn -0.78598535 0.28587839 -0.54817932
vn -0.70370650 0.52830885 -0.47506517
vn -0.91417907 -0.02104766 -0.40476367
vn -0.83638054 -0.00050046 -0.54814902
vn -0.85679357 -0.01111867 -0.51553967
vn -0.79234302 -0.00578100 -0.61004846
vn -0.75707470 -0.01730361 -0.65309913
vn -0.60774592 -0.60157287 -0.51841583
vn -0.93188836 0.01716312 -0.36233896
vn -0.84699256 0.03786376 -0.53025460
vn -0.63112238 -0.67148011 0.38832848
vn -0.79756279 -0.45393797 0.39728316
vn -0.81453037 -0.40082412 0.41938085
vn -0.82492111 -0.39347510 0.40581093
vn -0.84899108 -0.37504055 0.37223478
vn -0.86168957 0.09391969 -0.49866841
vn -0.41623792 0.53220111 0.73722993
vn -0.31746642 0.51198436 0.79817735
vn -0.42795604 0.73656727 0.52375785
vn -0.37969088 0.92503439 -0.01209151
vn -0.41961017 0.90693364 -0.03739890
vn -0.43504322 0.89443666 -0.10353969
vn -0.49204505 0.84616521 -0.20468538
vn -0.55587763 0.76221378 -0.33170802
vn -0.57979095 0.61496314 -0.53447432
vn -0.69063990 0.37661014 -0.61739884
vn -0.75922432 0.17024128 -0.62816903
vn -0.67296805 0.23826706 -0.70024482
vn -0.56779624 0.44050920 -0.69538412
vn -0.71163879 0.02331835 -0.70215845
vn -0.72774641 0.00243031 -0.68584200
vn -0.67662038 -0.30946875 -0.66814217
vn -0.73601384 0.08632543 -0.67143991
vn -0.32683109 -0.88655550 0.32741531
vn -0.48982166 -0.51403097 0.70416398
vn -0.53272903 -0.44240383 0.72144205
vn -0.61750775 -0.43690731 0.65406130
vn -0.24700748 0.50732494 0.82559597
vn -0.16320868 0.47304838 0.86578759
vn -0.24154303 0.73764305 0.63050749
vn -0.18144611 0.98333924 -0.01101141
vn -0.22252727 0.97424284 -0.03650342
vn -0.23540680 0.96626336 -0.10449284
vn -0.32943665 0.92295896 -0.19904335
vn -0.36055320 0.85063921 -0.38264125
vn -0.46034172 0.79791241 -0.38912888
vn -0.48205962 0.67050689 -0.56394949
vn -0.47191602 0.48402913 -0.73689285
vn -0.54035511 0.25161398 -0.80293633
vn -0.58822342 0.13149517 -0.79793623
vn -0.45742064 0.31554919 -0.83138142
vn -0.57521369 0.04726134 -0.81663675
vn -0.57753876 0.01332044 -0.81625458
vn -0.63732367 -0.00051242 -0.77059605
vn -0.39642505 -0.76636728 -0.50549815
vn -0.12104781 -0.97417104 0.19062585
vn -0.19835968 -0.35274172 0.91445433
vn -0.17749026 -0.28249616 0.94270522
vn -0.26288065 -0.31376367 0.91238485
vn -0.13515648 0.47006378 0.87222289
vn -0.04681874 0.41719125 0.90761196
vn -0.07182252 0.67501920 0.73429599
vn -0.00883894 0.99991107 -0.00998607
vn -0.00116603 0.99956818 -0.02936134
vn -0.00120623 0.99494127 -0.10045109
vn -0.11427137 0.97523378 -0.18937036
vn -0.22056163 0.94644256 -0.23579451
vn -0.24543644 0.88663005 -0.39197973
vn -0.25426453 0.75249972 -0.60753084
vn -0.37319105 0.71702752 -0.58872742
vn -0.36511127 0.52045579 -0.77189347
vn -0.34703591 0.30111061 -0.88819957
vn -0.39922468 0.16041065 -0.90271151
vn -0.39955639 0.08330862 -0.91291531
vn -0.41053557 0.03252385 -0.91126437
vn -0.39655313 0.00954631 -0.91796214
vn -0.50406410 -0.00211116 -0.86366367
vn -0.58509424 -0.00672937 -0.81093739
vn -0.43606461 -0.63942815 -0.63322926
vn -0.10340932 -0.98002634 0.16986725
vn -0.15801313 -0.36301808 0.91828630
vn 0.04220042 0.56754485 0.82226028
vn 0.17511823 0.98449189 -0.01045615
vn 0.22010078 0.97479986 -0.03634392
vn 0.23310908 0.96686863 -0.10404427
vn 0.11250113 0.97543455 -0.18939624
vn -0.00073792 0.96870681 -0.24820672
vn -0.11475897 0.91672204 -0.38268928
vn -0.12916571 0.77463379 -0.61907892
vn -0.12544911 0.56550275 -0.81514978
vn -0.24811272 0.54814902 -0.79873195
vn -0.24412318 0.35986553 -0.90050024
vn -0.19584375 0.18261475 -0.96348175
vn -0.20346534 0.09693469 -0.97427179
vn -0.19825858 0.04380562 -0.97917036
vn -0.21281168 0.01395913 -0.97699352
vn -0.29371602 -0.00515542 -0.95587882
vn -0.34900533 -0.00214244 -0.93711829
vn -0.45805173 0.00144358 -0.88892437
vn -0.44610434 -0.32145967 -0.83525720
vn -0.28355671 -0.83366105 -0.47392493
vn -0.30004447 -0.82468826 -0.47943987
vn -0.31654760 -0.81532440 -0.48481311
vn -0.06630196 -0.98590277 0.15362217
vn -0.09460494 -0.31170527 0.94545742
vn -0.04557453 -0.98814499 0.14660303
vn 0.03791798 0.34916625 0.93629331
vn 0.08417473 0.30123509 0.94982737
vn 0.16792223 0.51540023 0.84033608
vn 0.37766561 0.92586283 -0.01211191
vn 0.41746305 0.90793824 -0.03705071
vn 0.21941854 0.94665500 -0.23600810
vn 0.43320004 0.89540787 -0.10287112
vn 0.32745918 0.92372257 -0.19876392
vn 0.11447666 0.91689074 -0.38236955
vn -0.00055815 0.91694675 -0.39900921
vn -0.00029248 0.81127589 -0.58466344
vn 0.00057800 0.60929668 -0.79294213
vn 0.00127012 0.39012015 -0.92076308
vn -0.12319759 0.32976478 -0.93599014
vn 0.00204702 0.20042943 -0.97970600
vn 0.00230561 0.11459627 -0.99340947
vn 0.00268859 0.05333996 -0.99857279
vn -0.00203266 0.01551322 -0.99987760
vn -0.11108020 0.00586822 -0.99379412
vn -0.21858224 -0.00107228 -0.97581794
vn -0.05499056 -0.85521890 -0.51534132
vn -0.12030247 -0.90981432 -0.39719670
vn -0.19473780 -0.80255708 -0.56389655
vn -0.00015264 -0.00087392 0.99999961
vn -0.03470979 -0.99219992 0.11972699
vn -0.03167181 -0.99249033 0.11815181
vn -0.02727166 -0.99289013 0.11586824
vn -0.02054233 -0.99345396 0.11237100
vn -0.00101207 -0.95146862 0.30774410
vn 0.09507536 0.27488016 0.95676621
vn 0.11994997 0.24186553 0.96286711
vn 0.22642957 0.38904600 0.89295737
vn 0.55558446 0.83134470 -0.01385275
vn 0.59578256 0.80225299 -0.03785875
vn 0.24465926 0.88727813 -0.39099792
vn 0.49064028 0.84715953 -0.20394325
vn 0.60512011 0.78865440 -0.10887554
vn 0.35957293 0.85142578 -0.38181336
vn 0.13002776 0.77493044 -0.61852696
vn 0.12772857 0.56550424 -0.81479468
vn 0.12713519 0.32980231 -0.93545020
vn 0.20023282 0.18303050 -0.96250021
vn 0.20845337 0.09704454 -0.97320581
vn 0.20390341 0.04359403 -0.97801992
vn 0.21176681 0.01409041 -0.97721864
vn 0.11336737 0.00425313 -0.99354404
vn -0.01505308 -0.00775532 -0.99985662
vn 0.03585104 -0.88460520 -0.46496058
vn -0.00013012 -0.00085306 0.99999963
vn 0.00666129 -0.99549701 0.09455856
vn 0.00199566 -0.01381169 0.99990262
vn 0.00000332 -0.00072950 0.99999973
vn 0.00000185 -0.00073086 0.99999973
vn -0.00006372 -0.00079158 0.99999968
vn 0.25536659 0.33092962 0.90844565
vn 0.71123272 0.70278941 -0.01533210
vn 0.74789444 0.66268986 -0.03867890
vn 0.25524781 0.75289886 -0.60662333
vn 0.46029753 0.79824069 -0.38850738
vn 0.63662877 0.74756763 -0.18933159
vn 0.55501987 0.76321739 -0.33083556
vn 0.75802140 0.64379113 -0.10457796
vn 0.37419478 0.71726585 -0.58779925
vn 0.25074844 0.54826900 -0.79782600
vn 0.24780878 0.36003174 -0.89942646
vn 0.41670029 0.16762543 -0.89345542
vn 0.35026306 0.30130443 -0.88686607
vn 0.40453043 0.08358777 -0.91069656
vn 0.41570474 0.03270947 -0.90891125
vn 0.39053288 0.01058793 -0.92052809
vn 0.26249893 0.00231428 -0.96492951
vn 0.05974325 -0.96687734 -0.24815107
vn 0.02151039 -0.99725486 0.07085232
vn 0.06784458 -0.22357807 0.97232194
vn 0.00040397 -0.00263120 0.99999646
vn 0.13742179 0.15069752 0.97898187
vn 0.13957869 0.14586305 0.97940888
vn 0.32483656 0.26461828 0.90799690
vn 0.84226301 0.53883229 -0.01589936
vn 0.86781158 0.49533492 -0.03932410
vn 0.48275791 0.67102226 -0.56273789
vn 0.69181041 0.64778757 -0.31901352
vn 0.77780035 0.60039930 -0.18586904
vn 0.58037620 0.61544726 -0.53328055
vn 0.87524898 0.47350793 -0.09863800
vn 0.36707027 0.52090292 -0.77066177
vn 0.59565519 0.13137899 -0.79242315
vn 0.49598726 0.29106659 -0.81809344
vn 0.61968831 0.24347531 -0.74612745
vn 0.47411239 0.48448658 -0.73518038
vn 0.57948466 0.04771020 -0.81358544
vn 0.57884512 0.01339628 -0.81532746
vn 0.51803095 -0.00843855 -0.85532025
vn 0.44106334 -0.00017464 -0.89747596
vn 0.34774750 -0.00012735 -0.93758821
vn 0.12462763 -0.91779342 -0.37699229
vn 0.03881667 -0.99627128 0.07705067
vn 0.01888299 -0.05326927 0.99840163
vn 0.13660295 0.09721803 0.98584395
vn 0.13767252 0.09387743 0.98601892
vn 0.14298952 0.07717404 0.98671078
vn 0.25240053 0.11348192 0.96094528
vn 0.93438239 0.35579324 -0.01845867
vn 0.95049526 0.30827279 -0.03907225
vn 0.79655616 0.52535181 -0.29917178
vn 0.70444074 0.52842238 -0.47384917
vn 0.88771746 0.42946062 -0.16589540
vn 0.57359408 0.41399154 -0.70682447
vn 0.95850380 0.26988399 -0.09183185
vn 0.76142754 0.17044035 -0.62544239
vn 0.73902611 0.08753485 -0.66796561
vn 0.70312728 0.38184074 -0.59984137
vn 0.78736920 0.28602596 -0.54611253
vn 0.71511881 0.02360361 -0.69860430
vn 0.72457992 0.00371106 -0.68918079
vn 0.62406827 -0.00230276 -0.78136642
vn 0.20989474 -0.94934672 -0.23384826
vn 0.11106427 -0.97806844 -0.17620116
vn 0.14059170 -0.95261886 -0.26972445
vn 0.08346767 -0.99132865 0.10149219
vn 0.25207984 -0.52664259 0.81185180
vn 0.21885344 0.06274669 0.97373817
vn 0.98358025 0.17954465 -0.01826503
vn 0.98872109 0.14072795 -0.05124699
vn 0.89707658 0.36104468 -0.25475546
vn 0.80205583 0.41489080 -0.42961851
vn 0.95374630 0.26149844 -0.14827864
vn 0.98945862 0.10391922 -0.10085848
vn 0.88180001 0.17527810 -0.43784281
vn 0.86331168 0.09501691 -0.49564577
vn 0.84924600 0.03860204 -0.52658439
vn 0.89572251 0.27120731 -0.35231772
vn 0.83904431 -0.00021322 -0.54406305
vn 0.78992550 -0.00617892 -0.61317170
vn 0.75462656 -0.01840073 -0.65589646
vn 0.71020998 -0.01683614 -0.70378855
vn 0.29056255 -0.93660517 -0.19581666
vn 0.08733345 -0.99340137 0.07434100
vn 0.26196941 -0.27777520 0.92423642
vn 0.08032970 -0.09122751 0.99258485
vn 0.07536586 -0.09943809 0.99218549
vn 0.07099036 -0.10665839 0.99175821
vn 0.06890789 -0.11008920 0.99153017
vn 0.06814735 -0.11134128 0.99144292
vn 0.06512566 -0.11631110 0.99107536
vn 0.10416978 0.02108417 0.99433602
vn 0.10500599 0.01252165 0.99439275
vn 0.14137450 0.01164014 0.98988775
vn 0.99940662 0.03245709 -0.01153054
vn 0.99932592 0.03368557 -0.01459410
vn 0.99919371 0.02941242 -0.02732853
vn 0.10464456 0.01623249 0.99437720
vn 0.99820830 0.01137348 -0.05874385
vn 0.95919477 0.19255727 -0.20704370
vn 0.98728715 0.03388701 -0.15529247
vn 0.99555333 -0.05904673 -0.07339647
vn 0.95352172 0.12769541 -0.27292895
vn 0.94284189 0.06533139 -0.32677360
vn 0.93299077 0.01761807 -0.35946880
vn 0.94358493 -0.01570962 -0.33075774
vn 0.90512224 -0.01456018 -0.42490203
vn 0.89023490 -0.01448886 -0.45527124
vn 0.83300287 -0.00898403 -0.55319572
vn 0.90966423 -0.02793398 -0.41440401
vn 0.15324519 -0.98559059 -0.07160375
vn 0.25980755 -0.95332228 0.15387222
vn 0.15030877 -0.14387290 0.97811444
vn 0.13942620 -0.00394053 0.99022462
vn 0.99585253 -0.08975756 -0.01487651
vn 0.99566978 -0.08730637 -0.03192636
vn 0.98711818 -0.04513130 -0.15349546
vn 0.99350217 -0.05734203 -0.09831243
vn 0.98997501 -0.05512120 -0.13004278
vn 0.99542835 -0.08021494 -0.05184550
vn 0.90038817 -0.43431335 -0.02594322
vn 0.96982839 -0.01800453 -0.24312288
vn 0.95861771 -0.02276136 -0.28378515
vn 0.72318503 -0.66581108 -0.18357293
vn 0.40967397 -0.90204741 0.13593273
vn 0.37154238 -0.23385626 0.89848067
vn 0.15994553 -0.12646551 0.97899127
vn 0.10593893 -0.00402496 0.99436449
vn 0.22172180 -0.02146302 0.97487373
vn 0.99400335 -0.10929719 -0.00338638
vn 0.48653133 -0.87048171 -0.07449068
vn 0.34195338 -0.93858313 0.04614751
vn 0.68343414 -0.07689242 0.72595133
vn 0.40305283 -0.05586759 0.91346988
vn 0.39605493 -0.07163312 0.91542842
vn 0.39072415 -0.08345199 0.91671719
vn 0.38775270 -0.08997090 0.91736202
vn 0.65006163 -0.18151186 0.73788436
vn 0.27031010 -0.11646104 0.95570355
vn 0.26271384 -0.13142631 0.95588104
f 1//1 2//2 3//3
f 1//1 3//3 4//4
f 1//1 4//4 5//5
f 1//1 5//5 6//6
f 1//1 6//6 7//7
f 1//1 7//7 8//8
f 1//1 8//8 2//2
f 2//2 8//8 14//14
f 2//2 14//14 28//28
f 2//2 28//28 49//49
f 2//2 49//49 69//69
f 2//2 69//69 67//67
f 2//2 67//67 44//44
f 2//2 44//44 43//43
f 2//2 43//43 66//66
f 2//2 66//66 62//62
f 2//2 62//62 61//61
f 2//2 61//61 60//60
f 2//2 60//60 59//59
f 2//2 59//59 58//58
f 2//2 58//58 83//83
f 2//2 83//83 82//82
f 2//2 82//82 81//81
f 2//2 81//81 85//85
f 2//2 85//85 100//100
f 2//2 100//100 99//99
f 2//2 99//99 107//107
f 2//2 107//107 108//108
f 2//2 108//108 104//104
f 2//2 104//104 93//93
f 2//2 93//93 92//92
f 2//2 92//92 101//101
f 2//2 101//101 86//86
f 2//2 86//86 74//74
f 2//2 74//74 73//73
f 2//2 73//73 72//72
f 2//2 72//72 71//71
f 2//2 71//71 53//53
f 2//2 53//53 52//52
f 2//2 52//52 70//70
f 2//2 70//70 50//50
f 2//2 50//50 34//34
f 2//2 34//34 33//33
f 2//2 33//33 31//31
f 2//2 31//31 30//30
f 2//2 30//30 32//32
f 2//2 32//32 29//29
f 2//2 29//29 18//18
f 2//2 18//18 17//17
f 2//2 17//17 16//16
f 2//2 16//16 15//15
f 2//2 15//15 10//10
f 2//2 10//10 9//9
f 2//2 9//9 5//5
f 2//2 5//5 4//4
f 2//2 4//4 3//3
f 5//5 9//9 6//6
f 6//6 9//9 10//10
f 6//6 10//10 11//11
f 6//6 11//11 12//12
f 6//6 12//12 21//21
f 6//6 21//21 36//36
f 6//6 36//36 55//55
f 6//6 55//55 80//80
f 6//6 80//80 84//84
f 6//6 84//84 56//56
f 6//6 56//56 37//37
f 6//6 37//37 22//22
f 6//6 22//22 13//13
f 6//6 13//13 7//7
f 7//7 13//13 14//14
f 7//7 14//14 8//8
f 10//10 15//15 11//11
f 11//11 15//15 16//16
f 11//11 16//16 12//12
f 12//12 16//16 17//17
f 12//12 17//17 18//18
f 12//12 18//18 19//19
f 12//12 19//19 20//20
f 12//12 20//20 21//21
f 13//13 22//22 23//23
f 13//13 23//23 24//24
f 13//13 24//24 25//25
f 13//13 25//25 26//26
f 13//13 26//26 27//27
f 13//13 27//27 14//14
f 14//14 27//27 28//28
f 18//18 29//29 19//19
f 19//19 29//29 20//20
f 20//20 30//30 31//31
f 20//20 31//31 21//21
f 20//20 29//29 32//32
f 20//20 32//32 30//30
f 21//21 31//31 33//33
f 21//21 33//33 34//34
f 21//21 34//34 35//35
f 21//21 35//35 36//36
f 22//22 37//37 38//38
f 22//22 38//38 39//39
f 22//22 39//39 40//40
f 22//22 40//40 41//41
f 22//22 41//41 42//42
f 22//22 42//42 43//43
f 22//22 43//43 44//44
f 22//22 44//44 45//45
f 22//22 45//45 23//23
f 23//23 46//46 47//47
f 23//23 47//47 24//24
f 23//23 45//45 68//68
f 23//23 68//68 46//46
f 24//24 47//47 25//25
f 25//25 47//47 48//48
f 25//25 48//48 27//27
f 25//25 27//27 26//26
f 27//27 48//48 28//28
f 28//28 48//48 49//49
f 34//34 50//50 35//35
f 35//35 51//51 36//36
f 35//35 50//50 70//70
f 35//35 70//70 51//51
f 36//36 51//51 52//52
f 36//36 52//52 53//53
f 36//36 53//53 71//71
f 36//36 71//71 54//54
f 36//36 54//54 55//55
f 37//37 56//56 57//57
f 37//37 57//57 58//58
f 37//37 58//58 59//59
f 37//37 59//59 60//60
f 37//37 60//60 61//61
f 37//37 61//61 38//38
f 38//38 61//61 62//62
f 38//38 62//62 63//63
f 38//38 63//63 39//39
f 39//39 64//64 65//65
f 39//39 65//65 40//40
f 39//39 63//63 64//64
f 40//40 65//65 42//42
f 40//40 42//42 41//41
f 42//42 65//65 43//43
f 43//43 65//65 64//64
f 43//43 64//64 66//66
f 44//44 67//67 46//46
f 44//44 46//46 68//68
f 44//44 68//68 45//45
f 46//46 69//69 47//47
f 46//46 67//67 69//69
f 47//47 69//69 49//49
f 47//47 49//49 48//48
f 51//51 70//70 52//52
f 54//54 71//71 55//55
f 55//55 71//71 72//72
f 55//55 72//72 73//73
f 55//55 73//73 74//74
f 55//55 74//74 75//75
f 55//55 75//75 76//76
f 55//55 76//76 77//77
f 55//55 77//77 78//78
f 55//55 78//78 79//79
f 55//55 79//79 80//80
f 56//56 81//81 82//82
f 56//56 82//82 83//83
f 56//56 83//83 57//57
f 56//56 84//84 85//85
f 56//56 85//85 81//81
f 57//57 83//83 58//58
f 62//62 66//66 63//63
f 63//63 66//66 64//64
f 74//74 86//86 87//87
f 74//74 87//87 75//75
f 75//75 87//87 76//76
f 76//76 87//87 88//88
f 76//76 88//88 78//78
f 76//76 78//78 77//77
f 78//78 89//89 90//90
f 78//78 90//90 79//79
f 78//78 88//88 89//89
f 79//79 90//90 102//102
f 79//79 102//102 91//91
f 79//79 91//91 80//80
f 80//80 92//92 93//93
f 80//80 93//93 94//94
f 80//80 94//94 95//95
f 80//80 95//95 96//96
f 80//80 96//96 97//97
f 80//80 97//97 98//98
f 80//80 98//98 84//84
f 80//80 91//91 92//92
f 84//84 98//98 99//99
f 84//84 99//99 100//100
f 84//84 100//100 85//85
f 86//86 101//101 89//89
f 86//86 89//89 88//88
f 86//86 88//88 87//87
f 89//89 101//101 90//90
f 90//90 101//101 92//92
f 90//90 92//92 102//102
f 91//91 102//102 92//92
f 93//93 103//103 94//94
f 93//93 104//104 105//105
f 93//93 105//105 106//106
f 93//93 106//106 103//103
f 94//94 103//103 96//96
f 94//94 96//96 95//95
f 96//96 103//103 106//106
f 96//96 106//106 97//97
f 97//97 106//106 105//105
f 97//97 105//105 98//98
f 98//98 107//107 99//99
f 98//98 105//105 107//107
f 104//104 108//108 105//105
f 105//105 108//108 107//107
f 109//109 110//110 111//111
f 109//109 111//111 112//112
f 109//109 112//112 113//113
f 109//109 113//113 114//114
f 109//109 114//114 115//115
f 109//109 115//115 116//116
f 109//109 116//116 117//117
f 109//109 117//117 110//110
f 110//110 118//118 119//119
f 110//110 119//119 120//120
f 110//110 120//120 111//111
f 110//110 117//117 118//118
f 111//111 121//121 112//112
f 111//111 120//120 122//122
f 111//111 122//122 121//121
f 112//112 121//121 123//123
f 112//112 123//123 140//140
f 112//112 140//140 159//159
f 112//112 159//159 175//175
f 112//112 175//175 196//196
f 112//112 196//196 195//195
f 112//112 195//195 194//194
f 112//112 194//194 213//213
f 112//112 213//213 212//212
f 112//112 212//212 231//231
f 112//112 231//231 230//230
f 112//112 230//230 249//249
f 112//112 249//249 248//248
f 112//112 248//248 271//271
f 112//112 271//271 270//270
f 112//112 270//270 295//295
f 112//112 295//295 294//294
f 112//112 294//294 315//315
f 112//112 315//315 337//337
f 112//112 337//337 356//356
f 112//112 356//356 379//379
f 112//112 379//379 404//404
f 112//112 404//404 421//421
f 112//112 421//421 441//441
f 112//112 441//441 461//461
f 112//112 461//461 480//480
f 112//112 480//480 499//499
f 112//112 499//499 498//498
f 112//112 498//498 497//497
f 112//112 497//497 517//517
f 112//112 517//517 536//536
f 112//112 536//536 557//557
f 112//112 557//557 538//538
f 112//112 538//538 518//518
f 112//112 518//518 500//500
f 112//112 500//500 481//481
f 112//112 481//481 462//462
f 112//112 462//462 443//443
f 112//112 443//443 422//422
f 112//112 422//422 405//405
f 112//112 405//405 383//383
f 112//112 383//383 362//362
f 112//112 362//362 360//360
f 112//112 360//360 340//340
f 112//112 340//340 320//320
f 112//112 320//320 299//299
f 112//112 299//299 276//276
f 112//112 276//276 275//275
f 112//112 275//275 256//256
f 112//112 256//256 255//255
f 112//112 255//255 254//254
f 112//112 254//254 235//235
f 112//112 235//235 217//217
f 112//112 217//217 199//199
f 112//112 199//199 179//179
f 112//112 179//179 177//177
f 112//112 177//177 160//160
f 112//112 160//160 141//141
f 112//112 141//141 124//124
f 112//112 124//124 115//115
f 112//112 115//115 114//114
f 112//112 114//114 113//113
f 115//115 124//124 125//125
f 115//115 125//125 126//126
f 115//115 126//126 127//127
f 115//115 127//127 128//128
f 115//115 128//128 116//116
f 116//116 128//128 127//127
f 116//116 127//127 126//126
f 116//116 126//126 125//125
f 116//116 125//125 143//143
f 116//116 143//143 142//142
f 116//116 142//142 161//161
f 116//116 161//161 178//178
f 116//116 178//178 198//198
f 116//116 198//198 216//216
f 116//116 216//216 234//234
f 116//116 234//234 253//253
f 116//116 253//253 277//277
f 116//116 277//277 300//300
f 116//116 300//300 321//321
f 116//116 321//321 341//341
f 116//116 341//341 361//361
f 116//116 361//361 382//382
f 116//116 382//382 384//384
f 116//116 384//384 406//406
f 116//116 406//406 424//424
f 116//116 424//424 423//423
f 116//116 423//423 442//442
f 116//116 442//442 444//444
f 116//116 444//444 465//465
f 116//116 465//465 464//464
f 116//116 464//464 463//463
f 116//116 463//463 482//482
f 116//116 482//482 502//502
f 116//116 502//502 501//501
f 116//116 501//501 519//519
f 116//116 519//519 539//539
f 116//116 539//539 559//559
f 116//116 559//559 556//556
f 116//116 556//556 535//535
f 116//116 535//535 534//534
f 116//116 534//534 555//555
f 116//116 555//555 572//572
f 116//116 572//572 573//573
f 116//116 573//573 578//578
f 116//116 578//578 579//579
f 116//116 579//579 580//580
f 116//116 580//580 582//582
f 116//116 582//582 581//581
f 116//116 581//581 577//577
f 116//116 577//577 567//567
f 116//116 567//567 568//568
f 116//116 568//568 549//549
f 116//116 549//549 541//541
f 116//116 541//541 540//540
f 116//116 540//540 531//531
f 116//116 531//531 530//530
f 116//116 530//530 512//512
f 116//116 512//512 493//493
f 116//116 493//493 492//492
f 116//116 492//492 476//476
f 116//116 476//476 458//458
f 116//116 458//458 457//457
f 116//116 457//457 456//456
f 116//116 456//456 436//436
f 116//116 436//436 418//418
f 116//116 418//418 399//399
f 116//116 399//399 398//398
f 116//116 398//398 381//381
f 116//116 381//381 358//358
f 116//116 358//358 338//338
f 116//116 338//338 318//318
f 116//116 318//318 317//317
f 116//116 317//317 301//301
f 116//116 301//301 282//282
f 116//116 282//282 281//281
f 116//116 281//281 280//280
f 116//116 280//280 279//279
f 116//116 279//279 278//278
f 116//116 278//278 257//257
f 116//116 257//257 237//237
f 116//116 237//237 236//236
f 116//116 236//236 219//219
f 116//116 219//219 218//218
f 116//116 218//218 200//200
f 116//116 200//200 180//180
f 116//116 180//180 162//162
f 116//116 162//162 146//146
f 116//116 146//146 145//145
f 116//116 145//145 144//144
f 116//116 144//144 129//129
f 116//116 129//129 117//117
f 117//117 129//129 130//130
f 117//117 130//130 131//131
f 117//117 131//131 132//132
f 117//117 132//132 133//133
f 117//117 133//133 118//118
f 118//118 133//133 119//119
f 119//119 133//133 134//134
f 119//119 134//134 135//135
f 119//119 135//135 136//136
f 119//119 136//136 120//120
f 120//120 136//136 122//122
f 121//121 122//122 137//137
f 121//121 137//137 138//138
f 121//121 138//138 123//123
f 122//122 136//136 139//139
f 122//122 139//139 137//137
f 123//123 138//138 140//140
f 124//124 141//141 142//142
f 124//124 142//142 143//143
f 124//124 143//143 125//125
f 129//129 144//144 130//130
f 130//130 144//144 145//145
f 130//130 145//145 146//146
f 130//130 146//146 147//147
f 130//130 147//147 148//148
f 130//130 148//148 131//131
f 131//131 149//149 132//132
f 131//131 148//148 149//149
f 132//132 150//150 151//151
f 132//132 151//151 134//134
f 132//132 134//134 133//133
f 132//132 149//149 150//150
f 134//134 151//151 152//152
f 134//134 152//152 135//135
f 135//135 152//152 153//153
f 135//135 153//153 154//154
f 135//135 154//154 136//136
f 136//136 154//154 139//139
f 137//137 155//155 138//138
f 137//137 139//139 156//156
f 137//137 156//156 155//155
f 138//138 155//155 157//157
f 138//138 157//157 140//140
f 139//139 154//154 158//158
f 139//139 158//158 156//156
f 140//140 157//157 159//159
f 141//141 160//160 142//142
f 142//142 160//160 161//161
f 146//146 162//162 147//147
f 147//147 163//163 148//148
f 147//147 162//162 164//164
f 147//147 164//164 163//163
f 148//148 165//165 150//150
f 148//148 150//150 149//149
f 148//148 163//163 165//165
f 150//150 165//165 151//151
f 151//151 165//165 166//166
f 151//151 166//166 167//167
f 151//151 167//167 152//152
f 152//152 167//167 168//168
f 152//152 168//168 153//153
f 153//153 168//168 169//169
f 153//153 169//169 170//170
f 153//153 170//170 154//154
f 154//154 170//170 158//158
f 155//155 156//156 171//171
f 155//155 171//171 172//172
f 155//155 172//172 157//157
f 156//156 158//158 173//173
f 156//156 173//173 171//171
f 157//157 174//174 175//175
f 157//157 175//175 159//159
f 157//157 172//172 174//174
f 158//158 170//170 176//176
f 158//158 176//176 173//173
f 160//160 177//177 161//161
f 161//161 177//177 179//179
f 161//161 179//179 178//178
f 162//162 180//180 181//181
f 162//162 181//181 164//164
f 163//163 164//164 182//182
f 163//163 182//182 183//183
f 163//163 183//183 165//165
f 164//164 181//181 184//184
f 164//164 184//184 182//182
f 165//165 183//183 166//166
f 166//166 183//183 167//167
f 167//167 183//183 185//185
f 167//167 185//185 168//168
f 168//168 185//185 186//186
f 168//168 186//186 169//169
f 169//169 187//187 170//170
f 169//169 186//186 188//188
f 169//169 188//188 187//187
f 170//170 187//187 176//176
f 171//171 189//189 172//172
f 171//171 173//173 190//190
f 171//171 190//190 189//189
f 172//172 189//189 191//191
f 172//172 191//191 192//192
f 172//172 192//192 174//174
f 173//173 176//176 193//193
f 173//173 193//193 190//190
f 174//174 192//192 194//194
f 174//174 194//194 195//195
f 174//174 195//195 196//196
f 174//174 196//196 175//175
f 176//176 187//187 197//197
f 176//176 197//197 193//193
f 178//178 179//179 198//198
f 179//179 199//199 198//198
f 180//180 200//200 181//181
f 181//181 200//200 201//201
f 181//181 201//201 184//184
f 182//182 185//185 183//183
f 182//182 184//184 202//202
f 182//182 202//202 185//185
f 184//184 201//201 203//203
f 184//184 203//203 202//202
f 185//185 202//202 186//186
f 186//186 202//202 204//204
f 186//186 204//204 188//188
f 187//187 188//188 205//205
f 187//187 205//205 197//197
f 188//188 204//204 206//206
f 188//188 206//206 205//205
f 189//189 207//207 191//191
f 189//189 190//190 208//208
f 189//189 208//208 207//207
f 190//190 193//193 209//209
f 190//190 209//209 208//208
f 191//191 207//207 210//210
f 191//191 210//210 211//211
f 191//191 211//211 212//212
f 191//191 212//212 213//213
f 191//191 213//213 192//192
f 192//192 213//213 194//194
f 193//193 197//197 214//214
f 193//193 214//214 209//209
f 197//197 205//205 215//215
f 197//197 215//215 214//214
f 198//198 199//199 217//217
f 198//198 217//217 216//216
f 200//200 218//218 201//201
f 201//201 218//218 219//219
f 201//201 219//219 220//220
f 201//201 220//220 203//203
f 202//202 203//203 204//204
f 203//203 220//220 221//221
f 203//203 221//221 204//204
f 204//204 221//221 206//206
f 205//205 206//206 222//222
f 205//205 222//222 215//215
f 206//206 221//221 223//223
f 206//206 223//223 222//222
f 207//207 208//208 224//224
f 207//207 224//224 225//225
f 207//207 225//225 210//210
f 208//208 209//209 226//226
f 208//208 226//226 224//224
f 209//209 214//214 227//227
f 209//209 227//227 226//226
f 210//210 225//225 228//228
f 210//210 228//228 229//229
f 210//210 229//229 230//230
f 210//210 230//230 231//231
f 210//210 231//231 211//211
f 211//211 231//231 212//212
f 214//214 215//215 232//232
f 214//214 232//232 227//227
f 215//215 222//222 233//233
f 215//215 233//233 232//232
f 216//216 217//217 235//235
f 216//216 235//235 234//234
f 219//219 236//236 220//220
f 220//220 236//236 237//237
f 220//220 237//237 238//238
f 220//220 238//238 221//221
f 221//221 238//238 223//223
f 222//222 223//223 239//239
f 222//222 239//239 233//233
f 223//223 238//238 240//240
f 223//223 240//240 239//239
f 224//224 241//241 225//225
f 224//224 226//226 242//242
f 224//224 242//242 241//241
f 225//225 241//241 243//243
f 225//225 243//243 228//228
f 226//226 227//227 244//244
f 226//226 244//244 242//242
f 227//227 232//232 245//245
f 227//227 245//245 244//244
f 228//228 246//246 247//247
f 228//228 247//247 248//248
f 228//228 248//248 249//249
f 228//228 249//249 229//229
f 228//228 243//243 246//246
f 229//229 249//249 230//230
f 232//232 233//233 250//250
f 232//232 250//250 245//245
f 233//233 239//239 251//251
f 233//233 251//251 252//252
f 233//233 252//252 250//250
f 234//234 235//235 254//254
f 234//234 254//254 255//255
f 234//234 255//255 256//256
f 234//234 256//256 253//253
f 237//237 257//257 258//258
f 237//237 258//258 238//238
f 238//238 258//258 240//240
f 239//239 240//240 259//259
f 239//239 259//259 251//251
f 240//240 258//258 260//260
f 240//240 260//260 261//261
f 240//240 261//261 259//259
f 241//241 262//262 243//243
f 241//241 242//242 263//263
f 241//241 263//263 264//264
f 241//241 264//264 262//262
f 242//242 244//244 265//265
f 242//242 265//265 263//263
f 243//243 262//262 266//266
f 243//243 266//266 246//246
f 244//244 245//245 267//267
f 244//244 267//267 265//265
f 245//245 250//250 268//268
f 245//245 268//268 267//267
f 246//246 269//269 270//270
f 246//246 270//270 271//271
f 246//246 271//271 247//247
f 246//246 266//266 269//269
f 247//247 271//271 248//248
f 250//250 252//252 272//272
f 250//250 272//272 268//268
f 251//251 259//259 273//273
f 251//251 273//273 274//274
f 251//251 274//274 252//252
f 252//252 274//274 272//272
f 253//253 256//256 275//275
f 253//253 275//275 276//276
f 253//253 276//276 277//277
f 257//257 278//278 258//258
f 258//258 278//278 279//279
f 258//258 279//279 260//260
f 259//259 261//261 273//273
f 260//260 279//279 261//261
f 261//261 279//279 280//280
f 261//261 280//280 281//281
f 261//261 281//281 282//282
f 261//261 282//282 283//283
f 261//261 283//283 273//273
f 262//262 264//264 284//284
f 262//262 284//284 285//285
f 262//262 285//285 266//266
f 263//263 265//265 286//286
f 263//263 286//286 264//264
f 264//264 286//286 287//287
f 264//264 287//287 288//288
f 264//264 288//288 284//284
f 265//265 267//267 289//289
f 265//265 289//289 286//286
f 266//266 285//285 290//290
f 266//266 290//290 269//269
f 267//267 268//268 291//291
f 267//267 291//291 289//289
f 268//268 272//272 292//292
f 268//268 292//292 291//291
f 269//269 293//293 294//294
f 269//269 294//294 295//295
f 269//269 295//295 270//270
f 269//269 290//290 293//293
f 272//272 274//274 296//296
f 272//272 296//296 292//292
f 273//273 283//283 297//297
f 273//273 297//297 298//298
f 273//273 298//298 274//274
f 274//274 298//298 296//296
f 276//276 299//299 300//300
f 276//276 300//300 277//277
f 282//282 301//301 297//297
f 282//282 297//297 283//283
f 284//284 302//302 285//285
f 284//284 288//288 303//303
f 284//284 303//303 304//304
f 284//284 304//304 302//302
f 285//285 302//302 305//305
f 285//285 305//305 290//290
f 286//286 289//289 306//306
f 286//286 306//306 287//287
f 287//287 306//306 307//307
f 287//287 307//307 288//288
f 288//288 307//307 308//308
f 288//288 308//308 303//303
f 289//289 291//291 309//309
f 289//289 309//309 306//306
f 290//290 305//305 310//310
f 290//290 310//310 293//293
f 291//291 292//292 311//311
f 291//291 311//311 309//309
f 292//292 296//296 312//312
f 292//292 312//312 311//311
f 293//293 313//313 294//294
f 293//293 310//310 314//314
f 293//293 314//314 313//313
f 294//294 313//313 315//315
f 296//296 298//298 316//316
f 296//296 316//316 312//312
f 297//297 301//301 317//317
f 297//297 317//317 318//318
f 297//297 318//318 319//319
f 297//297 319//319 316//316
f 297//297 316//316 298//298
f 299//299 320//320 300//300
f 300//300 320//320 321//321
f 302//302 322//322 305//305
f 302//302 304//304 323//323
f 302//302 323//323 322//322
f 303//303 308//308 324//324
f 303//303 324//324 304//304
f 304//304 324//324 325//325
f 304//304 325//325 323//323
f 305//305 322//322 326//326
f 305//305 326//326 314//314
f 305//305 314//314 310//310
f 306//306 309//309 327//327
f 306//306 327//327 307//307
f 307//307 328//328 308//308
f 307//307 327//327 329//329
f 307//307 329//329 328//328
f 308//308 328//328 330//330
f 308//308 330//330 324//324
f 309//309 311//311 331//331
f 309//309 331//331 327//327
f 311//311 312//312 332//332
f 311//311 332//332 331//331
f 312//312 316//316 333//333
f 312//312 333//333 332//332
f 313//313 334//334 315//315
f 313//313 314//314 335//335
f 313//313 335//335 334//334
f 314//314 326//326 335//335
f 315//315 336//336 337//337
f 315//315 334//334 336//336
f 316//316 319//319 333//333
f 318//318 338//338 339//339
f 318//318 339//339 319//319
f 319//319 339//339 333//333
f 320//320 340//340 321//321
f 321//321 340//340 341//341
f 322//322 342//342 326//326
f 322//322 323//323 343//343
f 322//322 343//343 342//342
f 323//323 325//325 343//343
f 324//324 330//330 344//344
f 324//324 344//344 325//325
f 325//325 345//345 343//343
f 325//325 344//344 345//345
f 326//326 346//346 335//335
f 326//326 342//342 347//347
f 326//326 347//347 346//346
f 327//327 331//331 348//348
f 327//327 348//348 329//329
f 328//328 329//329 349//349
f 328//328 349//349 330//330
f 329//329 348//348 350//350
f 329//329 350//350 349//349
f 330//330 349//349 351//351
f 330//330 351//351 344//344
f 331//331 332//332 352//352
f 331//331 352//352 348//348
f 332//332 333//333 353//353
f 332//332 353//353 352//352
f 333//333 339//339 353//353
f 334//334 354//354 336//336
f 334//334 335//335 355//355
f 334//334 355//355 354//354
f 335//335 346//346 355//355
f 336//336 354//354 337//337
f 337//337 354//354 357//357
f 337//337 357//357 356//356
f 338//338 358//358 339//339
f 339//339 358//358 359//359
f 339//339 359//359 353//353
f 340//340 360//360 341//341
f 341//341 360//360 362//362
f 341//341 362//362 361//361
f 342//342 343//343 363//363
f 342//342 363//363 347//347
f 343//343 345//345 363//363
f 344//344 364//364 345//345
f 344//344 351//351 364//364
f 345//345 365//365 363//363
f 345//345 364//364 365//365
f 346//346 347//347 366//366
f 346//346 366//366 367//367
f 346//346 367//367 368//368
f 346//346 368//368 355//355
f 347//347 363//363 369//369
f 347//347 369//369 366//366
f 348//348 370//370 350//350
f 348//348 352//352 370//370
f 349//349 350//350 371//371
f 349//349 371//371 351//351
f 350//350 370//370 372//372
f 350//350 372//372 371//371
f 351//351 371//371 373//373
f 351//351 373//373 364//364
f 352//352 353//353 374//374
f 352//352 374//374 370//370
f 353//353 359//359 375//375
f 353//353 375//375 376//376
f 353//353 376//376 374//374
f 354//354 377//377 357//357
f 354//354 355//355 378//378
f 354//354 378//378 377//377
f 355//355 368//368 378//378
f 356//356 357//357 377//377
f 356//356 377//377 380//380
f 356//356 380//380 379//379
f 358//358 381//381 359//359
f 359//359 381//381 375//375
f 361//361 362//362 382//382
f 362//362 383//383 384//384
f 362//362 384//384 382//382
f 363//363 365//365 369//369
f 364//364 385//385 365//365
f 364//364 373//373 385//385
f 365//365 385//385 386//386
f 365//365 386//386 369//369
f 366//366 369//369 387//387
f 366//366 387//387 367//367
f 367//367 388//388 368//368
f 367//367 387//387 389//389
f 367//367 389//389 388//388
f 368//368 390//390 378//378
f 368//368 388//388 391//391
f 368//368 391//391 390//390
f 369//369 386//386 387//387
f 370//370 374//374 372//372
f 371//371 392//392 373//373
f 371//371 372//372 393//393
f 371//371 393//393 392//392
f 372//372 374//374 394//394
f 372//372 394//394 395//395
f 372//372 395//395 393//393
f 373//373 396//396 385//385
f 373//373 392//392 396//396
f 374//374 376//376 397//397
f 374//374 397//397 394//394
f 375//375 381//381 398//398
f 375//375 398//398 399//399
f 375//375 399//399 400//400
f 375//375 400//400 397//397
f 375//375 397//397 376//376
f 377//377 401//401 380//380
f 377//377 378//378 402//402
f 377//377 402//402 401//401
f 378//378 390//390 402//402
f 379//379 380//380 401//401
f 379//379 401//401 403//403
f 379//379 403//403 404//404
f 383//383 405//405 384//384
f 384//384 405//405 406//406
f 385//385 396//396 386//386
f 386//386 407//407 387//387
f 386//386 396//396 408//408
f 386//386 408//408 407//407
f 387//387 407//407 389//389
f 388//388 389//389 409//409
f 388//388 409//409 391//391
f 389//389 407//407 410//410
f 389//389 410//410 409//409
f 390//390 411//411 402//402
f 390//390 391//391 412//412
f 390//390 412//412 411//411
f 391//391 409//409 413//413
f 391//391 413//413 412//412
f 392//392 414//414 396//396
f 392//392 393//393 414//414
f 393//393 395//395 415//415
f 393//393 415//415 414//414
f 394//394 397//397 395//395
f 395//395 397//397 416//416
f 395//395 416//416 415//415
f 396//396 414//414 408//408
f 397//397 400//400 417//417
f 397//397 417//417 416//416
f 399//399 418//418 400//400
f 400//400 418//418 417//417
f 401//401 402//402 419//419
f 401//401 419//419 420//420
f 401//401 420//420 403//403
f 402//402 411//411 419//419
f 403//403 420//420 404//404
f 404//404 420//420 421//421
f 405//405 422//422 423//423
f 405//405 423//423 424//424
f 405//405 424//424 406//406
f 407//407 408//408 425//425
f 407//407 425//425 410//410
f 408//408 414//414 426//426
f 408//408 426//426 425//425
f 409//409 410//410 427//427
f 409//409 427//427 413//413
f 410//410 425//425 428//428
f 410//410 428//428 427//427
f 411//411 429//429 419//419
f 411//411 412//412 430//430
f 411//411 430//430 429//429
f 412//412 413//413 431//431
f 412//412 431//431 430//430
f 413//413 427//427 432//432
f 413//413 432//432 431//431
f 414//414 415//415 426//426
f 415//415 416//416 433//433
f 415//415 433//433 434//434
f 415//415 434//434 426//426
f 416//416 435//435 433//433
f 416//416 417//417 435//435
f 417//417 418//418 436//436
f 417//417 436//436 435//435
f 419//419 437//437 420//420
f 419//419 429//429 437//437
f 420//420 437//437 438//438
f 420//420 438//438 439//439
f 420//420 439//439 421//421
f 421//421 439//439 438//438
f 421//421 438//438 440//440
f 421//421 440//440 441//441
f 422//422 442//442 423//423
f 422//422 443//443 444//444
f 422//422 444//444 442//442
f 425//425 426//426 445//445
f 425//425 445//445 428//428
f 426//426 434//434 445//445
f 427//427 428//428 446//446
f 427//427 446//446 432//432
f 428//428 445//445 447//447
f 428//428 447//447 446//446
f 429//429 430//430 448//448
f 429//429 448//448 449//449
f 429//429 449//449 437//437
f 430//430 431//431 450//450
f 430//430 450//450 448//448
f 431//431 432//432 451//451
f 431//431 451//451 450//450
f 432//432 446//446 452//452
f 432//432 452//452 451//451
f 433//433 435//435 453//453
f 433//433 453//453 454//454
f 433//433 454//454 434//434
f 434//434 455//455 445//445
f 434//434 454//454 455//455
f 435//435 456//456 457//457
f 435//435 457//457 458//458
f 435//435 458//458 453//453
f 435//435 436//436 456//456
f 437//437 459//459 438//438
f 437//437 449//449 459//459
f 438//438 459//459 460//460
f 438//438 460//460 440//440
f 440//440 460//460 461//461
f 440//440 461//461 441//441
f 443//443 462//462 463//463
f 443//443 463//463 464//464
f 443//443 464//464 465//465
f 443//443 465//465 444//444
f 445//445 455//455 447//447
f 446//446 447//447 466//466
f 446//446 466//466 452//452
f 447//447 455//455 467//467
f 447//447 467//467 466//466
f 448//448 468//468 449//449
f 448//448 450//450 469//469
f 448//448 469//469 468//468
f 449//449 468//468 470//470
f 449//449 470//470 459//459
f 450//450 451//451 471//471
f 450//450 471//471 469//469
f 451//451 452//452 472//472
f 451//451 472//472 471//471
f 452//452 466//466 473//473
f 452//452 473//473 472//472
f 453//453 458//458 474//474
f 453//453 474//474 454//454
f 454//454 474//474 475//475
f 454//454 475//475 455//455
f 455//455 475//475 467//467
f 458//458 476//476 474//474
f 459//459 477//477 460//460
f 459//459 470//470 477//477
f 460//460 478//478 479//479
f 460//460 479//479 480//480
f 460//460 480//480 461//461
f 460//460 477//477 478//478
f 462//462 481//481 482//482
f 462//462 482//482 463//463
f 466//466 467//467 483//483
f 466//466 483//483 473//473
f 467//467 475//475 484//484
f 467//467 484//484 483//483
f 468//468 485//485 470//470
f 468//468 469//469 486//486
f 468//468 486//486 485//485
f 469//469 471//471 487//487
f 469//469 487//487 486//486
f 470//470 485//485 488//488
f 470//470 488//488 477//477
f 471//471 472//472 489//489
f 471//471 489//489 487//487
f 472//472 473//473 490//490
f 472//472 490//490 491//491
f 472//472 491//491 489//489
f 473//473 483//483 490//490
f 474//474 476//476 492//492
f 474//474 492//492 493//493
f 474//474 493//493 494//494
f 474//474 494//494 475//475
f 475//475 494//494 484//484
f 477//477 488//488 495//495
f 477//477 495//495 478//478
f 478//478 495//495 496//496
f 478//478 496//496 497//497
f 478//478 497//497 498//498
f 478//478 498//498 499//499
f 478//478 499//499 479//479
f 479//479 499//499 480//480
f 481//481 500//500 501//501
f 481//481 501//501 502//502
f 481//481 502//502 482//482
f 483//483 484//484 503//503
f 483//483 503//503 490//490
f 484//484 494//494 503//503
f 485//485 486//486 504//504
f 485//485 504//504 505//505
f 485//485 505//505 488//488
f 486//486 487//487 506//506
f 486//486 506//506 504//504
f 487//487 489//489 507//507
f 487//487 507//507 506//506
f 488//488 508//508 495//495
f 488//488 505//505 508//508
f 489//489 491//491 509//509
f 489//489 509//509 507//507
f 490//490 503//503 510//510
f 490//490 510//510 491//491
f 491//491 510//510 511//511
f 491//491 511//511 509//509
f 493//493 512//512 494//494
f 494//494 512//512 513//513
f 494//494 513//513 503//503
f 495//495 508//508 514//514
f 495//495 514//514 496//496
f 496//496 514//514 515//515
f 496//496 515//515 516//516
f 496//496 516//516 517//517
f 496//496 517//517 497//497
f 500//500 518//518 519//519
f 500//500 519//519 501//501
f 503//503 513//513 520//520
f 503//503 520//520 510//510
f 504//504 521//521 505//505
f 504//504 506//506 522//522
f 504//504 522//522 521//521
f 505//505 521//521 523//523
f 505//505 523//523 508//508
f 506//506 507//507 524//524
f 506//506 524//524 522//522
f 507//507 509//509 525//525
f 507//507 525//525 524//524
f 508//508 526//526 514//514
f 508//508 523//523 526//526
f 509//509 511//511 527//527
f 509//509 527//527 525//525
f 510//510 520//520 511//511
f 511//511 520//520 528//528
f 511//511 528//528 529//529
f 511//511 529//529 527//527
f 512//512 530//530 513//513
f 513//513 530//530 531//531
f 513//513 531//531 520//520
f 514//514 532//532 515//515
f 514//514 526//526 532//532
f 515//515 532//532 517//517
f 515//515 517//517 516//516
f 517//517 533//533 534//534
f 517//517 534//534 535//535
f 517//517 535//535 536//536
f 517//517 532//532 537//537
f 517//517 537//537 533//533
f 518//518 538//538 539//539
f 518//518 539//539 519//519
f 520//520 531//531 540//540
f 520//520 540//540 541//541
f 520//520 541//541 528//528
f 521//521 522//522 542//542
f 521//521 542//542 543//543
f 521//521 543//543 523//523
f 522//522 524//524 544//544
f 522//522 544//544 542//542
f 523//523 543//543 545//545
f 523//523 545//545 526//526
f 524//524 525//525 546//546
f 524//524 546//546 544//544
f 525//525 547//547 546//546
f 525//525 527//527 547//547
f 526//526 545//545 548//548
f 526//526 548//548 532//532
f 527//527 529//529 547//547
f 528//528 541//541 529//529
f 529//529 541//541 549//549
f 529//529 549//549 550//550
f 529//529 550//550 547//547
f 532//532 548//548 551//551
f 532//532 551//551 537//537
f 533//533 552//552 534//534
f 533//533 537//537 553//553
f 533//533 553//553 554//554
f 533//533 554//554 552//552
f 534//534 552//552 554//554
f 534//534 554//554 555//555
f 535//535 556//556 536//536
f 536//536 556//556 557//557
f 537//537 551//551 558//558
f 537//537 558//558 553//553
f 538//538 557//557 559//559
f 538//538 559//559 539//539
f 542//542 560//560 543//543
f 542//542 544//544 561//561
f 542//542 561//561 560//560
f 543//543 562//562 545//545
f 543//543 560//560 562//562
f 544//544 563//563 561//561
f 544//544 546//546 563//563
f 545//545 564//564 565//565
f 545//545 565//565 548//548
f 545//545 562//562 564//564
f 546//546 547//547 566//566
f 546//546 566//566 563//563
f 547//547 550//550 567//567
f 547//547 567//567 566//566
f 548//548 565//565 551//551
f 549//549 568//568 550//550
f 550//550 568//568 567//567
f 551//551 562//562 558//558
f 551//551 565//565 564//564
f 551//551 564//564 569//569
f 551//551 569//569 562//562
f 553//553 570//570 571//571
f 553//553 571//571 554//554
f 553//553 558//558 570//570
f 554//554 572//572 555//555
f 554//554 571//571 573//573
f 554//554 573//573 572//572
f 556//556 559//559 557//557
f 558//558 562//562 560//560
f 558//558 560//560 570//570
f 560//560 561//561 570//570
f 561//561 563//563 574//574
f 561//561 574//574 570//570
f 562//562 569//569 575//575
f 562//562 575//575 564//564
f 563//563 576//576 574//574
f 563//563 566//566 576//576
f 564//564 575//575 569//569
f 566//566 577//577 576//576
f 566//566 567//567 577//577
f 570//570 574//574 571//571
f 571//571 578//578 573//573
f 571//571 574//574 579//579
f 571//571 579//579 578//578
f 574//574 580//580 579//579
f 574//574 576//576 580//580
f 576//576 581//581 582//582
f 576//576 582//582 580//580
f 576//576 577//577 581//581
f 583//583 584//584 596//596
f 583//583 596//596 606//606
f 583//583 606//606 619//619
f 583//583 619//619 633//633
f 583//583 633//633 648//648
f 583//583 648//648 662//662
f 583//583 662//662 676//676
f 583//583 676//676 691//691
f 583//583 691//691 706//706
f 583//583 706//706 725//725
f 583//583 725//725 744//744
f 583//583 744//744 765//765
f 583//583 765//765 784//784
f 583//583 784//784 803//803
f 583//583 803//803 824//824
f 583//583 824//824 844//844
f 583//583 844//844 867//867
f 583//583 867//867 888//888
f 583//583 888//888 910//910
f 583//583 910//910 933//933
f 583//583 933//933 957//957
f 583//583 957//957 978//978
f 583//583 978//978 995//995
f 583//583 995//995 1016//1016
f 583//583 1016//1016 1018//1018
f 583//583 1018//1018 1033//1033
f 583//583 1033//1033 1047//1047
f 583//583 1047//1047 1034//1034
f 583//583 1034//1034 1020//1020
f 583//583 1020//1020 1001//1001
f 583//583 1001//1001 998//998
f 583//583 998//998 980//980
f 583//583 980//980 958//958
f 583//583 958//958 934//934
f 583//583 934//934 911//911
f 583//583 911//911 889//889
f 583//583 889//889 868//868
f 583//583 868//868 845//845
f 583//583 845//845 825//825
f 583//583 825//825 804//804
f 583//583 804//804 785//785
f 583//583 785//785 767//767
f 583//583 767//767 766//766
f 583//583 766//766 746//746
f 583//583 746//746 745//745
f 583//583 745//745 728//728
f 583//583 728//728 727//727
f 583//583 727//727 710//710
f 583//583 710//710 709//709
f 583//583 709//709 696//696
f 583//583 696//696 681//681
f 583//583 681//681 680//680
f 583//583 680//680 667//667
f 583//583 667//667 664//664
f 583//583 664//664 650//650
f 583//583 650//650 635//635
f 583//583 635//635 621//621
f 583//583 621//621 608//608
f 583//583 608//608 598//598
f 583//583 598//598 585//585
f 583//583 585//585 586//586
f 583//583 586//586 587//587
f 583//583 587//587 588//588
f 583//583 588//588 589//589
f 583//583 589//589 590//590
f 583//583 590//590 591//591
f 583//583 591//591 592//592
f 583//583 592//592 593//593
f 583//583 593//593 594//594
f 583//583 594//594 595//595
f 583//583 595//595 584//584
f 584//584 595//595 597//597
f 584//584 597//597 596//596
f 585//585 598//598 599//599
f 585//585 599//599 586//586
f 586//586 600//600 587//587
f 586//586 599//599 600//600
f 587//587 600//600 601//601
f 587//587 601//601 602//602
f 587//587 602//602 588//588
f 588//588 603//603 589//589
f 588//588 602//602 603//603
f 589//589 603//603 604//604
f 589//589 604//604 590//590
f 590//590 604//604 605//605
f 590//590 605//605 618//618
f 590//590 618//618 632//632
f 590//590 632//632 631//631
f 590//590 631//631 630//630
f 590//590 630//630 645//645
f 590//590 645//645 644//644
f 590//590 644//644 647//647
f 590//590 647//647 661//661
f 590//590 661//661 660//660
f 590//590 660//660 675//675
f 590//590 675//675 688//688
f 590//590 688//688 690//690
f 590//590 690//690 705//705
f 590//590 705//705 722//722
f 590//590 722//722 739//739
f 590//590 739//739 742//742
f 590//590 742//742 763//763
f 590//590 763//763 762//762
f 590//590 762//762 782//782
f 590//590 782//782 781//781
f 590//590 781//781 799//799
f 590//590 799//799 801//801
f 590//590 801//801 818//818
f 590//590 818//818 820//820
f 590//590 820//820 841//841
f 590//590 841//841 861//861
f 590//590 861//861 884//884
f 590//590 884//884 907//907
f 590//590 907//907 931//931
f 590//590 931//931 954//954
f 590//590 954//954 974//974
f 590//590 974//974 973//973
f 590//590 973//973 972//972
f 590//590 972//972 975//975
f 590//590 975//975 976//976
f 590//590 976//976 994//994
f 590//590 994//994 1015//1015
f 590//590 1015//1015 1014//1014
f 590//590 1014//1014 1031//1031
f 590//590 1031//1031 1045//1045
f 590//590 1045//1045 1052//1052
f 590//590 1052//1052 1051//1051
f 590//590 1051//1051 1048//1048
f 590//590 1048//1048 1038//1038
f 590//590 1038//1038 1037//1037
f 590//590 1037//1037 1036//1036
f 590//590 1036//1036 1035//1035
f 590//590 1035//1035 1046//1046
f 590//590 1046//1046 1032//1032
f 590//590 1032//1032 1017//1017
f 590//590 1017//1017 997//997
f 590//590 997//997 996//996
f 590//590 996//996 979//979
f 590//590 979//979 977//977
f 590//590 977//977 956//956
f 590//590 956//956 955//955
f 590//590 955//955 932//932
f 590//590 932//932 909//909
f 590//590 909//909 908//908
f 590//590 908//908 887//887
f 590//590 887//887 886//886
f 590//590 886//886 885//885
f 590//590 885//885 866//866
f 590//590 866//866 865//865
f 590//590 865//865 864//864
f 590//590 864//864 863//863
f 590//590 863//863 862//862
f 590//590 862//862 843//843
f 590//590 843//843 842//842
f 590//590 842//842 823//823
f 590//590 823//823 822//822
f 590//590 822//822 821//821
f 590//590 821//821 802//802
f 590//590 802//802 783//783
f 590//590 783//783 764//764
f 590//590 764//764 743//743
f 590//590 743//743 726//726
f 590//590 726//726 708//708
f 590//590 708//708 707//707
f 590//590 707//707 692//692
f 590//590 692//692 677//677
f 590//590 677//677 663//663
f 590//590 663//663 649//649
f 590//590 649//649 634//634
f 590//590 634//634 620//620
f 590//590 620//620 607//607
f 590//590 607//607 597//597
f 590//590 597//597 595//595
f 590//590 595//595 594//594
f 590//590 594//594 593//593
f 590//590 593//593 592//592
f 590//590 592//592 591//591
f 596//596 597//597 606//606
f 597//597 607//607 606//606
f 598//598 608//608 599//599
f 599//599 608//608 609//609
f 599//599 609//609 600//600
f 600//600 610//610 611//611
f 600//600 611//611 612//612
f 600//600 612//612 601//601
f 600//600 609//609 610//610
f 601//601 612//612 613//613
f 601//601 613//613 614//614
f 601//601 614//614 615//615
f 601//601 615//615 602//602
f 602//602 615//615 616//616
f 602//602 616//616 604//604
f 602//602 604//604 603//603
f 604//604 616//616 617//617
f 604//604 617//617 618//618
f 604//604 618//618 605//605
f 606//606 607//607 620//620
f 606//606 620//620 619//619
f 608//608 621//621 609//609
f 609//609 621//621 622//622
f 609//609 622//622 623//623
f 609//609 623//623 610//610
f 610//610 623//623 611//611
f 611//611 623//623 624//624
f 611//611 624//624 614//614
f 611//611 614//614 613//613
f 611//611 613//613 612//612
f 614//614 624//624 625//625
f 614//614 625//625 615//615
f 615//615 625//625 626//626
f 615//615 626//626 627//627
f 615//615 627//627 616//616
f 616//616 627//627 628//628
f 616//616 628//628 617//617
f 617//617 628//628 629//629
f 617//617 629//629 630//630
f 617//617 630//630 631//631
f 617//617 631//631 632//632
f 617//617 632//632 618//618
f 619//619 620//620 633//633
f 620//620 634//634 633//633
f 621//621 635//635 622//622
f 622//622 635//635 636//636
f 622//622 636//636 637//637
f 622//622 637//637 623//623
f 623//623 637//637 638//638
f 623//623 638//638 624//624
f 624//624 638//638 639//639
f 624//624 639//639 625//625
f 625//625 640//640 626//626
f 625//625 639//639 640//640
f 626//626 640//640 641//641
f 626//626 641//641 627//627
f 627//627 641//641 642//642
f 627//627 642//642 628//628
f 628//628 642//642 643//643
f 628//628 643//643 629//629
f 629//629 644//644 645//645
f 629//629 645//645 630//630
f 629//629 643//643 646//646
f 629//629 646//646 647//647
f 629//629 647//647 644//644
f 633//633 634//634 649//649
f 633//633 649//649 648//648
f 635//635 650//650 636//636
f 636//636 650//650 651//651
f 636//636 651//651 652//652
f 636//636 652//652 637//637
f 637//637 652//652 638//638
f 638//638 653//653 639//639
f 638//638 652//652 653//653
f 639//639 653//653 654//654
f 639//639 654//654 640//640
f 640//640 654//654 655//655
f 640//640 655//655 641//641
f 641//641 655//655 656//656
f 641//641 656//656 642//642
f 642//642 656//656 657//657
f 642//642 657//657 643//643
f 643//643 657//657 658//658
f 643//643 658//658 646//646
f 646//646 658//658 659//659
f 646//646 659//659 660//660
f 646//646 660//660 661//661
f 646//646 661//661 647//647
f 648//648 649//649 662//662
f 649//649 663//663 662//662
f 650//650 664//664 651//651
f 651//651 665//665 666//666
f 651//651 666//666 652//652
f 651//651 664//664 667//667
f 651//651 667//667 665//665
f 652//652 666//666 668//668
f 652//652 668//668 653//653
f 653//653 668//668 654//654
f 654//654 668//668 669//669
f 654//654 669//669 655//655
f 655//655 669//669 670//670
f 655//655 670//670 656//656
f 656//656 670//670 671//671
f 656//656 671//671 657//657
f 657//657 671//671 672//672
f 657//657 672//672 658//658
f 658//658 672//672 673//673
f 658//658 673//673 659//659
f 659//659 673//673 674//674
f 659//659 674//674 675//675
f 659//659 675//675 660//660
f 662//662 663//663 677//677
f 662//662 677//677 676//676
f 665//665 678//678 679//679
f 665//665 679//679 666//666
f 665//665 667//667 680//680
f 665//665 680//680 681//681
f 665//665 681//681 678//678
f 666//666 679//679 682//682
f 666//666 682//682 668//668
f 668//668 682//682 683//683
f 668//668 683//683 669//669
f 669//669 683//683 670//670
f 670//670 684//684 671//671
f 670//670 683//683 684//684
f 671//671 684//684 685//685
f 671//671 685//685 672//672
f 672//672 685//685 686//686
f 672//672 686//686 673//673
f 673//673 686//686 687//687
f 673//673 687//687 674//674
f 674//674 688//688 675//675
f 674//674 687//687 689//689
f 674//674 689//689 690//690
f 674//674 690//690 688//688
f 676//676 677//677 691//691
f 677//677 692//692 691//691
f 678//678 693//693 694//694
f 678//678 694//694 695//695
f 678//678 695//695 679//679
f 678//678 681//681 696//696
f 678//678 696//696 693//693
f 679//679 695//695 697//697
f 679//679 697//697 682//682
f 682//682 697//697 683//683
f 683//683 697//697 698//698
f 683//683 698//698 684//684
f 684//684 698//698 699//699
f 684//684 699//699 700//700
f 684//684 700//700 685//685
f 685//685 700//700 701//701
f 685//685 701//701 686//686
f 686//686 701//701 702//702
f 686//686 702//702 687//687
f 687//687 702//702 703//703
f 687//687 703//703 689//689
f 689//689 703//703 704//704
f 689//689 704//704 690//690
f 690//690 704//704 705//705
f 691//691 692//692 707//707
f 691//691 707//707 708//708
f 691//691 708//708 706//706
f 693//693 696//696 709//709
f 693//693 709//709 710//710
f 693//693 710//710 711//711
f 693//693 711//711 712//712
f 693//693 712//712 713//713
f 693//693 713//713 694//694
f 694//694 713//713 714//714
f 694//694 714//714 715//715
f 694//694 715//715 697//697
f 694//694 697//697 695//695
f 697//697 715//715 698//698
f 698//698 716//716 699//699
f 698//698 715//715 716//716
f 699//699 717//717 700//700
f 699//699 716//716 717//717
f 700//700 717//717 718//718
f 700//700 718//718 701//701
f 701//701 718//718 719//719
f 701//701 719//719 702//702
f 702//702 719//719 720//720
f 702//702 720//720 703//703
f 703//703 720//720 721//721
f 703//703 721//721 704//704
f 704//704 722//722 705//705
f 704//704 721//721 723//723
f 704//704 723//723 724//724
f 704//704 724//724 722//722
f 706//706 708//708 725//725
f 708//708 726//726 725//725
f 710//710 727//727 711//711
f 711//711 727//727 728//728
f 711//711 728//728 729//729
f 711//711 729//729 730//730
f 711//711 730//730 731//731
f 711//711 731//731 712//712
f 712//712 731//731 732//732
f 712//712 732//732 713//713
f 713//713 732//732 714//714
f 714//714 732//732 733//733
f 714//714 733//733 716//716
f 714//714 716//716 715//715
f 716//716 733//733 717//717
f 717//717 734//734 718//718
f 717//717 733//733 734//734
f 718//718 735//735 719//719
f 718//718 734//734 735//735
f 719//719 735//735 736//736
f 719//719 736//736 720//720
f 720//720 736//736 737//737
f 720//720 737//737 721//721
f 721//721 737//737 738//738
f 721//721 738//738 723//723
f 722//722 724//724 739//739
f 723//723 738//738 740//740
f 723//723 740//740 724//724
f 724//724 740//740 741//741
f 724//724 741//741 742//742
f 724//724 742//742 739//739
f 725//725 726//726 743//743
f 725//725 743//743 744//744
f 728//728 745//745 729//729
f 729//729 745//745 746//746
f 729//729 746//746 747//747
f 729//729 747//747 748//748
f 729//729 748//748 749//749
f 729//729 749//749 730//730
f 730//730 749//749 750//750
f 730//730 750//750 751//751
f 730//730 751//751 731//731
f 731//731 751//751 752//752
f 731//731 752//752 732//732
f 732//732 752//752 753//753
f 732//732 753//753 754//754
f 732//732 754//754 733//733
f 733//733 754//754 734//734
f 734//734 754//754 755//755
f 734//734 755//755 735//735
f 735//735 755//755 756//756
f 735//735 756//756 736//736
f 736//736 756//756 757//757
f 736//736 757//757 737//737
f 737//737 757//757 758//758
f 737//737 758//758 738//738
f 738//738 758//758 759//759
f 738//738 759//759 740//740
f 740//740 759//759 760//760
f 740//740 760//760 741//741
f 741//741 760//760 761//761
f 741//741 761//761 762//762
f 741//741 762//762 763//763
f 741//741 763//763 742//742
f 743//743 764//764 765//765
f 743//743 765//765 744//744
f 746//746 766//766 747//747
f 747//747 766//766 767//767
f 747//747 767//767 768//768
f 747//747 768//768 769//769
f 747//747 769//769 748//748
f 748//748 769//769 770//770
f 748//748 770//770 771//771
f 748//748 771//771 749//749
f 749//749 771//771 750//750
f 750//750 771//771 772//772
f 750//750 772//772 751//751
f 751//751 772//772 773//773
f 751//751 773//773 753//753
f 751//751 753//753 752//752
f 753//753 773//773 774//774
f 753//753 774//774 755//755
f 753//753 755//755 754//754
f 755//755 774//774 756//756
f 756//756 774//774 775//775
f 756//756 775//775 757//757
f 757//757 775//775 776//776
f 757//757 776//776 758//758
f 758//758 776//776 777//777
f 758//758 777//777 759//759
f 759//759 777//777 778//778
f 759//759 778//778 760//760
f 760//760 778//778 779//779
f 760//760 779//779 761//761
f 761//761 779//779 780//780
f 761//761 780//780 781//781
f 761//761 781//781 782//782
f 761//761 782//782 762//762
f 764//764 783//783 765//765
f 765//765 783//783 784//784
f 767//767 785//785 786//786
f 767//767 786//786 768//768
f 768//768 786//786 769//769
f 769//769 787//787 770//770
f 769//769 786//786 787//787
f 770//770 788//788 789//789
f 770//770 789//789 790//790
f 770//770 790//790 791//791
f 770//770 791//791 771//771
f 770//770 787//787 788//788
f 771//771 791//791 772//772
f 772//772 791//791 792//792
f 772//772 792//792 793//793
f 772//772 793//793 773//773
f 773//773 793//793 774//774
f 774//774 793//793 775//775
f 775//775 794//794 776//776
f 775//775 793//793 794//794
f 776//776 794//794 795//795
f 776//776 795//795 777//777
f 777//777 795//795 796//796
f 777//777 796//796 778//778
f 778//778 796//796 797//797
f 778//778 797//797 779//779
f 779//779 797//797 798//798
f 779//779 798//798 780//780
f 780//780 799//799 781//781
f 780//780 798//798 800//800
f 780//780 800//800 801//801
f 780//780 801//801 799//799
f 783//783 802//802 803//803
f 783//783 803//803 784//784
f 785//785 804//804 805//805
f 785//785 805//805 786//786
f 786//786 805//805 787//787
f 787//787 806//806 807//807
f 787//787 807//807 788//788
f 787//787 805//805 806//806
f 788//788 807//807 808//808
f 788//788 808//808 789//789
f 789//789 808//808 809//809
f 789//789 809//809 810//810
f 789//789 810//810 811//811
f 789//789 811//811 790//790
f 790//790 811//811 791//791
f 791//791 811//811 812//812
f 791//791 812//812 792//792
f 792//792 812//812 813//813
f 792//792 813//813 794//794
f 792//792 794//794 793//793
f 794//794 813//813 795//795
f 795//795 814//814 796//796
f 795//795 813//813 814//814
f 796//796 815//815 797//797
f 796//796 814//814 815//815
f 797//797 815//815 816//816
f 797//797 816//816 798//798
f 798//798 816//816 817//817
f 798//798 817//817 800//800
f 800//800 818//818 801//801
f 800//800 817//817 819//819
f 800//800 819//819 820//820
f 800//800 820//820 818//818
f 802//802 821//821 803//803
f 803//803 821//821 822//822
f 803//803 822//822 823//823
f 803//803 823//823 824//824
f 804//804 825//825 826//826
f 804//804 826//826 805//805
f 805//805 826//826 827//827
f 805//805 827//827 806//806
f 806//806 827//827 828//828
f 806//806 828//828 807//807
f 807//807 828//828 808//808
f 808//808 828//828 829//829
f 808//808 829//829 830//830
f 808//808 830//830 809//809
f 809//809 830//830 831//831
f 809//809 831//831 832//832
f 809//809 832//832 810//810
f 810//810 832//832 833//833
f 810//810 833//833 811//811
f 811//811 833//833 834//834
f 811//811 834//834 835//835
f 811//811 835//835 812//812
f 812//812 835//835 813//813
f 813//813 835//835 814//814
f 814//814 836//836 815//815
f 814//814 835//835 836//836
f 815//815 837//837 816//816
f 815//815 836//836 837//837
f 816//816 838//838 817//817
f 816//816 837//837 838//838
f 817//817 839//839 819//819
f 817//817 838//838 839//839
f 819//819 839//839 840//840
f 819//819 840//840 841//841
f 819//819 841//841 820//820
f 823//823 842//842 824//824
f 824//824 842//842 843//843
f 824//824 843//843 844//844
f 825//825 845//845 846//846
f 825//825 846//846 826//826
f 826//826 846//846 847//847
f 826//826 847//847 827//827
f 827//827 847//847 828//828
f 828//828 848//848 849//849
f 828//828 849//849 829//829
f 828//828 847//847 848//848
f 829//829 849//849 850//850
f 829//829 850//850 830//830
f 830//830 850//850 851//851
f 830//830 851//851 831//831
f 831//831 852//852 853//853
f 831//831 853//853 832//832
f 831//831 851//851 852//852
f 832//832 853//853 854//854
f 832//832 854//854 833//833
f 833//833 854//854 855//855
f 833//833 855//855 834//834
f 834//834 855//855 856//856
f 834//834 856//856 836//836
f 834//834 836//836 835//835
f 836//836 856//856 837//837
f 837//837 856//856 857//857
f 837//837 857//857 838//838
f 838//838 857//857 858//858
f 838//838 858//858 839//839
f 839//839 858//858 859//859
f 839//839 859//859 840//840
f 840//840 859//859 860//860
f 840//840 860//860 861//861
f 840//840 861//861 841//841
f 843//843 862//862 844//844
f 844//844 862//862 863//863
f 844//844 863//863 864//864
f 844//844 864//864 865//865
f 844//844 865//865 866//866
f 844//844 866//866 867//867
f 845//845 868//868 869//869
f 845//845 869//869 846//846
f 846//846 869//869 870//870
f 846//846 870//870 847//847
f 847//847 870//870 871//871
f 847//847 871//871 848//848
f 848//848 871//871 872//872
f 848//848 872//872 849//849
f 849//849 872//872 873//873
f 849//849 873//873 850//850
f 850//850 873//873 874//874
f 850//850 874//874 851//851
f 851//851 875//875 852//852
f 851//851 874//874 875//875
f 852//852 875//875 876//876
f 852//852 876//876 877//877
f 852//852 877//877 853//853
f 853//853 877//877 878//878
f 853//853 878//878 854//854
f 854//854 878//878 879//879
f 854//854 879//879 855//855
f 855//855 879//879 880//880
f 855//855 880//880 856//856
f 856//856 880//880 857//857
f 857//857 880//880 881//881
f 857//857 881//881 858//858
f 858//858 881//881 882//882
f 858//858 882//882 859//859
f 859//859 882//882 883//883
f 859//859 883//883 860//860
f 860//860 883//883 884//884
f 860//860 884//884 861//861
f 866//866 885//885 867//867
f 867//867 885//885 886//886
f 867//867 886//886 887//887
f 867//867 887//887 888//888
f 868//868 889//889 890//890
f 868//868 890//890 869//869
f 869//869 890//890 891//891
f 869//869 891//891 892//892
f 869//869 892//892 870//870
f 870//870 892//892 893//893
f 870//870 893//893 894//894
f 870//870 894//894 871//871
f 871//871 895//895 872//872
f 871//871 894//894 895//895
f 872//872 895//895 896//896
f 872//872 896//896 873//873
f 873//873 896//896 897//897
f 873//873 897//897 874//874
f 874//874 897//897 898//898
f 874//874 898//898 875//875
f 875//875 899//899 876//876
f 875//875 898//898 899//899
f 876//876 900//900 877//877
f 876//876 899//899 901//901
f 876//876 901//901 900//900
f 877//877 900//900 902//902
f 877//877 902//902 878//878
f 878//878 902//902 903//903
f 878//878 903//903 879//879
f 879//879 903//903 904//904
f 879//879 904//904 880//880
f 880//880 904//904 881//881
f 881//881 904//904 905//905
f 881//881 905//905 882//882
f 882//882 905//905 906//906
f 882//882 906//906 883//883
f 883//883 906//906 884//884
f 884//884 906//906 907//907
f 887//887 908//908 888//888
f 888//888 908//908 909//909
f 888//888 909//909 910//910
f 889//889 911//911 912//912
f 889//889 912//912 913//913
f 889//889 913//913 890//890
f 890//890 913//913 891//891
f 891//891 913//913 914//914
f 891//891 914//914 915//915
f 891//891 915//915 916//916
f 891//891 916//916 892//892
f 892//892 916//916 917//917
f 892//892 917//917 893//893
f 893//893 917//917 918//918
f 893//893 918//918 919//919
f 893//893 919//919 894//894
f 894//894 919//919 895//895
f 895//895 920//920 896//896
f 895//895 919//919 920//920
f 896//896 921//921 897//897
f 896//896 920//920 921//921
f 897//897 922//922 898//898
f 897//897 921//921 922//922
f 898//898 922//922 923//923
f 898//898 923//923 899//899
f 899//899 923//923 924//924
f 899//899 924//924 901//901
f 900//900 901//901 925//925
f 900//900 925//925 926//926
f 900//900 926//926 902//902
f 901//901 924//924 927//927
f 901//901 927//927 925//925
f 902//902 926//926 928//928
f 902//902 928//928 903//903
f 903//903 928//928 929//929
f 903//903 929//929 904//904
f 904//904 929//929 905//905
f 905//905 929//929 930//930
f 905//905 930//930 906//906
f 906//906 930//930 907//907
f 907//907 930//930 931//931
f 909//909 932//932 910//910
f 910//910 932//932 933//933
f 911//911 934//934 935//935
f 911//911 935//935 912//912
f 912//912 936//936 913//913
f 912//912 935//935 936//936
f 913//913 936//936 937//937
f 913//913 937//937 914//914
f 914//914 937//937 938//938
f 914//914 938//938 939//939
f 914//914 939//939 915//915
f 915//915 939//939 940//940
f 915//915 940//940 916//916
f 916//916 940//940 941//941
f 916//916 941//941 917//917
f 917//917 941//941 918//918
f 918//918 942//942 943//943
f 918//918 943//943 919//919
f 918//918 941//941 942//942
f 919//919 943//943 920//920
f 920//920 943//943 944//944
f 920//920 944//944 921//921
f 921//921 945//945 922//922
f 921//921 944//944 945//945
f 922//922 945//945 946//946
f 922//922 946//946 923//923
f 923//923 946//946 947//947
f 923//923 947//947 924//924
f 924//924 948//948 927//927
f 924//924 947//947 948//948
f 925//925 949//949 926//926
f 925//925 927//927 950//950
f 925//925 950//950 949//949
f 926//926 951//951 928//928
f 926//926 949//949 951//951
f 927//927 948//948 952//952
f 927//927 952//952 950//950
f 928//928 953//953 929//929
f 928//928 951//951 953//953
f 929//929 953//953 930//930
f 930//930 953//953 931//931
f 931//931 953//953 954//954
f 932//932 955//955 933//933
f 933//933 955//955 956//956
f 933//933 956//956 957//957
f 934//934 958//958 959//959
f 934//934 959//959 935//935
f 935//935 959//959 960//960
f 935//935 960//960 961//961
f 935//935 961//961 936//936
f 936//936 961//961 937//937
f 937//937 962//962 938//938
f 937//937 961//961 962//962
f 938//938 963//963 964//964
f 938//938 964//964 939//939
f 938//938 962//962 963//963
f 939//939 964//964 965//965
f 939//939 965//965 940//940
f 940//940 965//965 966//966
f 940//940 966//966 941//941
f 941//941 966//966 942//942
f 942//942 966//966 967//967
f 942//942 967//967 943//943
f 943//943 967//967 944//944
f 944//944 967//967 968//968
f 944//944 968//968 945//945
f 945//945 968//968 969//969
f 945//945 969//969 946//946
f 946//946 969//969 970//970
f 946//946 970//970 947//947
f 947//947 970//970 971//971
f 947//947 971//971 948//948
f 948//948 971//971 952//952
f 949//949 950//950 972//972
f 949//949 972//972 973//973
f 949//949 973//973 974//974
f 949//949 974//974 951//951
f 950//950 952//952 975//975
f 950//950 975//975 972//972
f 951//951 974//974 954//954
f 951//951 954//954 953//953
f 952//952 971//971 976//976
f 952//952 976//976 975//975
f 956//956 977//977 957//957
f 957//957 977//977 979//979
f 957//957 979//979 978//978
f 958//958 980//980 959//959
f 959//959 980//980 981//981
f 959//959 981//981 982//982
f 959//959 982//982 960//960
f 960//960 982//982 983//983
f 960//960 983//983 984//984
f 960//960 984//984 961//961
f 961//961 984//984 962//962
f 962//962 984//984 985//985
f 962//962 985//985 963//963
f 963//963 986//986 987//987
f 963//963 987//987 964//964
f 963//963 985//985 986//986
f 964//964 987//987 988//988
f 964//964 988//988 965//965
f 965//965 988//988 989//989
f 965//965 989//989 966//966
f 966//966 989//989 990//990
f 966//966 990//990 967//967
f 967//967 990//990 968//968
f 968//968 990//990 991//991
f 968//968 991//991 969//969
f 969//969 991//991 992//992
f 969//969 992//992 970//970
f 970//970 992//992 993//993
f 970//970 993//993 971//971
f 971//971 993//993 994//994
f 971//971 994//994 976//976
f 978//978 979//979 996//996
f 978//978 996//996 997//997
f 978//978 997//997 995//995
f 980//980 998//998 981//981
f 981//981 999//999 1000//1000
f 981//981 1000//1000 982//982
f 981//981 998//998 1001//1001
f 981//981 1001//1001 999//999
f 982//982 1000//1000 1002//1002
f 982//982 1002//1002 983//983
f 983//983 1002//1002 1003//1003
f 983//983 1003//1003 1004//1004
f 983//983 1004//1004 1005//1005
f 983//983 1005//1005 1006//1006
f 983//983 1006//1006 984//984
f 984//984 1006//1006 985//985
f 985//985 1006//1006 1007//1007
f 985//985 1007//1007 986//986
f 986//986 1008//1008 987//987
f 986//986 1007//1007 1008//1008
f 987//987 1009//1009 988//988
f 987//987 1008//1008 1009//1009
f 988//988 1009//1009 1010//1010
f 988//988 1010//1010 989//989
f 989//989 1010//1010 1011//1011
f 989//989 1011//1011 990//990
f 990//990 1011//1011 991//991
f 991//991 1011//1011 1012//1012
f 991//991 1012//1012 992//992
f 992//992 1012//1012 1013//1013
f 992//992 1013//1013 993//993
f 993//993 1013//1013 1014//1014
f 993//993 1014//1014 1015//1015
f 993//993 1015//1015 994//994
f 995//995 997//997 1016//1016
f 997//997 1017//1017 1018//1018
f 997//997 1018//1018 1016//1016
f 999//999 1001//1001 1019//1019
f 999//999 1019//1019 1002//1002
f 999//999 1002//1002 1000//1000
f 1001//1001 1020//1020 1021//1021
f 1001//1001 1021//1021 1019//1019
f 1002//1002 1019//1019 1021//1021
f 1002//1002 1021//1021 1003//1003
f 1003//1003 1022//1022 1004//1004
f 1003//1003 1021//1021 1020//1020
f 1003//1003 1020//1020 1022//1022
f 1004//1004 1022//1022 1005//1005
f 1005//1005 1022//1022 1006//1006
f 1006//1006 1022//1022 1023//1023
f 1006//1006 1023//1023 1007//1007
f 1007//1007 1023//1023 1024//1024
f 1007//1007 1024//1024 1025//1025
f 1007//1007 1025//1025 1026//1026
f 1007//1007 1026//1026 1008//1008
f 1008//1008 1026//1026 1027//1027
f 1008//1008 1027//1027 1009//1009
f 1009//1009 1028//1028 1010//1010
f 1009//1009 1027//1027 1028//1028
f 1010//1010 1029//1029 1011//1011
f 1010//1010 1028//1028 1029//1029
f 1011//1011 1029//1029 1012//1012
f 1012//1012 1029//1029 1030//1030
f 1012//1012 1030//1030 1013//1013
f 1013//1013 1030//1030 1014//1014
f 1014//1014 1030//1030 1031//1031
f 1017//1017 1032//1032 1033//1033
f 1017//1017 1033//1033 1018//1018
f 1020//1020 1034//1034 1035//1035
f 1020//1020 1035//1035 1036//1036
f 1020//1020 1036//1036 1037//1037
f 1020//1020 1037//1037 1038//1038
f 1020//1020 1038//1038 1039//1039
f 1020//1020 1039//1039 1040//1040
f 1020//1020 1040//1040 1025//1025
f 1020//1020 1025//1025 1024//1024
f 1020//1020 1024//1024 1023//1023
f 1020//1020 1023//1023 1022//1022
f 1025//1025 1040//1040 1026//1026
f 1026//1026 1041//1041 1042//1042
f 1026//1026 1042//1042 1027//1027
f 1026//1026 1040//1040 1041//1041
f 1027//1027 1043//1043 1028//1028
f 1027//1027 1042//1042 1043//1043
f 1028//1028 1043//1043 1044//1044
f 1028//1028 1044//1044 1029//1029
f 1029//1029 1044//1044 1030//1030
f 1030//1030 1044//1044 1045//1045
f 1030//1030 1045//1045 1031//1031
f 1032//1032 1046//1046 1033//1033
f 1033//1033 1046//1046 1047//1047
f 1034//1034 1047//1047 1035//1035
f 1035//1035 1047//1047 1046//1046
f 1038//1038 1048//1048 1049//1049
f 1038//1038 1049//1049 1050//1050
f 1038//1038 1050//1050 1039//1039
f 1039//1039 1050//1050 1041//1041
f 1039//1039 1041//1041 1040//1040
f 1041//1041 1050//1050 1042//1042
f 1042//1042 1050//1050 1049//1049
f 1042//1042 1049//1049 1048//1048
f 1042//1042 1048//1048 1043//1043
f 1043//1043 1051//1051 1052//1052
f 1043//1043 1052//1052 1044//1044
f 1043//1043 1048//1048 1051//1051
f 1044//1044 1052//1052 1045//1045
f 1053//1053 1054//1054 1055//1055
f 1053//1053 1055//1055 1056//1056
f 1053//1053 1056//1056 1057//1057
f 1053//1053 1057//1057 1058//1058
f 1053//1053 1058//1058 1059//1059
f 1053//1053 1059//1059 1060//1060
f 1053//1053 1060//1060 1061//1061
f 1053//1053 1061//1061 1062//1062
f 1053//1053 1062//1062 1054//1054
f 1054//1054 1062//1062 1072//1072
f 1054//1054 1072//1072 1081//1081
f 1054//1054 1081//1081 1093//1093
f 1054//1054 1093//1093 1101//1101
f 1054//1054 1101//1101 1107//1107
f 1054//1054 1107//1107 1114//1114
f 1054//1054 1114//1114 1118//1118
f 1054//1054 1118//1118 1122//1122
f 1054//1054 1122//1122 1129//1129
f 1054//1054 1129//1129 1128//1128
f 1054//1054 1128//1128 1134//1134
f 1054//1054 1134//1134 1133//1133
f 1054//1054 1133//1133 1138//1138
f 1054//1054 1138//1138 1142//1142
f 1054//1054 1142//1142 1146//1146
f 1054//1054 1146//1146 1148//1148
f 1054//1054 1148//1148 1155//1155
f 1054//1054 1155//1155 1161//1161
f 1054//1054 1161//1161 1169//1169
f 1054//1054 1169//1169 1177//1177
f 1054//1054 1177//1177 1185//1185
f 1054//1054 1185//1185 1193//1193
f 1054//1054 1193//1193 1192//1192
f 1054//1054 1192//1192 1201//1201
f 1054//1054 1201//1201 1209//1209
f 1054//1054 1209//1209 1217//1217
f 1054//1054 1217//1217 1224//1224
f 1054//1054 1224//1224 1223//1223
f 1054//1054 1223//1223 1226//1226
f 1054//1054 1226//1226 1232//1232
f 1054//1054 1232//1232 1238//1238
f 1054//1054 1238//1238 1237//1237
f 1054//1054 1237//1237 1243//1243
f 1054//1054 1243//1243 1249//1249
f 1054//1054 1249//1249 1256//1256
f 1054//1054 1256//1256 1262//1262
f 1054//1054 1262//1262 1268//1268
f 1054//1054 1268//1268 1278//1278
f 1054//1054 1278//1278 1277//1277
f 1054//1054 1277//1277 1281//1281
f 1054//1054 1281//1281 1295//1295
f 1054//1054 1295//1295 1294//1294
f 1054//1054 1294//1294 1293//1293
f 1054//1054 1293//1293 1303//1303
f 1054//1054 1303//1303 1306//1306
f 1054//1054 1306//1306 1312//1312
f 1054//1054 1312//1312 1307//1307
f 1054//1054 1307//1307 1296//1296
f 1054//1054 1296//1296 1284//1284
f 1054//1054 1284//1284 1273//1273
f 1054//1054 1273//1273 1265//1265
f 1054//1054 1265//1265 1259//1259
f 1054//1054 1259//1259 1253//1253
f 1054//1054 1253//1253 1247//1247
f 1054//1054 1247//1247 1240//1240
f 1054//1054 1240//1240 1239//1239
f 1054//1054 1239//1239 1233//1233
f 1054//1054 1233//1233 1227//1227
f 1054//1054 1227//1227 1218//1218
f 1054//1054 1218//1218 1210//1210
f 1054//1054 1210//1210 1202//1202
f 1054//1054 1202//1202 1195//1195
f 1054//1054 1195//1195 1187//1187
f 1054//1054 1187//1187 1179//1179
f 1054//1054 1179//1179 1171//1171
f 1054//1054 1171//1171 1165//1165
f 1054//1054 1165//1165 1164//1164
f 1054//1054 1164//1164 1162//1162
f 1054//1054 1162//1162 1156//1156
f 1054//1054 1156//1156 1149//1149
f 1054//1054 1149//1149 1144//1144
f 1054//1054 1144//1144 1140//1140
f 1054//1054 1140//1140 1135//1135
f 1054//1054 1135//1135 1130//1130
f 1054//1054 1130//1130 1123//1123
f 1054//1054 1123//1123 1119//1119
f 1054//1054 1119//1119 1115//1115
f 1054//1054 1115//1115 1111//1111
f 1054//1054 1111//1111 1110//1110
f 1054//1054 1110//1110 1109//1109
f 1054//1054 1109//1109 1102//1102
f 1054//1054 1102//1102 1094//1094
f 1054//1054 1094//1094 1082//1082
f 1054//1054 1082//1082 1074//1074
f 1054//1054 1074//1074 1073//1073
f 1054//1054 1073//1073 1064//1064
f 1054//1054 1064//1064 1056//1056
f 1054//1054 1056//1056 1055//1055
f 1056//1056 1063//1063 1058//1058
f 1056//1056 1058//1058 1057//1057
f 1056//1056 1064//1064 1065//1065
f 1056//1056 1065//1065 1066//1066
f 1056//1056 1066//1066 1067//1067
f 1056//1056 1067//1067 1068//1068
f 1056//1056 1068//1068 1063//1063
f 1058//1058 1063//1063 1065//1065
f 1058//1058 1065//1065 1069//1069
f 1058//1058 1069//1069 1076//1076
f 1058//1058 1076//1076 1085//1085
f 1058//1058 1085//1085 1096//1096
f 1058//1058 1096//1096 1103//1103
f 1058//1058 1103//1103 1112//1112
f 1058//1058 1112//1112 1116//1116
f 1058//1058 1116//1116 1120//1120
f 1058//1058 1120//1120 1126//1126
f 1058//1058 1126//1126 1125//1125
f 1058//1058 1125//1125 1124//1124
f 1058//1058 1124//1124 1131//1131
f 1058//1058 1131//1131 1137//1137
f 1058//1058 1137//1137 1136//1136
f 1058//1058 1136//1136 1141//1141
f 1058//1058 1141//1141 1145//1145
f 1058//1058 1145//1145 1152//1152
f 1058//1058 1152//1152 1151//1151
f 1058//1058 1151//1151 1150//1150
f 1058//1058 1150//1150 1158//1158
f 1058//1058 1158//1158 1157//1157
f 1058//1058 1157//1157 1163//1163
f 1058//1058 1163//1163 1170//1170
f 1058//1058 1170//1170 1178//1178
f 1058//1058 1178//1178 1186//1186
f 1058//1058 1186//1186 1194//1194
f 1058//1058 1194//1194 1203//1203
f 1058//1058 1203//1203 1211//1211
f 1058//1058 1211//1211 1219//1219
f 1058//1058 1219//1219 1228//1228
f 1058//1058 1228//1228 1235//1235
f 1058//1058 1235//1235 1234//1234
f 1058//1058 1234//1234 1241//1241
f 1058//1058 1241//1241 1246//1246
f 1058//1058 1246//1246 1245//1245
f 1058//1058 1245//1245 1252//1252
f 1058//1058 1252//1252 1258//1258
f 1058//1058 1258//1258 1264//1264
f 1058//1058 1264//1264 1269//1269
f 1058//1058 1269//1269 1282//1282
f 1058//1058 1282//1282 1283//1283
f 1058//1058 1283//1283 1290//1290
f 1058//1058 1290//1290 1289//1289
f 1058//1058 1289//1289 1288//1288
f 1058//1058 1288//1288 1287//1287
f 1058//1058 1287//1287 1301//1301
f 1058//1058 1301//1301 1300//1300
f 1058//1058 1300//1300 1298//1298
f 1058//1058 1298//1298 1309//1309
f 1058//1058 1309//1309 1313//1313
f 1058//1058 1313//1313 1311//1311
f 1058//1058 1311//1311 1302//1302
f 1058//1058 1302//1302 1291//1291
f 1058//1058 1291//1291 1279//1279
f 1058//1058 1279//1279 1267//1267
f 1058//1058 1267//1267 1266//1266
f 1058//1058 1266//1266 1261//1261
f 1058//1058 1261//1261 1260//1260
f 1058//1058 1260//1260 1255//1255
f 1058//1058 1255//1255 1248//1248
f 1058//1058 1248//1248 1242//1242
f 1058//1058 1242//1242 1236//1236
f 1058//1058 1236//1236 1230//1230
f 1058//1058 1230//1230 1229//1229
f 1058//1058 1229//1229 1220//1220
f 1058//1058 1220//1220 1212//1212
f 1058//1058 1212//1212 1204//1204
f 1058//1058 1204//1204 1196//1196
f 1058//1058 1196//1196 1188//1188
f 1058//1058 1188//1188 1180//1180
f 1058//1058 1180//1180 1172//1172
f 1058//1058 1172//1172 1166//1166
f 1058//1058 1166//1166 1159//1159
f 1058//1058 1159//1159 1153//1153
f 1058//1058 1153//1153 1147//1147
f 1058//1058 1147//1147 1143//1143
f 1058//1058 1143//1143 1139//1139
f 1058//1058 1139//1139 1132//1132
f 1058//1058 1132//1132 1127//1127
f 1058//1058 1127//1127 1121//1121
f 1058//1058 1121//1121 1117//1117
f 1058//1058 1117//1117 1113//1113
f 1058//1058 1113//1113 1105//1105
f 1058//1058 1105//1105 1104//1104
f 1058//1058 1104//1104 1098//1098
f 1058//1058 1098//1098 1097//1097
f 1058//1058 1097//1097 1089//1089
f 1058//1058 1089//1089 1088//1088
f 1058//1058 1088//1088 1087//1087
f 1058//1058 1087//1087 1086//1086
f 1058//1058 1086//1086 1077//1077
f 1058//1058 1077//1077 1070//1070
f 1058//1058 1070//1070 1059//1059
f 1059//1059 1070//1070 1060//1060
f 1060//1060 1070//1070 1071//1071
f 1060//1060 1071//1071 1061//1061
f 1061//1061 1071//1071 1072//1072
f 1061//1061 1072//1072 1062//1062
f 1063//1063 1068//1068 1066//1066
f 1063//1063 1066//1066 1065//1065
f 1064//1064 1073//1073 1065//1065
f 1065//1065 1073//1073 1074//1074
f 1065//1065 1074//1074 1075//1075
f 1065//1065 1075//1075 1069//1069
f 1066//1066 1068//1068 1067//1067
f 1069//1069 1075//1075 1076//1076
f 1070//1070 1077//1077 1071//1071
f 1071//1071 1077//1077 1078//1078
f 1071//1071 1078//1078 1079//1079
f 1071//1071 1079//1079 1080//1080
f 1071//1071 1080//1080 1072//1072
f 1072//1072 1080//1080 1081//1081
f 1074//1074 1082//1082 1075//1075
f 1075//1075 1082//1082 1083//1083
f 1075//1075 1083//1083 1084//1084
f 1075//1075 1084//1084 1076//1076
f 1076//1076 1084//1084 1085//1085
f 1077//1077 1086//1086 1078//1078
f 1078//1078 1086//1086 1079//1079
f 1079//1079 1086//1086 1087//1087
f 1079//1079 1087//1087 1088//1088
f 1079//1079 1088//1088 1089//1089
f 1079//1079 1089//1089 1090//1090
f 1079//1079 1090//1090 1091//1091
f 1079//1079 1091//1091 1080//1080
f 1080//1080 1091//1091 1092//1092
f 1080//1080 1092//1092 1093//1093
f 1080//1080 1093//1093 1081//1081
f 1082//1082 1094//1094 1083//1083
f 1083//1083 1085//1085 1084//1084
f 1083//1083 1094//1094 1085//1085
f 1085//1085 1094//1094 1095//1095
f 1085//1085 1095//1095 1096//1096
f 1089//1089 1091//1091 1090//1090
f 1089//1089 1097//1097 1092//1092
f 1089//1089 1092//1092 1091//1091
f 1092//1092 1097//1097 1098//1098
f 1092//1092 1098//1098 1099//1099
f 1092//1092 1099//1099 1100//1100
f 1092//1092 1100//1100 1101//1101
f 1092//1092 1101//1101 1093//1093
f 1094//1094 1102//1102 1095//1095
f 1095//1095 1102//1102 1096//1096
f 1096//1096 1102//1102 1103//1103
f 1098//1098 1104//1104 1099//1099
f 1099//1099 1104//1104 1105//1105
f 1099//1099 1105//1105 1106//1106
f 1099//1099 1106//1106 1100//1100
f 1100//1100 1107//1107 1101//1101
f 1100//1100 1106//1106 1108//1108
f 1100//1100 1108//1108 1107//1107
f 1102//1102 1109//1109 1103//1103
f 1103//1103 1109//1109 1110//1110
f 1103//1103 1110//1110 1111//1111
f 1103//1103 1111//1111 1112//1112
f 1105//1105 1113//1113 1108//1108
f 1105//1105 1108//1108 1106//1106
f 1107//1107 1108//1108 1114//1114
f 1108//1108 1113//1113 1114//1114
f 1111//1111 1115//1115 1116//1116
f 1111//1111 1116//1116 1112//1112
f 1113//1113 1117//1117 1114//1114
f 1114//1114 1117//1117 1118//1118
f 1115//1115 1119//1119 1116//1116
f 1116//1116 1119//1119 1120//1120
f 1117//1117 1121//1121 1118//1118
f 1118//1118 1121//1121 1122//1122
f 1119//1119 1123//1123 1124//1124
f 1119//1119 1124//1124 1125//1125
f 1119//1119 1125//1125 1126//1126
f 1119//1119 1126//1126 1120//1120
f 1121//1121 1127//1127 1128//1128
f 1121//1121 1128//1128 1129//1129
f 1121//1121 1129//1129 1122//1122
f 1123//1123 1130//1130 1124//1124
f 1124//1124 1130//1130 1131//1131
f 1127//1127 1132//1132 1133//1133
f 1127//1127 1133//1133 1134//1134
f 1127//1127 1134//1134 1128//1128
f 1130//1130 1135//1135 1136//1136
f 1130//1130 1136//1136 1137//1137
f 1130//1130 1137//1137 1131//1131
f 1132//1132 1138//1138 1133//1133
f 1132//1132 1139//1139 1138//1138
f 1135//1135 1140//1140 1136//1136
f 1136//1136 1140//1140 1141//1141
f 1138//1138 1139//1139 1142//1142
f 1139//1139 1143//1143 1142//1142
f 1140//1140 1144//1144 1145//1145
f 1140//1140 1145//1145 1141//1141
f 1142//1142 1143//1143 1146//1146
f 1143//1143 1147//1147 1148//1148
f 1143//1143 1148//1148 1146//1146
f 1144//1144 1149//1149 1150//1150
f 1144//1144 1150//1150 1151//1151
f 1144//1144 1151//1151 1152//1152
f 1144//1144 1152//1152 1145//1145
f 1147//1147 1153//1153 1154//1154
f 1147//1147 1154//1154 1148//1148
f 1148//1148 1154//1154 1155//1155
f 1149//1149 1156//1156 1157//1157
f 1149//1149 1157//1157 1158//1158
f 1149//1149 1158//1158 1150//1150
f 1153//1153 1159//1159 1154//1154
f 1154//1154 1159//1159 1160//1160
f 1154//1154 1160//1160 1155//1155
f 1155//1155 1160//1160 1161//1161
f 1156//1156 1162//1162 1157//1157
f 1157//1157 1162//1162 1164//1164
f 1157//1157 1164//1164 1165//1165
f 1157//1157 1165//1165 1163//1163
f 1159//1159 1166//1166 1167//1167
f 1159//1159 1167//1167 1160//1160
f 1160//1160 1167//1167 1168//1168
f 1160//1160 1168//1168 1161//1161
f 1161//1161 1168//1168 1169//1169
f 1163//1163 1165//1165 1171//1171
f 1163//1163 1171//1171 1170//1170
f 1166//1166 1172//1172 1173//1173
f 1166//1166 1173//1173 1167//1167
f 1167//1167 1174//1174 1175//1175
f 1167//1167 1175//1175 1176//1176
f 1167//1167 1176//1176 1169//1169
f 1167//1167 1169//1169 1168//1168
f 1167//1167 1173//1173 1174//1174
f 1169//1169 1176//1176 1175//1175
f 1169//1169 1175//1175 1177//1177
f 1170//1170 1171//1171 1178//1178
f 1171//1171 1179//1179 1178//1178
f 1172//1172 1180//1180 1173//1173
f 1173//1173 1180//1180 1181//1181
f 1173//1173 1181//1181 1174//1174
f 1174//1174 1182//1182 1175//1175
f 1174//1174 1181//1181 1182//1182
f 1175//1175 1182//1182 1183//1183
f 1175//1175 1183//1183 1177//1177
f 1177//1177 1183//1183 1184//1184
f 1177//1177 1184//1184 1185//1185
f 1178//1178 1179//1179 1186//1186
f 1179//1179 1187//1187 1186//1186
f 1180//1180 1188//1188 1181//1181
f 1181//1181 1189//1189 1182//1182
f 1181//1181 1188//1188 1189//1189
f 1182//1182 1189//1189 1190//1190
f 1182//1182 1190//1190 1184//1184
f 1182//1182 1184//1184 1183//1183
f 1184//1184 1190//1190 1191//1191
f 1184//1184 1191//1191 1192//1192
f 1184//1184 1192//1192 1193//1193
f 1184//1184 1193//1193 1185//1185
f 1186//1186 1187//1187 1194//1194
f 1187//1187 1195//1195 1194//1194
f 1188//1188 1196//1196 1197//1197
f 1188//1188 1197//1197 1198//1198
f 1188//1188 1198//1198 1189//1189
f 1189//1189 1198//1198 1190//1190
f 1190//1190 1199//1199 1200//1200
f 1190//1190 1200//1200 1191//1191
f 1190//1190 1198//1198 1197//1197
f 1190//1190 1197//1197 1199//1199
f 1191//1191 1200//1200 1201//1201
f 1191//1191 1201//1201 1192//1192
f 1194//1194 1195//1195 1202//1202
f 1194//1194 1202//1202 1203//1203
f 1196//1196 1204//1204 1205//1205
f 1196//1196 1205//1205 1206//1206
f 1196//1196 1206//1206 1197//1197
f 1197//1197 1206//1206 1199//1199
f 1199//1199 1207//1207 1200//1200
f 1199//1199 1206//1206 1207//1207
f 1200//1200 1207//1207 1208//1208
f 1200//1200 1208//1208 1209//1209
f 1200//1200 1209//1209 1201//1201
f 1202//1202 1210//1210 1203//1203
f 1203//1203 1210//1210 1211//1211
f 1204//1204 1212//1212 1213//1213
f 1204//1204 1213//1213 1205//1205
f 1205//1205 1213//1213 1206//1206
f 1206//1206 1213//1213 1207//1207
f 1207//1207 1214//1214 1215//1215
f 1207//1207 1215//1215 1208//1208
f 1207//1207 1213//1213 1216//1216
f 1207//1207 1216//1216 1214//1214
f 1208//1208 1215//1215 1209//1209
f 1209//1209 1215//1215 1217//1217
f 1210//1210 1218//1218 1219//1219
f 1210//1210 1219//1219 1211//1211
f 1212//1212 1220//1220 1221//1221
f 1212//1212 1221//1221 1213//1213
f 1213//1213 1222//1222 1216//1216
f 1213//1213 1221//1221 1222//1222
f 1214//1214 1223//1223 1224//1224
f 1214//1214 1224//1224 1217//1217
f 1214//1214 1217//1217 1215//1215
f 1214//1214 1216//1216 1223//1223
f 1216//1216 1222//1222 1225//1225
f 1216//1216 1225//1225 1226//1226
f 1216//1216 1226//1226 1223//1223
f 1218//1218 1227//1227 1219//1219
f 1219//1219 1227//1227 1228//1228
f 1220//1220 1229//1229 1221//1221
f 1221//1221 1229//1229 1230//1230
f 1221//1221 1230//1230 1231//1231
f 1221//1221 1231//1231 1222//1222
f 1222//1222 1232//1232 1226//1226
f 1222//1222 1226//1226 1225//1225
f 1222//1222 1231//1231 1232//1232
f 1227//1227 1233//1233 1234//1234
f 1227//1227 1234//1234 1235//1235
f 1227//1227 1235//1235 1228//1228
f 1230//1230 1236//1236 1237//1237
f 1230//1230 1237//1237 1238//1238
f 1230//1230 1238//1238 1231//1231
f 1231//1231 1238//1238 1232//1232
f 1233//1233 1239//1239 1234//1234
f 1234//1234 1240//1240 1241//1241
f 1234//1234 1239//1239 1240//1240
f 1236//1236 1242//1242 1243//1243
f 1236//1236 1243//1243 1237//1237
f 1240//1240 1244//1244 1245//1245
f 1240//1240 1245//1245 1246//1246
f 1240//1240 1246//1246 1241//1241
f 1240//1240 1247//1247 1244//1244
f 1242//1242 1248//1248 1243//1243
f 1243//1243 1248//1248 1249//1249
f 1244//1244 1247//1247 1250//1250
f 1244//1244 1250//1250 1251//1251
f 1244//1244 1251//1251 1245//1245
f 1245//1245 1251//1251 1252//1252
f 1247//1247 1253//1253 1254//1254
f 1247//1247 1254//1254 1250//1250
f 1248//1248 1255//1255 1256//1256
f 1248//1248 1256//1256 1249//1249
f 1250//1250 1254//1254 1257//1257
f 1250//1250 1257//1257 1252//1252
f 1250//1250 1252//1252 1251//1251
f 1252//1252 1257//1257 1258//1258
f 1253//1253 1259//1259 1254//1254
f 1254//1254 1259//1259 1257//1257
f 1255//1255 1260//1260 1256//1256
f 1256//1256 1260//1260 1261//1261
f 1256//1256 1261//1261 1262//1262
f 1257//1257 1259//1259 1263//1263
f 1257//1257 1263//1263 1264//1264
f 1257//1257 1264//1264 1258//1258
f 1259//1259 1265//1265 1263//1263
f 1261//1261 1266//1266 1262//1262
f 1262//1262 1267//1267 1268//1268
f 1262//1262 1266//1266 1267//1267
f 1263//1263 1265//1265 1269//1269
f 1263//1263 1269//1269 1270//1270
f 1263//1263 1270//1270 1264//1264
f 1264//1264 1270//1270 1269//1269
f 1265//1265 1271//1271 1272//1272
f 1265//1265 1272//1272 1269//1269
f 1265//1265 1273//1273 1274//1274
f 1265//1265 1274//1274 1275//1275
f 1265//1265 1275//1275 1276//1276
f 1265//1265 1276//1276 1271//1271
f 1267//1267 1277//1277 1278//1278
f 1267//1267 1278//1278 1268//1268
f 1267//1267 1279//1279 1280//1280
f 1267//1267 1280//1280 1281//1281
f 1267//1267 1281//1281 1277//1277
f 1269//1269 1272//1272 1282//1282
f 1271//1271 1276//1276 1272//1272
f 1272//1272 1276//1276 1283//1283
f 1272//1272 1283//1283 1282//1282
f 1273//1273 1284//1284 1274//1274
f 1274//1274 1284//1284 1285//1285
f 1274//1274 1285//1285 1286//1286
f 1274//1274 1286//1286 1287//1287
f 1274//1274 1287//1287 1288//1288
f 1274//1274 1288//1288 1275//1275
f 1275//1275 1288//1288 1289//1289
f 1275//1275 1289//1289 1290//1290
f 1275//1275 1290//1290 1283//1283
f 1275//1275 1283//1283 1276//1276
f 1279//1279 1291//1291 1292//1292
f 1279//1279 1292//1292 1293//1293
f 1279//1279 1293//1293 1294//1294
f 1279//1279 1294//1294 1295//1295
f 1279//1279 1295//1295 1281//1281
f 1279//1279 1281//1281 1280//1280
f 1284//1284 1296//1296 1297//1297
f 1284//1284 1297//1297 1285//1285
f 1285//1285 1298//1298 1286//1286
f 1285//1285 1297//1297 1299//1299
f 1285//1285 1299//1299 1298//1298
f 1286//1286 1298//1298 1300//1300
f 1286//1286 1300//1300 1301//1301
f 1286//1286 1301//1301 1287//1287
f 1291//1291 1302//1302 1292//1292
f 1292//1292 1303//1303 1293//1293
f 1292//1292 1302//1302 1304//1304
f 1292//1292 1304//1304 1305//1305
f 1292//1292 1305//1305 1306//1306
f 1292//1292 1306//1306 1303//1303
f 1296//1296 1307//1307 1297//1297
f 1297//1297 1307//1307 1305//1305
f 1297//1297 1305//1305 1308//1308
f 1297//1297 1308//1308 1309//1309
f 1297//1297 1309//1309 1299//1299
f 1298//1298 1299//1299 1310//1310
f 1298//1298 1310//1310 1309//1309
f 1299//1299 1309//1309 1310//1310
f 1302//1302 1311//1311 1304//1304
f 1304//1304 1311//1311 1308//1308
f 1304//1304 1308//1308 1305//1305
f 1305//1305 1312//1312 1306//1306
f 1305//1305 1307//1307 1312//1312
f 1308//1308 1311//1311 1313//1313
f 1308//1308 1313//1313 1309//1309
f 1314//1314 1315//1315 1316//1316
f 1314//1314 1316//1316 1317//1317
f 1314//1314 1317//1317 1318//1318
f 1314//1314 1318//1318 1319//1319
f 1314//1314 1319//1319 1320//1320
f 1314//1314 1320//1320 1315//1315
f 1315//1315 1320//1320 1321//1321
f 1315//1315 1321//1321 1322//1322
f 1315//1315 1322//1322 1316//1316
f 1316//1316 1323//1323 1324//1324
f 1316//1316 1324//1324 1325//1325
f 1316//1316 1325//1325 1326//1326
f 1316//1316 1326//1326 1327//1327
f 1316//1316 1327//1327 1317//1317
f 1316//1316 1322//1322 1323//1323
f 1317//1317 1327//1327 1341//1341
f 1317//1317 1341//1341 1340//1340
f 1317//1317 1340//1340 1361//1361
f 1317//1317 1361//1361 1360//1360
f 1317//1317 1360//1360 1359//1359
f 1317//1317 1359//1359 1358//1358
f 1317//1317 1358//1358 1381//1381
f 1317//1317 1381//1381 1406//1406
f 1317//1317 1406//1406 1405//1405
f 1317//1317 1405//1405 1404//1404
f 1317//1317 1404//1404 1403//1403
f 1317//1317 1403//1403 1428//1428
f 1317//1317 1428//1428 1427//1427
f 1317//1317 1427//1427 1426//1426
f 1317//1317 1426//1426 1450//1450
f 1317//1317 1450//1450 1449//1449
f 1317//1317 1449//1449 1448//1448
f 1317//1317 1448//1448 1472//1472
f 1317//1317 1472//1472 1496//1496
f 1317//1317 1496//1496 1521//1521
f 1317//1317 1521//1521 1546//1546
f 1317//1317 1546//1546 1551//1551
f 1317//1317 1551//1551 1550//1550
f 1317//1317 1550//1550 1549//1549
f 1317//1317 1549//1549 1548//1548
f 1317//1317 1548//1548 1572//1572
f 1317//1317 1572//1572 1571//1571
f 1317//1317 1571//1571 1595//1595
f 1317//1317 1595//1595 1618//1618
f 1317//1317 1618//1618 1642//1642
f 1317//1317 1642//1642 1641//1641
f 1317//1317 1641//1641 1640//1640
f 1317//1317 1640//1640 1639//1639
f 1317//1317 1639//1639 1638//1638
f 1317//1317 1638//1638 1637//1637
f 1317//1317 1637//1637 1636//1636
f 1317//1317 1636//1636 1664//1664
f 1317//1317 1664//1664 1678//1678
f 1317//1317 1678//1678 1677//1677
f 1317//1317 1677//1677 1691//1691
f 1317//1317 1691//1691 1690//1690
f 1317//1317 1690//1690 1689//1689
f 1317//1317 1689//1689 1688//1688
f 1317//1317 1688//1688 1687//1687
f 1317//1317 1687//1687 1686//1686
f 1317//1317 1686//1686 1685//1685
f 1317//1317 1685//1685 1684//1684
f 1317//1317 1684//1684 1680//1680
f 1317//1317 1680//1680 1679//1679
f 1317//1317 1679//1679 1665//1665
f 1317//1317 1665//1665 1645//1645
f 1317//1317 1645//1645 1644//1644
f 1317//1317 1644//1644 1649//1649
f 1317//1317 1649//1649 1643//1643
f 1317//1317 1643//1643 1619//1619
f 1317//1317 1619//1619 1599//1599
f 1317//1317 1599//1599 1598//1598
f 1317//1317 1598//1598 1597//1597
f 1317//1317 1597//1597 1596//1596
f 1317//1317 1596//1596 1575//1575
f 1317//1317 1575//1575 1574//1574
f 1317//1317 1574//1574 1573//1573
f 1317//1317 1573//1573 1552//1552
f 1317//1317 1552//1552 1529//1529
f 1317//1317 1529//1529 1528//1528
f 1317//1317 1528//1528 1527//1527
f 1317//1317 1527//1527 1500//1500
f 1317//1317 1500//1500 1499//1499
f 1317//1317 1499//1499 1498//1498
f 1317//1317 1498//1498 1473//1473
f 1317//1317 1473//1473 1453//1453
f 1317//1317 1453//1453 1452//1452
f 1317//1317 1452//1452 1451//1451
f 1317//1317 1451//1451 1431//1431
f 1317//1317 1431//1431 1430//1430
f 1317//1317 1430//1430 1429//1429
f 1317//1317 1429//1429 1410//1410
f 1317//1317 1410//1410 1409//1409
f 1317//1317 1409//1409 1408//1408
f 1317//1317 1408//1408 1384//1384
f 1317//1317 1384//1384 1383//1383
f 1317//1317 1383//1383 1365//1365
f 1317//1317 1365//1365 1364//1364
f 1317//1317 1364//1364 1363//1363
f 1317//1317 1363//1363 1347//1347
f 1317//1317 1347//1347 1346//1346
f 1317//1317 1346//1346 1345//1345
f 1317//1317 1345//1345 1330//1330
f 1317//1317 1330//1330 1329//1329
f 1317//1317 1329//1329 1328//1328
f 1317//1317 1328//1328 1319//1319
f 1317//1317 1319//1319 1318//1318
f 1319//1319 1328//1328 1320//1320
f 1320//1320 1328//1328 1329//1329
f 1320//1320 1329//1329 1330//1330
f 1320//1320 1330//1330 1331//1331
f 1320//1320 1331//1331 1332//1332
f 1320//1320 1332//1332 1321//1321
f 1321//1321 1333//1333 1323//1323
f 1321//1321 1323//1323 1322//1322
f 1321//1321 1332//1332 1334//1334
f 1321//1321 1334//1334 1333//1333
f 1323//1323 1335//1335 1324//1324
f 1323//1323 1333//1333 1335//1335
f 1324//1324 1335//1335 1336//1336
f 1324//1324 1336//1336 1337//1337
f 1324//1324 1337//1337 1325//1325
f 1325//1325 1338//1338 1355//1355
f 1325//1325 1355//1355 1376//1376
f 1325//1325 1376//1376 1399//1399
f 1325//1325 1399//1399 1423//1423
f 1325//1325 1423//1423 1446//1446
f 1325//1325 1446//1446 1470//1470
f 1325//1325 1470//1470 1494//1494
f 1325//1325 1494//1494 1493//1493
f 1325//1325 1493//1493 1492//1492
f 1325//1325 1492//1492 1491//1491
f 1325//1325 1491//1491 1520//1520
f 1325//1325 1520//1520 1519//1519
f 1325//1325 1519//1519 1518//1518
f 1325//1325 1518//1518 1545//1545
f 1325//1325 1545//1545 1569//1569
f 1325//1325 1569//1569 1593//1593
f 1325//1325 1593//1593 1616//1616
f 1325//1325 1616//1616 1615//1615
f 1325//1325 1615//1615 1614//1614
f 1325//1325 1614//1614 1634//1634
f 1325//1325 1634//1634 1662//1662
f 1325//1325 1662//1662 1675//1675
f 1325//1325 1675//1675 1682//1682
f 1325//1325 1682//1682 1672//1672
f 1325//1325 1672//1672 1683//1683
f 1325//1325 1683//1683 1676//1676
f 1325//1325 1676//1676 1663//1663
f 1325//1325 1663//1663 1635//1635
f 1325//1325 1635//1635 1617//1617
f 1325//1325 1617//1617 1594//1594
f 1325//1325 1594//1594 1570//1570
f 1325//1325 1570//1570 1547//1547
f 1325//1325 1547//1547 1526//1526
f 1325//1325 1526//1526 1525//1525
f 1325//1325 1525//1525 1524//1524
f 1325//1325 1524//1524 1523//1523
f 1325//1325 1523//1523 1522//1522
f 1325//1325 1522//1522 1497//1497
f 1325//1325 1497//1497 1495//1495
f 1325//1325 1495//1495 1471//1471
f 1325//1325 1471//1471 1447//1447
f 1325//1325 1447//1447 1425//1425
f 1325//1325 1425//1425 1402//1402
f 1325//1325 1402//1402 1380//1380
f 1325//1325 1380//1380 1357//1357
f 1325//1325 1357//1357 1339//1339
f 1325//1325 1339//1339 1340//1340
f 1325//1325 1340//1340 1341//1341
f 1325//1325 1341//1341 1327//1327
f 1325//1325 1327//1327 1326//1326
f 1325//1325 1337//1337 1336//1336
f 1325//1325 1336//1336 1342//1342
f 1325//1325 1342//1342 1343//1343
f 1325//1325 1343//1343 1344//1344
f 1325//1325 1344//1344 1338//1338
f 1330//1330 1345//1345 1331//1331
f 1331//1331 1346//1346 1347//1347
f 1331//1331 1347//1347 1348//1348
f 1331//1331 1348//1348 1349//1349
f 1331//1331 1349//1349 1332//1332
f 1331//1331 1345//1345 1346//1346
f 1332//1332 1349//1349 1350//1350
f 1332//1332 1350//1350 1334//1334
f 1333//1333 1334//1334 1351//1351
f 1333//1333 1351//1351 1352//1352
f 1333//1333 1352//1352 1353//1353
f 1333//1333 1353//1353 1344//1344
f 1333//1333 1344//1344 1343//1343
f 1333//1333 1343//1343 1342//1342
f 1333//1333 1342//1342 1336//1336
f 1333//1333 1336//1336 1335//1335
f 1334//1334 1350//1350 1354//1354
f 1334//1334 1354//1354 1351//1351
f 1338//1338 1344//1344 1356//1356
f 1338//1338 1356//1356 1355//1355
f 1339//1339 1357//1357 1358//1358
f 1339//1339 1358//1358 1359//1359
f 1339//1339 1359//1359 1360//1360
f 1339//1339 1360//1360 1361//1361
f 1339//1339 1361//1361 1340//1340
f 1344//1344 1353//1353 1362//1362
f 1344//1344 1362//1362 1356//1356
f 1347//1347 1363//1363 1348//1348
f 1348//1348 1363//1363 1364//1364
f 1348//1348 1364//1364 1365//1365
f 1348//1348 1365//1365 1366//1366
f 1348//1348 1366//1366 1367//1367
f 1348//1348 1367//1367 1349//1349
f 1349//1349 1367//1367 1368//1368
f 1349//1349 1368//1368 1350//1350
f 1350//1350 1368//1368 1369//1369
f 1350//1350 1369//1369 1354//1354
f 1351//1351 1354//1354 1370//1370
f 1351//1351 1370//1370 1352//1352
f 1352//1352 1371//1371 1353//1353
f 1352//1352 1370//1370 1372//1372
f 1352//1352 1372//1372 1371//1371
f 1353//1353 1371//1371 1362//1362
f 1354//1354 1369//1369 1373//1373
f 1354//1354 1373//1373 1370//1370
f 1355//1355 1374//1374 1375//1375
f 1355//1355 1375//1375 1376//1376
f 1355//1355 1356//1356 1362//1362
f 1355//1355 1362//1362 1377//1377
f 1355//1355 1377//1377 1378//1378
f 1355//1355 1378//1378 1379//1379
f 1355//1355 1379//1379 1374//1374
f 1357//1357 1380//1380 1358//1358
f 1358//1358 1380//1380 1381//1381
f 1362//1362 1371//1371 1382//1382
f 1362//1362 1382//1382 1377//1377
f 1365//1365 1383//1383 1366//1366
f 1366//1366 1383//1383 1384//1384
f 1366//1366 1384//1384 1385//1385
f 1366//1366 1385//1385 1386//1386
f 1366//1366 1386//1386 1367//1367
f 1367//1367 1386//1386 1387//1387
f 1367//1367 1387//1387 1368//1368
f 1368//1368 1387//1387 1388//1388
f 1368//1368 1388//1388 1369//1369
f 1369//1369 1388//1388 1389//1389
f 1369//1369 1389//1389 1373//1373
f 1370//1370 1373//1373 1390//1390
f 1370//1370 1390//1390 1372//1372
f 1371//1371 1372//1372 1391//1391
f 1371//1371 1391//1391 1382//1382
f 1372//1372 1390//1390 1392//1392
f 1372//1372 1392//1392 1391//1391
f 1373//1373 1389//1389 1393//1393
f 1373//1373 1393//1393 1390//1390
f 1374//1374 1379//1379 1394//1394
f 1374//1374 1394//1394 1375//1375
f 1375//1375 1394//1394 1379//1379
f 1375//1375 1379//1379 1395//1395
f 1375//1375 1395//1395 1396//1396
f 1375//1375 1396//1396 1376//1376
f 1376//1376 1397//1397 1398//1398
f 1376//1376 1398//1398 1399//1399
f 1376//1376 1396//1396 1397//1397
f 1377//1377 1382//1382 1400//1400
f 1377//1377 1400//1400 1378//1378
f 1378//1378 1400//1400 1379//1379
f 1379//1379 1400//1400 1401//1401
f 1379//1379 1401//1401 1395//1395
f 1380//1380 1402//1402 1403//1403
f 1380//1380 1403//1403 1404//1404
f 1380//1380 1404//1404 1405//1405
f 1380//1380 1405//1405 1406//1406
f 1380//1380 1406//1406 1381//1381
f 1382//1382 1391//1391 1407//1407
f 1382//1382 1407//1407 1400//1400
f 1384//1384 1408//1408 1385//1385
f 1385//1385 1408//1408 1409//1409
f 1385//1385 1409//1409 1410//1410
f 1385//1385 1410//1410 1411//1411
f 1385//1385 1411//1411 1412//1412
f 1385//1385 1412//1412 1386//1386
f 1386//1386 1412//1412 1413//1413
f 1386//1386 1413//1413 1387//1387
f 1387//1387 1413//1413 1414//1414
f 1387//1387 1414//1414 1388//1388
f 1388//1388 1414//1414 1415//1415
f 1388//1388 1415//1415 1389//1389
f 1389//1389 1415//1415 1416//1416
f 1389//1389 1416//1416 1393//1393
f 1390//1390 1393//1393 1417//1417
f 1390//1390 1417//1417 1392//1392
f 1391//1391 1392//1392 1418//1418
f 1391//1391 1418//1418 1407//1407
f 1392//1392 1417//1417 1419//1419
f 1392//1392 1419//1419 1418//1418
f 1393//1393 1416//1416 1420//1420
f 1393//1393 1420//1420 1417//1417
f 1395//1395 1401//1401 1421//1421
f 1395//1395 1421//1421 1422//1422
f 1395//1395 1422//1422 1397//1397
f 1395//1395 1397//1397 1396//1396
f 1397//1397 1422//1422 1398//1398
f 1398//1398 1423//1423 1399//1399
f 1398//1398 1422//1422 1423//1423
f 1400//1400 1407//1407 1401//1401
f 1401//1401 1407//1407 1424//1424
f 1401//1401 1424//1424 1421//1421
f 1402//1402 1425//1425 1426//1426
f 1402//1402 1426//1426 1427//1427
f 1402//1402 1427//1427 1428//1428
f 1402//1402 1428//1428 1403//1403
f 1407//1407 1418//1418 1424//1424
f 1410//1410 1429//1429 1411//1411
f 1411//1411 1429//1429 1430//1430
f 1411//1411 1430//1430 1431//1431
f 1411//1411 1431//1431 1432//1432
f 1411//1411 1432//1432 1433//1433
f 1411//1411 1433//1433 1412//1412
f 1412//1412 1433//1433 1434//1434
f 1412//1412 1434//1434 1413//1413
f 1413//1413 1434//1434 1435//1435
f 1413//1413 1435//1435 1414//1414
f 1414//1414 1435//1435 1436//1436
f 1414//1414 1436//1436 1437//1437
f 1414//1414 1437//1437 1415//1415
f 1415//1415 1438//1438 1416//1416
f 1415//1415 1437//1437 1438//1438
f 1416//1416 1438//1438 1439//1439
f 1416//1416 1439//1439 1420//1420
f 1417//1417 1440//1440 1419//1419
f 1417//1417 1420//1420 1440//1440
f 1418//1418 1419//1419 1441//1441
f 1418//1418 1441//1441 1424//1424
f 1419//1419 1440//1440 1441//1441
f 1420//1420 1439//1439 1442//1442
f 1420//1420 1442//1442 1440//1440
f 1421//1421 1424//1424 1443//1443
f 1421//1421 1443//1443 1444//1444
f 1421//1421 1444//1444 1422//1422
f 1422//1422 1444//1444 1445//1445
f 1422//1422 1445//1445 1423//1423
f 1423//1423 1445//1445 1446//1446
f 1424//1424 1441//1441 1443//1443
f 1425//1425 1447//1447 1448//1448
f 1425//1425 1448//1448 1449//1449
f 1425//1425 1449//1449 1450//1450
f 1425//1425 1450//1450 1426//1426
f 1431//1431 1451//1451 1432//1432
f 1432//1432 1451//1451 1452//1452
f 1432//1432 1452//1452 1453//1453
f 1432//1432 1453//1453 1454//1454
f 1432//1432 1454//1454 1455//1455
f 1432//1432 1455//1455 1433//1433
f 1433//1433 1455//1455 1456//1456
f 1433//1433 1456//1456 1434//1434
f 1434//1434 1456//1456 1457//1457
f 1434//1434 1457//1457 1458//1458
f 1434//1434 1458//1458 1435//1435
f 1435//1435 1459//1459 1436//1436
f 1435//1435 1458//1458 1459//1459
f 1436//1436 1460//1460 1461//1461
f 1436//1436 1461//1461 1437//1437
f 1436//1436 1459//1459 1460//1460
f 1437//1437 1461//1461 1438//1438
f 1438//1438 1461//1461 1462//1462
f 1438//1438 1462//1462 1439//1439
f 1439//1439 1462//1462 1463//1463
f 1439//1439 1463//1463 1442//1442
f 1440//1440 1442//1442 1464//1464
f 1440//1440 1464//1464 1441//1441
f 1441//1441 1464//1464 1465//1465
f 1441//1441 1465//1465 1443//1443
f 1442//1442 1463//1463 1464//1464
f 1443//1443 1465//1465 1466//1466
f 1443//1443 1466//1466 1444//1444
f 1444//1444 1466//1466 1467//1467
f 1444//1444 1467//1467 1468//1468
f 1444//1444 1468//1468 1469//1469
f 1444//1444 1469//1469 1445//1445
f 1445//1445 1469//1469 1470//1470
f 1445//1445 1470//1470 1446//1446
f 1447//1447 1471//1471 1472//1472
f 1447//1447 1472//1472 1448//1448
f 1453//1453 1473//1473 1454//1454
f 1454//1454 1473//1473 1474//1474
f 1454//1454 1474//1474 1455//1455
f 1455//1455 1474//1474 1475//1475
f 1455//1455 1475//1475 1456//1456
f 1456//1456 1475//1475 1476//1476
f 1456//1456 1476//1476 1477//1477
f 1456//1456 1477//1477 1478//1478
f 1456//1456 1478//1478 1457//1457
f 1457//1457 1478//1478 1479//1479
f 1457//1457 1479//1479 1458//1458
f 1458//1458 1479//1479 1459//1459
f 1459//1459 1479//1479 1480//1480
f 1459//1459 1480//1480 1460//1460
f 1460//1460 1480//1480 1481//1481
f 1460//1460 1481//1481 1482//1482
f 1460//1460 1482//1482 1461//1461
f 1461//1461 1482//1482 1462//1462
f 1462//1462 1483//1483 1463//1463
f 1462//1462 1482//1482 1483//1483
f 1463//1463 1484//1484 1464//1464
f 1463//1463 1483//1483 1484//1484
f 1464//1464 1485//1485 1465//1465
f 1464//1464 1484//1484 1485//1485
f 1465//1465 1486//1486 1466//1466
f 1465//1465 1485//1485 1486//1486
f 1466//1466 1486//1486 1487//1487
f 1466//1466 1487//1487 1467//1467
f 1467//1467 1487//1487 1488//1488
f 1467//1467 1488//1488 1489//1489
f 1467//1467 1489//1489 1490//1490
f 1467//1467 1490//1490 1468//1468
f 1468//1468 1490//1490 1491//1491
f 1468//1468 1491//1491 1492//1492
f 1468//1468 1492//1492 1493//1493
f 1468//1468 1493//1493 1494//1494
f 1468//1468 1494//1494 1470//1470
f 1468//1468 1470//1470 1469//1469
f 1471//1471 1495//1495 1472//1472
f 1472//1472 1495//1495 1497//1497
f 1472//1472 1497//1497 1496//1496
f 1473//1473 1498//1498 1474//1474
f 1474//1474 1499//1499 1500//1500
f 1474//1474 1500//1500 1501//1501
f 1474//1474 1501//1501 1475//1475
f 1474//1474 1498//1498 1499//1499
f 1475//1475 1501//1501 1502//1502
f 1475//1475 1502//1502 1476//1476
f 1476//1476 1503//1503 1477//1477
f 1476//1476 1502//1502 1504//1504
f 1476//1476 1504//1504 1505//1505
f 1476//1476 1505//1505 1503//1503
f 1477//1477 1503//1503 1506//1506
f 1477//1477 1506//1506 1478//1478
f 1478//1478 1506//1506 1507//1507
f 1478//1478 1507//1507 1479//1479
f 1479//1479 1507//1507 1508//1508
f 1479//1479 1508//1508 1480//1480
f 1480//1480 1508//1508 1509//1509
f 1480//1480 1509//1509 1481//1481
f 1481//1481 1509//1509 1510//1510
f 1481//1481 1510//1510 1511//1511
f 1481//1481 1511//1511 1482//1482
f 1482//1482 1511//1511 1483//1483
f 1483//1483 1511//1511 1484//1484
f 1484//1484 1511//1511 1512//1512
f 1484//1484 1512//1512 1513//1513
f 1484//1484 1513//1513 1485//1485
f 1485//1485 1513//1513 1514//1514
f 1485//1485 1514//1514 1486//1486
f 1486//1486 1514//1514 1515//1515
f 1486//1486 1515//1515 1487//1487
f 1487//1487 1515//1515 1516//1516
f 1487//1487 1516//1516 1517//1517
f 1487//1487 1517//1517 1488//1488
f 1488//1488 1517//1517 1518//1518
f 1488//1488 1518//1518 1519//1519
f 1488//1488 1519//1519 1520//1520
f 1488//1488 1520//1520 1489//1489
f 1489//1489 1520//1520 1490//1490
f 1490//1490 1520//1520 1491//1491
f 1496//1496 1497//1497 1522//1522
f 1496//1496 1522//1522 1523//1523
f 1496//1496 1523//1523 1524//1524
f 1496//1496 1524//1524 1525//1525
f 1496//1496 1525//1525 1526//1526
f 1496//1496 1526//1526 1521//1521
f 1500//1500 1527//1527 1501//1501
f 1501//1501 1528//1528 1529//1529
f 1501//1501 1529//1529 1530//1530
f 1501//1501 1530//1530 1502//1502
f 1501//1501 1527//1527 1528//1528
f 1502//1502 1530//1530 1531//1531
f 1502//1502 1531//1531 1504//1504
f 1503//1503 1505//1505 1532//1532
f 1503//1503 1532//1532 1506//1506
f 1504//1504 1533//1533 1505//1505
f 1504//1504 1531//1531 1534//1534
f 1504//1504 1534//1534 1533//1533
f 1505//1505 1533//1533 1535//1535
f 1505//1505 1535//1535 1532//1532
f 1506//1506 1532//1532 1536//1536
f 1506//1506 1536//1536 1508//1508
f 1506//1506 1508//1508 1507//1507
f 1508//1508 1536//1536 1509//1509
f 1509//1509 1537//1537 1510//1510
f 1509//1509 1536//1536 1537//1537
f 1510//1510 1538//1538 1512//1512
f 1510//1510 1512//1512 1511//1511
f 1510//1510 1537//1537 1538//1538
f 1512//1512 1539//1539 1513//1513
f 1512//1512 1538//1538 1539//1539
f 1513//1513 1540//1540 1514//1514
f 1513//1513 1539//1539 1540//1540
f 1514//1514 1540//1540 1541//1541
f 1514//1514 1541//1541 1515//1515
f 1515//1515 1542//1542 1543//1543
f 1515//1515 1543//1543 1544//1544
f 1515//1515 1544//1544 1516//1516
f 1515//1515 1541//1541 1542//1542
f 1516//1516 1544//1544 1518//1518
f 1516//1516 1518//1518 1517//1517
f 1518//1518 1544//1544 1545//1545
f 1521//1521 1526//1526 1546//1546
f 1526//1526 1547//1547 1548//1548
f 1526//1526 1548//1548 1549//1549
f 1526//1526 1549//1549 1550//1550
f 1526//1526 1550//1550 1551//1551
f 1526//1526 1551//1551 1546//1546
f 1529//1529 1552//1552 1530//1530
f 1530//1530 1552//1552 1553//1553
f 1530//1530 1553//1553 1531//1531
f 1531//1531 1553//1553 1554//1554
f 1531//1531 1554//1554 1534//1534
f 1532//1532 1535//1535 1555//1555
f 1532//1532 1555//1555 1536//1536
f 1533//1533 1556//1556 1535//1535
f 1533//1533 1534//1534 1557//1557
f 1533//1533 1557//1557 1558//1558
f 1533//1533 1558//1558 1556//1556
f 1534//1534 1554//1554 1559//1559
f 1534//1534 1559//1559 1557//1557
f 1535//1535 1556//1556 1560//1560
f 1535//1535 1560//1560 1555//1555
f 1536//1536 1555//1555 1537//1537
f 1537//1537 1561//1561 1538//1538
f 1537//1537 1555//1555 1561//1561
f 1538//1538 1561//1561 1562//1562
f 1538//1538 1562//1562 1539//1539
f 1539//1539 1563//1563 1540//1540
f 1539//1539 1562//1562 1564//1564
f 1539//1539 1564//1564 1563//1563
f 1540//1540 1563//1563 1565//1565
f 1540//1540 1565//1565 1541//1541
f 1541//1541 1566//1566 1542//1542
f 1541//1541 1565//1565 1566//1566
f 1542//1542 1566//1566 1567//1567
f 1542//1542 1567//1567 1568//1568
f 1542//1542 1568//1568 1543//1543
f 1543//1543 1568//1568 1545//1545
f 1543//1543 1545//1545 1544//1544
f 1545//1545 1568//1568 1569//1569
f 1547//1547 1570//1570 1571//1571
f 1547//1547 1571//1571 1572//1572
f 1547//1547 1572//1572 1548//1548
f 1552//1552 1573//1573 1553//1553
f 1553//1553 1573//1573 1574//1574
f 1553//1553 1574//1574 1575//1575
f 1553//1553 1575//1575 1576//1576
f 1553//1553 1576//1576 1554//1554
f 1554//1554 1576//1576 1577//1577
f 1554//1554 1577//1577 1559//1559
f 1555//1555 1560//1560 1561//1561
f 1556//1556 1558//1558 1578//1578
f 1556//1556 1578//1578 1560//1560
f 1557//1557 1579//1579 1558//1558
f 1557//1557 1559//1559 1580//1580
f 1557//1557 1580//1580 1579//1579
f 1558//1558 1579//1579 1581//1581
f 1558//1558 1581//1581 1578//1578
f 1559//1559 1577//1577 1582//1582
f 1559//1559 1582//1582 1580//1580
f 1560//1560 1578//1578 1583//1583
f 1560//1560 1583//1583 1561//1561
f 1561//1561 1583//1583 1562//1562
f 1562//1562 1583//1583 1564//1564
f 1563//1563 1584//1584 1565//1565
f 1563//1563 1564//1564 1585//1585
f 1563//1563 1585//1585 1586//1586
f 1563//1563 1586//1586 1584//1584
f 1564//1564 1583//1583 1587//1587
f 1564//1564 1587//1587 1585//1585
f 1565//1565 1588//1588 1566//1566
f 1565//1565 1584//1584 1588//1588
f 1566//1566 1588//1588 1589//1589
f 1566//1566 1589//1589 1567//1567
f 1567//1567 1589//1589 1590//1590
f 1567//1567 1590//1590 1591//1591
f 1567//1567 1591//1591 1592//1592
f 1567//1567 1592//1592 1568//1568
f 1568//1568 1592//1592 1593//1593
f 1568//1568 1593//1593 1569//1569
f 1570//1570 1594//1594 1571//1571
f 1571//1571 1594//1594 1595//1595
f 1575//1575 1596//1596 1576//1576
f 1576//1576 1597//1597 1598//1598
f 1576//1576 1598//1598 1599//1599
f 1576//1576 1599//1599 1600//1600
f 1576//1576 1600//1600 1577//1577
f 1576//1576 1596//1596 1597//1597
f 1577//1577 1600//1600 1601//1601
f 1577//1577 1601//1601 1582//1582
f 1578//1578 1581//1581 1587//1587
f 1578//1578 1587//1587 1583//1583
f 1579//1579 1580//1580 1602//1602
f 1579//1579 1602//1602 1603//1603
f 1579//1579 1603//1603 1581//1581
f 1580//1580 1582//1582 1604//1604
f 1580//1580 1604//1604 1602//1602
f 1581//1581 1603//1603 1605//1605
f 1581//1581 1605//1605 1587//1587
f 1582//1582 1601//1601 1606//1606
f 1582//1582 1606//1606 1604//1604
f 1584//1584 1586//1586 1607//1607
f 1584//1584 1607//1607 1608//1608
f 1584//1584 1608//1608 1588//1588
f 1585//1585 1587//1587 1605//1605
f 1585//1585 1605//1605 1586//1586
f 1586//1586 1605//1605 1609//1609
f 1586//1586 1609//1609 1610//1610
f 1586//1586 1610//1610 1607//1607
f 1588//1588 1608//1608 1611//1611
f 1588//1588 1611//1611 1589//1589
f 1589//1589 1611//1611 1612//1612
f 1589//1589 1612//1612 1613//1613
f 1589//1589 1613//1613 1590//1590
f 1590//1590 1613//1613 1614//1614
f 1590//1590 1614//1614 1615//1615
f 1590//1590 1615//1615 1616//1616
f 1590//1590 1616//1616 1591//1591
f 1591//1591 1616//1616 1592//1592
f 1592//1592 1616//1616 1593//1593
f 1594//1594 1617//1617 1618//1618
f 1594//1594 1618//1618 1595//1595
f 1599//1599 1619//1619 1600//1600
f 1600//1600 1619//1619 1620//1620
f 1600//1600 1620//1620 1601//1601
f 1601//1601 1620//1620 1621//1621
f 1601//1601 1621//1621 1606//1606
f 1602//1602 1604//1604 1622//1622
f 1602//1602 1622//1622 1623//1623
f 1602//1602 1623//1623 1603//1603
f 1603//1603 1623//1623 1609//1609
f 1603//1603 1609//1609 1605//1605
f 1604//1604 1606//1606 1624//1624
f 1604//1604 1624//1624 1622//1622
f 1606//1606 1621//1621 1625//1625
f 1606//1606 1625//1625 1624//1624
f 1607//1607 1626//1626 1627//1627
f 1607//1607 1627//1627 1608//1608
f 1607//1607 1610//1610 1626//1626
f 1608//1608 1627//1627 1628//1628
f 1608//1608 1628//1628 1611//1611
f 1609//1609 1623//1623 1610//1610
f 1610//1610 1623//1623 1629//1629
f 1610//1610 1629//1629 1626//1626
f 1611//1611 1628//1628 1630//1630
f 1611//1611 1630//1630 1612//1612
f 1612//1612 1630//1630 1631//1631
f 1612//1612 1631//1631 1632//1632
f 1612//1612 1632//1632 1633//1633
f 1612//1612 1633//1633 1613//1613
f 1613//1613 1633//1633 1614//1614
f 1614//1614 1633//1633 1634//1634
f 1617//1617 1635//1635 1636//1636
f 1617//1617 1636//1636 1637//1637
f 1617//1617 1637//1637 1638//1638
f 1617//1617 1638//1638 1639//1639
f 1617//1617 1639//1639 1640//1640
f 1617//1617 1640//1640 1641//1641
f 1617//1617 1641//1641 1642//1642
f 1617//1617 1642//1642 1618//1618
f 1619//1619 1643//1643 1620//1620
f 1620//1620 1644//1644 1645//1645
f 1620//1620 1645//1645 1646//1646
f 1620//1620 1646//1646 1647//1647
f 1620//1620 1647//1647 1648//1648
f 1620//1620 1648//1648 1621//1621
f 1620//1620 1643//1643 1649//1649
f 1620//1620 1649//1649 1644//1644
f 1621//1621 1648//1648 1650//1650
f 1621//1621 1650//1650 1625//1625
f 1622//1622 1624//1624 1651//1651
f 1622//1622 1651//1651 1629//1629
f 1622//1622 1629//1629 1623//1623
f 1624//1624 1625//1625 1651//1651
f 1625//1625 1652//1652 1651//1651
f 1625//1625 1650//1650 1653//1653
f 1625//1625 1653//1653 1652//1652
f 1626//1626 1629//1629 1654//1654
f 1626//1626 1654//1654 1655//1655
f 1626//1626 1655//1655 1627//1627
f 1627//1627 1655//1655 1656//1656
f 1627//1627 1656//1656 1628//1628
f 1628//1628 1656//1656 1657//1657
f 1628//1628 1657//1657 1630//1630
f 1629//1629 1651//1651 1654//1654
f 1630//1630 1657//1657 1658//1658
f 1630//1630 1658//1658 1659//1659
f 1630//1630 1659//1659 1660//1660
f 1630//1630 1660//1660 1631//1631
f 1631//1631 1634//1634 1632//1632
f 1631//1631 1660//1660 1634//1634
f 1632//1632 1634//1634 1633//1633
f 1634//1634 1659//1659 1661//1661
f 1634//1634 1661//1661 1662//1662
f 1634//1634 1660//1660 1659//1659
f 1635//1635 1663//1663 1636//1636
f 1636//1636 1663//1663 1664//1664
f 1645//1645 1665//1665 1646//1646
f 1646//1646 1665//1665 1666//1666
f 1646//1646 1666//1666 1647//1647
f 1647//1647 1666//1666 1648//1648
f 1648//1648 1666//1666 1667//1667
f 1648//1648 1667//1667 1650//1650
f 1650//1650 1667//1667 1653//1653
f 1651//1651 1652//1652 1654//1654
f 1652//1652 1668//1668 1654//1654
f 1652//1652 1653//1653 1669//1669
f 1652//1652 1669//1669 1670//1670
f 1652//1652 1670//1670 1668//1668
f 1653//1653 1667//1667 1671//1671
f 1653//1653 1671//1671 1672//1672
f 1653//1653 1672//1672 1669//1669
f 1654//1654 1668//1668 1655//1655
f 1655//1655 1668//1668 1673//1673
f 1655//1655 1673//1673 1656//1656
f 1656//1656 1673//1673 1674//1674
f 1656//1656 1674//1674 1657//1657
f 1657//1657 1674//1674 1675//1675
f 1657//1657 1675//1675 1658//1658
f 1658//1658 1675//1675 1661//1661
f 1658//1658 1661//1661 1659//1659
f 1661//1661 1675//1675 1662//1662
f 1663//1663 1676//1676 1677//1677
f 1663//1663 1677//1677 1678//1678
f 1663//1663 1678//1678 1664//1664
f 1665//1665 1679//1679 1666//1666
f 1666//1666 1679//1679 1680//1680
f 1666//1666 1680//1680 1681//1681
f 1666//1666 1681//1681 1672//1672
f 1666//1666 1672//1672 1667//1667
f 1667//1667 1672//1672 1671//1671
f 1668//1668 1670//1670 1672//1672
f 1668//1668 1672//1672 1682//1682
f 1668//1668 1682//1682 1675//1675
f 1668//1668 1675//1675 1673//1673
f 1669//1669 1672//1672 1670//1670
f 1672//1672 1681//1681 1684//1684
f 1672//1672 1684//1684 1685//1685
f 1672//1672 1685//1685 1686//1686
f 1672//1672 1686//1686 1687//1687
f 1672//1672 1687//1687 1688//1688
f 1672//1672 1688//1688 1689//1689
f 1672//1672 1689//1689 1683//1683
f 1673//1673 1675//1675 1674//1674
f 1676//1676 1683//1683 1689//1689
f 1676//1676 1689//1689 1690//1690
f 1676//1676 1690//1690 1691//1691
f 1676//1676 1691//1691 1677//1677
f 1680//1680 1684//1684 1681//1681
