# https://github.com/mikedh/trimesh
o geometry_0
o geometry_1
o geometry_2
v -0.03680368 0.00474838 0.00716793 0.54509804 0.71372549 0.60000000
v -0.03701018 0.04821255 0.00729132 0.54509804 0.71372549 0.60000000
v -0.03757070 0.05732755 0.00410965 0.54509804 0.71372549 0.60000000
v -0.03754857 0.04797268 0.00366016 0.54509804 0.71372549 0.60000000
v -0.03749695 0.01805309 -0.00037641 0.54509804 0.71372549 0.60000000
v -0.03740844 0.00475638 -0.00260622 0.54509804 0.71372549 0.60000000
v -0.03546139 0.00475638 -0.01218647 0.54509804 0.71372549 0.60000000
v -0.03109526 0.00475638 -0.02094707 0.54509804 0.71372549 0.60000000
v -0.02461246 0.00475638 -0.02828869 0.54509804 0.71372549 0.60000000
v -0.01644810 0.00475638 -0.03369136 0.54509804 0.71372549 0.60000000
v -0.00717008 0.00475638 -0.03680252 0.54509804 0.71372549 0.60000000
v 0.00259469 0.00475638 -0.03740183 0.54509804 0.71372549 0.60000000
v 0.01218984 0.00475638 -0.03545405 0.54509804 0.71372549 0.60000000
v 0.02095159 0.00475638 -0.03109138 0.54509804 0.71372549 0.60000000
v 0.02828992 0.00475638 -0.02461348 0.54509804 0.71372549 0.60000000
v 0.03369595 0.00475638 -0.01645220 0.54509804 0.71372549 0.60000000
v 0.03680092 0.00475638 -0.00718042 0.54509804 0.71372549 0.60000000
v 0.03740568 0.00475638 0.00259373 0.54509804 0.71372549 0.60000000
v 0.03545863 0.00475638 0.01219161 0.54509804 0.71372549 0.60000000
v 0.03109250 0.00475638 0.02095221 0.54509804 0.71372549 0.60000000
v 0.02460969 0.00475638 0.02828502 0.54509804 0.71372549 0.60000000
v 0.01645271 0.00475638 0.03369650 0.54509804 0.71372549 0.60000000
v 0.00716732 0.00475638 0.03680766 0.54509804 0.71372549 0.60000000
v -0.00259745 0.00475638 0.03740697 0.54509804 0.71372549 0.60000000
v -0.01218523 0.00475638 0.03545919 0.54509804 0.71372549 0.60000000
v -0.02095435 0.00475638 0.03109652 0.54509804 0.71372549 0.60000000
v -0.02828531 0.00475638 0.02460980 0.54509804 0.71372549 0.60000000
v -0.03369134 0.00475638 0.01644852 0.54509804 0.71372549 0.60000000
v -0.03500412 0.04841244 0.01398956 0.54509804 0.71372549 0.60000000
v -0.03578590 0.05820707 0.01168043 0.54509804 0.71372549 0.60000000
v -0.03701018 0.04827651 0.00729132 0.54509804 0.71372549 0.60000000
v -0.03709131 0.05765537 0.00695640 0.54509804 0.71372549 0.60000000
v -0.03710606 0.05764738 0.00688590 0.54509804 0.71372549 0.60000000
v -0.03705443 0.06018999 0.00645404 0.54509804 0.71372549 0.60000000
v -0.03759282 0.06209294 0.00207373 0.54509804 0.71372549 0.60000000
v -0.03762970 0.05722361 0.00324593 0.54509804 0.71372549 0.60000000
v -0.03786571 0.05681583 -0.00029709 0.54509804 0.71372549 0.60000000
v -0.03728307 0.07263116 -0.05254339 0.54509804 0.71372549 0.60000000
v -0.03727569 0.07247925 -0.05254339 0.54509804 0.71372549 0.60000000
v -0.03718719 0.07089611 -0.05254339 0.54509804 0.71372549 0.60000000
v -0.03717244 0.07076818 -0.05254339 0.54509804 0.71372549 0.60000000
v -0.03651604 0.06926501 -0.05254339 0.54509804 0.71372549 0.60000000
v -0.03646442 0.06916106 -0.05254339 0.54509804 0.71372549 0.60000000
v -0.03643492 0.06910510 -0.05254339 0.54509804 0.71372549 0.60000000
v -0.03437723 0.06693029 -0.05254339 0.54509804 0.71372549 0.60000000
v -0.03414123 0.06670641 -0.05254339 0.54509804 0.71372549 0.60000000
v -0.03406010 0.06663445 -0.05254339 0.54509804 0.71372549 0.60000000
v -0.03166316 0.06512328 -0.05254339 0.54509804 0.71372549 0.60000000
v -0.03136815 0.06495537 -0.05254339 0.54509804 0.71372549 0.60000000
v -0.03113952 0.06482744 -0.05254339 0.54509804 0.71372549 0.60000000
v -0.02607275 0.06279655 -0.05254339 0.54509804 0.71372549 0.60000000
v -0.02520247 0.06248473 -0.05254339 0.54509804 0.71372549 0.60000000
v -0.01989970 0.06118144 -0.05254339 0.54509804 0.71372549 0.60000000
v -0.01788626 0.06077366 -0.05254339 0.54509804 0.71372549 0.60000000
v -0.01316613 0.06003007 -0.05254339 0.54509804 0.71372549 0.60000000
v -0.00808461 0.05959831 -0.05254339 0.54509804 0.71372549 0.60000000
v -0.00646206 0.05949436 -0.05254339 0.54509804 0.71372549 0.60000000
v -0.00037752 0.05928648 -0.05254339 0.54509804 0.71372549 0.60000000
v 0.00220381 0.05931846 -0.05254339 0.54509804 0.71372549 0.60000000
v 0.00335434 0.05935044 -0.05254339 0.54509804 0.71372549 0.60000000
v 0.00720420 0.05952635 -0.05254339 0.54509804 0.71372549 0.60000000
v 0.01438028 0.06026195 -0.05254339 0.54509804 0.71372549 0.60000000
v 0.02465394 0.06254869 -0.05254339 0.54509804 0.71372549 0.60000000
v 0.02930033 0.06433971 -0.05254339 0.54509804 0.71372549 0.60000000
v 0.02980184 0.06454759 -0.05254339 0.54509804 0.71372549 0.60000000
v 0.03385820 0.06713018 -0.05254339 0.54509804 0.71372549 0.60000000
v 0.03396146 0.06720214 -0.05254339 0.54509804 0.71372549 0.60000000
v 0.03407209 0.06728209 -0.05254339 0.54509804 0.71372549 0.60000000
v 0.03573888 0.06924102 -0.05254339 0.54509804 0.71372549 0.60000000
v 0.03579051 0.06932098 -0.05254339 0.54509804 0.71372549 0.60000000
v 0.03629203 0.07041638 -0.05254339 0.54509804 0.71372549 0.60000000
v 0.03632890 0.07057629 -0.05254339 0.54509804 0.71372549 0.60000000
v 0.03655753 0.07199151 -0.05254339 0.54509804 0.71372549 0.60000000
v 0.03732455 0.03805012 0.00342220 0.54509804 0.71372549 0.60000000
v 0.03697792 0.01805309 0.00613675 0.54509804 0.71372549 0.60000000
v 0.03743518 0.01805309 -0.00192758 0.54509804 0.71372549 0.60000000
v 0.03747943 0.03805012 -0.00064082 0.54509804 0.71372549 0.60000000
v 0.03658703 0.03805012 0.00815504 0.54509804 0.71372549 0.60000000
v 0.03545125 0.03805012 0.01216517 0.54509804 0.71372549 0.60000000
v 0.03478748 0.01805309 0.01394549 0.54509804 0.71372549 0.60000000
v 0.03360007 0.03805012 0.01660716 0.54509804 0.71372549 0.60000000
v 0.03118838 0.03805012 0.02078475 0.54509804 0.71372549 0.60000000
v 0.03106300 0.03805012 0.02096102 0.54509804 0.71372549 0.60000000
v 0.03098187 0.01805309 0.02109322 0.54509804 0.71372549 0.60000000
v 0.02835630 0.03805012 0.02451285 0.54509804 0.71372549 0.60000000
v 0.02623224 0.01805309 0.02676910 0.54509804 0.71372549 0.60000000
v 0.02528821 0.03805012 0.02766808 0.54509804 0.71372549 0.60000000
v 0.02163748 0.03805012 0.03061178 0.54509804 0.71372549 0.60000000
v 0.01987481 0.01805309 0.03178398 0.54509804 0.71372549 0.60000000
v 0.01764750 0.03805012 0.03307074 0.54509804 0.71372549 0.60000000
v 0.01404839 0.03805012 0.03471005 0.54509804 0.71372549 0.60000000
v 0.01336987 0.03805012 0.03501851 0.54509804 0.71372549 0.60000000
v 0.01259548 0.01805309 0.03530937 0.54509804 0.71372549 0.60000000
v 0.01194646 0.01805309 0.03553852 0.54509804 0.71372549 0.60000000
v 0.00889312 0.03805012 0.03641986 0.54509804 0.71372549 0.60000000
v 0.00716732 0.01805309 0.03680766 0.54509804 0.71372549 0.60000000
v 0.00427624 0.03805012 0.03723952 0.54509804 0.71372549 0.60000000
v -0.00038489 0.01805309 0.03749511 0.54509804 0.71372549 0.60000000
v -0.00088641 0.03805012 0.03747748 0.54509804 0.71372549 0.60000000
v -0.00259745 0.01805309 0.03740697 0.54509804 0.71372549 0.60000000
v -0.00530416 0.03805012 0.03711613 0.54509804 0.71372549 0.60000000
v -0.00959653 0.03805012 0.03622596 0.54509804 0.71372549 0.60000000
v -0.00986941 0.03805012 0.03616427 0.54509804 0.71372549 0.60000000
v -0.00957440 0.04982766 0.03626122 0.54509804 0.71372549 0.60000000
v -0.01218523 0.01805309 0.03545919 0.54509804 0.71372549 0.60000000
v -0.01428716 0.03805012 0.03465716 0.54509804 0.71372549 0.60000000
v -0.01616784 0.04968374 0.03389040 0.54509804 0.71372549 0.60000000
v -0.01848366 0.03805012 0.03262125 0.54509804 0.71372549 0.60000000
v -0.02220076 0.04945187 0.03033856 0.54509804 0.71372549 0.60000000
v -0.02609487 0.03805012 0.02691893 0.54509804 0.71372549 0.60000000
v -0.02747404 0.04915603 0.02572911 0.54509804 0.71372549 0.60000000
v -0.02919246 0.03805012 0.02353455 0.54509804 0.71372549 0.60000000
v -0.03178853 0.04880423 0.02021187 0.54509804 0.71372549 0.60000000
v -0.03411173 0.05867881 0.01572582 0.54509804 0.71372549 0.60000000
v -0.03499675 0.05843095 0.01359295 0.54509804 0.71372549 0.60000000
v -0.03481974 0.06164519 0.01336380 0.54509804 0.71372549 0.60000000
v -0.03694380 0.06312437 0.00559031 0.54509804 0.71372549 0.60000000
v -0.03751907 0.06455559 0.00090155 0.54509804 0.71372549 0.60000000
v -0.03779195 0.06317235 -0.00257096 0.54509804 0.71372549 0.60000000
v -0.03782883 0.06095756 -0.00149572 0.54509804 0.71372549 0.60000000
v -0.03726831 0.07285504 -0.04621531 0.54509804 0.71372549 0.60000000
v -0.03717244 0.07331879 -0.04418821 0.54509804 0.71372549 0.60000000
v -0.03677418 0.07421429 -0.05254339 0.54509804 0.71372549 0.60000000
v -0.03775508 0.06513128 -0.00402519 0.54509804 0.71372549 0.60000000
v -0.03770345 0.06681036 -0.00585839 0.54509804 0.71372549 0.60000000
v -0.03765183 0.06822558 -0.00803532 0.54509804 0.71372549 0.60000000
v -0.03754120 0.07027246 -0.01341154 0.54509804 0.71372549 0.60000000
v -0.03743795 0.07142382 -0.01985420 0.54509804 0.71372549 0.60000000
v 0.03655016 0.07203949 -0.05254339 0.54509804 0.71372549 0.60000000
v 0.03651328 0.07274310 -0.04418821 0.54509804 0.71372549 0.60000000
v 0.03655016 0.07235931 -0.04622413 0.54509804 0.71372549 0.60000000
v 0.03677142 0.07027246 -0.01341154 0.54509804 0.71372549 0.60000000
v 0.03682304 0.06936095 -0.01053835 0.54509804 0.71372549 0.60000000
v 0.03688204 0.06820159 -0.00798244 0.54509804 0.71372549 0.60000000
v 0.03693367 0.06676238 -0.00578789 0.54509804 0.71372549 0.60000000
v 0.03698530 0.06504332 -0.00395468 0.54509804 0.71372549 0.60000000
v 0.03702955 0.06305241 -0.00250046 0.54509804 0.71372549 0.60000000
v 0.03706642 0.05695176 0.00089273 0.54509804 0.71372549 0.60000000
v 0.03688204 0.05915855 0.00291983 0.54509804 0.71372549 0.60000000
v 0.03664603 0.05745548 0.00517608 0.54509804 0.71372549 0.60000000
v 0.03654278 0.04796469 0.00728250 0.54509804 0.71372549 0.60000000
v 0.03705905 0.06079765 -0.00142522 0.54509804 0.71372549 0.60000000
v 0.03573151 0.05794321 0.00941536 0.54509804 0.71372549 0.60000000
v 0.03439660 0.04842044 0.01433328 0.54509804 0.71372549 0.60000000
v 0.03472111 0.03805012 0.01391905 0.54509804 0.71372549 0.60000000
v 0.03241267 0.05889469 0.01753258 0.54509804 0.71372549 0.60000000
v 0.03091550 0.04883621 0.02083763 0.54509804 0.71372549 0.60000000
v 0.02733852 0.05972623 0.02463624 0.54509804 0.71372549 0.60000000
v 0.02622486 0.04919601 0.02652232 0.54509804 0.71372549 0.60000000
v 0.02631337 0.03805012 0.02661927 0.54509804 0.71372549 0.60000000
v 0.02051645 0.04949984 0.03118465 0.54509804 0.71372549 0.60000000
v 0.02058283 0.03805012 0.03126397 0.54509804 0.71372549 0.60000000
v 0.01400414 0.05584037 0.03445445 0.54509804 0.71372549 0.60000000
v 0.01400414 0.04972372 0.03463953 0.54509804 0.71372549 0.60000000
v 0.00694607 0.04985965 0.03675477 0.54509804 0.71372549 0.60000000
v -0.00037752 0.05533665 0.03733646 0.54509804 0.71372549 0.60000000
v -0.00038489 0.04990762 0.03743342 0.54509804 0.71372549 0.60000000
v -0.00038489 0.04814059 0.03745985 0.54509804 0.71372549 0.60000000
v -0.00038489 0.04446261 0.03747748 0.54509804 0.71372549 0.60000000
v -0.00038489 0.04106447 0.03748629 0.54509804 0.71372549 0.60000000
v -0.00265646 0.04989962 0.03737172 0.54509804 0.71372549 0.60000000
v -0.00655794 0.06111747 0.03641986 0.54509804 0.71372549 0.60000000
v -0.00749459 0.06109349 0.03625241 0.54509804 0.71372549 0.60000000
v -0.00957440 0.06102952 0.03572360 0.54509804 0.71372549 0.60000000
v -0.01174271 0.06096556 0.03516834 0.54509804 0.71372549 0.60000000
v -0.01583596 0.06078166 0.03359073 0.54509804 0.71372549 0.60000000
v -0.01618259 0.06075767 0.03340565 0.54509804 0.71372549 0.60000000
v -0.02003983 0.06051780 0.03134330 0.54509804 0.71372549 0.60000000
v -0.02109448 0.06042985 0.03061178 0.54509804 0.71372549 0.60000000
v -0.02352830 0.06022996 0.02891078 0.54509804 0.71372549 0.60000000
v -0.02678077 0.05988615 0.02600233 0.54509804 0.71372549 0.60000000
v -0.02745929 0.05979820 0.02525318 0.54509804 0.71372549 0.60000000
v -0.02959072 0.05951835 0.02289118 0.54509804 0.71372549 0.60000000
v -0.02654476 0.05991813 0.02625792 0.54509804 0.71372549 0.60000000
v -0.03142715 0.05922251 0.02033527 0.54509804 0.71372549 0.60000000
v -0.03181066 0.05915855 0.01979764 0.54509804 0.71372549 0.60000000
v -0.03197291 0.05912657 0.01956849 0.54509804 0.71372549 0.60000000
v -0.03130177 0.06290849 0.01973594 0.54509804 0.71372549 0.60000000
v -0.03462062 0.06495537 0.01237669 0.54509804 0.71372549 0.60000000
v -0.03679630 0.06580291 0.00432998 0.54509804 0.71372549 0.60000000
v -0.03743057 0.06674639 -0.00066726 0.54509804 0.71372549 0.60000000
v -0.03666355 0.07463806 -0.04215230 0.54509804 0.71372549 0.60000000
v -0.03675205 0.07401440 -0.01782710 0.54509804 0.71372549 0.60000000
v -0.03660455 0.07466205 -0.02561821 0.54509804 0.71372549 0.60000000
v -0.03664880 0.07448614 -0.05254339 0.54509804 0.71372549 0.60000000
v -0.03731994 0.06864935 -0.00264147 0.54509804 0.71372549 0.60000000
v -0.03720931 0.07026446 -0.00501230 0.54509804 0.71372549 0.60000000
v -0.03696593 0.07263116 -0.01082920 0.54509804 0.71372549 0.60000000
v 0.03651328 0.07221539 -0.05254339 0.54509804 0.71372549 0.60000000
v 0.03620352 0.07395843 -0.04622413 0.54509804 0.71372549 0.60000000
v 0.03598227 0.07403039 -0.01791523 0.54509804 0.71372549 0.60000000
v 0.03659441 0.07195153 -0.02718701 0.54509804 0.71372549 0.60000000
v 0.03666816 0.07143981 -0.01993352 0.54509804 0.71372549 0.60000000
v 0.03619615 0.07263916 -0.01082920 0.54509804 0.71372549 0.60000000
v 0.03632153 0.07157574 -0.00771803 0.54509804 0.71372549 0.60000000
v 0.03643953 0.07023248 -0.00495061 0.54509804 0.71372549 0.60000000
v 0.03655753 0.06859338 -0.00256216 0.54509804 0.71372549 0.60000000
v 0.03666079 0.06665044 -0.00057912 0.54509804 0.71372549 0.60000000
v 0.03675666 0.06441966 0.00098086 0.54509804 0.71372549 0.60000000
v 0.03683042 0.06190904 0.00214425 0.54509804 0.71372549 0.60000000
v 0.03629203 0.05994212 0.00650692 0.54509804 0.71372549 0.60000000
v 0.03406471 0.06135734 0.01342550 0.54509804 0.71372549 0.60000000
v 0.03425647 0.05844694 0.01368990 0.54509804 0.71372549 0.60000000
v 0.03618877 0.06292448 0.00566964 0.54509804 0.71372549 0.60000000
v 0.03416059 0.05847093 0.01389261 0.54509804 0.71372549 0.60000000
v 0.03054674 0.06258867 0.01980646 0.54509804 0.71372549 0.60000000
v 0.03077537 0.05919853 0.02014137 0.54509804 0.71372549 0.60000000
v 0.03014848 0.05931846 0.02113729 0.54509804 0.71372549 0.60000000
v 0.02587823 0.06363609 0.02538538 0.54509804 0.71372549 0.60000000
v 0.02612161 0.05987016 0.02581725 0.54509804 0.71372549 0.60000000
v 0.02384267 0.06012602 0.02802061 0.54509804 0.71372549 0.60000000
v 0.02049433 0.06042186 0.03055890 0.54509804 0.71372549 0.60000000
v 0.02035420 0.06043785 0.03064704 0.54509804 0.71372549 0.60000000
v 0.01671822 0.06068571 0.03278871 0.54509804 0.71372549 0.60000000
v 0.01398202 0.06082963 0.03400497 0.54509804 0.71372549 0.60000000
v 0.01272823 0.06089360 0.03456022 0.54509804 0.71372549 0.60000000
v 0.00853174 0.06105351 0.03585580 0.54509804 0.71372549 0.60000000
v 0.00694607 0.05604026 0.03659613 0.54509804 0.71372549 0.60000000
v -0.00037752 0.06118144 0.03693986 0.54509804 0.71372549 0.60000000
v -0.00185993 0.06117344 0.03690461 0.54509804 0.71372549 0.60000000
v -0.00265646 0.06116545 0.03682528 0.54509804 0.71372549 0.60000000
v 0.00419511 0.06114146 0.03665783 0.54509804 0.71372549 0.60000000
v -0.00759785 0.06585088 0.03537106 0.54509804 0.71372549 0.60000000
v -0.01455267 0.06547509 0.03328227 0.54509804 0.71372549 0.60000000
v -0.02097648 0.06484343 0.02988026 0.54509804 0.71372549 0.60000000
v -0.02662589 0.06397990 0.02530606 0.54509804 0.71372549 0.60000000
v -0.03103626 0.06654650 0.01861663 0.54509804 0.71372549 0.60000000
v -0.03433298 0.06796972 0.01092247 0.54509804 0.71372549 0.60000000
v -0.03661192 0.06818560 0.00263780 0.54509804 0.71372549 0.60000000
v -0.03622104 0.07537366 -0.04418821 0.54509804 0.71372549 0.60000000
v -0.03613991 0.07548560 -0.04621531 0.54509804 0.71372549 0.60000000
v -0.03567527 0.07459808 -0.00833498 0.54509804 0.71372549 0.60000000
v -0.03523276 0.07610925 -0.01588813 0.54509804 0.71372549 0.60000000
v -0.03492300 0.07681287 -0.02429619 0.54509804 0.71372549 0.60000000
v -0.03579327 0.07579743 -0.05254339 0.54509804 0.71372549 0.60000000
v -0.03639804 0.07025646 0.00050494 0.54509804 0.71372549 0.60000000
v -0.03616203 0.07201550 -0.00205097 0.54509804 0.71372549 0.60000000
v -0.03591865 0.07345471 -0.00501230 0.54509804 0.71372549 0.60000000
v 0.03582001 0.07461407 -0.05254339 0.54509804 0.71372549 0.60000000
v 0.03593801 0.07455011 -0.04418821 0.54509804 0.71372549 0.60000000
v 0.03582739 0.07467804 -0.02581211 0.54509804 0.71372549 0.60000000
v 0.03446297 0.07612524 -0.01598508 0.54509804 0.71372549 0.60000000
v 0.03466948 0.07548560 -0.01201901 0.54509804 0.71372549 0.60000000
v 0.03490549 0.07460608 -0.00833498 0.54509804 0.71372549 0.60000000
v 0.03514887 0.07344672 -0.00497704 0.54509804 0.71372549 0.60000000
v 0.03539962 0.07197552 -0.00198928 0.54509804 0.71372549 0.60000000
v 0.03564301 0.07019250 0.00058426 0.54509804 0.71372549 0.60000000
v 0.03585689 0.06808165 0.00272593 0.54509804 0.71372549 0.60000000
v 0.03604127 0.06565099 0.00441812 0.54509804 0.71372549 0.60000000
v 0.03386558 0.06473149 0.01246483 0.54509804 0.71372549 0.60000000
v 0.03028860 0.06629863 0.01871359 0.54509804 0.71372549 0.60000000
v 0.02560535 0.06762591 0.02418675 0.54509804 0.71372549 0.60000000
v 0.01997806 0.06868133 0.02867281 0.54509804 0.71372549 0.60000000
v 0.02022144 0.06448363 0.02996840 0.54509804 0.71372549 0.60000000
v 0.01379764 0.06509130 0.03337040 0.54509804 0.71372549 0.60000000
v 0.00683544 0.06546709 0.03545919 0.54509804 0.71372549 0.60000000
v -0.00037752 0.06606676 0.03605851 0.54509804 0.71372549 0.60000000
v -0.00038489 0.06975274 0.03487750 0.54509804 0.71372549 0.60000000
v -0.00750197 0.07022448 0.03392565 0.54509804 0.71372549 0.60000000
v -0.01436829 0.06974474 0.03188092 0.54509804 0.71372549 0.60000000
v -0.02072572 0.06896117 0.02855824 0.54509804 0.71372549 0.60000000
v -0.02635301 0.06788976 0.02408099 0.54509804 0.71372549 0.60000000
v -0.03067488 0.06983270 0.01697733 0.54509804 0.71372549 0.60000000
v -0.03397160 0.07064025 0.00897469 0.54509804 0.71372549 0.60000000
v -0.03428136 0.07748450 -0.04215230 0.54509804 0.71372549 0.60000000
v -0.03568265 0.07597333 -0.04621531 0.54509804 0.71372549 0.60000000
v -0.03402322 0.07625317 -0.00592890 0.54509804 0.71372549 0.60000000
v -0.03335945 0.07780432 -0.01402849 0.54509804 0.71372549 0.60000000
v -0.03068225 0.07990717 -0.02184604 0.54509804 0.71372549 0.60000000
v -0.03379459 0.07788428 -0.04418821 0.54509804 0.71372549 0.60000000
v -0.03556464 0.07603729 -0.05254339 0.54509804 0.71372549 0.60000000
v -0.03420023 0.07754847 -0.04621531 0.54509804 0.71372549 0.60000000
v -0.03355859 0.07295098 0.00652454 0.54509804 0.71372549 0.60000000
v -0.03310132 0.07488593 0.00358965 0.54509804 0.71372549 0.60000000
v 0.03574626 0.07472601 -0.05254339 0.54509804 0.71372549 0.60000000
v 0.03585689 0.07471002 -0.04215230 0.54509804 0.71372549 0.60000000
v 0.03576101 0.07486993 -0.03412322 0.54509804 0.71372549 0.60000000
v 0.03415321 0.07682886 -0.02450771 0.54509804 0.71372549 0.60000000
v 0.03050986 0.07925153 -0.01236274 0.54509804 0.71372549 0.60000000
v 0.03091550 0.07860389 -0.00783262 0.54509804 0.71372549 0.60000000
v 0.03137276 0.07768439 -0.00361977 0.54509804 0.71372549 0.60000000
v 0.03185215 0.07644507 0.00023172 0.54509804 0.71372549 0.60000000
v 0.03233891 0.07484595 0.00366016 0.54509804 0.71372549 0.60000000
v 0.03280355 0.07287902 0.00662149 0.54509804 0.71372549 0.60000000
v 0.03322394 0.07052831 0.00908045 0.54509804 0.71372549 0.60000000
v 0.03358532 0.06780181 0.01102823 0.54509804 0.71372549 0.60000000
v 0.02992722 0.06964879 0.01709191 0.54509804 0.71372549 0.60000000
v 0.02522184 0.07119994 0.02239762 0.54509804 0.71372549 0.60000000
v 0.01963880 0.07243927 0.02674266 0.54509804 0.71372549 0.60000000
v 0.01336250 0.07334277 0.02996840 0.54509804 0.71372549 0.60000000
v 0.01361326 0.06945690 0.03200430 0.54509804 0.71372549 0.60000000
v 0.00673956 0.06992864 0.03404903 0.54509804 0.71372549 0.60000000
v -0.00038489 0.07036840 0.03457784 0.54509804 0.71372549 0.60000000
v -0.00038489 0.07311090 0.03322938 0.54509804 0.71372549 0.60000000
v -0.00736922 0.07411035 0.03180160 0.54509804 0.71372549 0.60000000
v -0.01411016 0.07355066 0.02982738 0.54509804 0.71372549 0.60000000
v -0.02038646 0.07264715 0.02661046 0.54509804 0.71372549 0.60000000
v -0.02596949 0.07139184 0.02227423 0.54509804 0.71372549 0.60000000
v -0.03021024 0.07271911 0.01478277 0.54509804 0.71372549 0.60000000
v -0.03262193 0.07645307 0.00018765 0.54509804 0.71372549 0.60000000
v -0.03214254 0.07768439 -0.00361977 0.54509804 0.71372549 0.60000000
v -0.03128702 0.07923554 -0.01224816 0.54509804 0.71372549 0.60000000
v -0.02676602 0.08155427 -0.00897836 0.54509804 0.71372549 0.60000000
v -0.02598424 0.08210596 -0.01966030 0.54509804 0.71372549 0.60000000
v -0.02950959 0.08053083 -0.04418821 0.54509804 0.71372549 0.60000000
v -0.03032824 0.08010707 -0.04621531 0.54509804 0.71372549 0.60000000
v -0.03327095 0.07814014 -0.05254339 0.54509804 0.71372549 0.60000000
v -0.03331520 0.07810816 -0.05254339 0.54509804 0.71372549 0.60000000
v -0.02967923 0.07518976 0.01203297 0.54509804 0.71372549 0.60000000
v -0.02908921 0.07722864 0.00872791 0.54509804 0.71372549 0.60000000
v 0.03558400 0.07495789 -0.05254339 0.54509804 0.71372549 0.60000000
v 0.03440397 0.07664496 -0.04622413 0.54509804 0.71372549 0.60000000
v 0.03445560 0.07659699 -0.04418821 0.54509804 0.71372549 0.60000000
v 0.02989772 0.07992316 -0.02208401 0.54509804 0.71372549 0.60000000
v 0.03400571 0.07703675 -0.03347983 0.54509804 0.71372549 0.60000000
v 0.02598148 0.08157026 -0.00910175 0.54509804 0.71372549 0.60000000
v 0.02709514 0.08007508 0.00065477 0.54509804 0.71372549 0.60000000
v 0.02770728 0.07882776 0.00497337 0.54509804 0.71372549 0.60000000
v 0.02833417 0.07718866 0.00881605 0.54509804 0.71372549 0.60000000
v 0.02892419 0.07510980 0.01213873 0.54509804 0.71372549 0.60000000
v 0.02946995 0.07259918 0.01490616 0.54509804 0.71372549 0.60000000
v 0.02474245 0.07431824 0.01998272 0.54509804 0.71372549 0.60000000
v 0.01921104 0.07569348 0.02415150 0.54509804 0.71372549 0.60000000
v 0.01303799 0.07669294 0.02723622 0.54509804 0.71372549 0.60000000
v 0.00643718 0.07730060 0.02913112 0.54509804 0.71372549 0.60000000
v 0.00660681 0.07389447 0.03195143 0.54509804 0.71372549 0.60000000
v -0.00038489 0.07425427 0.03241854 0.54509804 0.71372549 0.60000000
v -0.00038489 0.07604528 0.03113177 0.54509804 0.71372549 0.60000000
v -0.00719959 0.07744452 0.02898129 0.54509804 0.71372549 0.60000000
v -0.01379302 0.07683686 0.02708639 0.54509804 0.71372549 0.60000000
v -0.01995870 0.07582941 0.02401049 0.54509804 0.71372549 0.60000000
v -0.02549011 0.07445416 0.01985934 0.54509804 0.71372549 0.60000000
v -0.02847707 0.07884376 0.00492049 0.54509804 0.71372549 0.60000000
v -0.02786492 0.08007508 0.00065477 0.54509804 0.71372549 0.60000000
v -0.02302678 0.08197005 0.00436524 0.54509804 0.71372549 0.60000000
v -0.02188363 0.08332130 -0.00617568 0.54509804 0.71372549 0.60000000
v -0.02106498 0.08373707 -0.01778303 0.54509804 0.71372549 0.60000000
v -0.02303416 0.08304145 -0.04621531 0.54509804 0.71372549 0.60000000
v -0.02553436 0.08220991 -0.04621531 0.54509804 0.71372549 0.60000000
v -0.02796080 0.08124244 -0.04621531 0.54509804 0.71372549 0.60000000
v -0.02949484 0.08051484 -0.04621531 0.54509804 0.71372549 0.60000000
v -0.03019549 0.07996314 -0.05254339 0.54509804 0.71372549 0.60000000
v -0.03038724 0.07986719 -0.05254339 0.54509804 0.71372549 0.60000000
v -0.03292432 0.07836402 -0.05254339 0.54509804 0.71372549 0.60000000
v -0.02492959 0.07703675 0.01682750 0.54509804 0.71372549 0.60000000
v -0.02431007 0.07913160 0.01320516 0.54509804 0.71372549 0.60000000
v 0.03404258 0.07685285 -0.05254339 0.54509804 0.71372549 0.60000000
v 0.03399096 0.07690082 -0.05254339 0.54509804 0.71372549 0.60000000
v 0.03398358 0.07706074 -0.04215230 0.54509804 0.71372549 0.60000000
v 0.02519971 0.08211397 -0.01992470 0.54509804 0.71372549 0.60000000
v 0.03135801 0.07906763 -0.04418821 0.54509804 0.71372549 0.60000000
v 0.03079012 0.07941944 -0.04622413 0.54509804 0.71372549 0.60000000
v 0.02961008 0.08009907 -0.03229883 0.54509804 0.71372549 0.60000000
v 0.02109909 0.08333729 -0.00630788 0.54509804 0.71372549 0.60000000
v 0.02225700 0.08197804 0.00436524 0.54509804 0.71372549 0.60000000
v 0.02290602 0.08075470 0.00908045 0.54509804 0.71372549 0.60000000
v 0.02355504 0.07909162 0.01330211 0.54509804 0.71372549 0.60000000
v 0.02418193 0.07695679 0.01695089 0.54509804 0.71372549 0.60000000
v 0.01870215 0.07841199 0.02087288 0.54509804 0.71372549 0.60000000
v 0.01266185 0.07947541 0.02379015 0.54509804 0.71372549 0.60000000
v 0.00623805 0.08011506 0.02557928 0.54509804 0.71372549 0.60000000
v -0.00038489 0.07745251 0.02972162 0.54509804 0.71372549 0.60000000
v -0.00038489 0.07854792 0.02861111 0.54509804 0.71372549 0.60000000
v -0.00700045 0.08020301 0.02543827 0.54509804 0.71372549 0.60000000
v -0.01341689 0.07956336 0.02365794 0.54509804 0.71372549 0.60000000
v -0.01945718 0.07849995 0.02074950 0.54509804 0.71372549 0.60000000
v -0.02366843 0.08077070 0.00902757 0.54509804 0.71372549 0.60000000
v -0.01776089 0.08343324 0.00737064 0.54509804 0.71372549 0.60000000
v -0.01832878 0.08226588 0.01237669 0.54509804 0.71372549 0.60000000
v -0.01673573 0.08465657 -0.00389299 0.54509804 0.71372549 0.60000000
v -0.01600559 0.08492842 -0.01627592 0.54509804 0.71372549 0.60000000
v -0.01944981 0.08391297 -0.05254339 0.54509804 0.71372549 0.60000000
v -0.02206801 0.08332930 -0.04215230 0.54509804 0.71372549 0.60000000
v -0.02297516 0.08305744 -0.04621531 0.54509804 0.71372549 0.60000000
v -0.02560811 0.08197804 -0.05254339 0.54509804 0.71372549 0.60000000
v -0.02572611 0.08193006 -0.05254339 0.54509804 0.71372549 0.60000000
v -0.01890404 0.08063477 0.01685394 0.54509804 0.71372549 0.60000000
v 0.03368858 0.07713269 -0.05254339 0.54509804 0.71372549 0.60000000
v 0.02028045 0.08374507 -0.01807388 0.54509804 0.71372549 0.60000000
v 0.02652725 0.08153028 -0.04418821 0.54509804 0.71372549 0.60000000
v 0.02476457 0.08220991 -0.04622413 0.54509804 0.71372549 0.60000000
v 0.02483095 0.08221790 -0.03125003 0.54509804 0.71372549 0.60000000
v 0.02275852 0.08288954 -0.04215230 0.54509804 0.71372549 0.60000000
v 0.02969859 0.07989918 -0.05254339 0.54509804 0.71372549 0.60000000
v 0.02956584 0.08011506 -0.04215230 0.54509804 0.71372549 0.60000000
v 0.01595120 0.08466456 -0.00403400 0.54509804 0.71372549 0.60000000
v 0.01699110 0.08343324 0.00737064 0.54509804 0.71372549 0.60000000
v 0.01756637 0.08224989 0.01243839 0.54509804 0.71372549 0.60000000
v 0.01814901 0.08059480 0.01695970 0.54509804 0.71372549 0.60000000
v 0.01224884 0.08167420 0.01966544 0.54509804 0.71372549 0.60000000
v 0.00601679 0.08232984 0.02133119 0.54509804 0.71372549 0.60000000
v -0.00038489 0.08065876 0.02564979 0.54509804 0.71372549 0.60000000
v -0.00038489 0.08029896 0.02616097 0.54509804 0.71372549 0.60000000
v -0.00677920 0.08237782 0.02121661 0.54509804 0.71372549 0.60000000
v -0.01301125 0.08172218 0.01955968 0.54509804 0.71372549 0.60000000
v -0.01258349 0.08333729 0.01485328 0.54509804 0.71372549 0.60000000
v -0.01215573 0.08447267 0.00960045 0.54509804 0.71372549 0.60000000
v -0.01138870 0.08558406 -0.00221843 0.54509804 0.71372549 0.60000000
v -0.01085031 0.08575196 -0.01516543 0.54509804 0.71372549 0.60000000
v -0.01379302 0.08512831 -0.04621531 0.54509804 0.71372549 0.60000000
v -0.01615309 0.08472053 -0.04215230 0.54509804 0.71372549 0.60000000
v -0.01643335 0.08450465 -0.05254339 0.54509804 0.71372549 0.60000000
v 0.01522105 0.08492842 -0.01657558 0.54509804 0.71372549 0.60000000
v 0.02230125 0.08303346 -0.04622413 0.54509804 0.71372549 0.60000000
v 0.01982318 0.08372908 -0.04621531 0.54509804 0.71372549 0.60000000
v 0.01732299 0.08432875 -0.04621531 0.54509804 0.71372549 0.60000000
v 0.02958796 0.07995515 -0.05254339 0.54509804 0.71372549 0.60000000
v 0.02932983 0.08007508 -0.05254339 0.54509804 0.71372549 0.60000000
v 0.02483095 0.08200203 -0.05254339 0.54509804 0.71372549 0.60000000
v 0.02469820 0.08205000 -0.05254339 0.54509804 0.71372549 0.60000000
v 0.01061155 0.08559206 -0.00236826 0.54509804 0.71372549 0.60000000
v 0.01138594 0.08448066 0.00960045 0.54509804 0.71372549 0.60000000
v 0.01181370 0.08332930 0.01491497 0.54509804 0.71372549 0.60000000
v 0.00578078 0.08397694 0.01643089 0.54509804 0.71372549 0.60000000
v -0.00038489 0.08385700 0.01815833 0.54509804 0.71372549 0.60000000
v -0.00038489 0.08241779 0.02220372 0.54509804 0.71372549 0.60000000
v -0.00655057 0.08399293 0.01636920 0.54509804 0.71372549 0.60000000
v -0.00632931 0.08510433 0.01095772 0.54509804 0.71372549 0.60000000
v -0.00591630 0.08614375 -0.00118725 0.54509804 0.71372549 0.60000000
v -0.00562867 0.08623170 -0.01448679 0.54509804 0.71372549 0.60000000
v -0.00674970 0.08584792 -0.05229661 0.54509804 0.71372549 0.60000000
v -0.01309975 0.08515230 -0.05242881 0.54509804 0.71372549 0.60000000
v -0.01309975 0.08514430 -0.05254339 0.54509804 0.71372549 0.60000000
v 0.01006578 0.08575196 -0.01548271 0.54509804 0.71372549 0.60000000
v 0.01481542 0.08482448 -0.04621531 0.54509804 0.71372549 0.60000000
v 0.01229309 0.08524025 -0.04621531 0.54509804 0.71372549 0.60000000
v 0.01995594 0.08347322 -0.05254339 0.54509804 0.71372549 0.60000000
v 0.01484492 0.08475251 -0.05177662 0.54509804 0.71372549 0.60000000
v 0.00514652 0.08614375 -0.00134589 0.54509804 0.71372549 0.60000000
v 0.00555215 0.08510433 0.01095772 0.54509804 0.71372549 0.60000000
v -0.00038489 0.08497639 0.01339906 0.54509804 0.71372549 0.60000000
v -0.00038489 0.08416084 0.01687156 0.54509804 0.71372549 0.60000000
v -0.00038489 0.08577595 0.00774080 0.54509804 0.71372549 0.60000000
v -0.00038489 0.08626368 0.00088392 0.54509804 0.71372549 0.60000000
v -0.00038489 0.08643159 -0.01032683 0.54509804 0.71372549 0.60000000
v -0.00247945 0.08611976 -0.04621531 0.54509804 0.71372549 0.60000000
v -0.00540741 0.08599983 -0.04418821 0.54509804 0.71372549 0.60000000
v -0.00038489 0.08613576 -0.04843631 0.54509804 0.71372549 0.60000000
v -0.00038489 0.08600782 -0.05254339 0.54509804 0.71372549 0.60000000
v -0.00675707 0.08583991 -0.05254339 0.54509804 0.71372549 0.60000000
v 0.00485151 0.08623170 -0.01481289 0.54509804 0.71372549 0.60000000
v 0.00976340 0.08556008 -0.04855088 0.54509804 0.71372549 0.60000000
v 0.00722632 0.08582393 -0.04621531 0.54509804 0.71372549 0.60000000
v 0.01716073 0.08414484 -0.05254339 0.54509804 0.71372549 0.60000000
v 0.01486704 0.08469654 -0.05245525 0.54509804 0.71372549 0.60000000
v 0.00984452 0.08534419 -0.05254339 0.54509804 0.71372549 0.60000000
v 0.00966014 0.08536818 -0.05254339 0.54509804 0.71372549 0.60000000
v 0.00215218 0.08611177 -0.04621531 0.54509804 0.71372549 0.60000000
v 0.00088364 0.08613576 -0.04621531 0.54509804 0.71372549 0.60000000
v 0.00216693 0.08599983 -0.05254339 0.54509804 0.71372549 0.60000000
v 0.00468925 0.08599983 -0.04621531 0.54509804 0.71372549 0.60000000
v 0.00342072 0.08606379 -0.04621531 0.54509804 0.71372549 0.60000000
v 0.00473350 0.08582393 -0.05254339 0.54509804 0.71372549 0.60000000
v 0.00443849 0.08584792 -0.05254339 0.54509804 0.71372549 0.60000000
v 0.01486704 0.08468855 -0.05254339 0.54509804 0.71372549 0.60000000
v 0.00247669 0.08598384 -0.05254339 0.54509804 0.71372549 0.60000000
v 0.03820767 0.04242533 -0.10574771 0.54117647 0.42352941 0.64313725
v 0.03804888 0.04242533 -0.10491582 0.54117647 0.42352941 0.64313725
v 0.03819254 0.04242533 -0.10743923 0.54117647 0.42352941 0.64313725
v 0.03658959 0.07073228 -0.06248916 0.54117647 0.42352941 0.64313725
v 0.03655935 0.07193111 -0.05358788 0.54117647 0.42352941 0.64313725
v 0.03655935 0.07199084 -0.05254339 0.54117647 0.42352941 0.64313725
v 0.03632496 0.07057442 -0.05254339 0.54117647 0.42352941 0.64313725
v 0.03629471 0.07041657 -0.05254339 0.54117647 0.42352941 0.64313725
v 0.03767839 0.04242533 -0.10402846 0.54117647 0.42352941 0.64313725
v 0.03579568 0.06932013 -0.05254339 0.54117647 0.42352941 0.64313725
v 0.03801108 0.04242533 -0.10920470 0.54117647 0.42352941 0.64313725
v 0.03705082 0.05882928 -0.08963667 0.54117647 0.42352941 0.64313725
v 0.03673326 0.06487890 -0.08103118 0.54117647 0.42352941 0.64313725
v 0.03666521 0.06794638 -0.07193579 0.54117647 0.42352941 0.64313725
v 0.03652155 0.06940119 -0.07178790 0.54117647 0.42352941 0.64313725
v 0.03639301 0.07218709 -0.06238748 0.54117647 0.42352941 0.64313725
v 0.03655179 0.07204203 -0.05254339 0.54117647 0.42352941 0.64313725
v 0.03702814 0.04242533 -0.10303019 0.54117647 0.42352941 0.64313725
v 0.03571251 0.06920921 -0.05254339 0.54117647 0.42352941 0.64313725
v 0.03407176 0.06728510 -0.05254339 0.54117647 0.42352941 0.64313725
v 0.03766327 0.04242533 -0.11104411 0.54117647 0.42352941 0.64313725
v 0.03732302 0.05307403 -0.09709600 0.54117647 0.42352941 0.64313725
v 0.03676350 0.06023290 -0.08939635 0.54117647 0.42352941 0.64313725
v 0.03632496 0.06624412 -0.08082783 0.54117647 0.42352941 0.64313725
v 0.03601496 0.07074081 -0.07163076 0.54117647 0.42352941 0.64313725
v 0.03583349 0.07351817 -0.06228581 0.54117647 0.42352941 0.64313725
v 0.03575788 0.07471274 -0.05348620 0.54117647 0.42352941 0.64313725
v 0.03581837 0.07461461 -0.05254339 0.54117647 0.42352941 0.64313725
v 0.03651399 0.07221695 -0.05254339 0.54117647 0.42352941 0.64313725
v 0.03615106 0.04242533 -0.10217981 0.54117647 0.42352941 0.64313725
v 0.03396591 0.06720404 -0.05254339 0.54117647 0.42352941 0.64313725
v 0.03386005 0.06712725 -0.05254339 0.54117647 0.42352941 0.64313725
v 0.02979976 0.06454613 -0.05254339 0.54117647 0.42352941 0.64313725
v 0.03711887 0.04242533 -0.11324402 0.54117647 0.42352941 0.64313725
v 0.03564447 0.06274148 -0.08889721 0.54117647 0.42352941 0.64313725
v 0.03650642 0.05578314 -0.09655065 0.54117647 0.42352941 0.64313725
v 0.03494128 0.06860339 -0.08038415 0.54117647 0.42352941 0.64313725
v 0.03443469 0.07300195 -0.07127952 0.54117647 0.42352941 0.64313725
v 0.03412469 0.07571959 -0.06204548 0.54117647 0.42352941 0.64313725
v 0.03399615 0.07688429 -0.05337528 0.54117647 0.42352941 0.64313725
v 0.03558397 0.07496445 -0.05254339 0.54117647 0.42352941 0.64313725
v 0.03577301 0.07468288 -0.05254339 0.54117647 0.42352941 0.64313725
v 0.03520592 0.04242533 -0.10155126 0.54117647 0.42352941 0.64313725
v 0.02955025 0.06444374 -0.05254339 0.54117647 0.42352941 0.64313725
v 0.02930073 0.06434562 -0.05254339 0.54117647 0.42352941 0.64313725
v 0.02465067 0.06255377 -0.05254339 0.54117647 0.42352941 0.64313725
v 0.03643838 0.04242533 -0.11538846 0.54117647 0.42352941 0.64313725
v 0.03413225 0.06496850 -0.08837959 0.54117647 0.42352941 0.64313725
v 0.03548568 0.04972498 -0.10771653 0.54117647 0.42352941 0.64313725
v 0.03417006 0.05113713 -0.10881648 0.54117647 0.42352941 0.64313725
v 0.03375420 0.05646148 -0.10181008 0.54117647 0.42352941 0.64313725
v 0.03378444 0.06068939 -0.09551540 0.54117647 0.42352941 0.64313725
v 0.03237808 0.06703339 -0.08788970 0.54117647 0.42352941 0.64313725
v 0.03317955 0.07060855 -0.07993123 0.54117647 0.42352941 0.64313725
v 0.03248394 0.07484073 -0.07091903 0.54117647 0.42352941 0.64313725
v 0.03206052 0.07745598 -0.06180516 0.54117647 0.42352941 0.64313725
v 0.02959561 0.07994750 -0.05314420 0.54117647 0.42352941 0.64313725
v 0.02970146 0.07990057 -0.05254339 0.54117647 0.42352941 0.64313725
v 0.03368615 0.07713174 -0.05254339 0.54117647 0.42352941 0.64313725
v 0.03398859 0.07689709 -0.05254339 0.54117647 0.42352941 0.64313725
v 0.03404152 0.07685443 -0.05254339 0.54117647 0.42352941 0.64313725
v 0.03409445 0.04242533 -0.10088575 0.54117647 0.42352941 0.64313725
v 0.01438274 0.06027129 -0.05254339 0.54117647 0.42352941 0.64313725
v 0.03573520 0.04242533 -0.11706149 0.54117647 0.42352941 0.64313725
v 0.03463128 0.04443903 -0.11696905 0.54117647 0.42352941 0.64313725
v 0.03190174 0.05891461 -0.10160672 0.54117647 0.42352941 0.64313725
v 0.03200759 0.06299320 -0.09505324 0.54117647 0.42352941 0.64313725
v 0.03325517 0.04988710 -0.11236590 0.54117647 0.42352941 0.64313725
v 0.03153125 0.05569355 -0.10710648 0.54117647 0.42352941 0.64313725
v 0.03041220 0.06897029 -0.08742753 0.54117647 0.42352941 0.64313725
v 0.02961829 0.06158532 -0.10108910 0.54117647 0.42352941 0.64313725
v 0.02954268 0.06661529 -0.09285334 0.54117647 0.42352941 0.64313725
v 0.03120612 0.07239613 -0.07947831 0.54117647 0.42352941 0.64313725
v 0.03073733 0.07458902 -0.07506002 0.54117647 0.42352941 0.64313725
v 0.03034416 0.07641073 -0.07054930 0.54117647 0.42352941 0.64313725
v 0.02982244 0.07888945 -0.06155559 0.54117647 0.42352941 0.64313725
v 0.02485482 0.08192706 -0.05496513 0.54117647 0.42352941 0.64313725
v 0.02483214 0.08199533 -0.05290387 0.54117647 0.42352941 0.64313725
v 0.02933097 0.08007549 -0.05254339 0.54117647 0.42352941 0.64313725
v 0.02961073 0.04242533 -0.09918498 0.54117647 0.42352941 0.64313725
v 0.00719973 0.05953749 -0.05254339 0.54117647 0.42352941 0.64313725
v 0.02505897 0.04242533 -0.09775228 0.54117647 0.42352941 0.64313725
v 0.03500177 0.04242533 -0.11867906 0.54117647 0.42352941 0.64313725
v 0.03280906 0.04406786 -0.12021345 0.54117647 0.42352941 0.64313725
v 0.02994342 0.05547170 -0.10981476 0.54117647 0.42352941 0.64313725
v 0.02895292 0.05133765 -0.11639597 0.54117647 0.42352941 0.64313725
v 0.02852950 0.05978920 -0.10543344 0.54117647 0.42352941 0.64313725
v 0.02765242 0.07274171 -0.08383189 0.54117647 0.42352941 0.64313725
v 0.02769022 0.06728083 -0.09424907 0.54117647 0.42352941 0.64313725
v 0.02907390 0.07401733 -0.07905312 0.54117647 0.42352941 0.64313725
v 0.02626118 0.07730665 -0.07457013 0.54117647 0.42352941 0.64313725
v 0.02580752 0.07880840 -0.06979135 0.54117647 0.42352941 0.64313725
v 0.02529336 0.08048079 -0.06445798 0.54117647 0.42352941 0.64313725
v 0.02513458 0.08100128 -0.06104721 0.54117647 0.42352941 0.64313725
v 0.01998549 0.08331788 -0.05681378 0.54117647 0.42352941 0.64313725
v 0.01995525 0.08347573 -0.05254339 0.54117647 0.42352941 0.64313725
v 0.02469604 0.08205079 -0.05254339 0.54117647 0.42352941 0.64313725
v 0.02482458 0.08200386 -0.05254339 0.54117647 0.42352941 0.64313725
v 0.02491531 0.08196546 -0.05254339 0.54117647 0.42352941 0.64313725
v 0.00335871 0.05935404 -0.05254339 0.54117647 0.42352941 0.64313725
v 0.01550178 0.04242533 -0.09592211 0.54117647 0.42352941 0.64313725
v 0.01671911 0.04242533 -0.09614394 0.54117647 0.42352941 0.64313725
v 0.03361810 0.04242533 -0.12081426 0.54117647 0.42352941 0.64313725
v 0.03349712 0.04242533 -0.12099912 0.54117647 0.42352941 0.64313725
v 0.03284687 0.04357297 -0.12070334 0.54117647 0.42352941 0.64313725
v 0.03016269 0.04314634 -0.12430822 0.54117647 0.42352941 0.64313725
v 0.02982244 0.04694335 -0.12054621 0.54117647 0.42352941 0.64313725
v 0.02764485 0.05616284 -0.11169114 0.54117647 0.42352941 0.64313725
v 0.02645777 0.04910637 -0.12130415 0.54117647 0.42352941 0.64313725
v 0.02626874 0.04997669 -0.12042604 0.54117647 0.42352941 0.64313725
v 0.02446921 0.05826613 -0.11201466 0.54117647 0.42352941 0.64313725
v 0.02600410 0.06121841 -0.10632080 0.54117647 0.42352941 0.64313725
v 0.02592849 0.06714858 -0.09673551 0.54117647 0.42352941 0.64313725
v 0.02753900 0.07325793 -0.08287059 0.54117647 0.42352941 0.64313725
v 0.02591337 0.07248999 -0.08658639 0.54117647 0.42352941 0.64313725
v 0.02442384 0.07685869 -0.07826744 0.54117647 0.42352941 0.64313725
v 0.02623094 0.07740051 -0.07427434 0.54117647 0.42352941 0.64313725
v 0.02187576 0.07821111 -0.07760192 0.54117647 0.42352941 0.64313725
v 0.02059038 0.08171375 -0.06664864 0.54117647 0.42352941 0.64313725
v 0.01519934 0.08388957 -0.06193456 0.54117647 0.42352941 0.64313725
v 0.01486665 0.08469163 -0.05254339 0.54117647 0.42352941 0.64313725
v 0.01628813 0.08435460 -0.05254339 0.54117647 0.42352941 0.64313725
v 0.01992501 0.08348427 -0.05254339 0.54117647 0.42352941 0.64313725
v 0.00220943 0.05931991 -0.05254339 0.54117647 0.42352941 0.64313725
v 0.00770632 0.04242533 -0.09512718 0.54117647 0.42352941 0.64313725
v 0.03293004 0.04242533 -0.12182178 0.54117647 0.42352941 0.64313725
v 0.03078270 0.04242533 -0.12434519 0.54117647 0.42352941 0.64313725
v 0.03010976 0.04242533 -0.12513088 0.54117647 0.42352941 0.64313725
v 0.02614776 0.04242533 -0.12890213 0.54117647 0.42352941 0.64313725
v 0.02186064 0.05642735 -0.11635900 0.54117647 0.42352941 0.64313725
v 0.02151283 0.04242533 -0.13261793 0.54117647 0.42352941 0.64313725
v 0.01814059 0.04242533 -0.13527075 0.54117647 0.42352941 0.64313725
v 0.00872707 0.04242533 -0.14239732 0.54117647 0.42352941 0.64313725
v 0.01945622 0.06523727 -0.10613593 0.54117647 0.42352941 0.64313725
v 0.02287382 0.06312972 -0.10625609 0.54117647 0.42352941 0.64313725
v 0.02177747 0.06645744 -0.10230921 0.54117647 0.42352941 0.64313725
v 0.01953183 0.07259239 -0.09323231 0.54117647 0.42352941 0.64313725
v 0.02367530 0.07330486 -0.08751996 0.54117647 0.42352941 0.64313725
v 0.01756595 0.07778448 -0.08324032 0.54117647 0.42352941 0.64313725
v 0.01672667 0.07998163 -0.07720446 0.54117647 0.42352941 0.64313725
v 0.01613691 0.08151323 -0.07298953 0.54117647 0.42352941 0.64313725
v 0.01575886 0.08247742 -0.06850653 0.54117647 0.42352941 0.64313725
v 0.01001245 0.08488788 -0.06083461 0.54117647 0.42352941 0.64313725
v 0.01074587 0.08281019 -0.07253660 0.54117647 0.42352941 0.64313725
v 0.00984610 0.08534438 -0.05254339 0.54117647 0.42352941 0.64313725
v -0.00038402 0.05929004 -0.05254339 0.54117647 0.42352941 0.64313725
v 0.00112063 0.04242533 -0.09472972 0.54117647 0.42352941 0.64313725
v 0.00366871 0.04242533 -0.09484064 0.54117647 0.42352941 0.64313725
v 0.01746010 0.06016890 -0.11440867 0.54117647 0.42352941 0.64313725
v 0.00391067 0.04242533 -0.14586355 0.54117647 0.42352941 0.64313725
v 0.01550178 0.06783119 -0.10469398 0.54117647 0.42352941 0.64313725
v 0.01454153 0.07099679 -0.09961018 0.54117647 0.42352941 0.64313725
v 0.01351322 0.07435864 -0.09421210 0.54117647 0.42352941 0.64313725
v 0.01947134 0.07274171 -0.09295501 0.54117647 0.42352941 0.64313725
v 0.01795913 0.07674777 -0.08523687 0.54117647 0.42352941 0.64313725
v 0.01193296 0.07926062 -0.08370249 0.54117647 0.42352941 0.64313725
v 0.01118441 0.08148337 -0.07671457 0.54117647 0.42352941 0.64313725
v 0.00476507 0.08569421 -0.05730368 0.54117647 0.42352941 0.64313725
v 0.00509775 0.08417967 -0.06939389 0.54117647 0.42352941 0.64313725
v 0.00230772 0.08481109 -0.06660242 0.54117647 0.42352941 0.64313725
v 0.00574801 0.08100981 -0.08173367 0.54117647 0.42352941 0.64313725
v 0.00261772 0.08205505 -0.07917328 0.54117647 0.42352941 0.64313725
v 0.00965708 0.08536571 -0.05254339 0.54117647 0.42352941 0.64313725
v -0.00646312 0.05950336 -0.05254339 0.54117647 0.42352941 0.64313725
v -0.00675800 0.04242533 -0.09498854 0.54117647 0.42352941 0.64313725
v -0.00251624 0.04242533 -0.09477594 0.54117647 0.42352941 0.64313725
v -0.00031597 0.04242533 -0.09472972 0.54117647 0.42352941 0.64313725
v -0.00086793 0.04242533 -0.14697275 0.54117647 0.42352941 0.64313725
v 0.00856828 0.06505382 -0.11158022 0.54117647 0.42352941 0.64313725
v 0.01191028 0.06828342 -0.10578469 0.54117647 0.42352941 0.64313725
v 0.00746437 0.07193964 -0.10142186 0.54117647 0.42352941 0.64313725
v 0.00722997 0.07320673 -0.09906482 0.54117647 0.42352941 0.64313725
v 0.00660997 0.07656859 -0.09277939 0.54117647 0.42352941 0.64313725
v 0.00655704 0.07685443 -0.09207690 0.54117647 0.42352941 0.64313725
v -0.00038402 0.08515239 -0.06454117 0.54117647 0.42352941 0.64313725
v -0.00038402 0.08561742 -0.05972542 0.54117647 0.42352941 0.64313725
v -0.00038402 0.08585633 -0.05723897 0.54117647 0.42352941 0.64313725
v 0.00217162 0.08596299 -0.05458615 0.54117647 0.42352941 0.64313725
v 0.00473482 0.08582647 -0.05254339 0.54117647 0.42352941 0.64313725
v -0.00037646 0.08393223 -0.07186185 0.54117647 0.42352941 0.64313725
v 0.00595215 0.07995176 -0.08436800 0.54117647 0.42352941 0.64313725
v 0.00305627 0.07796366 -0.09052403 0.54117647 0.42352941 0.64313725
v -0.00034621 0.07966166 -0.08663261 0.54117647 0.42352941 0.64313725
v -0.00035378 0.08044239 -0.08428481 0.54117647 0.42352941 0.64313725
v -0.00036134 0.08213185 -0.07920101 0.54117647 0.42352941 0.64313725
v -0.00036890 0.08283579 -0.07633559 0.54117647 0.42352941 0.64313725
v -0.00808119 0.05960575 -0.05254339 0.54117647 0.42352941 0.64313725
v -0.01749471 0.04242533 -0.09629184 0.54117647 0.42352941 0.64313725
v -0.01334369 0.04242533 -0.09572800 0.54117647 0.42352941 0.64313725
v -0.00815680 0.04242533 -0.09511794 0.54117647 0.42352941 0.64313725
v 0.00421311 0.06534820 -0.11206087 0.54117647 0.42352941 0.64313725
v -0.00581287 0.04242533 -0.14456025 0.54117647 0.42352941 0.64313725
v -0.01645129 0.06323638 -0.11148779 0.54117647 0.42352941 0.64313725
v -0.01542298 0.06741309 -0.10597880 0.54117647 0.42352941 0.64313725
v -0.01051585 0.06889776 -0.10577544 0.54117647 0.42352941 0.64313725
v -0.00543481 0.06979795 -0.10563679 0.54117647 0.42352941 0.64313725
v -0.00027816 0.06977662 -0.10607123 0.54117647 0.42352941 0.64313725
v 0.00791803 0.06912815 -0.10557209 0.54117647 0.42352941 0.64313725
v 0.00363847 0.07211882 -0.10196721 0.54117647 0.42352941 0.64313725
v -0.00030841 0.07380828 -0.09928666 0.54117647 0.42352941 0.64313725
v -0.00033109 0.07688855 -0.09322307 0.54117647 0.42352941 0.64313725
v -0.00687141 0.08540411 -0.05982709 0.54117647 0.42352941 0.64313725
v -0.00715117 0.08430767 -0.06809059 0.54117647 0.42352941 0.64313725
v -0.00675800 0.08583927 -0.05254339 0.54117647 0.42352941 0.64313725
v -0.00039158 0.08600992 -0.05254339 0.54117647 0.42352941 0.64313725
v 0.00185406 0.08600565 -0.05254339 0.54117647 0.42352941 0.64313725
v 0.00247406 0.08598859 -0.05254339 0.54117647 0.42352941 0.64313725
v 0.00443994 0.08584780 -0.05254339 0.54117647 0.42352941 0.64313725
v -0.00399065 0.08278886 -0.07639105 0.54117647 0.42352941 0.64313725
v -0.00033109 0.07741758 -0.09196598 0.54117647 0.42352941 0.64313725
v -0.00429309 0.08027174 -0.08459909 0.54117647 0.42352941 0.64313725
v -0.00465602 0.07713600 -0.09230798 0.54117647 0.42352941 0.64313725
v -0.01316222 0.06003664 -0.05254339 0.54117647 0.42352941 0.64313725
v -0.02544140 0.04242533 -0.09775228 0.54117647 0.42352941 0.64313725
v 0.00382749 0.06993021 -0.10523009 0.54117647 0.42352941 0.64313725
v -0.01099976 0.04242533 -0.14077051 0.54117647 0.42352941 0.64313725
v -0.02711995 0.05341960 -0.11671025 0.54117647 0.42352941 0.64313725
v -0.02241697 0.05659800 -0.11649765 0.54117647 0.42352941 0.64313725
v -0.02138866 0.06091977 -0.11171887 0.54117647 0.42352941 0.64313725
v -0.02008816 0.06538233 -0.10624685 0.54117647 0.42352941 0.64313725
v -0.01863644 0.06983209 -0.10000764 0.54117647 0.42352941 0.64313725
v -0.01428126 0.07155568 -0.09972109 0.54117647 0.42352941 0.64313725
v -0.00972950 0.07281423 -0.09949925 0.54117647 0.42352941 0.64313725
v -0.00504920 0.07357790 -0.09935136 0.54117647 0.42352941 0.64313725
v -0.00030841 0.07357364 -0.09973958 0.54117647 0.42352941 0.64313725
v -0.01332101 0.08459777 -0.06010439 0.54117647 0.42352941 0.64313725
v -0.01310173 0.08514386 -0.05254339 0.54117647 0.42352941 0.64313725
v -0.00759728 0.08243049 -0.07652970 0.54117647 0.42352941 0.64313725
v -0.01383516 0.08326242 -0.06849729 0.54117647 0.42352941 0.64313725
v -0.00820972 0.07978964 -0.08474698 0.54117647 0.42352941 0.64313725
v -0.00894315 0.07651312 -0.09245588 0.54117647 0.42352941 0.64313725
v -0.01788789 0.06077898 -0.05254339 0.54117647 0.42352941 0.64313725
v -0.03327466 0.04242533 -0.10037737 0.54117647 0.42352941 0.64313725
v -0.02724849 0.04242533 -0.09823293 0.54117647 0.42352941 0.64313725
v -0.02184989 0.04242533 -0.13275658 0.54117647 0.42352941 0.64313725
v -0.02787606 0.04917037 -0.12087897 0.54117647 0.42352941 0.64313725
v -0.03128610 0.04969939 -0.11692284 0.54117647 0.42352941 0.64313725
v -0.02998560 0.05467390 -0.11223650 0.54117647 0.42352941 0.64313725
v -0.02593286 0.05804428 -0.11196844 0.54117647 0.42352941 0.64313725
v -0.02442065 0.06286521 -0.10655188 0.54117647 0.42352941 0.64313725
v -0.02272697 0.06769040 -0.10035888 0.54117647 0.42352941 0.64313725
v -0.02101061 0.07232361 -0.09338945 0.54117647 0.42352941 0.64313725
v -0.01716959 0.07408133 -0.09301047 0.54117647 0.42352941 0.64313725
v -0.01313198 0.07548921 -0.09269620 0.54117647 0.42352941 0.64313725
v -0.01967986 0.08321549 -0.06053883 0.54117647 0.42352941 0.64313725
v -0.01939254 0.08392796 -0.05264507 0.54117647 0.42352941 0.64313725
v -0.01642860 0.08450391 -0.05254339 0.54117647 0.42352941 0.64313725
v -0.01117366 0.08183747 -0.07674230 0.54117647 0.42352941 0.64313725
v -0.01467444 0.08100981 -0.07702884 0.54117647 0.42352941 0.64313725
v -0.01711666 0.08247742 -0.06878383 0.54117647 0.42352941 0.64313725
v -0.01206587 0.07899184 -0.08497806 0.54117647 0.42352941 0.64313725
v -0.01915059 0.06103496 -0.05254339 0.54117647 0.42352941 0.64313725
v -0.03384174 0.04242533 -0.10061769 0.54117647 0.42352941 0.64313725
v -0.02779289 0.04242533 -0.12804250 0.54117647 0.42352941 0.64313725
v -0.02811045 0.04545868 -0.12461325 0.54117647 0.42352941 0.64313725
v -0.03209513 0.04519416 -0.12105459 0.54117647 0.42352941 0.64313725
v -0.03479444 0.04550987 -0.11712619 0.54117647 0.42352941 0.64313725
v -0.03345613 0.05087688 -0.11250455 0.54117647 0.42352941 0.64313725
v -0.03174733 0.05657240 -0.10720815 0.54117647 0.42352941 0.64313725
v -0.02832972 0.05990439 -0.10687539 0.54117647 0.42352941 0.64313725
v -0.02648482 0.06517328 -0.10073786 0.54117647 0.42352941 0.64313725
v -0.02460968 0.07025018 -0.09380539 0.54117647 0.42352941 0.64313725
v -0.02610677 0.07297635 -0.08656791 0.54117647 0.42352941 0.64313725
v -0.02287819 0.07486206 -0.08609650 0.54117647 0.42352941 0.64313725
v -0.01943035 0.07650459 -0.08567131 0.54117647 0.42352941 0.64313725
v -0.01581616 0.07789114 -0.08529233 0.54117647 0.42352941 0.64313725
v -0.02591774 0.08101834 -0.06094553 0.54117647 0.42352941 0.64313725
v -0.02564554 0.08185880 -0.05575081 0.54117647 0.42352941 0.64313725
v -0.02034524 0.08151750 -0.06911659 0.54117647 0.42352941 0.64313725
v -0.02612945 0.08033573 -0.06516047 0.54117647 0.42352941 0.64313725
v -0.01944547 0.08391516 -0.05254339 0.54117647 0.42352941 0.64313725
v -0.01939254 0.08392796 -0.05254339 0.54117647 0.42352941 0.64313725
v -0.01809960 0.07996030 -0.07737084 0.54117647 0.42352941 0.64313725
v -0.02082915 0.08024614 -0.07346093 0.54117647 0.42352941 0.64313725
v -0.01989913 0.06118855 -0.05254339 0.54117647 0.42352941 0.64313725
v -0.03524054 0.04242533 -0.10141262 0.54117647 0.42352941 0.64313725
v -0.02520700 0.06248551 -0.05254339 0.54117647 0.42352941 0.64313725
v -0.02781557 0.04242533 -0.12802402 0.54117647 0.42352941 0.64313725
v -0.02975877 0.04242533 -0.12616613 0.54117647 0.42352941 0.64313725
v -0.03123318 0.04242533 -0.12475190 0.54117647 0.42352941 0.64313725
v -0.03227660 0.04242533 -0.12374438 0.54117647 0.42352941 0.64313725
v -0.03428784 0.04242533 -0.12116550 0.54117647 0.42352941 0.64313725
v -0.03533883 0.04242533 -0.11976977 0.54117647 0.42352941 0.64313725
v -0.03608738 0.04242533 -0.11829085 0.54117647 0.42352941 0.64313725
v -0.03618567 0.04671724 -0.11275412 0.54117647 0.42352941 0.64313725
v -0.03570932 0.04889732 -0.11101638 0.54117647 0.42352941 0.64313725
v -0.03459785 0.05686251 -0.10167143 0.54117647 0.42352941 0.64313725
v -0.03280587 0.05899567 -0.10181008 0.54117647 0.42352941 0.64313725
v -0.02984194 0.06233618 -0.10114456 0.54117647 0.42352941 0.64313725
v -0.02790630 0.06789945 -0.09425831 0.54117647 0.42352941 0.64313725
v -0.02856411 0.07257105 -0.08430330 0.54117647 0.42352941 0.64313725
v -0.02460212 0.07722986 -0.07821198 0.54117647 0.42352941 0.64313725
v -0.02141891 0.07869747 -0.07777755 0.54117647 0.42352941 0.64313725
v -0.03040901 0.07975978 -0.05547351 0.54117647 0.42352941 0.64313725
v -0.02561530 0.08196546 -0.05285766 0.54117647 0.42352941 0.64313725
v -0.02549432 0.08201666 -0.05254339 0.54117647 0.42352941 0.64313725
v -0.03019730 0.07996030 -0.05254339 0.54117647 0.42352941 0.64313725
v -0.02572115 0.08193133 -0.05254339 0.54117647 0.42352941 0.64313725
v -0.02702166 0.07749437 -0.07412645 0.54117647 0.42352941 0.64313725
v -0.03074926 0.07822391 -0.06459663 0.54117647 0.42352941 0.64313725
v -0.03063585 0.07875720 -0.06142618 0.54117647 0.42352941 0.64313725
v -0.02706703 0.07733226 -0.07462559 0.54117647 0.42352941 0.64313725
v -0.03641250 0.04242533 -0.10215208 0.54117647 0.42352941 0.64313725
v -0.02606896 0.06280121 -0.05254339 0.54117647 0.42352941 0.64313725
v -0.03666202 0.04242533 -0.11709846 0.54117647 0.42352941 0.64313725
v -0.03790203 0.04361137 -0.11275412 0.54117647 0.42352941 0.64313725
v -0.03710812 0.04242533 -0.11616489 0.54117647 0.42352941 0.64313725
v -0.03633689 0.05018574 -0.10760561 0.54117647 0.42352941 0.64313725
v -0.03647299 0.05794189 -0.09594059 0.54117647 0.42352941 0.64313725
v -0.03570176 0.05631216 -0.10008158 0.54117647 0.42352941 0.64313725
v -0.03536907 0.06461866 -0.08830564 0.54117647 0.42352941 0.64313725
v -0.03394759 0.06401284 -0.09189203 0.54117647 0.42352941 0.64313725
v -0.03284368 0.06331744 -0.09489610 0.54117647 0.42352941 0.64313725
v -0.03049219 0.06642757 -0.09332474 0.54117647 0.42352941 0.64313725
v -0.03122561 0.06920494 -0.08725191 0.54117647 0.42352941 0.64313725
v -0.03251099 0.07033124 -0.08313865 0.54117647 0.42352941 0.64313725
v -0.03142220 0.07519057 -0.07375672 0.54117647 0.42352941 0.64313725
v -0.02764923 0.07548067 -0.07839685 0.54117647 0.42352941 0.64313725
v -0.03338808 0.07705921 -0.06176818 0.54117647 0.42352941 0.64313725
v -0.03321417 0.07817271 -0.05324588 0.54117647 0.42352941 0.64313725
v -0.03038633 0.07987070 -0.05254339 0.54117647 0.42352941 0.64313725
v -0.03031828 0.07990483 -0.05254339 0.54117647 0.42352941 0.64313725
v -0.03117268 0.07631687 -0.07035519 0.54117647 0.42352941 0.64313725
v -0.03379638 0.07446529 -0.07086357 0.54117647 0.42352941 0.64313725
v -0.03726690 0.04242533 -0.10301170 0.54117647 0.42352941 0.64313725
v -0.03113488 0.06482771 -0.05254339 0.54117647 0.42352941 0.64313725
v -0.03815155 0.04242533 -0.11363223 0.54117647 0.42352941 0.64313725
v -0.03703251 0.06167064 -0.08893419 0.54117647 0.42352941 0.64313725
v -0.03718373 0.05634203 -0.09626411 0.54117647 0.42352941 0.64313725
v -0.03648055 0.06755388 -0.08042112 0.54117647 0.42352941 0.64313725
v -0.03446175 0.07025018 -0.07986653 0.54117647 0.42352941 0.64313725
v -0.03258660 0.07001980 -0.08357308 0.54117647 0.42352941 0.64313725
v -0.03584542 0.07467434 -0.06207321 0.54117647 0.42352941 0.64313725
v -0.03574713 0.07583905 -0.05339377 0.54117647 0.42352941 0.64313725
v -0.03331246 0.07811299 -0.05254339 0.54117647 0.42352941 0.64313725
v -0.03292685 0.07836470 -0.05254339 0.54117647 0.42352941 0.64313725
v -0.03608738 0.07195671 -0.07130725 0.54117647 0.42352941 0.64313725
v -0.03747861 0.04242533 -0.10323354 0.54117647 0.42352941 0.64313725
v -0.03136927 0.06495570 -0.05254339 0.54117647 0.42352941 0.64313725
v -0.03861277 0.04242533 -0.11124747 0.54117647 0.42352941 0.64313725
v -0.03753154 0.06000678 -0.08924846 0.54117647 0.42352941 0.64313725
v -0.03717617 0.06597108 -0.08068918 0.54117647 0.42352941 0.64313725
v -0.03693422 0.07042510 -0.07151984 0.54117647 0.42352941 0.64313725
v -0.03678300 0.07316834 -0.06221186 0.54117647 0.42352941 0.64313725
v -0.03672251 0.07434584 -0.05345847 0.54117647 0.42352941 0.64313725
v -0.03665446 0.07448663 -0.05254339 0.54117647 0.42352941 0.64313725
v -0.03579249 0.07579638 -0.05254339 0.54117647 0.42352941 0.64313725
v -0.03556567 0.07603956 -0.05254339 0.54117647 0.42352941 0.64313725
v -0.03824228 0.04242533 -0.10441668 0.54117647 0.42352941 0.64313725
v -0.03166415 0.06512208 -0.05254339 0.54117647 0.42352941 0.64313725
v -0.03406101 0.06663235 -0.05254339 0.54117647 0.42352941 0.64313725
v -0.03898326 0.04242533 -0.10886270 0.54117647 0.42352941 0.64313725
v -0.03747105 0.06420056 -0.08093875 0.54117647 0.42352941 0.64313725
v -0.03736520 0.06866739 -0.07171395 0.54117647 0.42352941 0.64313725
v -0.03730471 0.07141915 -0.06234127 0.54117647 0.42352941 0.64313725
v -0.03728203 0.07259665 -0.05351393 0.54117647 0.42352941 0.64313725
v -0.03728203 0.07263078 -0.05254339 0.54117647 0.42352941 0.64313725
v -0.03676787 0.07421358 -0.05254339 0.54117647 0.42352941 0.64313725
v -0.03670738 0.07436290 -0.05254339 0.54117647 0.42352941 0.64313725
v -0.03830277 0.04242533 -0.10452760 0.54117647 0.42352941 0.64313725
v -0.03437858 0.06693526 -0.05254339 0.54117647 0.42352941 0.64313725
v -0.03903619 0.04242533 -0.10743923 0.54117647 0.42352941 0.64313725
v -0.03727447 0.07248146 -0.05254339 0.54117647 0.42352941 0.64313725
v -0.03871107 0.04242533 -0.10547042 0.54117647 0.42352941 0.64313725
v -0.03643519 0.06911108 -0.05254339 0.54117647 0.42352941 0.64313725
v -0.03894546 0.04242533 -0.10655188 0.54117647 0.42352941 0.64313725
v -0.03717617 0.07077067 -0.05254339 0.54117647 0.42352941 0.64313725
v -0.03718373 0.07089866 -0.05254339 0.54117647 0.42352941 0.64313725
v -0.03885473 0.04242533 -0.10595107 0.54117647 0.42352941 0.64313725
v -0.03646543 0.06916654 -0.05254339 0.54117647 0.42352941 0.64313725
v -0.03651080 0.06926467 -0.05254339 0.54117647 0.42352941 0.64313725
v -0.04240547 -0.00290046 -0.14987752 0.43529412 0.89019608 0.96078431
v -0.04226427 0.00042682 -0.17300031 0.43529412 0.89019608 0.96078431
v -0.04204832 -0.00428960 -0.17299265 0.43529412 0.89019608 0.96078431
v -0.04147522 -0.00931378 -0.15063602 0.43529412 0.89019608 0.96078431
v -0.04232241 -0.00272578 -0.14312763 0.43529412 0.89019608 0.96078431
v -0.04221443 0.00759709 -0.13383408 0.43529412 0.89019608 0.96078431
v -0.04233072 0.00354613 -0.14910369 0.43529412 0.89019608 0.96078431
v -0.04002170 -0.01358101 -0.17300031 0.43529412 0.89019608 0.96078431
v -0.04130910 -0.00893114 -0.17299265 0.43529412 0.89019608 0.96078431
v -0.04204832 0.01800314 -0.12571275 0.43529412 0.89019608 0.96078431
v -0.04194034 0.00523473 -0.17299265 0.43529412 0.89019608 0.96078431
v -0.04110146 0.00985964 -0.17300031 0.43529412 0.89019608 0.96078431
v -0.03955658 -0.01551915 -0.15137154 0.43529412 0.89019608 0.96078431
v -0.04077753 -0.01154305 -0.14443010 0.43529412 0.89019608 0.96078431
v -0.04106823 -0.00989605 -0.14419259 0.43529412 0.89019608 0.96078431
v -0.04227258 -0.00303355 -0.14317360 0.43529412 0.89019608 0.96078431
v -0.04177422 -0.00341619 -0.13922020 0.43529412 0.89019608 0.96078431
v -0.04213138 0.00933559 -0.12998028 0.43529412 0.89019608 0.96078431
v -0.03601831 -0.02210715 -0.17300031 0.43529412 0.89019608 0.96078431
v -0.03825257 -0.01797301 -0.17299265 0.43529412 0.89019608 0.96078431
v -0.03902501 -0.01605983 -0.17299265 0.43529412 0.89019608 0.96078431
v -0.04186559 0.01263791 -0.12621076 0.43529412 0.89019608 0.96078431
v -0.04166625 0.02268628 -0.12192025 0.43529412 0.89019608 0.96078431
v -0.04137555 0.02425842 -0.12458650 0.43529412 0.89019608 0.96078431
v -0.04097687 0.02801824 -0.12167508 0.43529412 0.89019608 0.96078431
v -0.04059480 0.03162001 -0.11888624 0.43529412 0.89019608 0.96078431
v -0.03973930 0.01439305 -0.17300031 0.43529412 0.89019608 0.96078431
v -0.03898348 0.04242533 -0.10887250 0.43529412 0.89019608 0.96078431
v -0.04004662 -0.01340633 -0.14470593 0.43529412 0.89019608 0.96078431
v -0.03752166 -0.01983628 -0.14565597 0.43529412 0.89019608 0.96078431
v -0.04081075 -0.00859010 -0.13993273 0.43529412 0.89019608 0.96078431
v -0.03933232 -0.01361428 -0.14060695 0.43529412 0.89019608 0.96078431
v -0.04097687 -0.00291709 -0.13521317 0.43529412 0.89019608 0.96078431
v -0.04135063 0.00403691 -0.13062385 0.43529412 0.89019608 0.96078431
v -0.04184898 0.00225682 -0.13450064 0.43529412 0.89019608 0.96078431
v -0.02483870 -0.03419347 -0.17300031 0.43529412 0.89019608 0.96078431
v -0.03017102 -0.02959351 -0.17299265 0.43529412 0.89019608 0.96078431
v -0.03260462 -0.02682356 -0.17299265 0.43529412 0.89019608 0.96078431
v -0.03326909 -0.02605829 -0.17299265 0.43529412 0.89019608 0.96078431
v -0.03297838 -0.02671542 -0.15269700 0.43529412 0.89019608 0.96078431
v -0.03669938 -0.02136683 -0.15206108 0.43529412 0.89019608 0.96078431
v -0.04141708 0.01751237 -0.12241825 0.43529412 0.89019608 0.96078431
v -0.04077753 0.00745568 -0.12683901 0.43529412 0.89019608 0.96078431
v -0.04081906 0.02375933 -0.11844187 0.43529412 0.89019608 0.96078431
v -0.03885058 0.04242533 -0.10596108 0.43529412 0.89019608 0.96078431
v -0.04097687 0.02864210 -0.11792088 0.43529412 0.89019608 0.96078431
v -0.04003001 0.03554619 -0.11350778 0.43529412 0.89019608 0.96078431
v -0.03903331 0.04242533 -0.10744744 0.43529412 0.89019608 0.96078431
v -0.03890873 0.01650587 -0.17300031 0.43529412 0.89019608 0.96078431
v -0.03860972 0.04242533 -0.11125526 0.43529412 0.89019608 0.96078431
v -0.03276243 -0.02707310 -0.14672859 0.43529412 0.89019608 0.96078431
v -0.03478905 -0.02300551 -0.14181749 0.43529412 0.89019608 0.96078431
v -0.03733062 -0.01843883 -0.14123520 0.43529412 0.89019608 0.96078431
v -0.03970608 -0.00791632 -0.13589505 0.43529412 0.89019608 0.96078431
v -0.03806153 -0.01272423 -0.13650032 0.43529412 0.89019608 0.96078431
v -0.04006323 -0.00099559 -0.13132872 0.43529412 0.89019608 0.96078431
v -0.01906617 -0.03763720 -0.17300031 0.43529412 0.89019608 0.96078431
v -0.02088514 -0.03673884 -0.17299265 0.43529412 0.89019608 0.96078431
v -0.02399981 -0.03473416 -0.17299265 0.43529412 0.89019608 0.96078431
v -0.02156621 -0.03667229 -0.14814599 0.43529412 0.89019608 0.96078431
v -0.02452308 -0.03450124 -0.14782420 0.43529412 0.89019608 0.96078431
v -0.02844342 -0.03160651 -0.14740281 0.43529412 0.89019608 0.96078431
v -0.02850986 -0.03119893 -0.17299265 0.43529412 0.89019608 0.96078431
v -0.04018782 0.01251314 -0.12305417 0.43529412 0.89019608 0.96078431
v -0.03824426 0.04242533 -0.10442876 0.43529412 0.89019608 0.96078431
v -0.03830240 0.04242533 -0.10454368 0.43529412 0.89019608 0.96078431
v -0.03870939 0.04242533 -0.10547840 0.43529412 0.89019608 0.96078431
v -0.03846852 -0.00575359 -0.13199529 0.43529412 0.89019608 0.96078431
v -0.03914959 0.00260618 -0.12755921 0.43529412 0.89019608 0.96078431
v -0.03894195 0.04242533 -0.10655869 0.43529412 0.89019608 0.96078431
v -0.03814459 0.04242533 -0.11363803 0.43529412 0.89019608 0.96078431
v -0.03782897 0.01870187 -0.17299265 0.43529412 0.89019608 0.96078431
v -0.03683228 0.02072319 -0.17299265 0.43529412 0.89019608 0.96078431
v -0.03523756 0.02322696 -0.17300031 0.43529412 0.89019608 0.96078431
v -0.02814441 -0.03105752 -0.14282882 0.43529412 0.89019608 0.96078431
v -0.03171590 -0.02723115 -0.14235381 0.43529412 0.89019608 0.96078431
v -0.03056970 -0.02577547 -0.13797136 0.43529412 0.89019608 0.96078431
v -0.03351826 -0.02169956 -0.13753464 0.43529412 0.89019608 0.96078431
v -0.03600169 -0.01733251 -0.13705196 0.43529412 0.89019608 0.96078431
v -0.03662463 -0.01027869 -0.13258523 0.43529412 0.89019608 0.96078431
v -0.01657443 -0.03887661 -0.17299265 0.43529412 0.89019608 0.96078431
v -0.01379198 -0.03988311 -0.17300031 0.43529412 0.89019608 0.96078431
v -0.01908278 -0.03770374 -0.16726941 0.43529412 0.89019608 0.96078431
v -0.02409948 -0.03440142 -0.14324255 0.43529412 0.89019608 0.96078431
v -0.02003795 -0.03738765 -0.14825325 0.43529412 0.89019608 0.96078431
v -0.01966419 -0.03720466 -0.14359499 0.43529412 0.89019608 0.96078431
v -0.03748013 0.04242533 -0.10324121 0.43529412 0.89019608 0.96078431
v -0.03725587 -0.00186900 -0.12824109 0.43529412 0.89019608 0.96078431
v -0.03641698 0.04242533 -0.10216091 0.43529412 0.89019608 0.96078431
v -0.03710637 0.04242533 -0.11617403 0.43529412 0.89019608 0.96078431
v -0.02418254 0.03465615 -0.17299265 0.43529412 0.89019608 0.96078431
v -0.02446494 0.03443988 -0.17300031 0.43529412 0.89019608 0.96078431
v -0.02790354 0.03173647 -0.17300031 0.43529412 0.89019608 0.96078431
v -0.02850986 0.03114587 -0.17299265 0.43529412 0.89019608 0.96078431
v -0.03125908 0.02844246 -0.17299265 0.43529412 0.89019608 0.96078431
v -0.03429070 0.02469928 -0.17299265 0.43529412 0.89019608 0.96078431
v -0.02330213 -0.03277938 -0.13869921 0.43529412 0.89019608 0.96078431
v -0.02716432 -0.02949369 -0.13836210 0.43529412 0.89019608 0.96078431
v -0.02923247 -0.02255633 -0.13386472 0.43529412 0.89019608 0.96078431
v -0.02600982 -0.02611651 -0.13419418 0.43529412 0.89019608 0.96078431
v -0.03204813 -0.01869669 -0.13350463 0.43529412 0.89019608 0.96078431
v -0.03449834 -0.01458751 -0.13307557 0.43529412 0.89019608 0.96078431
v -0.01412422 -0.04013265 -0.14865932 0.43529412 0.89019608 0.96078431
v -0.00826863 -0.04140534 -0.17300031 0.43529412 0.89019608 0.96078431
v -0.01212252 -0.04048202 -0.17299265 0.43529412 0.89019608 0.96078431
v -0.01904956 -0.03555765 -0.13898269 0.43529412 0.89019608 0.96078431
v -0.01488835 -0.03941729 -0.14387080 0.43529412 0.89019608 0.96078431
v -0.01445645 -0.03777029 -0.13921254 0.43529412 0.89019608 0.96078431
v -0.03524587 0.04242533 -0.10141774 0.43529412 0.89019608 0.96078431
v -0.03056970 -0.01380560 -0.12972744 0.43529412 0.89019608 0.96078431
v -0.03657479 0.04242533 -0.11728496 0.43529412 0.89019608 0.96078431
v -0.02007947 0.03718488 -0.17299265 0.43529412 0.89019608 0.96078431
v -0.01582691 0.03918124 -0.17300031 0.43529412 0.89019608 0.96078431
v -0.01832695 -0.03201411 -0.13473049 0.43529412 0.89019608 0.96078431
v -0.02236357 -0.02929406 -0.13448532 0.43529412 0.89019608 0.96078431
v -0.02786201 -0.01739074 -0.13007988 0.43529412 0.89019608 0.96078431
v -0.02135857 -0.02375415 -0.13066216 0.43529412 0.89019608 0.96078431
v -0.02480548 -0.02072633 -0.13038634 0.43529412 0.89019608 0.96078431
v -0.01318566 -0.04043211 -0.14870529 0.43529412 0.89019608 0.96078431
v -0.00755433 -0.04158002 -0.17300031 0.43529412 0.89019608 0.96078431
v -0.01141653 -0.04098943 -0.14878957 0.43529412 0.89019608 0.96078431
v -0.01419897 -0.03624806 -0.13702131 0.43529412 0.89019608 0.96078431
v -0.00958925 -0.03936739 -0.13938109 0.43529412 0.89019608 0.96078431
v -0.00986334 -0.04100607 -0.14406235 0.43529412 0.89019608 0.96078431
v -0.00943974 -0.03784516 -0.13717455 0.43529412 0.89019608 0.96078431
v -0.03383388 0.04242533 -0.10062859 0.43529412 0.89019608 0.96078431
v -0.03608475 0.04242533 -0.11829630 0.43529412 0.89019608 0.96078431
v -0.03533723 0.04242533 -0.11978265 0.43529412 0.89019608 0.96078431
v -0.01530364 0.03936424 -0.17299265 0.43529412 0.89019608 0.96078431
v -0.01134177 0.04071179 -0.17299265 0.43529412 0.89019608 0.96078431
v -0.01033677 0.04092806 -0.17300031 0.43529412 0.89019608 0.96078431
v -0.01336839 -0.02848720 -0.13109121 0.43529412 0.89019608 0.96078431
v -0.01753790 -0.02636606 -0.13089968 0.43529412 0.89019608 0.96078431
v -0.01393318 -0.03420179 -0.13492969 0.43529412 0.89019608 0.96078431
v -0.02724738 0.04242533 -0.09823050 0.43529412 0.89019608 0.96078431
v -0.03326909 0.04242533 -0.10038342 0.43529412 0.89019608 0.96078431
v 0.00195581 -0.04221220 -0.17300031 0.43529412 0.89019608 0.96078431
v -0.00277019 -0.04217061 -0.17299265 0.43529412 0.89019608 0.96078431
v -0.00296122 -0.04244511 -0.14900409 0.43529412 0.89019608 0.96078431
v -0.00761247 -0.04177966 -0.15433659 0.43529412 0.89019608 0.96078431
v -0.00468052 -0.04194602 -0.14418493 0.43529412 0.89019608 0.96078431
v -0.00926532 -0.03579057 -0.13507526 0.43529412 0.89019608 0.96078431
v -0.00448949 -0.03878511 -0.13725882 0.43529412 0.89019608 0.96078431
v -0.00455593 -0.04030734 -0.13947304 0.43529412 0.89019608 0.96078431
v -0.00441474 -0.03673052 -0.13515953 0.43529412 0.89019608 0.96078431
v -0.03428239 0.04242533 -0.12117707 0.43529412 0.89019608 0.96078431
v -0.00196452 0.04221738 -0.17299265 0.43529412 0.89019608 0.96078431
v -0.00521209 0.04188465 -0.17299265 0.43529412 0.89019608 0.96078431
v -0.00664069 0.04173492 -0.17300031 0.43529412 0.89019608 0.96078431
v -0.00891648 -0.03004270 -0.13123678 0.43529412 0.89019608 0.96078431
v -0.01749637 0.04242533 -0.09628445 0.43529412 0.89019608 0.96078431
v -0.02544502 0.04242533 -0.09774782 0.43529412 0.89019608 0.96078431
v 0.00431466 -0.04224547 -0.15439022 0.43529412 0.89019608 0.96078431
v 0.00142424 -0.04252830 -0.14901175 0.43529412 0.89019608 0.96078431
v 0.00007870 -0.04255325 -0.14901942 0.43529412 0.89019608 0.96078431
v 0.01431484 -0.03970011 -0.17300031 0.43529412 0.89019608 0.96078431
v 0.00662367 -0.04173807 -0.17299265 0.43529412 0.89019608 0.96078431
v 0.00313524 -0.04209575 -0.17299265 0.43529412 0.89019608 0.96078431
v -0.00166552 -0.04243679 -0.15441320 0.43529412 0.89019608 0.96078431
v 0.00007870 -0.04235361 -0.14517328 0.43529412 0.89019608 0.96078431
v 0.00007040 -0.04175470 -0.14227719 0.43529412 0.89019608 0.96078431
v -0.00426523 -0.03096601 -0.13132106 0.43529412 0.89019608 0.96078431
v 0.00007040 -0.04057352 -0.13950368 0.43529412 0.89019608 0.96078431
v 0.00006209 -0.03902633 -0.13730479 0.43529412 0.89019608 0.96078431
v 0.00006209 -0.03880175 -0.13699067 0.43529412 0.89019608 0.96078431
v 0.00004548 -0.03643938 -0.13471516 0.43529412 0.89019608 0.96078431
v 0.00003717 -0.03334501 -0.13254693 0.43529412 0.89019608 0.96078431
v 0.00005378 -0.03697174 -0.13522083 0.43529412 0.89019608 0.96078431
v -0.03228070 0.04242533 -0.12375137 0.43529412 0.89019608 0.96078431
v 0.00276148 0.04216747 -0.17299265 0.43529412 0.89019608 0.96078431
v -0.00002097 0.04219242 -0.17300031 0.43529412 0.89019608 0.96078431
v -0.03123416 0.04242533 -0.12476271 0.43529412 0.89019608 0.96078431
v -0.02976404 0.04242533 -0.12617245 0.43529412 0.89019608 0.96078431
v -0.02782048 0.04242533 -0.12803422 0.43529412 0.89019608 0.96078431
v -0.02184861 0.04242533 -0.13276911 0.43529412 0.89019608 0.96078431
v -0.01099293 0.04242533 -0.14077551 0.43529412 0.89019608 0.96078431
v -0.00581011 0.04242533 -0.14456035 0.43529412 0.89019608 0.96078431
v -0.00086816 0.04242533 -0.14696610 0.43529412 0.89019608 0.96078431
v 0.00391598 0.04242533 -0.14587049 0.43529412 0.89019608 0.96078431
v 0.00873335 0.04242533 -0.14239211 0.43529412 0.89019608 0.96078431
v 0.01814382 0.04242533 -0.13526680 0.43529412 0.89019608 0.96078431
v 0.02151597 0.04242533 -0.13263120 0.43529412 0.89019608 0.96078431
v 0.02614230 0.04242533 -0.12890765 0.43529412 0.89019608 0.96078431
v -0.00675697 0.04242533 -0.09498963 0.43529412 0.89019608 0.96078431
v -0.00816065 0.04242533 -0.09511988 0.43529412 0.89019608 0.96078431
v -0.01334347 0.04242533 -0.09572515 0.43529412 0.89019608 0.96078431
v 0.00624161 -0.04208743 -0.14895046 0.43529412 0.89019608 0.96078431
v 0.00623330 -0.04173807 -0.14415429 0.43529412 0.89019608 0.96078431
v 0.01559394 -0.03958366 -0.14858271 0.43529412 0.89019608 0.96078431
v 0.01133306 -0.04070661 -0.17299265 0.43529412 0.89019608 0.96078431
v 0.00879979 -0.04126393 -0.17299265 0.43529412 0.89019608 0.96078431
v 0.02006246 -0.03718802 -0.17300031 0.43529412 0.89019608 0.96078431
v 0.01581819 -0.03918438 -0.17299265 0.43529412 0.89019608 0.96078431
v 0.01020347 -0.04121402 -0.15426763 0.43529412 0.89019608 0.96078431
v 0.00615024 -0.04113084 -0.14177152 0.43529412 0.89019608 0.96078431
v 0.00002056 -0.03120724 -0.13139002 0.43529412 0.89019608 0.96078431
v 0.00002056 -0.02929406 -0.13036336 0.43529412 0.89019608 0.96078431
v -0.00251271 0.04242533 -0.09477511 0.43529412 0.89019608 0.96078431
v 0.00605057 -0.04009938 -0.13945005 0.43529412 0.89019608 0.96078431
v 0.00595090 -0.03857716 -0.13724350 0.43529412 0.89019608 0.96078431
v 0.00582632 -0.03652257 -0.13514422 0.43529412 0.89019608 0.96078431
v 0.00556884 -0.03075806 -0.13129808 0.43529412 0.89019608 0.96078431
v 0.00517016 0.04187633 -0.17300031 0.43529412 0.89019608 0.96078431
v 0.03011248 0.04242533 -0.12513813 0.43529412 0.89019608 0.96078431
v 0.03078525 0.04242533 -0.12435664 0.43529412 0.89019608 0.96078431
v 0.03293645 0.04242533 -0.12183597 0.43529412 0.89019608 0.96078431
v 0.03361753 0.04242533 -0.12081697 0.43529412 0.89019608 0.96078431
v 0.03500459 0.04242533 -0.11868704 0.43529412 0.89019608 0.96078431
v 0.01099252 -0.04110589 -0.14880489 0.43529412 0.89019608 0.96078431
v 0.01238790 -0.04029902 -0.14397807 0.43529412 0.89019608 0.96078431
v 0.01861725 -0.03818620 -0.14837584 0.43529412 0.89019608 0.96078431
v 0.01824349 -0.03793666 -0.14367926 0.43529412 0.89019608 0.96078431
v 0.02416552 -0.03466761 -0.17300031 0.43529412 0.89019608 0.96078431
v 0.02125019 -0.03672220 -0.15373132 0.43529412 0.89019608 0.96078431
v 0.01999601 -0.03754570 -0.14827624 0.43529412 0.89019608 0.96078431
v 0.01957242 -0.03742093 -0.17299265 0.43529412 0.89019608 0.96078431
v 0.01222178 -0.03969179 -0.14160297 0.43529412 0.89019608 0.96078431
v 0.00111693 0.04242533 -0.09473680 0.43529412 0.89019608 0.96078431
v -0.00030336 0.04242533 -0.09472914 0.43529412 0.89019608 0.96078431
v 0.01202244 -0.03865202 -0.13930448 0.43529412 0.89019608 0.96078431
v 0.01180649 -0.03712979 -0.13709793 0.43529412 0.89019608 0.96078431
v 0.01158224 -0.03508352 -0.13501396 0.43529412 0.89019608 0.96078431
v 0.01107558 -0.02934397 -0.13116783 0.43529412 0.89019608 0.96078431
v 0.01550257 0.04242533 -0.09591669 0.43529412 0.89019608 0.96078431
v 0.00770343 0.04242533 -0.09512754 0.43529412 0.89019608 0.96078431
v 0.00366681 0.04242533 -0.09484406 0.43529412 0.89019608 0.96078431
v 0.00754562 0.04157688 -0.17299265 0.43529412 0.89019608 0.96078431
v 0.01211381 0.04048719 -0.17299265 0.43529412 0.89019608 0.96078431
v 0.01525340 0.03934761 -0.17300031 0.43529412 0.89019608 0.96078431
v 0.03573550 0.04242533 -0.11707044 0.43529412 0.89019608 0.96078431
v 0.02087643 0.03673570 -0.17299265 0.43529412 0.89019608 0.96078431
v 0.01998771 0.03717656 -0.17299265 0.43529412 0.89019608 0.96078431
v 0.01656572 0.03887347 -0.17299265 0.43529412 0.89019608 0.96078431
v 0.02368379 -0.03473416 -0.14342643 0.43529412 0.89019608 0.96078431
v 0.01797770 -0.03732943 -0.14133481 0.43529412 0.89019608 0.96078431
v 0.02522867 -0.03423506 -0.14778590 0.43529412 0.89019608 0.96078431
v 0.02419875 -0.03498370 -0.14790082 0.43529412 0.89019608 0.96078431
v 0.03874220 -0.01682510 -0.17300031 0.43529412 0.89019608 0.96078431
v 0.03124206 -0.02844560 -0.17299265 0.43529412 0.89019608 0.96078431
v 0.02887491 -0.03078302 -0.17299265 0.43529412 0.89019608 0.96078431
v 0.02789483 -0.03173961 -0.17299265 0.43529412 0.89019608 0.96078431
v 0.02114221 -0.03684698 -0.14817664 0.43529412 0.89019608 0.96078431
v 0.02371701 -0.03475079 -0.14370225 0.43529412 0.89019608 0.96078431
v 0.01767869 -0.03629797 -0.13905930 0.43529412 0.89019608 0.96078431
v 0.01734646 -0.03477574 -0.13687574 0.43529412 0.89019608 0.96078431
v 0.01698931 -0.03274611 -0.13479944 0.43529412 0.89019608 0.96078431
v 0.01622518 -0.02707310 -0.13096097 0.43529412 0.89019608 0.96078431
v 0.01671522 0.04242533 -0.09613888 0.43529412 0.89019608 0.96078431
v 0.02850115 0.03119578 -0.17300031 0.43529412 0.89019608 0.96078431
v 0.03625877 0.04242533 -0.11581393 0.43529412 0.89019608 0.96078431
v 0.02482999 0.03419033 -0.17299265 0.43529412 0.89019608 0.96078431
v 0.02701441 -0.03219711 -0.14337280 0.43529412 0.89019608 0.96078431
v 0.02610077 -0.03076638 -0.13882946 0.43529412 0.89019608 0.96078431
v 0.02294457 -0.03323688 -0.13912060 0.43529412 0.89019608 0.96078431
v 0.02287813 -0.03309547 -0.13872986 0.43529412 0.89019608 0.96078431
v 0.02851776 -0.03153997 -0.14738750 0.43529412 0.89019608 0.96078431
v 0.03890001 -0.01649237 -0.17300031 0.43529412 0.89019608 0.96078431
v 0.03756278 -0.01981133 -0.15172397 0.43529412 0.89019608 0.96078431
v 0.03683187 -0.02070969 -0.17299265 0.43529412 0.89019608 0.96078431
v 0.03607604 -0.02189920 -0.17299265 0.43529412 0.89019608 0.96078431
v 0.03428199 -0.02470242 -0.17299265 0.43529412 0.89019608 0.96078431
v 0.03160752 -0.02841233 -0.14692779 0.43529412 0.89019608 0.96078431
v 0.03059421 -0.02939388 -0.15286556 0.43529412 0.89019608 0.96078431
v 0.02193957 -0.02961015 -0.13450830 0.43529412 0.89019608 0.96078431
v 0.02093457 -0.02421997 -0.13076942 0.43529412 0.89019608 0.96078431
v 0.02505424 0.04242533 -0.09774782 0.43529412 0.89019608 0.96078431
v 0.03643319 0.04242533 -0.11539254 0.43529412 0.89019608 0.96078431
v 0.02869218 0.03102110 -0.17300031 0.43529412 0.89019608 0.96078431
v 0.03002942 -0.02931070 -0.14300504 0.43529412 0.89019608 0.96078431
v 0.02898289 -0.02793820 -0.13853065 0.43529412 0.89019608 0.96078431
v 0.02499610 -0.02748901 -0.13459258 0.43529412 0.89019608 0.96078431
v 0.03062744 -0.02941052 -0.14707337 0.43529412 0.89019608 0.96078431
v 0.03890001 -0.01690828 -0.14522691 0.43529412 0.89019608 0.96078431
v 0.04065254 -0.01142660 -0.17300031 0.43529412 0.89019608 0.96078431
v 0.04052795 -0.01195896 -0.17299265 0.43529412 0.89019608 0.96078431
v 0.03997146 -0.01439619 -0.15107274 0.43529412 0.89019608 0.96078431
v 0.03679034 -0.02116719 -0.14585517 0.43529412 0.89019608 0.96078431
v 0.03441488 -0.02484383 -0.15232158 0.43529412 0.89019608 0.96078431
v 0.03339327 -0.02618306 -0.14659835 0.43529412 0.89019608 0.96078431
v 0.03273711 -0.02613315 -0.14259898 0.43529412 0.89019608 0.96078431
v 0.02638317 -0.01961169 -0.13049361 0.43529412 0.89019608 0.96078431
v 0.03409095 0.04242533 -0.10089675 0.43529412 0.89019608 0.96078431
v 0.02960582 0.04242533 -0.09918054 0.43529412 0.89019608 0.96078431
v 0.03712257 0.04242533 -0.11325495 0.43529412 0.89019608 0.96078431
v 0.03158260 0.02807646 -0.17299265 0.43529412 0.89019608 0.96078431
v 0.02929020 0.03045546 -0.17299265 0.43529412 0.89019608 0.96078431
v 0.03450624 0.02439151 -0.17300031 0.43529412 0.89019608 0.96078431
v 0.03157430 -0.02485215 -0.13820120 0.43529412 0.89019608 0.96078431
v 0.02772040 -0.02476897 -0.13433975 0.43529412 0.89019608 0.96078431
v 0.04048642 -0.01255787 -0.14458334 0.43529412 0.89019608 0.96078431
v 0.03885018 -0.01526128 -0.14119690 0.43529412 0.89019608 0.96078431
v 0.04160770 -0.00738396 -0.17300031 0.43529412 0.89019608 0.96078431
v 0.04159109 -0.00870655 -0.15039851 0.43529412 0.89019608 0.96078431
v 0.03581856 -0.02269774 -0.14608502 0.43529412 0.89019608 0.96078431
v 0.03512088 -0.02270606 -0.14216227 0.43529412 0.89019608 0.96078431
v 0.03439827 -0.02492701 -0.14641446 0.43529412 0.89019608 0.96078431
v 0.03086830 -0.01398028 -0.12994963 0.43529412 0.89019608 0.96078431
v 0.03520393 0.04242533 -0.10156331 0.43529412 0.89019608 0.96078431
v 0.03766245 0.04242533 -0.11105606 0.43529412 0.89019608 0.96078431
v 0.03525377 0.02329351 -0.17300031 0.43529412 0.89019608 0.96078431
v 0.03386670 -0.02155815 -0.13784111 0.43529412 0.89019608 0.96078431
v 0.03239657 -0.01871333 -0.13376512 0.43529412 0.89019608 0.96078431
v 0.04086018 -0.01107723 -0.14436881 0.43529412 0.89019608 0.96078431
v 0.04020402 -0.01131846 -0.14066825 0.43529412 0.89019608 0.96078431
v 0.03826047 -0.01502005 -0.13908995 0.43529412 0.89019608 0.96078431
v 0.04177382 -0.00636082 -0.17300031 0.43529412 0.89019608 0.96078431
v 0.04238014 -0.00347441 -0.14671327 0.43529412 0.89019608 0.96078431
v 0.04157448 -0.00822410 -0.14394742 0.43529412 0.89019608 0.96078431
v 0.03464744 -0.00781651 -0.12924476 0.43529412 0.89019608 0.96078431
v 0.03615079 0.04242533 -0.10218390 0.43529412 0.89019608 0.96078431
v 0.03801129 0.04242533 -0.10920961 0.43529412 0.89019608 0.96078431
v 0.03762923 0.01922592 -0.17300031 0.43529412 0.89019608 0.96078431
v 0.03759600 -0.01442946 -0.13702131 0.43529412 0.89019608 0.96078431
v 0.03687340 -0.01344792 -0.13499864 0.43529412 0.89019608 0.96078431
v 0.03613418 -0.01202551 -0.13303727 0.43529412 0.89019608 0.96078431
v 0.04122564 -0.00725919 -0.14010895 0.43529412 0.89019608 0.96078431
v 0.04076051 -0.00715937 -0.13807096 0.43529412 0.89019608 0.96078431
v 0.04024555 -0.00675178 -0.13604063 0.43529412 0.89019608 0.96078431
v 0.04222233 -0.00167769 -0.17300031 0.43529412 0.89019608 0.96078431
v 0.04227217 -0.00274241 -0.14313529 0.43529412 0.89019608 0.96078431
v 0.04222233 -0.00387369 -0.14330385 0.43529412 0.89019608 0.96078431
v 0.04176551 -0.00694310 -0.14375588 0.43529412 0.89019608 0.96078431
v 0.04225556 0.00021054 -0.17300031 0.43529412 0.89019608 0.96078431
v 0.04244659 0.00122536 -0.14254535 0.43529412 0.89019608 0.96078431
v 0.04189841 -0.00311673 -0.13953432 0.43529412 0.89019608 0.96078431
v 0.03794485 -0.00111205 -0.12831005 0.43529412 0.89019608 0.96078431
v 0.03644980 0.04242533 -0.10247504 0.43529412 0.89019608 0.96078431
v 0.03819402 0.04242533 -0.10744744 0.43529412 0.89019608 0.96078431
v 0.04069407 0.01139018 -0.17299265 0.43529412 0.89019608 0.96078431
v 0.04045320 0.01209723 -0.17299265 0.43529412 0.89019608 0.96078431
v 0.03917411 0.01584041 -0.17300031 0.43529412 0.89019608 0.96078431
v 0.03826877 0.01791164 -0.17299265 0.43529412 0.89019608 0.96078431
v 0.03968076 -0.00597819 -0.13405626 0.43529412 0.89019608 0.96078431
v 0.03909935 -0.00479701 -0.13211021 0.43529412 0.89019608 0.96078431
v 0.03940667 0.00251468 -0.12777373 0.43529412 0.89019608 0.96078431
v 0.04117580 -0.00274241 -0.13550431 0.43529412 0.89019608 0.96078431
v 0.04124225 0.00305536 -0.13102992 0.43529412 0.89019608 0.96078431
v 0.04031200 -0.00095400 -0.13158156 0.43529412 0.89019608 0.96078431
v 0.04222233 0.00107563 -0.13895204 0.43529412 0.89019608 0.96078431
v 0.04197316 0.00490200 -0.17300031 0.43529412 0.89019608 0.96078431
v 0.04238014 0.00294723 -0.14926459 0.43529412 0.89019608 0.96078431
v 0.04178213 0.01146505 -0.13001859 0.43529412 0.89019608 0.96078431
v 0.04200638 0.00559241 -0.13439338 0.43529412 0.89019608 0.96078431
v 0.04179874 0.00138341 -0.13494501 0.43529412 0.89019608 0.96078431
v 0.03855117 0.00768859 -0.12398889 0.43529412 0.89019608 0.96078431
v 0.03703121 0.04242533 -0.10304200 0.43529412 0.89019608 0.96078431
v 0.03820233 0.04242533 -0.10575422 0.43529412 0.89019608 0.96078431
v 0.04009605 0.02922437 -0.11798983 0.43529412 0.89019608 0.96078431
v 0.04027877 0.02752747 -0.12168274 0.43529412 0.89019608 0.96078431
v 0.03945650 0.03310897 -0.11764506 0.43529412 0.89019608 0.96078431
v 0.04170737 0.00678191 -0.17300031 0.43529412 0.89019608 0.96078431
v 0.04061932 0.00638264 -0.12721443 0.43529412 0.89019608 0.96078431
v 0.03996315 0.01138187 -0.12341426 0.43529412 0.89019608 0.96078431
v 0.04172398 0.00721446 -0.13050127 0.43529412 0.89019608 0.96078431
v 0.04129208 0.01045023 -0.12669344 0.43529412 0.89019608 0.96078431
v 0.04181535 0.00603327 -0.17300031 0.43529412 0.89019608 0.96078431
v 0.04144159 0.01576555 -0.12958953 0.43529412 0.89019608 0.96078431
v 0.04151634 0.01460932 -0.12622608 0.43529412 0.89019608 0.96078431
v 0.03767906 0.04242533 -0.10403801 0.43529412 0.89019608 0.96078431
v 0.03805282 0.04242533 -0.10492676 0.43529412 0.89019608 0.96078431
v 0.04101799 0.01930910 -0.12241059 0.43529412 0.89019608 0.96078431
v 0.04074390 0.01530805 -0.12288562 0.43529412 0.89019608 0.96078431



vn -0.15392256 -0.98750418 0.03381338
vn -0.97426790 -0.00509278 0.22533559
vn -0.98935851 0.00070806 0.14549652
vn -0.99737495 -0.01007335 0.07170586
vn -0.99816523 -0.01184652 0.05937874
vn -0.99818455 -0.04073729 -0.04436298
vn -0.90576053 -0.28704328 -0.31177559
vn -0.74025109 -0.45065765 -0.49893488
vn -0.53899205 -0.57104829 -0.61918609
vn -0.34172994 -0.62646240 -0.70054658
vn -0.13582738 -0.58356556 -0.80062610
vn 0.03118859 -0.47338718 -0.88030213
vn 0.20459959 -0.75455747 -0.62352388
vn 0.33144619 -0.80180939 -0.49723749
vn 0.43652585 -0.81638363 -0.37810441
vn 0.52443869 -0.81218930 -0.25556331
vn 0.62859398 -0.76793214 -0.12308464
vn 0.72981718 -0.68362737 -0.00452732
vn 0.39109702 -0.91246498 0.12021138
vn 0.47799977 -0.81991399 0.31505123
vn 0.31355921 -0.87012300 0.38021912
vn 0.24405678 -0.82559356 0.50875491
vn 0.11486695 -0.73697357 0.66608974
vn -0.08141329 -0.69503633 0.71435032
vn -0.30376400 -0.33643136 0.89137050
vn -0.54986304 -0.17604071 0.81649269
vn -0.76041524 -0.09758389 0.64206390
vn -0.89531425 -0.02967116 0.44444573
vn -0.92905805 -0.00519260 0.36989751
vn -0.95721764 0.01012617 0.28919170
vn -0.96391007 0.00116091 0.26622553
vn -0.96446166 0.01495196 0.26379945
vn -0.98623333 0.00790263 0.16517072
vn -0.97630919 0.07635174 0.20246180
vn -0.99409066 0.05047602 0.09610376
vn -0.99779068 0.00432151 0.06629545
vn -0.99994668 -0.00704968 -0.00754611
vn -0.73660044 -0.00098557 -0.67632745
vn -0.99549129 -0.05501150 -0.07727106
vn -0.99465014 -0.06001954 -0.08407589
vn -0.91765995 -0.22323974 -0.32873126
vn -0.75433386 -0.33232332 -0.56616397
vn -0.69900008 -0.36100558 -0.61731181
vn -0.49191155 -0.38015303 -0.78326669
vn -0.36813546 -0.35202074 -0.86055661
vn -0.32049722 -0.34356167 -0.88274963
vn -0.28025690 -0.34631958 -0.89527583
vn -0.18708333 -0.29993745 -0.93543431
vn -0.16474922 -0.29160789 -0.94224335
vn -0.11037722 -0.27074583 -0.95630202
vn -0.10618612 -0.26910386 -0.95723958
vn -0.06625181 -0.25321850 -0.96513786
vn -0.05866792 -0.26693128 -0.96192815
vn -0.04112286 -0.24049929 -0.96977781
vn -0.02797233 -0.23327092 -0.97200938
vn -0.01820882 -0.22787185 -0.97352086
vn -0.00901296 -0.22276144 -0.97483132
vn -0.00447019 -0.22022786 -0.97543821
vn 0.00369615 -0.21565834 -0.97646189
vn 0.00884573 -0.21276694 -0.97706294
vn 0.01720021 -0.20805972 -0.97796488
vn 0.03435172 -0.19833261 -0.97953261
vn 0.05152114 -0.18850988 -0.98071892
vn 0.06922876 -0.17828942 -0.98153974
vn 0.15328061 -0.25761049 -0.95401357
vn 0.10745571 -0.16838067 -0.97984755
vn 0.11545827 -0.16256579 -0.97991926
vn 0.35380536 -0.31651425 -0.88013663
vn 0.18057080 -0.15218893 -0.97171638
vn 0.57187205 -0.34100393 -0.74610903
vn 0.73482500 -0.29745021 -0.60955360
vn 0.87868164 -0.19140328 -0.43735953
vn 0.99849907 -0.00274634 -0.05469980
vn 0.99506368 0.01004287 0.09872898
vn 0.98288116 -0.00658769 0.18412287
vn 0.99978081 -0.00420718 -0.02050950
vn 0.99994105 0.00861298 -0.00661147
vn 0.97326532 0.00616904 0.22960086
vn 0.95117593 0.01146496 0.30843623
vn 0.90468813 -0.00600673 0.42603205
vn 0.88572688 0.00709619 0.46415250
vn 0.86400056 0.00477805 0.50346817
vn 0.79722211 0.00639625 0.60365222
vn 0.79537289 0.00054435 0.60612017
vn 0.76782201 0.00831191 0.64060930
vn 0.73934935 -0.00695285 0.67328612
vn 0.64820130 0.00968755 0.76140740
vn 0.60291676 0.00268736 0.79779957
vn 0.54375636 -0.00694196 0.83921442
vn 0.46739612 0.00880228 0.88400418
vn 0.41439857 0.00347903 0.91008885
vn 0.34110284 0.00393203 0.94001776
vn 0.37237292 -0.00237177 0.92808016
vn 0.29416338 -0.00835038 0.95571867
vn 0.26705046 0.00594725 0.96366420
vn 0.17480172 0.00201206 0.98460160
vn 0.09344416 0.00277236 0.99562066
vn 0.05569804 -0.00666270 0.99842543
vn -0.04280031 0.00070516 0.99908340
vn -0.08152276 0.00067168 0.99667125
vn -0.17948310 -0.00323358 0.98375574
vn -0.20410853 -0.00559648 0.97893227
vn -0.25532295 -0.00241484 0.96685281
vn -0.26407737 0.01459152 0.96439112
vn -0.32696327 0.00212329 0.94503466
vn -0.34418588 0.00323017 0.93889597
vn -0.43383911 0.00470164 0.90097809
vn -0.50735841 0.00046501 0.86173501
vn -0.59221990 0.00499725 0.80576089
vn -0.66068093 -0.00627119 0.75064065
vn -0.72678522 0.00593131 0.68683918
vn -0.78770137 -0.00113783 0.61605621
vn -0.84384356 -0.00271540 0.53658241
vn -0.89013274 0.04031378 0.45391464
vn -0.92482520 0.03081531 0.37914213
vn -0.91966663 0.14288596 0.36578259
vn -0.95928340 0.13308103 0.24912807
vn -0.98952900 0.09700962 0.10687134
vn -0.99983324 0.01825476 0.00050777
vn -0.99994032 0.01028435 -0.00368662
vn -0.98882163 0.14910098 0.00082189
vn -0.95950135 0.28167552 0.00400777
vn -0.93859786 0.34484891 -0.01064346
vn -0.99963177 0.02701403 0.00256442
vn -0.99916261 0.04061288 0.00496728
vn -0.99812055 0.06090906 0.00674195
vn -0.99449764 0.10425994 0.01021322
vn -0.98059069 0.19588802 0.00835325
vn 0.11243959 0.02222375 -0.99341001
vn 0.97286133 0.23136433 0.00337454
vn 0.99690465 0.07859329 -0.00205237
vn 0.99423977 0.10692854 0.00731929
vn 0.99693151 0.07777750 0.00884423
vn 0.99836213 0.05675529 0.00720313
vn 0.99918783 0.03994560 0.00529378
vn 0.99956912 0.02916927 0.00327575
vn 0.99982201 0.01826331 -0.00473375
vn 0.99879487 0.02163776 0.04405230
vn 0.99517914 0.02568047 0.09465199
vn 0.98904406 0.02886497 0.14477109
vn 0.98312618 0.02478658 0.18124166
vn 0.99922972 0.02351360 0.03141783
vn 0.95780934 0.04384719 0.28403996
vn 0.92498063 0.02953729 0.37886460
vn 0.92302862 0.00696877 0.38466816
vn 0.88145199 0.05095964 0.46951625
vn 0.82411510 0.03051296 0.56559992
vn 0.76858447 0.05797325 0.63711617
vn 0.68220315 0.03118578 0.73049730
vn 0.71692591 0.00569400 0.69712611
vn 0.56058953 0.03030308 0.82753919
vn 0.52464454 0.00551977 0.85130349
vn 0.40855049 0.03771232 0.91195629
vn 0.32740448 0.01941784 0.94468474
vn 0.18279990 0.01511959 0.98303387
vn 0.06241473 0.03204584 0.99753570
vn 0.04822904 0.01707503 0.99869034
vn 0.03288086 0.00808717 0.99942656
vn 0.01368178 0.00365833 0.99989971
vn 0.04604371 0.00066685 0.99893920
vn -0.11037195 0.01763212 0.99373394
vn -0.13871475 0.05868072 0.98859233
vn -0.22641720 0.08185004 0.97058530
vn -0.24876657 0.08429048 0.96488875
vn -0.32469054 0.07984269 0.94244427
vn -0.39366003 0.09793889 0.91402394
vn -0.47297510 0.03791327 0.88025970
vn -0.49775040 0.07609007 0.86397618
vn -0.57445294 0.06997690 0.81554096
vn -0.64003316 0.06738695 0.76538654
vn -0.74176943 0.06149925 0.66782928
vn -0.74431872 0.06156382 0.66498086
vn -0.78254087 0.05575236 0.62009795
vn -0.66888923 0.05941711 0.74098367
vn -0.81414961 0.04762501 0.57869877
vn -0.81658767 0.04759298 0.57525602
vn -0.87199423 0.04653716 0.48729905
vn -0.83620300 0.18124935 0.51760333
vn -0.90861337 0.20397863 0.36443718
vn -0.95107347 0.19995506 0.23553605
vn -0.98459599 0.13957149 0.10531159
vn -0.90587391 0.42354499 -0.00144954
vn -0.93182537 0.36196908 0.02607404
vn -0.85479302 0.51883739 0.01168991
vn -0.86077612 0.50682304 -0.04684950
vn -0.97743719 0.18595918 0.10017846
vn -0.96661228 0.24372609 0.07910937
vn -0.94408026 0.32404643 0.06088004
vn 0.14470431 0.03780271 -0.98875256
vn 0.95566335 0.29444896 -0.00271562
vn 0.93704937 0.34846517 0.02259436
vn 0.96805572 0.25062930 0.00728561
vn 0.98339471 0.18123439 0.00943094
vn 0.94212165 0.33149376 0.05018658
vn 0.95500153 0.28640921 0.07708330
vn 0.96767521 0.23549250 0.09026614
vn 0.97802134 0.18303994 0.09985304
vn 0.98509713 0.13639105 0.10479082
vn 0.98968810 0.09611092 0.10620806
vn 0.99322725 0.05707457 0.10120334
vn 0.97943301 0.05040967 0.19537105
vn 0.92126210 0.14020639 0.36279238
vn 0.94427722 0.04708394 0.32576623
vn 0.95984680 0.13054440 0.24829877
vn 0.90271300 0.05311780 0.42695169
vn 0.83113893 0.17897811 0.52647404
vn 0.84844641 0.06216160 0.52561833
vn 0.79638533 0.06642759 0.60113042
vn 0.70170571 0.21825756 0.67821290
vn 0.69799812 0.07284489 0.71238490
vn 0.64072346 0.07499513 0.76410024
vn 0.60406645 0.07628416 0.79327452
vn 0.51097501 0.07953535 0.85590810
vn 0.47811361 0.09267052 0.87339541
vn 0.40809651 0.11523464 0.90563691
vn 0.32364696 0.11724572 0.93888556
vn 0.26374267 0.11827156 0.95731481
vn 0.21112697 0.03814388 0.97671411
vn 0.04106007 0.11816389 0.99214483
vn -0.07924604 0.16587388 0.98295774
vn -0.10250514 0.08252750 0.99130314
vn 0.10885151 0.11885266 0.98692725
vn -0.17898018 0.24644692 0.95248623
vn -0.37631970 0.24403572 0.89377293
vn -0.55555574 0.24398041 0.79487821
vn -0.71341981 0.21135665 0.66810219
vn -0.81430244 0.27178563 0.51287826
vn -0.89093578 0.29796980 0.34270605
vn -0.93430215 0.27790114 0.22327213
vn -0.80307428 0.59585159 0.00570824
vn -0.76839543 0.63996439 -0.00374733
vn -0.82963003 0.55210348 0.08304074
vn -0.77121235 0.63450538 0.05132665
vn -0.67768294 0.73527705 0.01065325
vn -0.76605725 0.64095787 -0.04826283
vn -0.90995674 0.36087810 0.20431769
vn -0.88224156 0.43938890 0.16907756
vn -0.83423101 0.53062014 0.15000297
vn 0.12212492 0.04553504 -0.99146965
vn 0.90568811 0.42394388 -0.00079544
vn 0.85599448 0.51677782 0.01463351
vn 0.71968293 0.69290264 0.04407274
vn 0.74394694 0.66310366 0.08268304
vn 0.80366153 0.58533753 0.10727589
vn 0.83779666 0.52572602 0.14733939
vn 0.87724933 0.44563171 0.17845446
vn 0.91061997 0.35898893 0.20469052
vn 0.93558043 0.27304832 0.22390594
vn 0.95186937 0.19554770 0.23602078
vn 0.90936537 0.19744645 0.36615504
vn 0.81543017 0.26352412 0.51539177
vn 0.69167757 0.33678873 0.63887048
vn 0.54873615 0.34967988 0.75935013
vn 0.54117057 0.23083128 0.80861074
vn 0.36183685 0.24063198 0.90064996
vn 0.19425890 0.24063899 0.95097653
vn 0.02429456 0.24798348 0.96845958
vn -0.03477250 0.32198457 0.94610613
vn -0.19970840 0.38596043 0.90063927
vn -0.37929154 0.38233951 0.84258793
vn -0.53030246 0.37635514 0.75969475
vn -0.68193365 0.33454174 0.65042165
vn -0.79099767 0.39083483 0.47071311
vn -0.86219307 0.39980636 0.31109160
vn -0.71496766 0.69915752 -0.00007543
vn -0.72851514 0.68500984 -0.00521699
vn -0.74710837 0.65402782 0.11864525
vn -0.63510390 0.77106981 0.04576443
vn -0.51222126 0.85880233 0.00937723
vn -0.56796948 0.82304548 0.00260976
vn -0.66373593 0.71180281 -0.22976375
vn -0.69220009 0.72154635 -0.01516274
vn -0.82199510 0.50116571 0.27047548
vn -0.77361106 0.59646112 0.21391602
vn 0.13740353 0.09431856 -0.98601434
vn 0.81065075 0.58550647 -0.00524714
vn 0.79911761 0.60116196 0.00391744
vn 0.68602533 0.72738328 0.01681726
vn 0.55606054 0.82986208 0.04610419
vn 0.62178134 0.77893797 0.08150835
vn 0.65819039 0.74240681 0.12497012
vn 0.71484942 0.67753761 0.17301184
vn 0.77203072 0.59497556 0.22354564
vn 0.82263277 0.49968739 0.27127077
vn 0.86389281 0.39462350 0.31298802
vn 0.89226518 0.29163934 0.34468732
vn 0.79279903 0.38281471 0.47426006
vn 0.66504745 0.47634342 0.57515983
vn 0.52821949 0.50185158 0.68493004
vn 0.36543850 0.53320480 0.76298581
vn 0.37977981 0.37072511 0.84754362
vn 0.18757133 0.36633074 0.91138290
vn 0.00137495 0.44057987 0.89771236
vn 0.00050569 0.48080850 0.87682548
vn -0.19357920 0.54804278 0.81374210
vn -0.36399063 0.54249072 0.75710939
vn -0.53435709 0.51767397 0.66818872
vn -0.67915422 0.46785473 0.56556299
vn -0.75294413 0.51203890 0.41339001
vn -0.68152355 0.70776338 0.18600175
vn -0.60936099 0.78471363 0.11359450
vn -0.53076736 0.84519055 0.06276109
vn -0.42469641 0.90382169 0.05233842
vn -0.36450298 0.93119147 0.00447400
vn -0.42722748 0.90414212 0.00192721
vn -0.52330797 0.85212189 -0.00608719
vn -0.54331898 0.83860003 -0.03942694
vn -0.64738388 0.73823220 -0.18949228
vn -0.70017523 0.62573426 0.34381868
vn -0.63727312 0.72223964 0.26879895
vn 0.20298742 0.15407237 -0.96698387
vn 0.77754739 0.62870233 -0.01238720
vn 0.77923043 0.62673423 0.00203614
vn 0.52329683 0.85206291 0.01221540
vn 0.60360641 0.79725625 0.00646375
vn 0.42415618 0.90410978 0.05174019
vn 0.49518923 0.86145170 0.11264367
vn 0.57390295 0.79454084 0.19834378
vn 0.63925670 0.71979933 0.27062852
vn 0.70201501 0.62230718 0.34627836
vn 0.75442694 0.50729540 0.41652295
vn 0.63868985 0.59456831 0.48842993
vn 0.49826458 0.65438123 0.56878609
vn 0.33815363 0.68745467 0.64269604
vn 0.18077869 0.69545353 0.69545917
vn 0.19410117 0.53926400 0.81946267
vn 0.00026133 0.58153632 0.81352040
vn 0.00043749 0.64442231 0.76466966
vn -0.18868412 0.71253505 0.67578999
vn -0.36181047 0.68763094 0.62948938
vn -0.49842131 0.66191560 0.55986064
vn -0.62779329 0.59362108 0.50347750
vn -0.57356293 0.79490879 0.19785242
vn -0.49860410 0.85959862 0.11173253
vn -0.37867916 0.91842767 0.11442338
vn -0.31617455 0.94743585 0.04897923
vn -0.26370467 0.96460321 0.00070212
vn -0.30912339 0.95098260 -0.00865042
vn -0.34299665 0.93930606 -0.00757737
vn -0.39303632 0.91943358 -0.01281956
vn -0.43227767 0.90137263 -0.02575659
vn -0.37930639 0.83357770 -0.40159045
vn -0.45869717 0.78274714 -0.42059935
vn -0.46875036 0.78268730 -0.40947977
vn -0.57193572 0.71265931 0.40620960
vn -0.50956275 0.80377065 0.30708067
vn 0.08378534 0.06869697 -0.99411304
vn 0.55223168 0.70307452 -0.44802500
vn 0.62199059 0.78300229 -0.00592710
vn 0.36730096 0.93008751 0.00521737
vn 0.59017040 0.80727870 0.00009724
vn 0.52889497 0.84856697 -0.01429001
vn 0.43243753 0.90166297 0.00129622
vn 0.31511563 0.94782455 0.04827797
vn 0.37868051 0.91842712 0.11442333
vn 0.44932770 0.86634415 0.21806518
vn 0.51094965 0.80199812 0.30940179
vn 0.57442640 0.70832525 0.41025558
vn 0.44874088 0.77498528 0.44500498
vn 0.32382027 0.80479227 0.49744330
vn 0.16774274 0.82897427 0.53353916
vn -0.00025181 0.70963878 0.70456563
vn 0.00035050 0.78474226 0.61982213
vn -0.15360216 0.84138030 0.51815594
vn -0.29671249 0.81340397 0.50033556
vn -0.43816874 0.77271678 0.45925692
vn -0.44821075 0.86718048 0.21703719
vn -0.27522517 0.95424018 0.11694779
vn -0.33128063 0.91441613 0.23258609
vn -0.22521838 0.97320059 0.04644668
vn -0.19448260 0.98090464 -0.00161570
vn -0.22929242 0.96401798 -0.13451516
vn -0.24716984 0.96895000 -0.00655553
vn -0.25103105 0.96793828 -0.00888193
vn -0.28499844 0.84423267 -0.45392410
vn -0.33663753 0.76643221 -0.54704372
vn -0.38383143 0.85897733 0.33886778
vn 0.11051732 0.15645682 -0.98148214
vn 0.26475222 0.96431577 0.00116463
vn 0.40503224 0.91427275 -0.00736376
vn 0.34204511 0.93964900 -0.00805658
vn 0.31760315 0.94822203 -0.00179583
vn 0.31488311 0.94912920 -0.00154321
vn 0.10858490 0.17143919 -0.97919249
vn 0.44118591 0.89738929 -0.00688911
vn 0.22454831 0.97339060 0.04570326
vn 0.27489310 0.95437017 0.11666770
vn 0.33177706 0.91387960 0.23398302
vn 0.38496300 0.85723123 0.34199138
vn 0.25722837 0.89413800 0.36653895
vn 0.12422851 0.91939555 0.37320115
vn 0.00032969 0.88561132 0.46442704
vn -0.00077272 0.81430361 0.58043866
vn -0.12353163 0.92050241 0.37069564
vn -0.25633780 0.89582492 0.36302706
vn -0.21880938 0.94459541 0.24466704
vn -0.18016705 0.97642646 0.11887474
vn -0.14524024 0.98837870 0.04486439
vn -0.11606704 0.99323271 -0.00415044
vn -0.16488022 0.98627855 -0.00831529
vn -0.20113560 0.97952804 -0.00832444
vn -0.12065804 0.61930322 -0.77582547
vn 0.18693351 0.98237206 -0.00100126
vn 0.28649823 0.95795207 -0.01570349
vn 0.24974508 0.96822000 -0.01332035
vn 0.21946313 0.97560325 -0.00585021
vn 0.40061183 0.84211345 -0.36104723
vn 0.09593029 0.22294485 -0.97009946
vn 0.11997102 0.28231329 -0.95179103
vn 0.09858943 0.31527832 -0.94386424
vn 0.14437273 0.98854469 0.04399893
vn 0.17983912 0.97654199 0.11842145
vn 0.21954452 0.94392350 0.24659404
vn 0.11026875 0.96455971 0.23971937
vn 0.00042718 0.94981666 0.31280684
vn -0.00006729 0.91969467 0.39263432
vn -0.11058454 0.96480163 0.23859772
vn -0.09645731 0.98885581 0.11340268
vn -0.07334159 0.99665013 0.03618749
vn -0.06172537 0.99808231 -0.00465531
vn -0.08873547 0.99600134 -0.01036128
vn -0.11541151 0.99326470 -0.01026748
vn -0.00172147 0.01247504 -0.99992070
vn 0.11935619 0.99284863 -0.00238703
vn 0.17830800 0.98395107 -0.00682235
vn 0.15157020 0.98842289 -0.00683157
vn 0.09873440 0.36234749 -0.92679869
vn 0.18649319 0.98195150 -0.03148862
vn 0.07335890 0.99666505 0.03573861
vn 0.09586335 0.98898295 0.11279605
vn 0.00020327 0.98292280 0.18401830
vn 0.00011686 0.97343714 0.22895440
vn 0.00064097 0.99566251 0.09303629
vn 0.00052003 0.99934210 0.03626423
vn 0.00025420 0.99999908 -0.00133202
vn -0.03333103 0.99940884 -0.00842702
vn -0.05130354 0.99864594 -0.00861542
vn -0.00734473 0.99987036 -0.01432859
vn -0.00576636 0.31601986 -0.94873505
vn -0.00205764 0.02726177 -0.99962621
vn 0.06106921 0.99812506 -0.00411355
vn 0.11239835 0.99351579 -0.01711694
vn 0.08578184 0.99627386 -0.00893690
vn 0.00745291 0.03117530 -0.99948615
vn 0.16128576 0.98386667 -0.07741627
vn 0.00527890 0.04050139 -0.99916554
vn 0.04512010 0.41058368 -0.91070589
vn 0.03067306 0.99949916 -0.00778395
vn 0.01624872 0.99983786 -0.00776138
vn 0.02070871 0.74288719 -0.66909624
vn 0.06324682 0.99792689 -0.01190599
vn 0.04407698 0.99898508 -0.00927533
vn 0.02071089 0.22542426 -0.97404053
vn 0.05867248 0.80730295 -0.58721333
vn 0.00070090 0.00427562 -0.99999061
vn 0.02435692 0.36421705 -0.93099553
vn 0.06848473 -0.99764935 0.00237042
vn 0.87113142 -0.42120938 0.25241375
vn 0.99512776 0.09468591 -0.02748319
vn 0.99697763 0.07692680 -0.01085720
vn 0.99757808 0.06931865 -0.00573509
vn 0.03342457 -0.00348164 0.99943518
vn 0.97882555 -0.16454382 0.12176153
vn 0.90846359 -0.35277145 0.22415664
vn 0.69981682 -0.62383662 0.34797168
vn 0.84132991 -0.46245935 0.27981303
vn 0.97305626 0.19094618 -0.12923263
vn 0.98177920 0.16806115 -0.08868513
vn 0.99042078 0.12966771 -0.04746548
vn 0.99588501 0.08835177 -0.02017459
vn 0.97103445 0.22744989 -0.07320272
vn 0.95847265 0.28194516 -0.04286157
vn 0.97946024 0.20124720 -0.01253835
vn 0.49124472 -0.77142514 0.40445256
vn 0.71140908 -0.60265074 0.36153727
vn 0.67821930 -0.63435743 0.37095718
vn 0.94053397 0.26881029 -0.20769422
vn 0.95523340 0.24739748 -0.16224561
vn 0.91354490 0.33928879 -0.22431861
vn 0.87034009 0.43945693 -0.22222903
vn 0.84737410 0.50100018 -0.17594306
vn 0.82431842 0.55398346 -0.11662537
vn 0.81952019 0.56933620 -0.06513793
vn 0.95825403 0.28573944 -0.01010916
vn 0.96162615 0.27415118 -0.01078360
vn 0.32828567 -0.84834098 0.41538669
vn 0.53991716 -0.72414229 0.42907738
vn 0.48131414 -0.75443747 0.44627435
vn 0.46291951 -0.76703011 0.44426383
vn 0.91410863 0.31452253 -0.25589252
vn 0.79133739 0.50995081 -0.33724666
vn 0.85468270 0.42331681 -0.30053347
vn 0.74037311 0.60113808 -0.30080003
vn 0.72480169 0.65298472 -0.21971222
vn 0.71105638 0.69065472 -0.13188967
vn 0.64318656 0.76215732 -0.07367005
vn 0.67071797 0.53958868 0.50890221
vn 0.61726450 0.41357992 0.66928035
vn 0.25025346 -0.88271845 0.39772018
vn 0.32673048 -0.81316798 0.48166901
vn 0.31497579 -0.81654687 0.48377831
vn 0.23234019 -0.83965745 0.49091079
vn 0.86498776 0.38487119 -0.32197879
vn 0.69267630 0.61399530 -0.37843007
vn 0.81944588 0.46609084 -0.33356826
vn 0.77826908 0.51343212 -0.36150339
vn 0.73121109 0.56385483 -0.38392457
vn 0.72003292 0.57682721 -0.38577580
vn 0.63130193 0.67107311 -0.38873996
vn 0.62528023 0.70811700 -0.32801669
vn 0.60694439 0.75758653 -0.24016900
vn 0.57139209 0.80951830 -0.13487477
vn 0.49232736 0.86662526 -0.08108285
vn 0.26778177 0.39011858 0.88096561
vn 0.17877497 0.25518117 0.95022212
vn 0.21078674 0.27012110 0.93946982
vn 0.45497849 0.37558137 0.80742381
vn 0.18585536 -0.89801437 0.39878313
vn 0.14441475 -0.86519766 0.48018474
vn 0.78518872 -0.51572129 -0.34279765
vn 0.77687806 0.50030651 -0.38230076
vn 0.67527865 0.61848701 -0.40183649
vn 0.65249196 0.64198222 -0.40263268
vn 0.68571092 0.57927086 -0.44073327
vn 0.68560104 0.60215070 -0.40910360
vn 0.55802095 0.73452293 -0.38612004
vn 0.61732892 0.66743549 -0.41645511
vn 0.59219910 0.69395602 -0.40954277
vn 0.55044915 0.75364802 -0.35919409
vn 0.53099162 0.79120284 -0.30339078
vn 0.47216023 0.85050289 -0.23175320
vn 0.44518299 0.88320225 -0.14753271
vn 0.36199907 0.92775314 -0.09072372
vn 0.39211193 0.91960242 -0.02407541
vn 0.08206157 0.19059774 0.97823228
vn 0.12695215 -0.92188661 0.36607136
vn 0.07152057 -0.87920229 0.47105004
vn 0.08645294 -0.92864612 0.36075237
vn 0.78348915 -0.40932780 -0.46754199
vn 0.65567118 0.57911987 -0.48447443
vn 0.62992228 0.62319044 -0.46349929
vn 0.58390431 0.62894143 -0.51331124
vn 0.57899702 0.68550445 -0.44141376
vn 0.52295076 0.76040640 -0.38510337
vn 0.53959406 0.73420693 -0.41204179
vn 0.47516810 0.81401584 -0.33405612
vn 0.44504132 0.84678927 -0.29135229
vn 0.39056565 0.88834580 -0.24145436
vn 0.37102384 0.90687380 -0.19980294
vn 0.35675351 0.92585508 -0.12457647
vn 0.27088101 0.95684987 -0.10517508
vn 0.21505390 0.71828653 0.66167687
vn 0.10618036 0.35218734 0.92988699
vn 0.02571858 0.06608829 0.99748228
vn 0.03084146 0.07207313 0.99692240
vn 0.03749584 -0.89206773 0.45034345
vn 0.03876044 -0.94023479 0.33831371
vn 0.06505008 -0.93828414 0.33969304
vn 0.37009632 -0.89745092 -0.24002199
vn 0.33657309 -0.91358851 -0.22819856
vn 0.63825290 0.56185386 -0.52626369
vn 0.57931600 0.59821867 -0.55364916
vn 0.56363572 0.61419793 -0.55233656
vn 0.54612886 0.67337343 -0.49830862
vn 0.46008439 0.66699248 -0.58604043
vn 0.48054884 0.67370234 -0.56142496
vn 0.45896913 0.70597250 -0.53939797
vn 0.50318576 0.72373768 -0.47223708
vn 0.48262322 0.76337062 -0.42934848
vn 0.44398170 0.82372819 -0.35263596
vn 0.48799541 0.77602829 -0.39955047
vn 0.40614195 0.84549422 -0.34668176
vn 0.35769672 0.90005930 -0.24889017
vn 0.33540099 0.90295324 -0.26866640
vn 0.29557985 0.93480667 -0.19689854
vn 0.20152290 0.97006520 -0.13550659
vn 0.16182943 0.93035954 0.32900208
vn 0.11880416 0.49774236 0.85914965
vn 0.11947661 0.49852089 0.85860484
vn 0.01929340 -0.89285486 0.44993106
vn 0.02915599 -0.94545900 0.32443366
vn 0.16558134 -0.97700558 -0.13432394
vn 0.25416436 -0.94262264 -0.21647870
vn 0.06625754 -0.99552414 -0.06739165
vn 0.63155674 -0.29355609 -0.71760777
vn 0.41304362 0.70489866 -0.57663927
vn 0.50335081 -0.58832985 -0.63285539
vn 0.47880270 -0.61553010 -0.62599574
vn 0.56512031 0.33122751 -0.75559736
vn 0.37921153 0.75688897 -0.53227597
vn 0.44138463 0.74233183 -0.50410620
vn 0.41763103 0.78396466 -0.45932965
vn 0.38386091 0.81016755 -0.44303425
vn 0.40965171 0.82842917 -0.38195626
vn 0.31474537 0.88348308 -0.34697694
vn 0.27701839 0.91474232 -0.29412124
vn 0.25601939 0.93227981 -0.25555514
vn 0.21868617 0.95764954 -0.18730646
vn 0.12797745 0.98518634 -0.11414748
vn 0.15394677 0.96560577 -0.20953734
vn 0.10789285 0.87076886 0.47970900
vn -0.01511077 -0.86936376 0.49394162
vn 0.00931921 -0.94385147 0.33023864
vn 0.01896433 -0.94915798 0.31422839
vn 0.32683393 0.75868748 -0.56353606
vn 0.32759586 0.66327274 -0.67286717
vn 0.29142831 0.79268740 -0.53545890
vn 0.29301607 0.83555716 -0.46474273
vn 0.24926883 0.87113098 -0.42307903
vn 0.33963692 0.86025123 -0.38028224
vn 0.33949569 0.86041300 -0.38004230
vn 0.21197796 0.91634433 -0.33967399
vn 0.18932711 0.94140176 -0.27913790
vn 0.07093058 0.99422645 -0.08051468
vn 0.09733720 0.97626757 -0.19346084
vn 0.05930804 0.98942903 -0.13233575
vn 0.12549034 0.94074503 -0.31504120
vn 0.07416942 0.96351182 -0.25718450
vn 0.03829657 0.40603306 0.91305560
vn -0.04011387 -0.87792378 0.47711709
vn -0.02450372 -0.94405433 0.32887838
vn -0.01182553 -0.95562837 0.29433753
vn -0.00380817 -0.95404162 0.29964994
vn -0.08997481 0.69562205 -0.71275136
vn 0.13724725 0.81917368 -0.55688210
vn 0.22813735 0.81205260 -0.53714423
vn 0.18683057 0.84959157 -0.49324284
vn 0.15770886 0.87689327 -0.45407721
vn 0.13507442 0.89138243 -0.43265722
vn 0.14256270 0.92212433 -0.35967012
vn -0.01804819 0.99148537 -0.12896136
vn -0.00400671 0.99537756 -0.09595548
vn -0.02090694 0.99799124 -0.05980294
vn 0.03339640 0.99866698 -0.03935672
vn 0.04734052 0.54429489 0.83755713
vn -0.00256895 0.98012006 -0.19838869
vn 0.13260772 0.92326589 -0.36054859
vn 0.08009030 0.92396924 -0.37398714
vn 0.01430814 0.93411128 -0.35669511
vn 0.00276593 0.94894955 -0.31541577
vn -0.01621126 0.95691668 -0.28990975
vn 0.00754528 0.97118041 -0.23822613
vn -0.06678352 -0.86375753 0.49946260
vn -0.04655636 -0.95872237 0.28050654
vn -0.03503101 -0.95975135 0.27865781
vn -0.03158912 -0.95908948 0.28133520
vn 0.09661014 0.82635630 -0.55479884
vn -0.52169192 -0.09495256 -0.84783345
vn -0.28581149 0.77076238 -0.56941826
vn -0.23585563 0.80121971 -0.54992644
vn -0.17703477 0.81507255 -0.55164792
vn -0.08658413 0.83268963 -0.54692885
vn 0.01621639 0.83426132 -0.55113072
vn 0.12610690 0.82742731 -0.54723038
vn 0.08212445 0.86466322 -0.49559368
vn 0.04302104 0.89028860 -0.45336013
vn 0.00655495 0.89916935 -0.43755172
vn -0.08047533 0.99255418 -0.09143264
vn -0.09391447 0.98154228 -0.16659783
vn -0.03333149 0.51054280 0.85920607
vn -0.00662349 0.34764799 0.93760173
vn 0.00109645 0.14730580 0.98909039
vn 0.01034986 0.16955023 0.98546720
vn 0.01253416 0.17478856 0.98452621
vn -0.05931848 0.96819271 -0.24307242
vn 0.01645284 0.92161514 -0.38775615
vn -0.06842692 0.94358796 -0.32397457
vn -0.07713172 0.91267206 -0.40134824
vn -0.10852202 -0.83270170 0.54298328
vn -0.06008079 -0.95264851 0.29807906
vn 0.09910805 0.82898294 -0.55042245
vn -0.16042343 -0.96260223 -0.21831461
vn -0.45247117 0.67112965 -0.58724342
vn -0.40616263 0.70071526 -0.58654075
vn -0.35438451 0.74245693 -0.56847984
vn -0.35893256 0.78038559 -0.51202123
vn -0.33594023 0.81836897 -0.46627930
vn -0.25268238 0.84434812 -0.47246996
vn -0.16705447 0.86309892 -0.47660576
vn -0.08205494 0.87916755 -0.46939473
vn -0.02024234 0.85890298 -0.51173814
vn -0.16304239 0.98080027 -0.10699535
vn -0.08637611 0.61017615 0.78754316
vn -0.11988575 0.96140627 -0.24763964
vn -0.17458966 0.96734203 -0.18376033
vn -0.13438315 0.93180366 -0.33716925
vn -0.15282019 0.89842438 -0.41167903
vn -0.12851221 -0.76325721 0.63318484
vn -0.10544486 -0.95077032 0.29140552
vn -0.08103937 -0.96693077 0.24182123
vn -0.07912337 -0.99137962 -0.10443155
vn -0.47018642 0.65327076 -0.59343243
vn -0.59834164 0.61173568 -0.51746183
vn -0.57895403 0.64967339 -0.49268317
vn -0.47531679 0.70257493 -0.52958703
vn -0.45209149 0.74236549 -0.49447625
vn -0.41927093 0.78433197 -0.45720374
vn -0.38414217 0.82663918 -0.41122070
vn -0.30551446 0.85784055 -0.41324388
vn -0.22992480 0.88149949 -0.41242362
vn -0.26077968 0.95686436 -0.12808030
vn -0.22544107 0.97145553 -0.07382736
vn -0.00086379 0.00446909 0.99998964
vn -0.17302773 0.94728621 -0.26964837
vn -0.23284862 0.93497692 -0.26758114
vn -0.23602899 0.95117812 -0.19887306
vn -0.20216333 0.91759251 -0.34227761
vn -0.14870115 -0.73021388 0.66684005
vn -0.18070992 -0.91830040 0.35223331
vn -0.03361746 -0.99853596 -0.04237686
vn -0.51448471 0.62095645 -0.59137008
vn -0.59749274 0.58942782 -0.54367019
vn -0.70784756 0.54192742 -0.45306346
vn -0.69494936 0.57962980 -0.42552871
vn -0.63627798 0.63624796 -0.43627842
vn -0.54774360 0.69292036 -0.46886920
vn -0.50419858 0.74053023 -0.44429582
vn -0.46361181 0.78366241 -0.41344566
vn -0.44009124 0.81723860 -0.37207629
vn -0.39593393 0.84221215 -0.36594400
vn -0.34019597 0.86878551 -0.35983111
vn -0.27283526 0.89781311 -0.34567692
vn -0.35945459 0.92391308 -0.13106112
vn -0.33601071 0.93822320 -0.08266817
vn -0.28755561 0.93609799 -0.20256435
vn -0.37225554 0.90861811 -0.18931176
vn -0.03515753 0.11204071 0.99308148
vn -0.00086816 0.00444862 0.99998973
vn -0.27942170 0.91211642 -0.29994526
vn -0.33328694 0.90880548 -0.25098291
vn -0.16978139 -0.70887987 0.68459010
vn -0.12736961 -0.96862687 0.21339861
vn -0.19870233 -0.74549604 0.63620204
vn -0.03519145 -0.99870023 -0.03687022
vn -0.03521654 -0.99870258 -0.03678239
vn -0.09026198 -0.99148645 -0.09384768
vn -0.03319163 -0.99904910 -0.02827045
vn -0.07002979 -0.99611767 -0.05334243
vn -0.03845692 -0.99897022 -0.02407415
vn -0.10698342 -0.99288679 -0.05225301
vn -0.80216284 0.46836289 -0.37036601
vn -0.77509747 0.51512501 -0.36588269
vn -0.74360204 0.55469223 -0.37332630
vn -0.68966160 0.60597012 -0.39644306
vn -0.59518220 0.68310442 -0.42323339
vn -0.52631121 0.74588689 -0.40822698
vn -0.49991507 0.78676378 -0.36206032
vn -0.41077298 0.84824545 -0.33428313
vn -0.33405720 0.89115503 -0.30699917
vn -0.45730929 0.88289922 -0.10657009
vn -0.35194273 0.93555805 -0.02945246
vn -0.03340821 0.10623452 0.99377971
vn -0.07302448 0.16530711 0.98353494
vn -0.03701776 0.08421337 0.99575991
vn -0.39654697 0.88561347 -0.24174220
vn -0.48216424 0.84978964 -0.21301457
vn -0.45806815 0.87922140 -0.13093241
vn -0.43071947 0.85845512 -0.27845205
vn -0.26723482 -0.90400765 0.33370006
vn -0.24782779 -0.62722799 0.73835386
vn -0.05509303 -0.99813078 -0.02645189
vn -0.84644986 0.43449169 -0.30779799
vn -0.06581364 -0.99742159 -0.02861347
vn -0.83957814 0.44659863 -0.30928662
vn -0.79890272 0.49945312 -0.33511346
vn -0.77677657 0.52190878 -0.35246189
vn -0.74251416 0.57000655 -0.35180285
vn -0.65179356 0.65626474 -0.38010754
vn -0.63740655 0.65737349 -0.40196141
vn -0.59961327 0.69275251 -0.40069675
vn -0.57723640 0.71883494 -0.38739446
vn -0.55144313 0.76090583 -0.34195438
vn -0.52822458 0.78882477 -0.31422010
vn -0.46294811 0.82161741 -0.33260169
vn -0.61339843 0.77897868 -0.13013294
vn -0.59842780 0.79736940 -0.07801418
vn -0.04887411 0.08276289 0.99537009
vn -0.03503302 0.07390951 0.99664942
vn -0.49133513 0.83694751 -0.24105738
vn -0.63152191 0.74130940 -0.22724536
vn -0.17809528 -0.96822422 0.17556744
vn -0.27501169 -0.65033709 0.70811739
vn -0.25080762 -0.96642540 -0.05583438
vn -0.87004662 0.41724910 -0.26253013
vn -0.84785864 0.43694627 -0.30035593
vn -0.79929475 0.53798330 -0.26777207
vn -0.66335315 0.67741558 -0.31791623
vn -0.64287800 0.66725683 -0.37613322
vn -0.74605714 0.65314298 -0.12962639
vn -0.71831273 0.69155938 -0.07597664
vn -0.02009740 0.02229663 0.99954938
vn -0.00877275 0.01460435 0.99985487
vn -0.76472732 0.60918760 -0.20995856
vn -0.36673347 -0.88279102 0.29357549
vn -0.30817812 -0.55409665 0.77330663
vn -0.23436958 -0.97128811 -0.04086934
vn -0.95953841 0.24312820 -0.14203772
vn -0.94595487 0.29264151 -0.13975095
vn -0.92240221 0.36592714 -0.12357788
vn -0.90903835 0.40905572 -0.07951536
vn -0.88853387 0.45601742 -0.05055372
vn -0.02410268 0.01557140 0.99958821
vn -0.01133663 0.00794833 0.99990415
vn -0.01112534 0.01191015 0.99986718
vn -0.28791039 -0.94117633 0.17690312
vn -0.32750981 -0.52579325 0.78503425
vn -0.38463944 -0.54919998 0.74191096
vn -0.64613570 -0.76150269 -0.05120860
vn -0.98514074 0.15751706 -0.06845504
vn -0.99108595 0.12693400 -0.04045253
vn -0.99450599 0.10311355 -0.01803968
vn -0.99508158 0.09857194 -0.00980979
vn -0.28862352 0.01712401 0.95728952
vn -0.01235435 0.00409869 0.99991528
vn -0.01232155 0.00511770 0.99991099
vn -0.53602246 -0.79946671 0.27116951
vn -0.41729236 -0.40001579 0.81599905
vn -0.96205639 -0.27279210 0.00565528
vn -0.57883177 -0.03284943 0.81478506
vn -0.28423071 -0.95256566 0.10877298
vn -0.46116591 -0.41796580 0.78270722
vn -0.32690472 -0.94421627 0.03986139
vn -0.64295788 -0.21384704 0.73544178
vn -0.57871992 -0.03325257 0.81484816
vn -0.65076931 -0.74119261 0.16472044
vn -0.71498669 -0.35861718 0.60015644
vn -0.50359970 -0.22312933 0.83462605
vn -0.99883032 -0.04832184 -0.00172932
vn -0.06842394 0.00183950 -0.99765464
vn -0.99288882 -0.11792019 -0.01632846
vn -0.97706235 -0.21295033 -0.00114789
vn -0.99640392 -0.07055239 0.04692118
vn -0.99993779 0.00652045 0.00904957
vn -0.99980115 0.01980224 -0.00235298
vn -0.94163593 -0.29601125 -0.16030944
vn -0.97538118 -0.21269979 -0.05822671
vn -0.99879338 0.04864193 -0.00676432
vn -0.99124761 0.12503469 -0.04236145
vn -0.96859222 0.22920952 -0.09639561
vn -0.93380189 -0.35779049 0.00004479
vn -0.95719354 -0.27812020 0.08018525
vn -0.98082209 -0.18244673 0.06856540
vn -0.98098463 -0.18171470 0.06818296
vn -0.97466256 -0.16647922 0.14939064
vn -0.98980882 -0.08839400 0.11164681
vn -0.68584415 -0.44382623 -0.57674611
vn -0.89732184 -0.44106825 -0.01650194
vn -0.92748288 -0.37362055 -0.01353466
vn -0.96048578 -0.13515853 0.24330894
vn -0.99691440 0.06980720 0.03589761
vn -0.99075798 0.12989351 -0.03906780
vn -0.98968074 0.13713427 -0.04154776
vn -0.98047541 0.18660276 -0.06202723
vn -0.93643202 0.31550092 -0.15347393
vn -0.12711712 0.99180317 -0.01295046
vn -0.92305008 -0.37503599 0.08559527
vn -0.88810121 -0.45692343 0.04997218
vn -0.93940380 -0.25828874 0.22540504
vn -0.90268557 -0.35860723 0.23782264
vn -0.93547893 -0.23473721 0.26415452
vn -0.93229825 -0.22364475 0.28425869
vn -0.96740524 -0.16579414 0.19141420
vn -0.44326038 -0.58632241 -0.67804591
vn -0.72617638 -0.68506690 -0.05788960
vn -0.75170554 -0.65875288 -0.03135961
vn -0.80670039 -0.59084465 -0.01170785
vn -0.82051663 -0.57158732 -0.00635552
vn -0.85040622 -0.52611581 -0.00337708
vn -0.87819546 -0.21054752 0.42946767
vn -0.83660011 -0.29187974 0.46358005
vn -0.96249050 -0.07339118 0.26120065
vn -0.97031844 -0.04670582 0.23727767
vn -0.99440048 0.07931442 0.06983485
vn -0.99132022 0.13095489 0.01162072
vn -0.99092932 0.13287528 0.02008092
vn -0.87541551 0.39323795 -0.28109001
vn -0.91369829 0.37640938 -0.15320384
vn -0.76340326 -0.64523514 0.02978393
vn -0.79172415 -0.54448362 0.27696653
vn -0.84782817 -0.44143316 0.29380975
vn -0.88703991 -0.30360562 0.34782729
vn -0.82072153 -0.37545053 0.43064263
vn -0.84532145 -0.31610288 0.43070944
vn -0.00020638 -0.00040491 -0.99999990
vn -0.49719846 -0.86745389 -0.01781697
vn -0.54126855 -0.84075560 -0.01258477
vn -0.51821177 -0.85523742 0.00505135
vn -0.59241351 -0.80558281 0.00908681
vn -0.66215200 -0.74929895 0.01028604
vn -0.65312940 -0.75708844 -0.01546210
vn -0.76817650 -0.30656006 0.56207277
vn -0.81984979 -0.24816263 0.51600546
vn -0.90651384 -0.12986487 0.40170609
vn -0.93017130 -0.10335916 0.35227580
vn -0.77822272 -0.35442514 0.51841317
vn -0.67811266 -0.36783857 0.63628454
vn -0.99053641 0.06331343 0.12177448
vn -0.75951481 0.61148226 -0.22187092
vn -0.88261032 0.43488843 -0.17852474
vn -0.85012755 0.48650650 -0.20148096
vn -0.67304554 0.43026308 -0.60156743
vn -0.64905312 -0.71674276 0.25497031
vn -0.71303295 -0.63605291 0.29499271
vn -0.64286376 -0.57562869 0.50534918
vn -0.68671844 -0.50110402 0.52660473
vn -0.76338022 -0.44642242 0.46685935
vn -0.71185069 -0.39081627 0.58355055
vn -0.40859015 -0.91265853 -0.01041581
vn -0.11147833 -0.30914452 -0.94445871
vn -0.44426625 -0.89584144 -0.00977830
vn -0.55484554 -0.80125806 0.22390164
vn -0.42120151 -0.90693761 0.00731156
vn -0.43746415 -0.87458801 0.20909549
vn -0.71299991 -0.31490021 0.62647345
vn -0.62963443 -0.38654188 0.67390345
vn -0.58354019 -0.39075223 0.71189433
vn -0.50998367 0.82961232 -0.22728846
vn -0.52308884 0.82020056 -0.23162279
vn -0.38550573 0.49177531 -0.78073195
vn -0.48573641 0.59595167 -0.63945425
vn -0.68000282 0.69214222 -0.24194074
vn -0.72160292 0.64707751 -0.24612991
vn -0.77380898 0.59061201 -0.22890418
vn -0.49053694 -0.70682613 0.50967670
vn -0.57115627 -0.64350102 0.50959489
vn -0.53147522 -0.48538141 0.69421825
vn -0.45022456 -0.51933064 0.72635634
vn -0.55098812 -0.42385777 0.71885790
vn -0.60463896 -0.40789305 0.68413083
vn -0.38537598 -0.92274805 0.00462604
vn -0.00006371 -0.00023419 -0.99999997
vn -0.27470270 -0.96138822 -0.01646538
vn -0.41807661 -0.76664051 0.48731333
vn -0.33132414 -0.91386071 0.23469752
vn -0.32681103 -0.84385834 0.42555570
vn -0.47035068 -0.39796378 0.78765161
vn -0.48883760 -0.42551989 0.76155803
vn -0.39398508 0.89933644 -0.18965685
vn -0.46417581 0.85704368 -0.22364469
vn -0.23242185 0.50939313 -0.82855219
vn -0.31404962 -0.60203623 0.73411526
vn -0.38368891 -0.56609639 0.72960105
vn -0.43282482 -0.43553280 0.78928693
vn -0.29566809 -0.44622262 0.84466902
vn -0.35985632 -0.44295015 0.82115686
vn -0.30054484 -0.95338722 0.02693718
vn -0.12040083 -0.67889389 -0.72429740
vn -0.22089136 -0.97527810 0.00629487
vn -0.28717503 -0.70925971 0.64380212
vn -0.22017642 -0.88071715 0.41935622
vn -0.22234508 -0.94889385 0.22397128
vn -0.18040197 -0.74918677 0.63731806
vn -0.41033409 -0.41017183 0.81448450
vn -0.41066368 0.88872014 -0.20379366
vn -0.21063713 0.96989275 -0.12222950
vn -0.31780820 0.93217603 -0.17333724
vn -0.26110594 0.95363741 -0.14966422
vn -0.00006720 0.00024173 -0.99999997
vn -0.16135620 -0.44917325 0.87875342
vn -0.22522679 -0.45197685 0.86312793
vn -0.19897939 -0.56973899 0.79737362
vn -0.28173793 -0.39348667 0.87509541
vn -0.31860883 -0.39362357 0.86229281
vn 0.00652027 -0.22228014 -0.97496104
vn -0.06024076 -0.99793185 -0.02242913
vn -0.11903079 -0.99287231 0.00602050
vn -0.16973966 -0.98548426 -0.00303796
vn -0.13249564 -0.97819072 0.15996195
vn -0.13579203 -0.59431740 0.79268364
vn -0.09019352 -0.78273225 0.61578840
vn -0.12121098 -0.91115242 0.39383901
vn -0.07651356 -0.62033647 0.78059486
vn -0.01681588 0.99977473 -0.01295084
vn -0.00962920 0.99983337 -0.01550849
vn -0.10228137 0.99242666 -0.06802822
vn -0.11656898 0.60929527 -0.78432834
vn -0.10504155 -0.44932662 0.88717071
vn -0.14680812 -0.37313645 0.91608764
vn -0.18379056 -0.37952836 0.90674101
vn 0.09609870 -0.99530073 -0.01189489
vn 0.06969729 -0.99746233 0.01453212
vn -0.00988807 -0.99991573 -0.00841197
vn 0.03623156 -0.10679051 -0.99362119
vn 0.16103115 -0.98617053 -0.03920031
vn 0.10106630 -0.99477272 -0.01458866
vn -0.03560740 -0.99929715 -0.01171847
vn 0.01027005 -0.99328004 0.11527921
vn -0.00029624 -0.95428315 0.29890395
vn -0.05101322 -0.45407719 0.88950074
vn 0.02251303 -0.86882711 0.49460350
vn 0.01543080 -0.81717114 0.57618853
vn 0.01329350 -0.71281006 0.70123113
vn 0.01084520 -0.59335814 0.80486552
vn 0.00971829 -0.54549259 0.83805930
vn 0.01300795 -0.69363602 0.72020821
vn -0.01188755 0.99987827 -0.01010586
vn 0.04278271 0.99857135 -0.03201403
vn -0.00000143 0.00025897 -0.99999997
vn -0.00701726 0.99994877 -0.00729429
vn -0.00695737 0.99994944 -0.00725972
vn -0.00520903 0.99996690 -0.00625039
vn -0.00436261 0.99997388 -0.00576174
vn -0.00414253 0.99997554 -0.00563469
vn -0.00306479 0.99998274 -0.00501249
vn -0.00047370 0.99999370 -0.00351659
vn 0.00121170 0.99999603 -0.00254355
vn 0.00168990 0.99999600 -0.00226748
vn 0.00171875 0.99999599 -0.00225082
vn 0.00176724 0.99999597 -0.00222282
vn 0.00374166 0.99998441 -0.00414438
vn -0.06453823 -0.37685591 0.92402080
vn -0.10466034 -0.33265856 0.93722169
vn -0.11655601 -0.33671269 0.93436570
vn 0.16206323 -0.98676487 0.00553206
vn 0.14254834 -0.98123093 0.12986851
vn 0.34763316 -0.93760576 0.00682745
vn 0.29059333 -0.95672179 -0.01545758
vn 0.21384106 -0.97634512 -0.03197188
vn 0.10377405 -0.17384609 -0.97928979
vn 0.40837201 -0.91269631 -0.01475626
vn 0.20828700 -0.97799401 -0.01201006
vn 0.13881504 -0.93357178 0.33041508
vn 0.00797561 -0.47444498 0.88024903
vn 0.00281886 -0.44573367 0.89516119
vn -0.03359511 -0.36535274 0.93026273
vn 0.14406335 -0.86695035 0.47711931
vn 0.11524501 -0.77874892 0.61665931
vn 0.09308964 -0.61786210 0.78075652
vn 0.07011770 -0.45025243 0.89014395
vn 0.03840851 0.31102222 -0.94962623
vn 0.00240628 0.99999409 -0.00245490
vn 0.00266990 0.99999383 -0.00228327
vn 0.00277115 0.99999370 -0.00221735
vn 0.00307496 0.99999323 -0.00201956
vn 0.22576605 0.96704597 -0.11769358
vn 0.27201971 -0.96212250 0.01804360
vn 0.28698854 -0.94580206 0.15197383
vn 0.41989136 -0.90756604 0.00388989
vn 0.41802647 -0.89359276 0.16354160
vn 0.08997533 -0.13139856 -0.98723800
vn 0.52228184 -0.85269960 -0.01118367
vn 0.45717565 -0.88922485 0.01641925
vn 0.42558431 -0.90483992 -0.01194638
vn 0.27703066 -0.89901926 0.33914360
vn 0.03130395 -0.37829355 0.92515623
vn -0.01009401 -0.29206071 0.95634651
vn 0.25520495 -0.82968075 0.49648796
vn 0.22535731 -0.73644298 0.63786035
vn 0.17050231 -0.58683615 0.79155057
vn 0.13116394 -0.45520050 0.88067504
vn 0.11844984 -0.34986601 0.92928112
vn 0.08755668 -0.24274865 0.96612987
vn 0.05717526 -0.26052207 0.96377344
vn 0.19495013 0.97381816 -0.11693003
vn 0.28327870 0.94520178 -0.16231690
vn 0.00007188 0.00015985 -0.99999998
vn 0.31757104 0.93858519 -0.13493138
vn 0.50502353 0.82368164 -0.25787554
vn 0.43459851 0.87634691 -0.20770225
vn 0.38055377 0.90509731 -0.18967788
vn 0.53167961 -0.80629641 0.25923522
vn 0.42207201 -0.83121947 0.36184168
vn 0.61971980 -0.78479743 0.00635293
vn 0.53729374 -0.84335863 0.00785290
vn 0.05063057 -0.02486294 -0.99840792
vn 0.72810885 -0.66715582 -0.15735505
vn 0.70105554 -0.71238222 -0.03213575
vn 0.63564330 -0.77186030 -0.01375761
vn 0.52107887 -0.85346069 -0.00903711
vn 0.52435627 -0.84469130 0.10745750
vn 0.35965242 -0.77944380 0.51294980
vn 0.34503916 -0.68354810 0.64320289
vn 0.24523652 -0.55642122 0.79388568
vn 0.18624360 -0.44837092 0.87422928
vn 0.18583930 -0.16046926 0.96938814
vn 0.16264009 0.19837768 -0.96653737
vn 0.09058024 0.99517668 -0.03766430
vn 0.57083982 0.78761071 -0.23197256
vn 0.62117264 -0.75220764 0.21983680
vn 0.56804942 -0.69192735 0.44559667
vn 0.51675261 -0.77689916 0.35971439
vn 0.44439653 -0.68251022 0.58025126
vn 0.67738473 -0.73558878 0.00768624
vn 0.46845155 -0.19300234 -0.86215036
vn 0.89713195 -0.44171832 -0.00626036
vn 0.86473131 -0.50210130 -0.01157745
vn 0.84235436 -0.53795337 -0.03233109
vn 0.79317007 -0.60765801 -0.04041015
vn 0.76733243 -0.64121110 0.00701948
vn 0.71205077 -0.70206702 -0.00925172
vn 0.34876193 -0.56887599 0.74481221
vn 0.29222423 -0.44471906 0.84665811
vn 0.23139132 -0.21148512 0.94959576
vn 0.51875574 0.83534632 -0.18190381
vn 0.06237257 0.06623935 -0.99585240
vn 0.68110460 -0.68755016 0.25173657
vn 0.61481153 -0.61936435 0.48825667
vn 0.43594915 -0.54856624 0.71345877
vn 0.70721105 -0.70547440 0.04645871
vn 0.91390732 -0.40511372 0.02561823
vn 0.00008858 -0.00002633 -1.00000000
vn 0.95996167 -0.27990227 -0.01132772
vn 0.94637699 -0.32302283 -0.00518158
vn 0.85977397 -0.50904345 0.04078588
vn 0.82429893 -0.56609518 -0.00821689
vn 0.77595576 -0.62876086 0.05052160
vn 0.74215213 -0.61696440 0.26184947
vn 0.38662245 -0.44065777 0.81015049
vn 0.39648604 -0.25501611 0.88191020
vn 0.32902018 -0.01442118 0.94421277
vn 0.50030055 0.85476323 -0.13812745
vn 0.73615340 0.63809790 -0.22563076
vn 0.69508775 0.68169500 -0.22835267
vn 0.31533028 0.24217815 -0.91756011
vn 0.66216757 -0.55396950 0.50463047
vn 0.51544422 -0.49672417 0.69827097
vn 0.94769475 -0.31258088 0.06455884
vn 0.88324196 -0.41853312 0.21145607
vn 0.27868368 -0.06202687 -0.95837784
vn 0.97647650 -0.21557952 -0.00437311
vn 0.83862920 -0.54184342 0.05573847
vn 0.81376246 -0.51121081 0.27650347
vn 0.81218909 -0.57699623 0.08616396
vn 0.48695776 -0.42512517 0.76298147
vn 0.50181615 0.32136012 0.80306178
vn 0.54804493 0.82781865 -0.11984585
vn 0.51673758 0.31603964 -0.79567658
vn 0.74405437 -0.48218556 0.46247182
vn 0.59626734 -0.45677274 0.66016962
vn 0.96506798 -0.25253509 0.06978415
vn 0.92406093 -0.30473686 0.23075279
vn 0.84392055 -0.41292220 0.34248119
vn 0.48874418 -0.06093308 -0.87029666
vn 0.99673112 -0.08069139 -0.00399793
vn 0.97592504 -0.20470320 0.07527897
vn 0.57072082 -0.40435737 0.71468375
vn 0.58976193 -0.28037912 0.75734299
vn 0.75521123 0.64640850 -0.10868324
vn 0.43836800 0.24241623 -0.86548707
vn 0.81601664 -0.38960958 0.42699089
vn 0.72918287 -0.42459936 0.53666352
vn 0.66919069 -0.39690261 0.62821345
vn 0.95990309 -0.21668024 0.17786437
vn 0.93085710 -0.26003628 0.25668304
vn 0.89176149 -0.30443118 0.33478815
vn 0.29560462 -0.02167049 -0.95506455
vn 0.99740790 -0.05136270 0.05039192
vn 0.98998586 -0.11640067 0.07986791
vn 0.98473487 -0.15758046 0.07392999
vn 0.54051922 0.00803977 -0.84129325
vn 0.99992363 0.00833108 0.00912892
vn 0.97891808 -0.14692323 0.14189067
vn 0.62380952 -0.38552270 0.67987787
vn 0.51530892 0.67447736 0.52871260
vn 0.85527563 0.51577121 -0.04983634
vn 0.96820588 0.23661968 -0.08116959
vn 0.93993524 0.32083084 -0.11657321
vn 0.30976637 0.11637292 -0.94366421
vn 0.89882644 0.41015356 -0.15454802
vn 0.84516239 -0.33762090 0.41438227
vn 0.78170899 -0.35552132 0.51238233
vn 0.72799699 -0.35693587 0.58533509
vn 0.95085878 -0.20451113 0.23247103
vn 0.93784907 -0.20341649 0.28117763
vn 0.87194665 -0.28758285 0.39623875
vn 0.99401369 -0.06199227 0.08996526
vn 0.87693503 0.08552166 -0.47293869
vn 0.99737468 0.07204436 -0.00730498
vn 0.99863212 0.04904552 0.01812225
vn 0.99756682 -0.01606627 0.06784032
vn 0.97911979 -0.12542810 0.15997569
vn 0.66889508 -0.36238492 0.64904279
vn 0.71457367 0.25140792 0.65282351
vn 0.46053006 0.88655856 0.04388602
vn 0.99511410 0.09358681 0.03145540
vn 0.99087940 0.13258181 -0.02408460
vn 0.98233210 0.18140746 -0.04598892
vn 0.66028888 0.12978352 -0.73971267
vn 0.85653678 -0.26789487 0.44110892
vn 0.77096353 -0.29963013 0.56199379
vn 0.98747758 -0.07461732 0.13899743
vn 0.95493727 -0.13133905 0.26616699
vn 0.50945208 0.07202859 -0.85747913
vn 0.99527022 0.09665624 -0.00973418
vn 0.99730460 0.04033918 0.06128850
vn 0.64906490 0.67063669 0.35911166
vn 0.62509658 0.75593987 0.19444582
vn 0.98172233 -0.02407796 0.18878962
vn 0.90633372 -0.17195829 0.38599163
f 1//1 2//2 3//3
f 1//1 3//3 4//4
f 1//1 4//4 5//5
f 1//1 5//5 6//6
f 1//1 6//6 7//7
f 1//1 7//7 8//8
f 1//1 8//8 9//9
f 1//1 9//9 10//10
f 1//1 10//10 11//11
f 1//1 11//11 12//12
f 1//1 12//12 13//13
f 1//1 13//13 14//14
f 1//1 14//14 15//15
f 1//1 15//15 16//16
f 1//1 16//16 17//17
f 1//1 17//17 18//18
f 1//1 18//18 19//19
f 1//1 19//19 20//20
f 1//1 20//20 21//21
f 1//1 21//21 22//22
f 1//1 22//22 23//23
f 1//1 23//23 24//24
f 1//1 24//24 25//25
f 1//1 25//25 26//26
f 1//1 26//26 27//27
f 1//1 27//27 28//28
f 1//1 28//28 29//29
f 1//1 29//29 30//30
f 1//1 30//30 2//2
f 2//2 31//31 32//32
f 2//2 32//32 33//33
f 2//2 33//33 3//3
f 2//2 30//30 31//31
f 3//3 33//33 34//34
f 3//3 34//34 35//35
f 3//3 35//35 36//36
f 3//3 36//36 4//4
f 4//4 36//36 37//37
f 4//4 37//37 5//5
f 5//5 37//37 6//6
f 6//6 37//37 38//38
f 6//6 38//38 39//39
f 6//6 39//39 40//40
f 6//6 40//40 41//41
f 6//6 41//41 7//7
f 7//7 41//41 8//8
f 8//8 41//41 42//42
f 8//8 42//42 43//43
f 8//8 43//43 9//9
f 9//9 43//43 44//44
f 9//9 44//44 10//10
f 10//10 44//44 45//45
f 10//10 45//45 46//46
f 10//10 46//46 47//47
f 10//10 47//47 11//11
f 11//11 47//47 48//48
f 11//11 48//48 49//49
f 11//11 49//49 50//50
f 11//11 50//50 51//51
f 11//11 51//51 52//52
f 11//11 52//52 53//53
f 11//11 53//53 12//12
f 12//12 53//53 54//54
f 12//12 54//54 55//55
f 12//12 55//55 56//56
f 12//12 56//56 57//57
f 12//12 57//57 58//58
f 12//12 58//58 59//59
f 12//12 59//59 60//60
f 12//12 60//60 61//61
f 12//12 61//61 62//62
f 12//12 62//62 63//63
f 12//12 63//63 64//64
f 12//12 64//64 65//65
f 12//12 65//65 13//13
f 13//13 65//65 66//66
f 13//13 66//66 67//67
f 13//13 67//67 68//68
f 13//13 68//68 14//14
f 14//14 68//68 69//69
f 14//14 69//69 70//70
f 14//14 70//70 15//15
f 15//15 70//70 71//71
f 15//15 71//71 16//16
f 16//16 71//71 72//72
f 16//16 72//72 17//17
f 17//17 72//72 73//73
f 17//17 73//73 18//18
f 18//18 74//74 75//75
f 18//18 75//75 19//19
f 18//18 73//73 76//76
f 18//18 76//76 77//77
f 18//18 77//77 74//74
f 19//19 78//78 79//79
f 19//19 79//79 80//80
f 19//19 80//80 20//20
f 19//19 75//75 78//78
f 20//20 80//80 81//81
f 20//20 81//81 82//82
f 20//20 82//82 83//83
f 20//20 83//83 84//84
f 20//20 84//84 85//85
f 20//20 85//85 86//86
f 20//20 86//86 21//21
f 21//21 86//86 87//87
f 21//21 87//87 88//88
f 21//21 88//88 89//89
f 21//21 89//89 22//22
f 22//22 89//89 90//90
f 22//22 90//90 91//91
f 22//22 91//91 92//92
f 22//22 92//92 93//93
f 22//22 93//93 94//94
f 22//22 94//94 23//23
f 23//23 94//94 95//95
f 23//23 95//95 96//96
f 23//23 96//96 97//97
f 23//23 97//97 98//98
f 23//23 98//98 24//24
f 24//24 98//98 99//99
f 24//24 99//99 100//100
f 24//24 100//100 101//101
f 24//24 101//101 25//25
f 25//25 101//101 102//102
f 25//25 102//102 103//103
f 25//25 103//103 104//104
f 25//25 104//104 105//105
f 25//25 105//105 106//106
f 25//25 106//106 107//107
f 25//25 107//107 26//26
f 26//26 107//107 108//108
f 26//26 108//108 109//109
f 26//26 109//109 110//110
f 26//26 110//110 27//27
f 27//27 111//111 112//112
f 27//27 112//112 113//113
f 27//27 113//113 28//28
f 27//27 110//110 111//111
f 28//28 113//113 29//29
f 29//29 113//113 114//114
f 29//29 114//114 115//115
f 29//29 115//115 30//30
f 30//30 115//115 116//116
f 30//30 116//116 117//117
f 30//30 117//117 34//34
f 30//30 34//34 32//32
f 30//30 32//32 31//31
f 32//32 34//34 33//33
f 34//34 117//117 35//35
f 35//35 117//117 118//118
f 35//35 118//118 119//119
f 35//35 119//119 120//120
f 35//35 120//120 37//37
f 35//35 37//37 36//36
f 37//37 120//120 38//38
f 38//38 121//121 122//122
f 38//38 122//122 123//123
f 38//38 123//123 185//185
f 38//38 185//185 235//235
f 38//38 235//235 271//271
f 38//38 271//271 308//308
f 38//38 308//308 307//307
f 38//38 307//307 344//344
f 38//38 344//344 343//343
f 38//38 343//343 342//342
f 38//38 342//342 376//376
f 38//38 376//376 375//375
f 38//38 375//375 372//372
f 38//38 372//372 402//402
f 38//38 402//402 423//423
f 38//38 423//423 440//440
f 38//38 440//440 439//439
f 38//38 439//439 450//450
f 38//38 450//450 456//456
f 38//38 456//456 454//454
f 38//38 454//454 453//453
f 38//38 453//453 447//447
f 38//38 447//447 446//446
f 38//38 446//446 455//455
f 38//38 455//455 444//444
f 38//38 444//444 427//427
f 38//38 427//427 410//410
f 38//38 410//410 409//409
f 38//38 409//409 408//408
f 38//38 408//408 407//407
f 38//38 407//407 384//384
f 38//38 384//384 378//378
f 38//38 378//378 348//348
f 38//38 348//348 347//347
f 38//38 347//347 311//311
f 38//38 311//311 275//275
f 38//38 275//275 239//239
f 38//38 239//239 189//189
f 38//38 189//189 129//129
f 38//38 129//129 73//73
f 38//38 73//73 72//72
f 38//38 72//72 71//71
f 38//38 71//71 70//70
f 38//38 70//70 69//69
f 38//38 69//69 68//68
f 38//38 68//68 67//67
f 38//38 67//67 66//66
f 38//38 66//66 65//65
f 38//38 65//65 64//64
f 38//38 64//64 63//63
f 38//38 63//63 62//62
f 38//38 62//62 61//61
f 38//38 61//61 60//60
f 38//38 60//60 59//59
f 38//38 59//59 58//58
f 38//38 58//58 57//57
f 38//38 57//57 56//56
f 38//38 56//56 55//55
f 38//38 55//55 54//54
f 38//38 54//54 53//53
f 38//38 53//53 52//52
f 38//38 52//52 51//51
f 38//38 51//51 50//50
f 38//38 50//50 49//49
f 38//38 49//49 48//48
f 38//38 48//48 47//47
f 38//38 47//47 46//46
f 38//38 46//46 45//45
f 38//38 45//45 44//44
f 38//38 44//44 43//43
f 38//38 43//43 42//42
f 38//38 42//42 41//41
f 38//38 41//41 40//40
f 38//38 40//40 39//39
f 38//38 120//120 119//119
f 38//38 119//119 124//124
f 38//38 124//124 125//125
f 38//38 125//125 126//126
f 38//38 126//126 127//127
f 38//38 127//127 128//128
f 38//38 128//128 121//121
f 73//73 129//129 130//130
f 73//73 130//130 131//131
f 73//73 131//131 132//132
f 73//73 132//132 133//133
f 73//73 133//133 134//134
f 73//73 134//134 135//135
f 73//73 135//135 136//136
f 73//73 136//136 137//137
f 73//73 137//137 77//77
f 73//73 77//77 76//76
f 74//74 77//77 138//138
f 74//74 138//138 139//139
f 74//74 139//139 140//140
f 74//74 140//140 141//141
f 74//74 141//141 78//78
f 74//74 78//78 75//75
f 77//77 137//137 142//142
f 77//77 142//142 138//138
f 78//78 143//143 79//79
f 78//78 141//141 143//143
f 79//79 143//143 144//144
f 79//79 144//144 145//145
f 79//79 145//145 80//80
f 80//80 145//145 81//81
f 81//81 145//145 144//144
f 81//81 144//144 146//146
f 81//81 146//146 147//147
f 81//81 147//147 82//82
f 82//82 147//147 83//83
f 83//83 147//147 85//85
f 83//83 85//85 84//84
f 85//85 147//147 148//148
f 85//85 148//148 149//149
f 85//85 149//149 150//150
f 85//85 150//150 86//86
f 86//86 150//150 87//87
f 87//87 150//150 149//149
f 87//87 149//149 151//151
f 87//87 151//151 88//88
f 88//88 151//151 152//152
f 88//88 152//152 89//89
f 89//89 152//152 90//90
f 90//90 152//152 151//151
f 90//90 151//151 153//153
f 90//90 153//153 154//154
f 90//90 154//154 91//91
f 91//91 154//154 92//92
f 92//92 94//94 93//93
f 92//92 154//154 95//95
f 92//92 95//95 94//94
f 95//95 155//155 96//96
f 95//95 154//154 155//155
f 96//96 155//155 97//97
f 97//97 156//156 157//157
f 97//97 157//157 158//158
f 97//97 158//158 159//159
f 97//97 159//159 160//160
f 97//97 160//160 98//98
f 97//97 155//155 156//156
f 98//98 160//160 99//99
f 99//99 160//160 159//159
f 99//99 159//159 161//161
f 99//99 161//161 100//100
f 100//100 161//161 101//101
f 101//101 161//161 104//104
f 101//101 104//104 102//102
f 102//102 104//104 103//103
f 104//104 162//162 163//163
f 104//104 163//163 164//164
f 104//104 164//164 165//165
f 104//104 165//165 107//107
f 104//104 107//107 106//106
f 104//104 106//106 105//105
f 104//104 161//161 162//162
f 107//107 165//165 166//166
f 107//107 166//166 167//167
f 107//107 167//167 168//168
f 107//107 168//168 109//109
f 107//107 109//109 108//108
f 109//109 168//168 169//169
f 109//109 169//169 170//170
f 109//109 170//170 111//111
f 109//109 111//111 110//110
f 111//111 171//171 172//172
f 111//111 172//172 173//173
f 111//111 173//173 113//113
f 111//111 113//113 112//112
f 111//111 170//170 174//174
f 111//111 174//174 171//171
f 113//113 173//173 175//175
f 113//113 175//175 176//176
f 113//113 176//176 177//177
f 113//113 177//177 114//114
f 114//114 116//116 115//115
f 114//114 177//177 178//178
f 114//114 178//178 116//116
f 116//116 178//178 179//179
f 116//116 179//179 117//117
f 117//117 180//180 118//118
f 117//117 179//179 180//180
f 118//118 180//180 181//181
f 118//118 181//181 124//124
f 118//118 124//124 119//119
f 121//121 128//128 122//122
f 122//122 182//182 123//123
f 122//122 128//128 183//183
f 122//122 183//183 184//184
f 122//122 184//184 182//182
f 123//123 182//182 185//185
f 124//124 181//181 125//125
f 125//125 181//181 186//186
f 125//125 186//186 126//126
f 126//126 186//186 187//187
f 126//126 187//187 127//127
f 127//127 187//187 188//188
f 127//127 188//188 128//128
f 128//128 188//188 183//183
f 129//129 189//189 130//130
f 130//130 189//189 190//190
f 130//130 190//190 191//191
f 130//130 191//191 192//192
f 130//130 192//192 193//193
f 130//130 193//193 131//131
f 131//131 193//193 132//132
f 132//132 193//193 194//194
f 132//132 194//194 195//195
f 132//132 195//195 133//133
f 133//133 195//195 196//196
f 133//133 196//196 134//134
f 134//134 196//196 197//197
f 134//134 197//197 135//135
f 135//135 197//197 198//198
f 135//135 198//198 136//136
f 136//136 198//198 199//199
f 136//136 199//199 137//137
f 137//137 199//199 200//200
f 137//137 200//200 142//142
f 138//138 200//200 139//139
f 138//138 142//142 200//200
f 139//139 200//200 140//140
f 140//140 201//201 141//141
f 140//140 200//200 201//201
f 141//141 201//201 143//143
f 143//143 202//202 203//203
f 143//143 203//203 144//144
f 143//143 201//201 204//204
f 143//143 204//204 202//202
f 144//144 203//203 205//205
f 144//144 205//205 146//146
f 146//146 206//206 207//207
f 146//146 207//207 147//147
f 146//146 205//205 202//202
f 146//146 202//202 206//206
f 147//147 207//207 208//208
f 147//147 208//208 148//148
f 148//148 209//209 210//210
f 148//148 210//210 149//149
f 148//148 208//208 206//206
f 148//148 206//206 209//209
f 149//149 211//211 151//151
f 149//149 210//210 211//211
f 151//151 211//211 212//212
f 151//151 212//212 213//213
f 151//151 213//213 214//214
f 151//151 214//214 153//153
f 153//153 215//215 216//216
f 153//153 216//216 217//217
f 153//153 217//217 218//218
f 153//153 218//218 154//154
f 153//153 214//214 215//215
f 154//154 218//218 155//155
f 155//155 218//218 156//156
f 156//156 219//219 220//220
f 156//156 220//220 221//221
f 156//156 221//221 161//161
f 156//156 161//161 157//157
f 156//156 218//218 222//222
f 156//156 222//222 219//219
f 157//157 161//161 158//158
f 158//158 161//161 159//159
f 161//161 221//221 162//162
f 162//162 221//221 223//223
f 162//162 223//223 163//163
f 163//163 223//223 164//164
f 164//164 223//223 165//165
f 165//165 223//223 224//224
f 165//165 224//224 166//166
f 166//166 224//224 168//168
f 166//166 168//168 167//167
f 168//168 224//224 225//225
f 168//168 225//225 169//169
f 169//169 225//225 170//170
f 170//170 225//225 226//226
f 170//170 226//226 174//174
f 171//171 226//226 172//172
f 171//171 174//174 226//226
f 172//172 226//226 173//173
f 173//173 226//226 178//178
f 173//173 178//178 175//175
f 175//175 178//178 176//176
f 176//176 178//178 177//177
f 178//178 227//227 179//179
f 178//178 226//226 227//227
f 179//179 227//227 228//228
f 179//179 228//228 180//180
f 180//180 229//229 181//181
f 180//180 228//228 229//229
f 181//181 229//229 186//186
f 182//182 230//230 231//231
f 182//182 231//231 185//185
f 182//182 184//184 230//230
f 183//183 188//188 232//232
f 183//183 232//232 233//233
f 183//183 233//233 184//184
f 184//184 233//233 234//234
f 184//184 234//234 230//230
f 185//185 231//231 235//235
f 186//186 229//229 236//236
f 186//186 236//236 187//187
f 187//187 236//236 237//237
f 187//187 237//237 188//188
f 188//188 237//237 238//238
f 188//188 238//238 232//232
f 189//189 239//239 190//190
f 190//190 239//239 240//240
f 190//190 240//240 241//241
f 190//190 241//241 191//191
f 191//191 193//193 192//192
f 191//191 241//241 242//242
f 191//191 242//242 243//243
f 191//191 243//243 244//244
f 191//191 244//244 194//194
f 191//191 194//194 193//193
f 194//194 244//244 245//245
f 194//194 245//245 195//195
f 195//195 245//245 246//246
f 195//195 246//246 196//196
f 196//196 246//246 247//247
f 196//196 247//247 197//197
f 197//197 247//247 248//248
f 197//197 248//248 198//198
f 198//198 248//248 249//249
f 198//198 249//249 199//199
f 199//199 249//249 204//204
f 199//199 204//204 200//200
f 200//200 204//204 201//201
f 202//202 205//205 203//203
f 202//202 204//204 250//250
f 202//202 250//250 206//206
f 204//204 249//249 250//250
f 206//206 208//208 207//207
f 206//206 250//250 251//251
f 206//206 251//251 209//209
f 209//209 251//251 252//252
f 209//209 252//252 253//253
f 209//209 253//253 254//254
f 209//209 254//254 211//211
f 209//209 211//211 210//210
f 211//211 254//254 212//212
f 212//212 254//254 213//213
f 213//213 254//254 214//214
f 214//214 254//254 255//255
f 214//214 255//255 215//215
f 215//215 255//255 216//216
f 216//216 255//255 217//217
f 217//217 255//255 256//256
f 217//217 256//256 222//222
f 217//217 222//222 218//218
f 219//219 257//257 220//220
f 219//219 222//222 257//257
f 220//220 257//257 223//223
f 220//220 223//223 221//221
f 222//222 256//256 257//257
f 223//223 257//257 258//258
f 223//223 258//258 259//259
f 223//223 259//259 224//224
f 224//224 260//260 225//225
f 224//224 259//259 260//260
f 225//225 260//260 261//261
f 225//225 261//261 262//262
f 225//225 262//262 226//226
f 226//226 262//262 227//227
f 227//227 262//262 263//263
f 227//227 263//263 228//228
f 228//228 263//263 264//264
f 228//228 264//264 229//229
f 229//229 264//264 236//236
f 230//230 234//234 231//231
f 231//231 234//234 265//265
f 231//231 265//265 266//266
f 231//231 266//266 235//235
f 232//232 238//238 267//267
f 232//232 267//267 233//233
f 233//233 267//267 268//268
f 233//233 268//268 234//234
f 234//234 268//268 269//269
f 234//234 269//269 270//270
f 234//234 270//270 265//265
f 235//235 266//266 272//272
f 235//235 272//272 271//271
f 236//236 264//264 273//273
f 236//236 273//273 237//237
f 237//237 273//273 274//274
f 237//237 274//274 238//238
f 238//238 274//274 267//267
f 239//239 275//275 276//276
f 239//239 276//276 240//240
f 240//240 276//276 277//277
f 240//240 277//277 241//241
f 241//241 278//278 242//242
f 241//241 277//277 278//278
f 242//242 279//279 280//280
f 242//242 280//280 243//243
f 242//242 278//278 279//279
f 243//243 280//280 281//281
f 243//243 281//281 244//244
f 244//244 281//281 282//282
f 244//244 282//282 245//245
f 245//245 282//282 283//283
f 245//245 283//283 246//246
f 246//246 283//283 284//284
f 246//246 284//284 247//247
f 247//247 284//284 285//285
f 247//247 285//285 248//248
f 248//248 285//285 286//286
f 248//248 286//286 249//249
f 249//249 286//286 250//250
f 250//250 286//286 251//251
f 251//251 286//286 287//287
f 251//251 287//287 252//252
f 252//252 287//287 288//288
f 252//252 288//288 289//289
f 252//252 289//289 253//253
f 253//253 289//289 290//290
f 253//253 290//290 291//291
f 253//253 291//291 254//254
f 254//254 291//291 255//255
f 255//255 291//291 292//292
f 255//255 292//292 256//256
f 256//256 292//292 257//257
f 257//257 292//292 258//258
f 258//258 292//292 293//293
f 258//258 293//293 259//259
f 259//259 293//293 294//294
f 259//259 294//294 295//295
f 259//259 295//295 260//260
f 260//260 295//295 296//296
f 260//260 296//296 261//261
f 261//261 296//296 297//297
f 261//261 297//297 262//262
f 262//262 298//298 263//263
f 262//262 297//297 298//298
f 263//263 299//299 264//264
f 263//263 298//298 299//299
f 264//264 299//299 273//273
f 265//265 270//270 272//272
f 265//265 272//272 266//266
f 267//267 274//274 300//300
f 267//267 300//300 301//301
f 267//267 301//301 268//268
f 268//268 302//302 269//269
f 268//268 301//301 302//302
f 269//269 302//302 303//303
f 269//269 303//303 304//304
f 269//269 304//304 305//305
f 269//269 305//305 306//306
f 269//269 306//306 270//270
f 270//270 306//306 307//307
f 270//270 307//307 308//308
f 270//270 308//308 272//272
f 271//271 272//272 308//308
f 273//273 299//299 309//309
f 273//273 309//309 274//274
f 274//274 309//309 310//310
f 274//274 310//310 300//300
f 275//275 311//311 276//276
f 276//276 311//311 312//312
f 276//276 312//312 313//313
f 276//276 313//313 277//277
f 277//277 313//313 278//278
f 278//278 314//314 279//279
f 278//278 313//313 315//315
f 278//278 315//315 314//314
f 279//279 316//316 317//317
f 279//279 317//317 280//280
f 279//279 314//314 316//316
f 280//280 317//317 281//281
f 281//281 317//317 318//318
f 281//281 318//318 282//282
f 282//282 318//318 319//319
f 282//282 319//319 283//283
f 283//283 319//319 320//320
f 283//283 320//320 284//284
f 284//284 320//320 321//321
f 284//284 321//321 285//285
f 285//285 321//321 287//287
f 285//285 287//287 286//286
f 287//287 321//321 288//288
f 288//288 322//322 323//323
f 288//288 323//323 289//289
f 288//288 321//321 322//322
f 289//289 324//324 290//290
f 289//289 323//323 324//324
f 290//290 324//324 325//325
f 290//290 325//325 326//326
f 290//290 326//326 291//291
f 291//291 326//326 292//292
f 292//292 326//326 294//294
f 292//292 294//294 293//293
f 294//294 326//326 327//327
f 294//294 327//327 295//295
f 295//295 327//327 328//328
f 295//295 328//328 329//329
f 295//295 329//329 296//296
f 296//296 329//329 330//330
f 296//296 330//330 297//297
f 297//297 330//330 331//331
f 297//297 331//331 332//332
f 297//297 332//332 298//298
f 298//298 332//332 299//299
f 299//299 332//332 309//309
f 300//300 310//310 333//333
f 300//300 333//333 301//301
f 301//301 333//333 334//334
f 301//301 334//334 302//302
f 302//302 334//334 303//303
f 303//303 334//334 335//335
f 303//303 335//335 336//336
f 303//303 336//336 304//304
f 304//304 336//336 337//337
f 304//304 337//337 338//338
f 304//304 338//338 339//339
f 304//304 339//339 340//340
f 304//304 340//340 305//305
f 305//305 340//340 341//341
f 305//305 341//341 306//306
f 306//306 341//341 342//342
f 306//306 342//342 343//343
f 306//306 343//343 344//344
f 306//306 344//344 307//307
f 309//309 332//332 345//345
f 309//309 345//345 310//310
f 310//310 345//345 346//346
f 310//310 346//346 333//333
f 311//311 347//347 312//312
f 312//312 347//347 348//348
f 312//312 348//348 349//349
f 312//312 349//349 313//313
f 313//313 349//349 315//315
f 314//314 350//350 316//316
f 314//314 315//315 351//351
f 314//314 351//351 352//352
f 314//314 352//352 353//353
f 314//314 353//353 350//350
f 315//315 349//349 351//351
f 316//316 350//350 354//354
f 316//316 354//354 355//355
f 316//316 355//355 317//317
f 317//317 355//355 356//356
f 317//317 356//356 318//318
f 318//318 356//356 357//357
f 318//318 357//357 319//319
f 319//319 357//357 358//358
f 319//319 358//358 320//320
f 320//320 358//358 322//322
f 320//320 322//322 321//321
f 322//322 358//358 323//323
f 323//323 358//358 359//359
f 323//323 359//359 360//360
f 323//323 360//360 324//324
f 324//324 360//360 361//361
f 324//324 361//361 325//325
f 325//325 362//362 328//328
f 325//325 328//328 326//326
f 325//325 361//361 363//363
f 325//325 363//363 362//362
f 326//326 328//328 327//327
f 328//328 362//362 329//329
f 329//329 362//362 363//363
f 329//329 363//363 364//364
f 329//329 364//364 365//365
f 329//329 365//365 330//330
f 330//330 365//365 366//366
f 330//330 366//366 331//331
f 331//331 366//366 345//345
f 331//331 345//345 332//332
f 333//333 346//346 367//367
f 333//333 367//367 334//334
f 334//334 367//367 335//335
f 335//335 368//368 336//336
f 335//335 367//367 369//369
f 335//335 369//369 368//368
f 336//336 368//368 370//370
f 336//336 370//370 337//337
f 337//337 370//370 371//371
f 337//337 371//371 372//372
f 337//337 372//372 373//373
f 337//337 373//373 338//338
f 338//338 373//373 374//374
f 338//338 374//374 372//372
f 338//338 372//372 375//375
f 338//338 375//375 339//339
f 339//339 375//375 340//340
f 340//340 375//375 376//376
f 340//340 376//376 342//342
f 340//340 342//342 341//341
f 345//345 366//366 346//346
f 346//346 366//366 377//377
f 346//346 377//377 367//367
f 348//348 378//378 351//351
f 348//348 351//351 349//349
f 350//350 379//379 354//354
f 350//350 353//353 380//380
f 350//350 380//380 381//381
f 350//350 381//381 382//382
f 350//350 382//382 383//383
f 350//350 383//383 379//379
f 351//351 378//378 352//352
f 352//352 378//378 384//384
f 352//352 384//384 385//385
f 352//352 385//385 353//353
f 353//353 385//385 380//380
f 354//354 386//386 387//387
f 354//354 387//387 355//355
f 354//354 379//379 386//386
f 355//355 387//387 388//388
f 355//355 388//388 356//356
f 356//356 388//388 389//389
f 356//356 389//389 357//357
f 357//357 389//389 359//359
f 357//357 359//359 358//358
f 359//359 389//389 360//360
f 360//360 389//389 390//390
f 360//360 390//390 361//361
f 361//361 390//390 391//391
f 361//361 391//391 392//392
f 361//361 392//392 393//393
f 361//361 393//393 363//363
f 363//363 393//393 364//364
f 364//364 393//393 392//392
f 364//364 392//392 394//394
f 364//364 394//394 395//395
f 364//364 395//395 365//365
f 365//365 395//395 377//377
f 365//365 377//377 366//366
f 367//367 377//377 369//369
f 368//368 369//369 396//396
f 368//368 396//396 397//397
f 368//368 397//397 370//370
f 369//369 377//377 395//395
f 369//369 395//395 396//396
f 370//370 397//397 398//398
f 370//370 398//398 371//371
f 371//371 398//398 399//399
f 371//371 399//399 400//400
f 371//371 400//400 401//401
f 371//371 401//401 372//372
f 372//372 400//400 402//402
f 372//372 374//374 373//373
f 372//372 401//401 400//400
f 379//379 403//403 386//386
f 379//379 383//383 404//404
f 379//379 404//404 405//405
f 379//379 405//405 406//406
f 379//379 406//406 403//403
f 380//380 385//385 407//407
f 380//380 407//407 408//408
f 380//380 408//408 409//409
f 380//380 409//409 381//381
f 381//381 404//404 383//383
f 381//381 383//383 382//382
f 381//381 409//409 410//410
f 381//381 410//410 404//404
f 384//384 407//407 385//385
f 386//386 411//411 412//412
f 386//386 412//412 387//387
f 386//386 403//403 411//411
f 387//387 412//412 413//413
f 387//387 413//413 388//388
f 388//388 413//413 390//390
f 388//388 390//390 389//389
f 390//390 413//413 391//391
f 391//391 413//413 414//414
f 391//391 414//414 415//415
f 391//391 415//415 416//416
f 391//391 416//416 392//392
f 392//392 416//416 394//394
f 394//394 415//415 417//417
f 394//394 417//417 396//396
f 394//394 396//396 395//395
f 394//394 416//416 415//415
f 396//396 417//417 397//397
f 397//397 417//417 418//418
f 397//397 418//418 398//398
f 398//398 419//419 399//399
f 398//398 418//418 419//419
f 399//399 419//419 420//420
f 399//399 420//420 421//421
f 399//399 421//421 422//422
f 399//399 422//422 400//400
f 400//400 422//422 402//402
f 402//402 422//422 423//423
f 403//403 424//424 411//411
f 403//403 406//406 425//425
f 403//403 425//425 426//426
f 403//403 426//426 424//424
f 404//404 410//410 427//427
f 404//404 427//427 405//405
f 405//405 427//427 428//428
f 405//405 428//428 406//406
f 406//406 428//428 425//425
f 411//411 424//424 429//429
f 411//411 429//429 430//430
f 411//411 430//430 412//412
f 412//412 430//430 414//414
f 412//412 414//414 413//413
f 414//414 430//430 431//431
f 414//414 431//431 432//432
f 414//414 432//432 415//415
f 415//415 432//432 417//417
f 417//417 432//432 431//431
f 417//417 431//431 418//418
f 418//418 433//433 419//419
f 418//418 431//431 433//433
f 419//419 434//434 435//435
f 419//419 435//435 420//420
f 419//419 433//433 434//434
f 420//420 435//435 436//436
f 420//420 436//436 437//437
f 420//420 437//437 421//421
f 421//421 437//437 436//436
f 421//421 436//436 438//438
f 421//421 438//438 439//439
f 421//421 439//439 440//440
f 421//421 440//440 422//422
f 422//422 440//440 423//423
f 424//424 441//441 429//429
f 424//424 426//426 442//442
f 424//424 442//442 443//443
f 424//424 443//443 441//441
f 425//425 428//428 426//426
f 426//426 428//428 442//442
f 427//427 444//444 428//428
f 428//428 444//444 445//445
f 428//428 445//445 446//446
f 428//428 446//446 447//447
f 428//428 447//447 442//442
f 429//429 441//441 435//435
f 429//429 435//435 434//434
f 429//429 434//434 433//433
f 429//429 433//433 430//430
f 430//430 433//433 431//431
f 435//435 438//438 436//436
f 435//435 441//441 448//448
f 435//435 448//448 449//449
f 435//435 449//449 438//438
f 438//438 449//449 448//448
f 438//438 448//448 450//450
f 438//438 450//450 439//439
f 441//441 443//443 451//451
f 441//441 451//451 452//452
f 441//441 452//452 448//448
f 442//442 447//447 453//453
f 442//442 453//453 454//454
f 442//442 454//454 443//443
f 443//443 454//454 451//451
f 444//444 455//455 445//445
f 445//445 455//455 446//446
f 448//448 452//452 450//450
f 450//450 452//452 451//451
f 450//450 451//451 456//456
f 451//451 454//454 456//456
f 457//457 458//458 465//465
f 457//457 465//465 474//474
f 457//457 474//474 486//486
f 457//457 486//486 499//499
f 457//457 499//499 518//518
f 457//457 518//518 536//536
f 457//457 536//536 538//538
f 457//457 538//538 558//558
f 457//457 558//558 557//557
f 457//457 557//557 581//581
f 457//457 581//581 604//604
f 457//457 604//604 603//603
f 457//457 603//603 623//623
f 457//457 623//623 622//622
f 457//457 622//622 621//621
f 457//457 621//621 646//646
f 457//457 646//646 645//645
f 457//457 645//645 644//644
f 457//457 644//644 670//670
f 457//457 670//670 690//690
f 457//457 690//690 689//689
f 457//457 689//689 709//709
f 457//457 709//709 732//732
f 457//457 732//732 759//759
f 457//457 759//759 781//781
f 457//457 781//781 794//794
f 457//457 794//794 805//805
f 457//457 805//805 816//816
f 457//457 816//816 820//820
f 457//457 820//820 825//825
f 457//457 825//825 822//822
f 457//457 822//822 818//818
f 457//457 818//818 808//808
f 457//457 808//808 796//796
f 457//457 796//796 783//783
f 457//457 783//783 763//763
f 457//457 763//763 761//761
f 457//457 761//761 740//740
f 457//457 740//740 739//739
f 457//457 739//739 738//738
f 457//457 738//738 737//737
f 457//457 737//737 736//736
f 457//457 736//736 735//735
f 457//457 735//735 734//734
f 457//457 734//734 710//710
f 457//457 710//710 691//691
f 457//457 691//691 672//672
f 457//457 672//672 648//648
f 457//457 648//648 624//624
f 457//457 624//624 606//606
f 457//457 606//606 589//589
f 457//457 589//589 588//588
f 457//457 588//588 587//587
f 457//457 587//587 585//585
f 457//457 585//585 584//584
f 457//457 584//584 583//583
f 457//457 583//583 582//582
f 457//457 582//582 560//560
f 457//457 560//560 559//559
f 457//457 559//559 539//539
f 457//457 539//539 520//520
f 457//457 520//520 503//503
f 457//457 503//503 490//490
f 457//457 490//490 477//477
f 457//457 477//477 467//467
f 457//457 467//467 459//459
f 457//457 459//459 460//460
f 457//457 460//460 461//461
f 457//457 461//461 462//462
f 457//457 462//462 463//463
f 457//457 463//463 464//464
f 457//457 464//464 458//458
f 458//458 464//464 466//466
f 458//458 466//466 465//465
f 459//459 467//467 468//468
f 459//459 468//468 469//469
f 459//459 469//469 470//470
f 459//459 470//470 460//460
f 460//460 470//470 471//471
f 460//460 471//471 472//472
f 460//460 472//472 461//461
f 461//461 472//472 473//473
f 461//461 473//473 462//462
f 462//462 473//473 485//485
f 462//462 485//485 484//484
f 462//462 484//484 498//498
f 462//462 498//498 497//497
f 462//462 497//497 517//517
f 462//462 517//517 516//516
f 462//462 516//516 515//515
f 462//462 515//515 514//514
f 462//462 514//514 535//535
f 462//462 535//535 555//555
f 462//462 555//555 554//554
f 462//462 554//554 553//553
f 462//462 553//553 552//552
f 462//462 552//552 579//579
f 462//462 579//579 578//578
f 462//462 578//578 577//577
f 462//462 577//577 601//601
f 462//462 601//601 619//619
f 462//462 619//619 635//635
f 462//462 635//635 664//664
f 462//462 664//664 663//663
f 462//462 663//663 662//662
f 462//462 662//662 661//661
f 462//462 661//661 660//660
f 462//462 660//660 683//683
f 462//462 683//683 703//703
f 462//462 703//703 728//728
f 462//462 728//728 727//727
f 462//462 727//727 752//752
f 462//462 752//752 754//754
f 462//462 754//754 753//753
f 462//462 753//753 778//778
f 462//462 778//778 777//777
f 462//462 777//777 792//792
f 462//462 792//792 791//791
f 462//462 791//791 804//804
f 462//462 804//804 803//803
f 462//462 803//803 802//802
f 462//462 802//802 815//815
f 462//462 815//815 814//814
f 462//462 814//814 813//813
f 462//462 813//813 819//819
f 462//462 819//819 824//824
f 462//462 824//824 823//823
f 462//462 823//823 827//827
f 462//462 827//827 826//826
f 462//462 826//826 821//821
f 462//462 821//821 817//817
f 462//462 817//817 807//807
f 462//462 807//807 806//806
f 462//462 806//806 795//795
f 462//462 795//795 782//782
f 462//462 782//782 760//760
f 462//462 760//760 733//733
f 462//462 733//733 731//731
f 462//462 731//731 708//708
f 462//462 708//708 688//688
f 462//462 688//688 669//669
f 462//462 669//669 643//643
f 462//462 643//643 620//620
f 462//462 620//620 602//602
f 462//462 602//602 580//580
f 462//462 580//580 556//556
f 462//462 556//556 537//537
f 462//462 537//537 519//519
f 462//462 519//519 502//502
f 462//462 502//502 501//501
f 462//462 501//501 500//500
f 462//462 500//500 489//489
f 462//462 489//489 488//488
f 462//462 488//488 487//487
f 462//462 487//487 476//476
f 462//462 476//476 475//475
f 462//462 475//475 466//466
f 462//462 466//466 464//464
f 462//462 464//464 463//463
f 465//465 466//466 475//475
f 465//465 475//475 476//476
f 465//465 476//476 474//474
f 467//467 477//477 478//478
f 467//467 478//478 468//468
f 468//468 479//479 469//469
f 468//468 478//478 479//479
f 469//469 479//479 480//480
f 469//469 480//480 471//471
f 469//469 471//471 470//470
f 471//471 480//480 481//481
f 471//471 481//481 472//472
f 472//472 482//482 483//483
f 472//472 483//483 484//484
f 472//472 484//484 485//485
f 472//472 485//485 473//473
f 472//472 481//481 482//482
f 474//474 476//476 487//487
f 474//474 487//487 488//488
f 474//474 488//488 489//489
f 474//474 489//489 486//486
f 477//477 490//490 479//479
f 477//477 479//479 478//478
f 479//479 491//491 480//480
f 479//479 490//490 492//492
f 479//479 492//492 491//491
f 480//480 491//491 493//493
f 480//480 493//493 481//481
f 481//481 493//493 494//494
f 481//481 494//494 482//482
f 482//482 495//495 483//483
f 482//482 494//494 495//495
f 483//483 495//495 496//496
f 483//483 496//496 497//497
f 483//483 497//497 498//498
f 483//483 498//498 484//484
f 486//486 489//489 500//500
f 486//486 500//500 501//501
f 486//486 501//501 502//502
f 486//486 502//502 499//499
f 490//490 503//503 492//492
f 491//491 504//504 493//493
f 491//491 492//492 505//505
f 491//491 505//505 506//506
f 491//491 506//506 507//507
f 491//491 507//507 508//508
f 491//491 508//508 504//504
f 492//492 503//503 505//505
f 493//493 504//504 509//509
f 493//493 509//509 510//510
f 493//493 510//510 494//494
f 494//494 510//510 511//511
f 494//494 511//511 495//495
f 495//495 512//512 496//496
f 495//495 511//511 512//512
f 496//496 512//512 513//513
f 496//496 513//513 514//514
f 496//496 514//514 515//515
f 496//496 515//515 516//516
f 496//496 516//516 517//517
f 496//496 517//517 497//497
f 499//499 502//502 518//518
f 502//502 519//519 518//518
f 503//503 520//520 521//521
f 503//503 521//521 505//505
f 504//504 508//508 522//522
f 504//504 522//522 523//523
f 504//504 523//523 509//509
f 505//505 521//521 506//506
f 506//506 521//521 524//524
f 506//506 524//524 507//507
f 507//507 524//524 525//525
f 507//507 525//525 508//508
f 508//508 525//525 522//522
f 509//509 526//526 510//510
f 509//509 523//523 527//527
f 509//509 527//527 528//528
f 509//509 528//528 526//526
f 510//510 526//526 529//529
f 510//510 529//529 530//530
f 510//510 530//530 511//511
f 511//511 530//530 531//531
f 511//511 531//531 512//512
f 512//512 532//532 513//513
f 512//512 531//531 532//532
f 513//513 532//532 533//533
f 513//513 533//533 534//534
f 513//513 534//534 535//535
f 513//513 535//535 514//514
f 518//518 519//519 536//536
f 519//519 537//537 538//538
f 519//519 538//538 536//536
f 520//520 539//539 521//521
f 521//521 539//539 540//540
f 521//521 540//540 524//524
f 522//522 525//525 527//527
f 522//522 527//527 523//523
f 524//524 541//541 525//525
f 524//524 540//540 542//542
f 524//524 542//542 541//541
f 525//525 543//543 527//527
f 525//525 541//541 543//543
f 526//526 544//544 529//529
f 526//526 528//528 545//545
f 526//526 545//545 544//544
f 527//527 543//543 545//545
f 527//527 545//545 528//528
f 529//529 544//544 546//546
f 529//529 546//546 530//530
f 530//530 547//547 531//531
f 530//530 546//546 547//547
f 531//531 547//547 548//548
f 531//531 548//548 549//549
f 531//531 549//549 532//532
f 532//532 549//549 550//550
f 532//532 550//550 533//533
f 533//533 550//550 551//551
f 533//533 551//551 552//552
f 533//533 552//552 553//553
f 533//533 553//553 534//534
f 534//534 553//553 554//554
f 534//534 554//554 555//555
f 534//534 555//555 535//535
f 537//537 556//556 557//557
f 537//537 557//557 558//558
f 537//537 558//558 538//538
f 539//539 559//559 540//540
f 540//540 559//559 560//560
f 540//540 560//560 561//561
f 540//540 561//561 562//562
f 540//540 562//562 563//563
f 540//540 563//563 542//542
f 541//541 542//542 564//564
f 541//541 564//564 543//543
f 542//542 563//563 565//565
f 542//542 565//565 566//566
f 542//542 566//566 567//567
f 542//542 567//567 564//564
f 543//543 568//568 569//569
f 543//543 569//569 545//545
f 543//543 564//564 568//568
f 544//544 570//570 546//546
f 544//544 545//545 571//571
f 544//544 571//571 570//570
f 545//545 569//569 571//571
f 546//546 570//570 572//572
f 546//546 572//572 547//547
f 547//547 573//573 548//548
f 547//547 572//572 574//574
f 547//547 574//574 573//573
f 548//548 573//573 574//574
f 548//548 574//574 549//549
f 549//549 551//551 550//550
f 549//549 574//574 575//575
f 549//549 575//575 551//551
f 551//551 576//576 577//577
f 551//551 577//577 578//578
f 551//551 578//578 579//579
f 551//551 579//579 552//552
f 551//551 575//575 576//576
f 556//556 580//580 581//581
f 556//556 581//581 557//557
f 560//560 582//582 561//561
f 561//561 582//582 583//583
f 561//561 583//583 562//562
f 562//562 583//583 584//584
f 562//562 584//584 585//585
f 562//562 585//585 563//563
f 563//563 585//585 565//565
f 564//564 567//567 568//568
f 565//565 586//586 566//566
f 565//565 585//585 587//587
f 565//565 587//587 588//588
f 565//565 588//588 589//589
f 565//565 589//589 586//586
f 566//566 586//586 567//567
f 567//567 586//586 590//590
f 567//567 590//590 591//591
f 567//567 591//591 568//568
f 568//568 591//591 592//592
f 568//568 592//592 569//569
f 569//569 592//592 593//593
f 569//569 593//593 594//594
f 569//569 594//594 571//571
f 570//570 571//571 594//594
f 570//570 594//594 572//572
f 572//572 594//594 595//595
f 572//572 595//595 574//574
f 574//574 596//596 597//597
f 574//574 597//597 575//575
f 574//574 595//595 596//596
f 575//575 597//597 598//598
f 575//575 598//598 576//576
f 576//576 599//599 577//577
f 576//576 598//598 600//600
f 576//576 600//600 599//599
f 577//577 599//599 601//601
f 580//580 602//602 603//603
f 580//580 603//603 604//604
f 580//580 604//604 581//581
f 586//586 605//605 590//590
f 586//586 589//589 606//606
f 586//586 606//606 605//605
f 590//590 607//607 592//592
f 590//590 592//592 591//591
f 590//590 605//605 607//607
f 592//592 607//607 593//593
f 593//593 607//607 608//608
f 593//593 608//608 609//609
f 593//593 609//609 610//610
f 593//593 610//610 594//594
f 594//594 611//611 595//595
f 594//594 610//610 611//611
f 595//595 612//612 596//596
f 595//595 611//611 609//609
f 595//595 609//609 612//612
f 596//596 612//612 597//597
f 597//597 612//612 613//613
f 597//597 613//613 600//600
f 597//597 600//600 598//598
f 599//599 614//614 601//601
f 599//599 600//600 615//615
f 599//599 615//615 616//616
f 599//599 616//616 614//614
f 600//600 613//613 617//617
f 600//600 617//617 618//618
f 600//600 618//618 615//615
f 601//601 614//614 619//619
f 602//602 620//620 621//621
f 602//602 621//621 622//622
f 602//602 622//622 623//623
f 602//602 623//623 603//603
f 605//605 606//606 607//607
f 606//606 624//624 625//625
f 606//606 625//625 626//626
f 606//606 626//626 607//607
f 607//607 626//626 608//608
f 608//608 626//626 609//609
f 609//609 626//626 627//627
f 609//609 627//627 628//628
f 609//609 628//628 629//629
f 609//609 629//629 612//612
f 609//609 611//611 610//610
f 612//612 617//617 613//613
f 612//612 629//629 630//630
f 612//612 630//630 617//617
f 614//614 631//631 632//632
f 614//614 632//632 633//633
f 614//614 633//633 634//634
f 614//614 634//634 635//635
f 614//614 635//635 619//619
f 614//614 616//616 631//631
f 615//615 618//618 636//636
f 615//615 636//636 616//616
f 616//616 636//636 631//631
f 617//617 630//630 637//637
f 617//617 637//637 638//638
f 617//617 638//638 639//639
f 617//617 639//639 618//618
f 618//618 639//639 640//640
f 618//618 640//640 641//641
f 618//618 641//641 642//642
f 618//618 642//642 636//636
f 620//620 643//643 644//644
f 620//620 644//644 645//645
f 620//620 645//645 646//646
f 620//620 646//646 621//621
f 624//624 647//647 625//625
f 624//624 648//648 649//649
f 624//624 649//649 650//650
f 624//624 650//650 651//651
f 624//624 651//651 652//652
f 624//624 652//652 653//653
f 624//624 653//653 647//647
f 625//625 647//647 654//654
f 625//625 654//654 626//626
f 626//626 654//654 627//627
f 627//627 654//654 655//655
f 627//627 655//655 628//628
f 628//628 655//655 629//629
f 629//629 655//655 656//656
f 629//629 656//656 657//657
f 629//629 657//657 638//638
f 629//629 638//638 630//630
f 630//630 638//638 637//637
f 631//631 658//658 632//632
f 631//631 636//636 659//659
f 631//631 659//659 658//658
f 632//632 658//658 633//633
f 633//633 658//658 660//660
f 633//633 660//660 661//661
f 633//633 661//661 634//634
f 634//634 661//661 662//662
f 634//634 662//662 663//663
f 634//634 663//663 664//664
f 634//634 664//664 635//635
f 636//636 642//642 665//665
f 636//636 665//665 659//659
f 638//638 657//657 666//666
f 638//638 666//666 639//639
f 639//639 667//667 640//640
f 639//639 666//666 657//657
f 639//639 657//657 668//668
f 639//639 668//668 667//667
f 640//640 667//667 641//641
f 641//641 667//667 665//665
f 641//641 665//665 642//642
f 643//643 669//669 670//670
f 643//643 670//670 644//644
f 647//647 653//653 671//671
f 647//647 671//671 654//654
f 648//648 672//672 673//673
f 648//648 673//673 674//674
f 648//648 674//674 675//675
f 648//648 675//675 649//649
f 649//649 675//675 676//676
f 649//649 676//676 650//650
f 650//650 676//676 677//677
f 650//650 677//677 678//678
f 650//650 678//678 651//651
f 651//651 678//678 679//679
f 651//651 679//679 652//652
f 652//652 679//679 680//680
f 652//652 680//680 681//681
f 652//652 681//681 653//653
f 653//653 681//681 655//655
f 653//653 655//655 671//671
f 654//654 671//671 655//655
f 655//655 681//681 656//656
f 656//656 681//681 680//680
f 656//656 680//680 657//657
f 657//657 680//680 668//668
f 658//658 659//659 682//682
f 658//658 682//682 683//683
f 658//658 683//683 660//660
f 659//659 665//665 684//684
f 659//659 684//684 685//685
f 659//659 685//685 682//682
f 665//665 667//667 684//684
f 667//667 668//668 686//686
f 667//667 686//686 684//684
f 668//668 680//680 687//687
f 668//668 687//687 686//686
f 669//669 688//688 689//689
f 669//669 689//689 690//690
f 669//669 690//690 670//670
f 672//672 691//691 692//692
f 672//672 692//692 673//673
f 673//673 692//692 693//693
f 673//673 693//693 694//694
f 673//673 694//694 695//695
f 673//673 695//695 674//674
f 674//674 695//695 675//675
f 675//675 695//695 696//696
f 675//675 696//696 676//676
f 676//676 696//696 697//697
f 676//676 697//697 677//677
f 677//677 697//697 698//698
f 677//677 698//698 699//699
f 677//677 699//699 678//678
f 678//678 699//699 700//700
f 678//678 700//700 679//679
f 679//679 700//700 687//687
f 679//679 687//687 680//680
f 682//682 701//701 702//702
f 682//682 702//702 683//683
f 682//682 685//685 701//701
f 683//683 702//702 703//703
f 684//684 704//704 685//685
f 684//684 686//686 704//704
f 685//685 704//704 705//705
f 685//685 705//705 706//706
f 685//685 706//706 701//701
f 686//686 707//707 704//704
f 686//686 687//687 707//707
f 687//687 700//700 707//707
f 688//688 708//708 709//709
f 688//688 709//709 689//689
f 691//691 710//710 711//711
f 691//691 711//711 692//692
f 692//692 712//712 693//693
f 692//692 711//711 712//712
f 693//693 712//712 713//713
f 693//693 713//713 714//714
f 693//693 714//714 694//694
f 694//694 714//714 715//715
f 694//694 715//715 716//716
f 694//694 716//716 695//695
f 695//695 716//716 696//696
f 696//696 716//716 717//717
f 696//696 717//717 697//697
f 697//697 717//717 718//718
f 697//697 718//718 698//698
f 698//698 718//718 719//719
f 698//698 719//719 720//720
f 698//698 720//720 721//721
f 698//698 721//721 699//699
f 699//699 721//721 722//722
f 699//699 722//722 700//700
f 700//700 722//722 707//707
f 701//701 723//723 724//724
f 701//701 724//724 702//702
f 701//701 706//706 725//725
f 701//701 725//725 726//726
f 701//701 726//726 723//723
f 702//702 724//724 727//727
f 702//702 727//727 728//728
f 702//702 728//728 703//703
f 704//704 707//707 705//705
f 705//705 729//729 730//730
f 705//705 730//730 725//725
f 705//705 725//725 706//706
f 705//705 707//707 722//722
f 705//705 722//722 729//729
f 708//708 731//731 709//709
f 709//709 731//731 733//733
f 709//709 733//733 732//732
f 710//710 734//734 711//711
f 711//711 734//734 735//735
f 711//711 735//735 736//736
f 711//711 736//736 712//712
f 712//712 737//737 738//738
f 712//712 738//738 713//713
f 712//712 736//736 737//737
f 713//713 738//738 739//739
f 713//713 739//739 740//740
f 713//713 740//740 741//741
f 713//713 741//741 742//742
f 713//713 742//742 714//714
f 714//714 742//742 743//743
f 714//714 743//743 744//744
f 714//714 744//744 715//715
f 715//715 744//744 745//745
f 715//715 745//745 716//716
f 716//716 745//745 717//717
f 717//717 745//745 746//746
f 717//717 746//746 718//718
f 718//718 746//746 747//747
f 718//718 747//747 719//719
f 719//719 747//747 748//748
f 719//719 748//748 720//720
f 720//720 748//748 721//721
f 721//721 748//748 749//749
f 721//721 749//749 722//722
f 722//722 749//749 729//729
f 723//723 750//750 724//724
f 723//723 726//726 750//750
f 724//724 751//751 752//752
f 724//724 752//752 727//727
f 724//724 750//750 753//753
f 724//724 753//753 754//754
f 724//724 754//754 751//751
f 725//725 730//730 726//726
f 726//726 730//730 755//755
f 726//726 755//755 756//756
f 726//726 756//756 757//757
f 726//726 757//757 750//750
f 729//729 749//749 730//730
f 730//730 749//749 758//758
f 730//730 758//758 755//755
f 732//732 733//733 759//759
f 733//733 760//760 759//759
f 740//740 761//761 741//741
f 741//741 762//762 742//742
f 741//741 761//761 763//763
f 741//741 763//763 762//762
f 742//742 762//762 764//764
f 742//742 764//764 765//765
f 742//742 765//765 766//766
f 742//742 766//766 743//743
f 743//743 766//766 765//765
f 743//743 765//765 767//767
f 743//743 767//767 744//744
f 744//744 767//767 768//768
f 744//744 768//768 769//769
f 744//744 769//769 745//745
f 745//745 769//769 770//770
f 745//745 770//770 746//746
f 746//746 770//770 771//771
f 746//746 771//771 747//747
f 747//747 771//771 772//772
f 747//747 772//772 773//773
f 747//747 773//773 774//774
f 747//747 774//774 748//748
f 748//748 774//774 758//758
f 748//748 758//758 749//749
f 750//750 757//757 775//775
f 750//750 775//775 776//776
f 750//750 776//776 777//777
f 750//750 777//777 778//778
f 750//750 778//778 753//753
f 751//751 754//754 752//752
f 755//755 758//758 756//756
f 756//756 775//775 757//757
f 756//756 758//758 779//779
f 756//756 779//779 780//780
f 756//756 780//780 775//775
f 758//758 773//773 779//779
f 758//758 774//774 773//773
f 759//759 760//760 782//782
f 759//759 782//782 781//781
f 762//762 763//763 783//783
f 762//762 783//783 784//784
f 762//762 784//784 785//785
f 762//762 785//785 764//764
f 764//764 785//785 765//765
f 765//765 785//785 784//784
f 765//765 784//784 767//767
f 767//767 784//784 786//786
f 767//767 786//786 787//787
f 767//767 787//787 768//768
f 768//768 770//770 769//769
f 768//768 787//787 788//788
f 768//768 788//788 771//771
f 768//768 771//771 770//770
f 771//771 788//788 772//772
f 772//772 788//788 787//787
f 772//772 787//787 773//773
f 773//773 780//780 779//779
f 773//773 787//787 780//780
f 775//775 789//789 790//790
f 775//775 790//790 776//776
f 775//775 780//780 789//789
f 776//776 790//790 791//791
f 776//776 791//791 792//792
f 776//776 792//792 777//777
f 780//780 787//787 793//793
f 780//780 793//793 789//789
f 781//781 782//782 794//794
f 782//782 795//795 794//794
f 783//783 796//796 797//797
f 783//783 797//797 784//784
f 784//784 797//797 798//798
f 784//784 798//798 786//786
f 786//786 798//798 799//799
f 786//786 799//799 793//793
f 786//786 793//793 787//787
f 789//789 800//800 801//801
f 789//789 801//801 790//790
f 789//789 793//793 800//800
f 790//790 801//801 802//802
f 790//790 802//802 803//803
f 790//790 803//803 804//804
f 790//790 804//804 791//791
f 793//793 799//799 800//800
f 794//794 795//795 806//806
f 794//794 806//806 807//807
f 794//794 807//807 805//805
f 796//796 808//808 797//797
f 797//797 809//809 798//798
f 797//797 808//808 809//809
f 798//798 809//809 810//810
f 798//798 810//810 799//799
f 799//799 810//810 811//811
f 799//799 811//811 800//800
f 800//800 811//811 812//812
f 800//800 812//812 801//801
f 801//801 812//812 813//813
f 801//801 813//813 814//814
f 801//801 814//814 815//815
f 801//801 815//815 802//802
f 805//805 807//807 817//817
f 805//805 817//817 816//816
f 808//808 818//818 810//810
f 808//808 810//810 809//809
f 810//810 818//818 811//811
f 811//811 818//818 812//812
f 812//812 818//818 813//813
f 813//813 818//818 819//819
f 816//816 817//817 821//821
f 816//816 821//821 820//820
f 818//818 822//822 823//823
f 818//818 823//823 824//824
f 818//818 824//824 819//819
f 820//820 821//821 826//826
f 820//820 826//826 825//825
f 822//822 825//825 823//823
f 823//823 825//825 827//827
f 825//825 826//826 827//827
f 828//828 829//829 830//830
f 828//828 830//830 831//831
f 828//828 831//831 832//832
f 828//828 832//832 833//833
f 828//828 833//833 834//834
f 828//828 834//834 829//829
f 829//829 835//835 836//836
f 829//829 836//836 830//830
f 829//829 834//834 837//837
f 829//829 837//837 838//838
f 829//829 838//838 839//839
f 829//829 839//839 854//854
f 829//829 854//854 876//876
f 829//829 876//876 901//901
f 829//829 901//901 920//920
f 829//829 920//920 919//919
f 829//829 919//919 940//940
f 829//829 940//940 958//958
f 829//829 958//958 976//976
f 829//829 976//976 998//998
f 829//829 998//998 1030//1030
f 829//829 1030//1030 1056//1056
f 829//829 1056//1056 1076//1076
f 829//829 1076//1076 1095//1095
f 829//829 1095//1095 1114//1114
f 829//829 1114//1114 1127//1127
f 829//829 1127//1127 1139//1139
f 829//829 1139//1139 1158//1158
f 829//829 1158//1158 1178//1178
f 829//829 1178//1178 1183//1183
f 829//829 1183//1183 1167//1167
f 829//829 1167//1167 1150//1150
f 829//829 1150//1150 1146//1146
f 829//829 1146//1146 1133//1133
f 829//829 1133//1133 1119//1119
f 829//829 1119//1119 1101//1101
f 829//829 1101//1101 1084//1084
f 829//829 1084//1084 1065//1065
f 829//829 1065//1065 1040//1040
f 829//829 1040//1040 1019//1019
f 829//829 1019//1019 983//983
f 829//829 983//983 964//964
f 829//829 964//964 947//947
f 829//829 947//947 931//931
f 829//829 931//931 909//909
f 829//829 909//909 884//884
f 829//829 884//884 863//863
f 829//829 863//863 846//846
f 829//829 846//846 835//835
f 830//830 836//836 831//831
f 831//831 836//836 835//835
f 831//831 835//835 840//840
f 831//831 840//840 841//841
f 831//831 841//841 842//842
f 831//831 842//842 843//843
f 831//831 843//843 832//832
f 832//832 843//843 844//844
f 832//832 844//844 845//845
f 832//832 845//845 833//833
f 833//833 845//845 837//837
f 833//833 837//837 834//834
f 835//835 846//846 847//847
f 835//835 847//847 848//848
f 835//835 848//848 840//840
f 837//837 845//845 849//849
f 837//837 849//849 850//850
f 837//837 850//850 838//838
f 838//838 850//850 851//851
f 838//838 851//851 852//852
f 838//838 852//852 853//853
f 838//838 853//853 839//839
f 839//839 853//853 855//855
f 839//839 855//855 854//854
f 840//840 856//856 841//841
f 840//840 848//848 847//847
f 840//840 847//847 857//857
f 840//840 857//857 856//856
f 841//841 858//858 844//844
f 841//841 844//844 842//842
f 841//841 856//856 859//859
f 841//841 859//859 858//858
f 842//842 844//844 843//843
f 844//844 860//860 861//861
f 844//844 861//861 862//862
f 844//844 862//862 845//845
f 844//844 858//858 860//860
f 845//845 861//861 849//849
f 845//845 862//862 861//861
f 846//846 863//863 864//864
f 846//846 864//864 865//865
f 846//846 865//865 866//866
f 846//846 866//866 867//867
f 846//846 867//867 868//868
f 846//846 868//868 847//847
f 847//847 868//868 857//857
f 849//849 869//869 850//850
f 849//849 861//861 870//870
f 849//849 870//870 869//869
f 850//850 871//871 872//872
f 850//850 872//872 873//873
f 850//850 873//873 853//853
f 850//850 853//853 852//852
f 850//850 852//852 851//851
f 850//850 869//869 871//871
f 853//853 873//873 874//874
f 853//853 874//874 875//875
f 853//853 875//875 855//855
f 854//854 855//855 877//877
f 854//854 877//877 876//876
f 855//855 875//875 897//897
f 855//855 897//897 872//872
f 855//855 872//872 894//894
f 855//855 894//894 893//893
f 855//855 893//893 892//892
f 855//855 892//892 914//914
f 855//855 914//914 916//916
f 855//855 916//916 936//936
f 855//855 936//936 953//953
f 855//855 953//953 963//963
f 855//855 963//963 962//962
f 855//855 962//962 979//979
f 855//855 979//979 978//978
f 855//855 978//978 1013//1013
f 855//855 1013//1013 1012//1012
f 855//855 1012//1012 1011//1011
f 855//855 1011//1011 1025//1025
f 855//855 1025//1025 1046//1046
f 855//855 1046//1046 1045//1045
f 855//855 1045//1045 1053//1053
f 855//855 1053//1053 1052//1052
f 855//855 1052//1052 1051//1051
f 855//855 1051//1051 1075//1075
f 855//855 1075//1075 1093//1093
f 855//855 1093//1093 1110//1110
f 855//855 1110//1110 1109//1109
f 855//855 1109//1109 1125//1125
f 855//855 1125//1125 1137//1137
f 855//855 1137//1137 1154//1154
f 855//855 1154//1154 1173//1173
f 855//855 1173//1173 1186//1186
f 855//855 1186//1186 1187//1187
f 855//855 1187//1187 1174//1174
f 855//855 1174//1174 1155//1155
f 855//855 1155//1155 1138//1138
f 855//855 1138//1138 1126//1126
f 855//855 1126//1126 1111//1111
f 855//855 1111//1111 1094//1094
f 855//855 1094//1094 1077//1077
f 855//855 1077//1077 1057//1057
f 855//855 1057//1057 1035//1035
f 855//855 1035//1035 1034//1034
f 855//855 1034//1034 1033//1033
f 855//855 1033//1033 1032//1032
f 855//855 1032//1032 1031//1031
f 855//855 1031//1031 1010//1010
f 855//855 1010//1010 1009//1009
f 855//855 1009//1009 1008//1008
f 855//855 1008//1008 1007//1007
f 855//855 1007//1007 1006//1006
f 855//855 1006//1006 1005//1005
f 855//855 1005//1005 1004//1004
f 855//855 1004//1004 1003//1003
f 855//855 1003//1003 1002//1002
f 855//855 1002//1002 1001//1001
f 855//855 1001//1001 1000//1000
f 855//855 1000//1000 999//999
f 855//855 999//999 996//996
f 855//855 996//996 973//973
f 855//855 973//973 955//955
f 855//855 955//955 954//954
f 855//855 954//954 938//938
f 855//855 938//938 917//917
f 855//855 917//917 898//898
f 855//855 898//898 877//877
f 856//856 857//857 859//859
f 857//857 868//868 878//878
f 857//857 878//878 879//879
f 857//857 879//879 880//880
f 857//857 880//880 859//859
f 858//858 859//859 881//881
f 858//858 881//881 860//860
f 859//859 882//882 881//881
f 859//859 880//880 882//882
f 860//860 881//881 861//861
f 861//861 881//881 883//883
f 861//861 883//883 870//870
f 863//863 884//884 885//885
f 863//863 885//885 886//886
f 863//863 886//886 887//887
f 863//863 887//887 888//888
f 863//863 888//888 889//889
f 863//863 889//889 890//890
f 863//863 890//890 864//864
f 864//864 878//878 865//865
f 864//864 890//890 889//889
f 864//864 889//889 878//878
f 865//865 878//878 866//866
f 866//866 878//878 867//867
f 867//867 878//878 868//868
f 869//869 870//870 891//891
f 869//869 891//891 892//892
f 869//869 892//892 893//893
f 869//869 893//893 894//894
f 869//869 894//894 871//871
f 870//870 883//883 895//895
f 870//870 895//895 896//896
f 870//870 896//896 891//891
f 871//871 894//894 872//872
f 872//872 897//897 873//873
f 873//873 897//897 875//875
f 873//873 875//875 874//874
f 876//876 877//877 898//898
f 876//876 898//898 899//899
f 876//876 899//899 900//900
f 876//876 900//900 901//901
f 878//878 889//889 902//902
f 878//878 902//902 903//903
f 878//878 903//903 879//879
f 879//879 904//904 905//905
f 879//879 905//905 906//906
f 879//879 906//906 880//880
f 879//879 903//903 904//904
f 880//880 906//906 882//882
f 881//881 882//882 883//883
f 882//882 907//907 895//895
f 882//882 895//895 883//883
f 882//882 906//906 907//907
f 884//884 908//908 885//885
f 884//884 909//909 908//908
f 885//885 908//908 910//910
f 885//885 910//910 887//887
f 885//885 887//887 886//886
f 887//887 911//911 888//888
f 887//887 910//910 908//908
f 887//887 908//908 912//912
f 887//887 912//912 913//913
f 887//887 913//913 911//911
f 888//888 911//911 889//889
f 889//889 911//911 902//902
f 891//891 896//896 914//914
f 891//891 914//914 892//892
f 895//895 907//907 896//896
f 896//896 907//907 915//915
f 896//896 915//915 916//916
f 896//896 916//916 914//914
f 898//898 917//917 918//918
f 898//898 918//918 919//919
f 898//898 919//919 920//920
f 898//898 920//920 921//921
f 898//898 921//921 922//922
f 898//898 922//922 923//923
f 898//898 923//923 901//901
f 898//898 901//901 900//900
f 898//898 900//900 899//899
f 901//901 923//923 922//922
f 901//901 922//922 920//920
f 902//902 911//911 924//924
f 902//902 924//924 925//925
f 902//902 925//925 903//903
f 903//903 925//925 904//904
f 904//904 926//926 905//905
f 904//904 925//925 927//927
f 904//904 927//927 926//926
f 905//905 926//926 928//928
f 905//905 928//928 929//929
f 905//905 929//929 906//906
f 906//906 929//929 907//907
f 907//907 929//929 915//915
f 908//908 909//909 930//930
f 908//908 930//930 912//912
f 909//909 931//931 932//932
f 909//909 932//932 930//930
f 911//911 913//913 933//933
f 911//911 933//933 924//924
f 912//912 930//930 913//913
f 913//913 930//930 934//934
f 913//913 934//934 935//935
f 913//913 935//935 933//933
f 915//915 929//929 916//916
f 916//916 929//929 928//928
f 916//916 928//928 937//937
f 916//916 937//937 936//936
f 917//917 938//938 939//939
f 917//917 939//939 918//918
f 918//918 939//939 919//919
f 919//919 939//939 940//940
f 920//920 922//922 921//921
f 924//924 941//941 942//942
f 924//924 942//942 925//925
f 924//924 933//933 941//941
f 925//925 942//942 927//927
f 926//926 943//943 937//937
f 926//926 937//937 928//928
f 926//926 927//927 943//943
f 927//927 942//942 944//944
f 927//927 944//944 945//945
f 927//927 945//945 943//943
f 930//930 932//932 946//946
f 930//930 946//946 934//934
f 931//931 947//947 932//932
f 932//932 947//947 948//948
f 932//932 948//948 946//946
f 933//933 935//935 949//949
f 933//933 949//949 941//941
f 934//934 950//950 935//935
f 934//934 946//946 951//951
f 934//934 951//951 950//950
f 935//935 950//950 952//952
f 935//935 952//952 949//949
f 936//936 937//937 943//943
f 936//936 943//943 953//953
f 938//938 954//954 939//939
f 939//939 954//954 940//940
f 940//940 954//954 955//955
f 940//940 955//955 956//956
f 940//940 956//956 957//957
f 940//940 957//957 958//958
f 941//941 959//959 960//960
f 941//941 960//960 942//942
f 941//941 949//949 961//961
f 941//941 961//961 959//959
f 942//942 960//960 944//944
f 943//943 945//945 953//953
f 944//944 960//960 962//962
f 944//944 962//962 963//963
f 944//944 963//963 945//945
f 945//945 963//963 953//953
f 946//946 948//948 951//951
f 947//947 964//964 965//965
f 947//947 965//965 966//966
f 947//947 966//966 967//967
f 947//947 967//967 948//948
f 948//948 967//967 966//966
f 948//948 966//966 968//968
f 948//948 968//968 951//951
f 949//949 969//969 961//961
f 949//949 952//952 969//969
f 950//950 970//970 952//952
f 950//950 951//951 971//971
f 950//950 971//971 970//970
f 951//951 968//968 971//971
f 952//952 970//970 972//972
f 952//952 972//972 969//969
f 955//955 973//973 974//974
f 955//955 974//974 975//975
f 955//955 975//975 976//976
f 955//955 976//976 957//957
f 955//955 957//957 956//956
f 957//957 976//976 958//958
f 959//959 961//961 977//977
f 959//959 977//977 978//978
f 959//959 978//978 979//979
f 959//959 979//979 960//960
f 960//960 979//979 962//962
f 961//961 969//969 977//977
f 964//964 980//980 981//981
f 964//964 981//981 982//982
f 964//964 982//982 965//965
f 964//964 983//983 984//984
f 964//964 984//984 985//985
f 964//964 985//985 980//980
f 965//965 982//982 986//986
f 965//965 986//986 966//966
f 966//966 986//986 982//982
f 966//966 982//982 987//987
f 966//966 987//987 968//968
f 968//968 987//987 988//988
f 968//968 988//988 971//971
f 969//969 972//972 989//989
f 969//969 989//989 977//977
f 970//970 971//971 990//990
f 970//970 990//990 991//991
f 970//970 991//991 992//992
f 970//970 992//992 972//972
f 971//971 988//988 990//990
f 972//972 993//993 994//994
f 972//972 994//994 989//989
f 972//972 992//992 995//995
f 972//972 995//995 993//993
f 973//973 996//996 974//974
f 974//974 997//997 998//998
f 974//974 998//998 976//976
f 974//974 976//976 975//975
f 974//974 996//996 999//999
f 974//974 999//999 1000//1000
f 974//974 1000//1000 1001//1001
f 974//974 1001//1001 1002//1002
f 974//974 1002//1002 1003//1003
f 974//974 1003//1003 1004//1004
f 974//974 1004//1004 1005//1005
f 974//974 1005//1005 1006//1006
f 974//974 1006//1006 1007//1007
f 974//974 1007//1007 1008//1008
f 974//974 1008//1008 1009//1009
f 974//974 1009//1009 1010//1010
f 974//974 1010//1010 997//997
f 977//977 989//989 1011//1011
f 977//977 1011//1011 1012//1012
f 977//977 1012//1012 1013//1013
f 977//977 1013//1013 978//978
f 980//980 985//985 984//984
f 980//980 984//984 1014//1014
f 980//980 1014//1014 981//981
f 981//981 987//987 982//982
f 981//981 1014//1014 1015//1015
f 981//981 1015//1015 987//987
f 983//983 1016//1016 1017//1017
f 983//983 1017//1017 1018//1018
f 983//983 1018//1018 984//984
f 983//983 1019//1019 1020//1020
f 983//983 1020//1020 1016//1016
f 984//984 1018//1018 1021//1021
f 984//984 1021//1021 1014//1014
f 987//987 1015//1015 988//988
f 988//988 1015//1015 1022//1022
f 988//988 1022//1022 990//990
f 989//989 994//994 1023//1023
f 989//989 1023//1023 1024//1024
f 989//989 1024//1024 1025//1025
f 989//989 1025//1025 1011//1011
f 990//990 1022//1022 1026//1026
f 990//990 1026//1026 1027//1027
f 990//990 1027//1027 991//991
f 991//991 1027//1027 992//992
f 992//992 1027//1027 1028//1028
f 992//992 1028//1028 995//995
f 993//993 995//995 1028//1028
f 993//993 1028//1028 994//994
f 994//994 1029//1029 1023//1023
f 994//994 1028//1028 1029//1029
f 997//997 1030//1030 998//998
f 997//997 1010//1010 1031//1031
f 997//997 1031//1031 1032//1032
f 997//997 1032//1032 1033//1033
f 997//997 1033//1033 1034//1034
f 997//997 1034//1034 1035//1035
f 997//997 1035//1035 1030//1030
f 1014//1014 1021//1021 1036//1036
f 1014//1014 1036//1036 1015//1015
f 1015//1015 1036//1036 1037//1037
f 1015//1015 1037//1037 1022//1022
f 1016//1016 1037//1037 1036//1036
f 1016//1016 1036//1036 1017//1017
f 1016//1016 1020//1020 1038//1038
f 1016//1016 1038//1038 1039//1039
f 1016//1016 1039//1039 1037//1037
f 1017//1017 1036//1036 1021//1021
f 1017//1017 1021//1021 1018//1018
f 1019//1019 1040//1040 1041//1041
f 1019//1019 1041//1041 1042//1042
f 1019//1019 1042//1042 1043//1043
f 1019//1019 1043//1043 1020//1020
f 1020//1020 1043//1043 1042//1042
f 1020//1020 1042//1042 1038//1038
f 1022//1022 1037//1037 1044//1044
f 1022//1022 1044//1044 1026//1026
f 1023//1023 1029//1029 1024//1024
f 1024//1024 1029//1029 1045//1045
f 1024//1024 1045//1045 1046//1046
f 1024//1024 1046//1046 1025//1025
f 1026//1026 1044//1044 1047//1047
f 1026//1026 1047//1047 1027//1027
f 1027//1027 1047//1047 1048//1048
f 1027//1027 1048//1048 1028//1028
f 1028//1028 1049//1049 1029//1029
f 1028//1028 1048//1048 1049//1049
f 1029//1029 1049//1049 1050//1050
f 1029//1029 1050//1050 1051//1051
f 1029//1029 1051//1051 1052//1052
f 1029//1029 1052//1052 1053//1053
f 1029//1029 1053//1053 1045//1045
f 1030//1030 1054//1054 1055//1055
f 1030//1030 1055//1055 1056//1056
f 1030//1030 1035//1035 1054//1054
f 1035//1035 1057//1057 1058//1058
f 1035//1035 1058//1058 1059//1059
f 1035//1035 1059//1059 1060//1060
f 1035//1035 1060//1060 1055//1055
f 1035//1035 1055//1055 1054//1054
f 1037//1037 1039//1039 1044//1044
f 1038//1038 1042//1042 1039//1039
f 1039//1039 1042//1042 1061//1061
f 1039//1039 1061//1061 1062//1062
f 1039//1039 1062//1062 1044//1044
f 1040//1040 1063//1063 1064//1064
f 1040//1040 1064//1064 1041//1041
f 1040//1040 1065//1065 1066//1066
f 1040//1040 1066//1066 1067//1067
f 1040//1040 1067//1067 1068//1068
f 1040//1040 1068//1068 1063//1063
f 1041//1041 1064//1064 1069//1069
f 1041//1041 1069//1069 1042//1042
f 1042//1042 1069//1069 1064//1064
f 1042//1042 1064//1064 1070//1070
f 1042//1042 1070//1070 1061//1061
f 1044//1044 1062//1062 1047//1047
f 1047//1047 1062//1062 1071//1071
f 1047//1047 1071//1071 1048//1048
f 1048//1048 1071//1071 1072//1072
f 1048//1048 1072//1072 1049//1049
f 1049//1049 1072//1072 1073//1073
f 1049//1049 1073//1073 1050//1050
f 1050//1050 1073//1073 1074//1074
f 1050//1050 1074//1074 1051//1051
f 1051//1051 1074//1074 1075//1075
f 1055//1055 1060//1060 1056//1056
f 1056//1056 1060//1060 1059//1059
f 1056//1056 1059//1059 1058//1058
f 1056//1056 1058//1058 1076//1076
f 1057//1057 1077//1077 1078//1078
f 1057//1057 1078//1078 1058//1058
f 1058//1058 1078//1078 1076//1076
f 1061//1061 1070//1070 1063//1063
f 1061//1061 1063//1063 1079//1079
f 1061//1061 1079//1079 1080//1080
f 1061//1061 1080//1080 1081//1081
f 1061//1061 1081//1081 1062//1062
f 1062//1062 1081//1081 1082//1082
f 1062//1062 1082//1082 1071//1071
f 1063//1063 1070//1070 1064//1064
f 1063//1063 1068//1068 1083//1083
f 1063//1063 1083//1083 1079//1079
f 1065//1065 1084//1084 1085//1085
f 1065//1065 1085//1085 1086//1086
f 1065//1065 1086//1086 1087//1087
f 1065//1065 1087//1087 1088//1088
f 1065//1065 1088//1088 1066//1066
f 1066//1066 1089//1089 1090//1090
f 1066//1066 1090//1090 1083//1083
f 1066//1066 1083//1083 1067//1067
f 1066//1066 1088//1088 1089//1089
f 1067//1067 1083//1083 1068//1068
f 1071//1071 1082//1082 1072//1072
f 1072//1072 1082//1082 1091//1091
f 1072//1072 1091//1091 1073//1073
f 1073//1073 1091//1091 1074//1074
f 1074//1074 1091//1091 1092//1092
f 1074//1074 1092//1092 1093//1093
f 1074//1074 1093//1093 1075//1075
f 1076//1076 1078//1078 1094//1094
f 1076//1076 1094//1094 1095//1095
f 1077//1077 1094//1094 1078//1078
f 1079//1079 1083//1083 1096//1096
f 1079//1079 1096//1096 1080//1080
f 1080//1080 1082//1082 1081//1081
f 1080//1080 1096//1096 1097//1097
f 1080//1080 1097//1097 1098//1098
f 1080//1080 1098//1098 1082//1082
f 1082//1082 1098//1098 1091//1091
f 1083//1083 1090//1090 1099//1099
f 1083//1083 1099//1099 1096//1096
f 1084//1084 1100//1100 1085//1085
f 1084//1084 1101//1101 1102//1102
f 1084//1084 1102//1102 1103//1103
f 1084//1084 1103//1103 1100//1100
f 1085//1085 1104//1104 1086//1086
f 1085//1085 1100//1100 1104//1104
f 1086//1086 1104//1104 1105//1105
f 1086//1086 1105//1105 1087//1087
f 1087//1087 1105//1105 1088//1088
f 1088//1088 1105//1105 1089//1089
f 1089//1089 1106//1106 1107//1107
f 1089//1089 1107//1107 1096//1096
f 1089//1089 1096//1096 1099//1099
f 1089//1089 1099//1099 1090//1090
f 1089//1089 1105//1105 1106//1106
f 1091//1091 1098//1098 1092//1092
f 1092//1092 1098//1098 1108//1108
f 1092//1092 1108//1108 1109//1109
f 1092//1092 1109//1109 1110//1110
f 1092//1092 1110//1110 1093//1093
f 1094//1094 1111//1111 1112//1112
f 1094//1094 1112//1112 1113//1113
f 1094//1094 1113//1113 1095//1095
f 1095//1095 1113//1113 1112//1112
f 1095//1095 1112//1112 1114//1114
f 1096//1096 1107//1107 1097//1097
f 1097//1097 1107//1107 1115//1115
f 1097//1097 1115//1115 1116//1116
f 1097//1097 1116//1116 1098//1098
f 1098//1098 1116//1116 1108//1108
f 1100//1100 1103//1103 1117//1117
f 1100//1100 1117//1117 1118//1118
f 1100//1100 1118//1118 1104//1104
f 1101//1101 1119//1119 1102//1102
f 1102//1102 1119//1119 1120//1120
f 1102//1102 1120//1120 1103//1103
f 1103//1103 1120//1120 1117//1117
f 1104//1104 1121//1121 1105//1105
f 1104//1104 1118//1118 1122//1122
f 1104//1104 1122//1122 1121//1121
f 1105//1105 1121//1121 1123//1123
f 1105//1105 1123//1123 1106//1106
f 1106//1106 1123//1123 1107//1107
f 1107//1107 1123//1123 1122//1122
f 1107//1107 1122//1122 1115//1115
f 1108//1108 1116//1116 1124//1124
f 1108//1108 1124//1124 1109//1109
f 1109//1109 1124//1124 1125//1125
f 1111//1111 1126//1126 1127//1127
f 1111//1111 1127//1127 1114//1114
f 1111//1111 1114//1114 1112//1112
f 1115//1115 1122//1122 1128//1128
f 1115//1115 1128//1128 1129//1129
f 1115//1115 1129//1129 1116//1116
f 1116//1116 1129//1129 1124//1124
f 1117//1117 1120//1120 1130//1130
f 1117//1117 1130//1130 1131//1131
f 1117//1117 1131//1131 1118//1118
f 1118//1118 1131//1131 1132//1132
f 1118//1118 1132//1132 1122//1122
f 1119//1119 1133//1133 1120//1120
f 1120//1120 1133//1133 1134//1134
f 1120//1120 1134//1134 1135//1135
f 1120//1120 1135//1135 1130//1130
f 1121//1121 1122//1122 1123//1123
f 1122//1122 1132//1132 1128//1128
f 1124//1124 1129//1129 1136//1136
f 1124//1124 1136//1136 1137//1137
f 1124//1124 1137//1137 1125//1125
f 1126//1126 1138//1138 1139//1139
f 1126//1126 1139//1139 1127//1127
f 1128//1128 1132//1132 1140//1140
f 1128//1128 1140//1140 1141//1141
f 1128//1128 1141//1141 1129//1129
f 1129//1129 1141//1141 1142//1142
f 1129//1129 1142//1142 1136//1136
f 1130//1130 1135//1135 1131//1131
f 1131//1131 1135//1135 1143//1143
f 1131//1131 1143//1143 1144//1144
f 1131//1131 1144//1144 1145//1145
f 1131//1131 1145//1145 1132//1132
f 1132//1132 1145//1145 1140//1140
f 1133//1133 1146//1146 1134//1134
f 1134//1134 1147//1147 1148//1148
f 1134//1134 1148//1148 1149//1149
f 1134//1134 1149//1149 1135//1135
f 1134//1134 1146//1146 1150//1150
f 1134//1134 1150//1150 1151//1151
f 1134//1134 1151//1151 1147//1147
f 1135//1135 1149//1149 1152//1152
f 1135//1135 1152//1152 1143//1143
f 1136//1136 1142//1142 1153//1153
f 1136//1136 1153//1153 1137//1137
f 1137//1137 1153//1153 1154//1154
f 1138//1138 1155//1155 1156//1156
f 1138//1138 1156//1156 1157//1157
f 1138//1138 1157//1157 1158//1158
f 1138//1138 1158//1158 1159//1159
f 1138//1138 1159//1159 1139//1139
f 1139//1139 1159//1159 1158//1158
f 1140//1140 1145//1145 1160//1160
f 1140//1140 1160//1160 1161//1161
f 1140//1140 1161//1161 1141//1141
f 1141//1141 1161//1161 1142//1142
f 1142//1142 1161//1161 1162//1162
f 1142//1142 1162//1162 1153//1153
f 1143//1143 1152//1152 1163//1163
f 1143//1143 1163//1163 1144//1144
f 1144//1144 1163//1163 1145//1145
f 1145//1145 1163//1163 1164//1164
f 1145//1145 1164//1164 1165//1165
f 1145//1145 1165//1165 1160//1160
f 1147//1147 1151//1151 1166//1166
f 1147//1147 1166//1166 1148//1148
f 1148//1148 1166//1166 1152//1152
f 1148//1148 1152//1152 1149//1149
f 1150//1150 1167//1167 1168//1168
f 1150//1150 1168//1168 1151//1151
f 1151//1151 1168//1168 1169//1169
f 1151//1151 1169//1169 1170//1170
f 1151//1151 1170//1170 1166//1166
f 1152//1152 1166//1166 1171//1171
f 1152//1152 1171//1171 1163//1163
f 1153//1153 1162//1162 1172//1172
f 1153//1153 1172//1172 1173//1173
f 1153//1153 1173//1173 1154//1154
f 1155//1155 1174//1174 1175//1175
f 1155//1155 1175//1175 1176//1176
f 1155//1155 1176//1176 1177//1177
f 1155//1155 1177//1177 1178//1178
f 1155//1155 1178//1178 1156//1156
f 1156//1156 1178//1178 1158//1158
f 1156//1156 1158//1158 1157//1157
f 1160//1160 1165//1165 1161//1161
f 1161//1161 1165//1165 1179//1179
f 1161//1161 1179//1179 1162//1162
f 1162//1162 1179//1179 1180//1180
f 1162//1162 1180//1180 1172//1172
f 1163//1163 1171//1171 1164//1164
f 1164//1164 1181//1181 1182//1182
f 1164//1164 1182//1182 1179//1179
f 1164//1164 1179//1179 1165//1165
f 1164//1164 1171//1171 1181//1181
f 1166//1166 1170//1170 1181//1181
f 1166//1166 1181//1181 1171//1171
f 1167//1167 1183//1183 1176//1176
f 1167//1167 1176//1176 1184//1184
f 1167//1167 1184//1184 1168//1168
f 1168//1168 1184//1184 1169//1169
f 1169//1169 1184//1184 1185//1185
f 1169//1169 1185//1185 1181//1181
f 1169//1169 1181//1181 1170//1170
f 1172//1172 1180//1180 1173//1173
f 1173//1173 1180//1180 1186//1186
f 1174//1174 1187//1187 1188//1188
f 1174//1174 1188//1188 1175//1175
f 1175//1175 1188//1188 1185//1185
f 1175//1175 1185//1185 1184//1184
f 1175//1175 1184//1184 1176//1176
f 1176//1176 1183//1183 1178//1178
f 1176//1176 1178//1178 1177//1177
f 1179//1179 1182//1182 1189//1189
f 1179//1179 1189//1189 1180//1180
f 1180//1180 1189//1189 1186//1186
f 1181//1181 1185//1185 1182//1182
f 1182//1182 1185//1185 1188//1188
f 1182//1182 1188//1188 1189//1189
f 1186//1186 1189//1189 1187//1187
f 1187//1187 1189//1189 1188//1188
