# https://github.com/mikedh/trimesh
o geometry_0
o geometry_1
o geometry_2
v -0.03749430 -0.00000299 0.02634940 0.54509804 0.71372549 0.60000000
v -0.03721995 -0.00000299 0.03614689 0.54509804 0.71372549 0.60000000
v -0.03743802 0.00195718 0.02633111 0.54509804 0.71372549 0.60000000
v -0.03748726 -0.00031867 -0.00433559 0.54509804 0.71372549 0.60000000
v -0.03727623 -0.00403344 0.02626405 0.54509804 0.71372549 0.60000000
v -0.03718478 -0.00404812 0.03303145 0.54509804 0.71372549 0.60000000
v -0.03624216 -0.00000299 0.04227414 0.54509804 0.71372549 0.60000000
v -0.03646726 0.00428441 0.03995127 0.54509804 0.71372549 0.60000000
v -0.03718478 0.00404214 0.03303755 0.54509804 0.71372549 0.60000000
v -0.03646726 -0.00429773 0.03995127 0.54509804 0.71372549 0.60000000
v -0.03687526 0.00675114 -0.00433559 0.54509804 0.71372549 0.60000000
v 0.03436339 -0.01721866 -0.00439656 0.54509804 0.71372549 0.60000000
v -0.03682602 -0.00703608 -0.00433559 0.54509804 0.71372549 0.60000000
v -0.03678381 -0.00702874 0.02606895 0.54509804 0.71372549 0.60000000
v -0.03662201 -0.00801250 0.02600798 0.54509804 0.71372549 0.60000000
v -0.03643208 -0.00846032 0.03272051 0.54509804 0.71372549 0.60000000
v -0.03457497 -0.00000299 0.04674916 0.54509804 0.71372549 0.60000000
v -0.03469456 0.00444592 0.04584074 0.54509804 0.71372549 0.60000000
v -0.03573566 0.00437985 0.04304843 0.54509804 0.71372549 0.60000000
v -0.03573566 -0.00438583 0.04304233 0.54509804 0.71372549 0.60000000
v -0.03469456 -0.00445190 0.04584074 0.54509804 0.71372549 0.60000000
v -0.03563015 0.00894623 0.03957937 0.54509804 0.71372549 0.60000000
v -0.03643208 0.00845435 0.03272051 0.54509804 0.71372549 0.60000000
v -0.03650947 0.00851308 0.02596531 0.54509804 0.71372549 0.60000000
v -0.03563015 -0.00895220 0.03957937 0.54509804 0.71372549 0.60000000
v -0.03506035 0.01327767 -0.00433559 0.54509804 0.71372549 0.60000000
v 0.03436339 -0.01783534 -0.00437217 0.54509804 0.71372549 0.60000000
v 0.02596417 -0.02706353 -0.00433559 0.54509804 0.71372549 0.60000000
v 0.02300967 -0.02961101 -0.00433559 0.54509804 0.71372549 0.60000000
v 0.02295339 -0.02965506 -0.00433559 0.54509804 0.71372549 0.60000000
v 0.01970344 -0.03190888 -0.00433559 0.54509804 0.71372549 0.60000000
v 0.01856385 -0.03258429 -0.00433559 0.54509804 0.71372549 0.60000000
v 0.01531390 -0.03417738 -0.00433559 0.54509804 0.71372549 0.60000000
v 0.01322464 -0.03499228 -0.00433559 0.54509804 0.71372549 0.60000000
v 0.00972145 -0.03604945 -0.00433559 0.54509804 0.71372549 0.60000000
v 0.00906020 -0.03624767 -0.00433559 0.54509804 0.71372549 0.60000000
v 0.00759702 -0.03658537 -0.00433559 0.54509804 0.71372549 0.60000000
v 0.00399534 -0.03722408 -0.00433559 0.54509804 0.71372549 0.60000000
v 0.00024594 -0.03749571 -0.00433559 0.54509804 0.71372549 0.60000000
v -0.00000027 -0.03749571 -0.00433559 0.54509804 0.71372549 0.60000000
v -0.00666197 -0.03690106 -0.00433559 0.54509804 0.71372549 0.60000000
v -0.01318297 -0.03510240 -0.00433559 0.54509804 0.71372549 0.60000000
v -0.01987281 -0.03179142 -0.00433559 0.54509804 0.71372549 0.60000000
v -0.02570443 -0.02729846 -0.00433559 0.54509804 0.71372549 0.60000000
v -0.02729423 -0.02570536 -0.00433559 0.54509804 0.71372549 0.60000000
v -0.03170488 -0.02000841 -0.00433559 0.54509804 0.71372549 0.60000000
v -0.03490559 -0.01368743 -0.00433559 0.54509804 0.71372549 0.60000000
v -0.03173302 0.01995838 -0.00433559 0.54509804 0.71372549 0.60000000
v -0.02722389 0.02577280 -0.00433559 0.54509804 0.71372549 0.60000000
v -0.02480401 0.02810738 -0.00433559 0.54509804 0.71372549 0.60000000
v -0.01897942 0.03232871 -0.00433559 0.54509804 0.71372549 0.60000000
v -0.01259207 0.03531667 -0.00433559 0.54509804 0.71372549 0.60000000
v -0.00590224 0.03702723 -0.00433559 0.54509804 0.71372549 0.60000000
v 0.03436339 0.01837997 -0.00435998 0.54509804 0.71372549 0.60000000
v -0.03555277 -0.01189612 0.02558731 0.54509804 0.71372549 0.60000000
v -0.03517994 -0.01271102 0.03219010 0.54509804 0.71372549 0.60000000
v -0.03345648 -0.00000299 0.04834651 0.54509804 0.71372549 0.60000000
v -0.03330172 0.00448263 0.04830993 0.54509804 0.71372549 0.60000000
v -0.03330172 -0.00448861 0.04830383 0.54509804 0.71372549 0.60000000
v -0.03378711 0.00926191 0.04542616 0.54509804 0.71372549 0.60000000
v -0.03486339 0.00912976 0.04265214 0.54509804 0.71372549 0.60000000
v -0.03486339 -0.00913574 0.04265214 0.54509804 0.71372549 0.60000000
v -0.03379413 -0.00926788 0.04542616 0.54509804 0.71372549 0.60000000
v -0.03423028 0.01341716 0.03895750 0.54509804 0.71372549 0.60000000
v -0.03517994 0.01270504 0.03219010 0.54509804 0.71372549 0.60000000
v -0.03423028 -0.01341579 0.03895140 0.54509804 0.71372549 0.60000000
v -0.03424435 0.01525252 0.02506908 0.54509804 0.71372549 0.60000000
v 0.03436339 -0.01969272 -0.00406734 0.54509804 0.71372549 0.60000000
v 0.02753990 -0.02545575 -0.00433559 0.54509804 0.71372549 0.60000000
v 0.03436339 -0.01994968 -0.00400027 0.54509804 0.71372549 0.60000000
v 0.03436339 -0.02088938 -0.00366495 0.54509804 0.71372549 0.60000000
v 0.03436339 -0.02113165 -0.00354301 0.54509804 0.71372549 0.60000000
v 0.03436339 -0.02186579 -0.00310405 0.54509804 0.71372549 0.60000000
v 0.03436339 -0.02215211 -0.00290285 0.54509804 0.71372549 0.60000000
v 0.03436339 -0.02273942 -0.00237244 0.54509804 0.71372549 0.60000000
v 0.03436339 -0.02298903 -0.00213466 0.54509804 0.71372549 0.60000000
v 0.03436339 -0.02384798 -0.00087263 0.54509804 0.71372549 0.60000000
v 0.03436339 -0.02469959 0.00088933 0.54509804 0.71372549 0.60000000
v 0.03436339 -0.02530158 0.00247449 0.54509804 0.71372549 0.60000000
v 0.03436339 -0.02843638 0.01074170 0.54509804 0.71372549 0.60000000
v 0.03436339 -0.02901635 0.01236953 0.54509804 0.71372549 0.60000000
v 0.03436339 -0.03211444 0.02243528 0.54509804 0.71372549 0.60000000
v 0.03436339 -0.03258429 0.02419115 0.54509804 0.71372549 0.60000000
v 0.03436339 -0.03289263 0.02564827 0.54509804 0.71372549 0.60000000
v 0.03436339 -0.03303946 0.02639208 0.54509804 0.71372549 0.60000000
v 0.00438224 -0.03724610 0.00966257 0.54509804 0.71372549 0.60000000
v 0.00272209 -0.03740027 0.00455348 0.54509804 0.71372549 0.60000000
v 0.00219450 -0.03742230 0.00265739 0.54509804 0.71372549 0.60000000
v 0.00668253 -0.03688637 0.00165143 0.54509804 0.71372549 0.60000000
v 0.00196236 -0.03745166 0.01071121 0.54509804 0.71372549 0.60000000
v 0.00125891 -0.03748103 0.01098557 0.54509804 0.71372549 0.60000000
v -0.00000027 -0.03750305 0.01148550 0.54509804 0.71372549 0.60000000
v -0.00174483 -0.03745900 0.01218053 0.54509804 0.71372549 0.60000000
v -0.00473451 -0.03718737 0.01852116 0.54509804 0.71372549 0.60000000
v -0.00589520 -0.03703320 0.01382666 0.54509804 0.71372549 0.60000000
v -0.00851908 -0.03649728 0.02028922 0.54509804 0.71372549 0.60000000
v -0.00995413 -0.03615223 0.01543620 0.54509804 0.71372549 0.60000000
v -0.01225442 -0.03540340 0.02202070 0.54509804 0.71372549 0.60000000
v -0.01387939 -0.03483077 0.01699697 0.54509804 0.71372549 0.60000000
v -0.01590534 -0.03391309 0.02369121 0.54509804 0.71372549 0.60000000
v -0.01762176 -0.03309819 0.01847848 0.54509804 0.71372549 0.60000000
v -0.01942964 -0.03201900 0.02528247 0.54509804 0.71372549 0.60000000
v -0.02099130 -0.03105727 0.01981367 0.54509804 0.71372549 0.60000000
v -0.02113199 -0.03096917 0.01986854 0.54509804 0.71372549 0.60000000
v -0.02438194 -0.02848776 0.02115496 0.54509804 0.71372549 0.60000000
v -0.02590140 -0.02701948 0.02816624 0.54509804 0.71372549 0.60000000
v -0.02711134 -0.02588156 0.02224018 0.54509804 0.71372549 0.60000000
v -0.02732237 -0.02567599 0.02232554 0.54509804 0.71372549 0.60000000
v -0.02974928 -0.02279815 0.02328883 0.54509804 0.71372549 0.60000000
v -0.02993922 -0.02257057 0.02336199 0.54509804 0.71372549 0.60000000
v -0.03219730 -0.01921553 0.02425821 0.54509804 0.71372549 0.60000000
v -0.03399814 -0.01578708 0.02497153 0.54509804 0.71372549 0.60000000
v -0.03406848 -0.01564759 0.02500202 0.54509804 0.71372549 0.60000000
v -0.03553870 -0.01194017 0.02558121 0.54509804 0.71372549 0.60000000
v -0.03344945 0.01674283 0.03145239 0.54509804 0.71372549 0.60000000
v -0.03129688 0.02050165 0.03052568 0.54509804 0.71372549 0.60000000
v -0.03071302 0.02150008 0.02366683 0.54509804 0.71372549 0.60000000
v -0.02876445 0.02393744 0.02942217 0.54509804 0.71372549 0.60000000
v -0.02602099 0.02699148 0.02180731 0.54509804 0.71372549 0.60000000
v -0.02277807 0.02970781 0.02678227 0.54509804 0.71372549 0.60000000
v -0.02061847 0.03130825 0.01966735 0.54509804 0.71372549 0.60000000
v -0.01942964 0.03201302 0.02528857 0.54509804 0.71372549 0.60000000
v -0.01590534 0.03390712 0.02369121 0.54509804 0.71372549 0.60000000
v -0.01417484 0.03470733 0.01711281 0.54509804 0.71372549 0.60000000
v -0.01225442 0.03539743 0.02202070 0.54509804 0.71372549 0.60000000
v -0.00851908 0.03649130 0.02028922 0.54509804 0.71372549 0.60000000
v -0.00720362 0.03679230 0.01434488 0.54509804 0.71372549 0.60000000
v -0.00473451 0.03718140 0.01852116 0.54509804 0.71372549 0.60000000
v -0.00000027 0.03749708 -0.00433559 0.54509804 0.71372549 0.60000000
v 0.00024594 0.03748974 -0.00433559 0.54509804 0.71372549 0.60000000
v 0.00223671 0.03740164 -0.00433559 0.54509804 0.71372549 0.60000000
v 0.00575397 0.03694647 -0.00433559 0.54509804 0.71372549 0.60000000
v 0.00941193 0.03613891 -0.00433559 0.54509804 0.71372549 0.60000000
v 0.01080476 0.03574982 -0.00433559 0.54509804 0.71372549 0.60000000
v 0.01480741 0.03435494 -0.00433559 0.54509804 0.71372549 0.60000000
v 0.01669970 0.03352536 -0.00433559 0.54509804 0.71372549 0.60000000
v 0.01989337 0.03178544 -0.00433559 0.54509804 0.71372549 0.60000000
v 0.02041393 0.03145507 -0.00433559 0.54509804 0.71372549 0.60000000
v 0.02360760 0.02912784 -0.00433559 0.54509804 0.71372549 0.60000000
v 0.02407188 0.02871672 -0.00433559 0.54509804 0.71372549 0.60000000
v 0.02656210 0.02647024 -0.00433559 0.54509804 0.71372549 0.60000000
v 0.03436339 0.01882780 -0.00432949 0.54509804 0.71372549 0.60000000
v -0.03344945 -0.01674881 0.03145239 0.54509804 0.71372549 0.60000000
v -0.03207068 -0.00000299 0.05030357 0.54509804 0.71372549 0.60000000
v -0.03155012 0.00449731 0.05042551 0.54509804 0.71372549 0.60000000
v -0.03238020 0.00934266 0.04787706 0.54509804 0.71372549 0.60000000
v -0.03238723 -0.00934864 0.04787706 0.54509804 0.71372549 0.60000000
v -0.03155716 -0.00450329 0.05042551 0.54509804 0.71372549 0.60000000
v -0.03228875 0.01386499 0.04472504 0.54509804 0.71372549 0.60000000
v -0.03340724 0.01367411 0.04198759 0.54509804 0.71372549 0.60000000
v -0.03340724 -0.01368009 0.04198149 0.54509804 0.71372549 0.60000000
v -0.03228875 -0.01387096 0.04472504 0.54509804 0.71372549 0.60000000
v -0.03231689 0.01761646 0.03809176 0.54509804 0.71372549 0.60000000
v -0.03231689 -0.01762244 0.03808567 0.54509804 0.71372549 0.60000000
v 0.03436339 -0.03298807 0.02898320 0.54509804 0.71372549 0.60000000
v 0.00639411 -0.03685701 0.02764801 0.54509804 0.71372549 0.60000000
v 0.00705536 -0.03686435 0.02241699 0.54509804 0.71372549 0.60000000
v 0.00479728 -0.03718737 0.01896622 0.54509804 0.71372549 0.60000000
v 0.00286278 -0.03738559 0.01493017 0.54509804 0.71372549 0.60000000
v 0.00113229 -0.03742964 0.02102693 0.54509804 0.71372549 0.60000000
v -0.00092883 -0.03748103 0.01672262 0.54509804 0.71372549 0.60000000
v -0.00257491 -0.03730483 0.02309373 0.54509804 0.71372549 0.60000000
v -0.00631727 -0.03679093 0.02513615 0.54509804 0.71372549 0.60000000
v -0.01005261 -0.03588059 0.02712369 0.54509804 0.71372549 0.60000000
v -0.01374574 -0.03455914 0.02905636 0.54509804 0.71372549 0.60000000
v -0.01735445 -0.03281187 0.03090368 0.54509804 0.71372549 0.60000000
v -0.02084358 -0.03063147 0.03264126 0.54509804 0.71372549 0.60000000
v -0.02277807 -0.02971379 0.02677617 0.54509804 0.71372549 0.60000000
v -0.02720279 -0.02495653 0.03571402 0.54509804 0.71372549 0.60000000
v -0.02876445 -0.02394342 0.02942217 0.54509804 0.71372549 0.60000000
v -0.02414277 -0.02801058 0.03425080 0.54509804 0.71372549 0.60000000
v -0.03129688 -0.02050762 0.03051959 0.54509804 0.71372549 0.60000000
v -0.02995329 0.02147806 0.03700044 0.54509804 0.71372549 0.60000000
v -0.02720279 0.02495056 0.03571402 0.54509804 0.71372549 0.60000000
v -0.02590140 0.02701350 0.02816624 0.54509804 0.71372549 0.60000000
v -0.02084358 0.03062549 0.03264126 0.54509804 0.71372549 0.60000000
v -0.02414277 0.02800460 0.03425080 0.54509804 0.71372549 0.60000000
v -0.01735445 0.03280590 0.03090368 0.54509804 0.71372549 0.60000000
v -0.01373870 0.03455316 0.02905636 0.54509804 0.71372549 0.60000000
v -0.01004558 0.03587462 0.02712369 0.54509804 0.71372549 0.60000000
v -0.00631727 0.03678496 0.02513615 0.54509804 0.71372549 0.60000000
v -0.00257491 0.03729886 0.02309373 0.54509804 0.71372549 0.60000000
v -0.00092883 0.03747505 0.01672871 0.54509804 0.71372549 0.60000000
v -0.00000027 0.03749708 0.01148550 0.54509804 0.71372549 0.60000000
v 0.00196236 0.03744569 0.01071121 0.54509804 0.71372549 0.60000000
v 0.00255326 0.03740164 0.00393161 0.54509804 0.71372549 0.60000000
v 0.00277837 0.03738696 0.00474248 0.54509804 0.71372549 0.60000000
v 0.00386872 0.03728418 0.00807131 0.54509804 0.71372549 0.60000000
v 0.00441038 0.03723279 0.00974183 0.54509804 0.71372549 0.60000000
v 0.00747040 0.03674825 0.00270617 0.54509804 0.71372549 0.60000000
v 0.03436339 0.03303348 0.02639208 0.54509804 0.71372549 0.60000000
v 0.03436339 0.02873140 0.00347436 0.54509804 0.71372549 0.60000000
v 0.03436339 0.02848913 0.00269397 0.54509804 0.71372549 0.60000000
v 0.03436339 0.02805599 0.00131001 0.54509804 0.71372549 0.60000000
v 0.03436339 0.02760082 0.00046256 0.54509804 0.71372549 0.60000000
v 0.03436339 0.02707224 -0.00042757 0.54509804 0.71372549 0.60000000
v 0.03436339 0.02650695 -0.00107382 0.54509804 0.71372549 0.60000000
v 0.03436339 0.02553053 -0.00205540 0.54509804 0.71372549 0.60000000
v 0.03436339 0.02533966 -0.00220172 0.54509804 0.71372549 0.60000000
v 0.03436339 0.02335747 -0.00348205 0.54509804 0.71372549 0.60000000
v 0.03436339 0.02091277 -0.00412830 0.54509804 0.71372549 0.60000000
v -0.03179633 -0.00000299 0.05051696 0.54509804 0.71372549 0.60000000
v -0.02942570 0.00448997 0.05218747 0.54509804 0.71372549 0.60000000
v -0.02942570 -0.00449595 0.05218747 0.54509804 0.71372549 0.60000000
v -0.03062157 0.00937203 0.04998044 0.54509804 0.71372549 0.60000000
v -0.03084667 0.01397511 0.04715154 0.54509804 0.71372549 0.60000000
v -0.03062157 -0.00937800 0.04998044 0.54509804 0.71372549 0.60000000
v -0.03085371 -0.01398109 0.04714545 0.54509804 0.71372549 0.60000000
v -0.03024170 0.01815973 0.04376175 0.54509804 0.71372549 0.60000000
v -0.03141647 0.01793215 0.04106698 0.54509804 0.71372549 0.60000000
v -0.03141647 -0.01793812 0.04106088 0.54509804 0.71372549 0.60000000
v -0.03024170 -0.01816571 0.04375565 0.54509804 0.71372549 0.60000000
v -0.02995329 -0.02148404 0.03700044 0.54509804 0.71372549 0.60000000
v 0.03436339 -0.03298073 0.02913562 0.54509804 0.71372549 0.60000000
v 0.00977069 -0.03633576 0.02972091 0.54509804 0.71372549 0.60000000
v 0.00295423 -0.03691574 0.03017207 0.54509804 0.71372549 0.60000000
v 0.00353810 -0.03722408 0.02472766 0.54509804 0.71372549 0.60000000
v 0.00652777 -0.03640918 0.03242177 0.54509804 0.71372549 0.60000000
v -0.00005655 -0.03721674 0.02703224 0.54509804 0.71372549 0.60000000
v -0.00370043 -0.03683498 0.02931243 0.54509804 0.71372549 0.60000000
v -0.00738653 -0.03604945 0.03154384 0.54509804 0.71372549 0.60000000
v -0.01106558 -0.03485279 0.03369600 0.54509804 0.71372549 0.60000000
v -0.01470947 -0.03322299 0.03575061 0.54509804 0.71372549 0.60000000
v -0.01826190 -0.03113803 0.03768937 0.54509804 0.71372549 0.60000000
v -0.02166661 -0.02858320 0.03948182 0.54509804 0.71372549 0.60000000
v -0.02614057 -0.02531627 0.03854292 0.54509804 0.71372549 0.60000000
v -0.02896845 -0.02183642 0.03990860 0.54509804 0.71372549 0.60000000
v -0.02896845 0.02183045 0.03990860 0.54509804 0.71372549 0.60000000
v -0.02484622 0.02555990 0.04110966 0.54509804 0.71372549 0.60000000
v -0.02165958 0.02857723 0.03948182 0.54509804 0.71372549 0.60000000
v -0.01826190 0.03113205 0.03768937 0.54509804 0.71372549 0.60000000
v -0.01470947 0.03321702 0.03575670 0.54509804 0.71372549 0.60000000
v -0.01106558 0.03484682 0.03369600 0.54509804 0.71372549 0.60000000
v -0.00738653 0.03604347 0.03154384 0.54509804 0.71372549 0.60000000
v -0.00370043 0.03682901 0.02931852 0.54509804 0.71372549 0.60000000
v 0.00113229 0.03742366 0.02103303 0.54509804 0.71372549 0.60000000
v -0.00005655 0.03721076 0.02703224 0.54509804 0.71372549 0.60000000
v 0.00286982 0.03737961 0.01493017 0.54509804 0.71372549 0.60000000
v 0.00480431 0.03718140 0.01896622 0.54509804 0.71372549 0.60000000
v 0.00535300 0.03710798 0.01203421 0.54509804 0.71372549 0.60000000
v 0.00706239 0.03685837 0.02241699 0.54509804 0.71372549 0.60000000
v 0.03436339 0.03301880 0.02717856 0.54509804 0.71372549 0.60000000
v -0.02960859 -0.00000299 0.05219357 0.54509804 0.71372549 0.60000000
v -0.02840569 -0.00000299 0.05311418 0.54509804 0.71372549 0.60000000
v -0.02691437 0.00444592 0.05358363 0.54509804 0.71372549 0.60000000
v -0.02599284 0.00926191 0.05313247 0.54509804 0.71372549 0.60000000
v -0.02849010 0.00934266 0.05173631 0.54509804 0.71372549 0.60000000
v -0.02849714 -0.00934864 0.05173631 0.54509804 0.71372549 0.60000000
v -0.02692140 -0.00445190 0.05358363 0.54509804 0.71372549 0.60000000
v -0.02907397 0.01401182 0.04923664 0.54509804 0.71372549 0.60000000
v -0.02877149 0.01829188 0.04614558 0.54509804 0.71372549 0.60000000
v -0.02907397 -0.01401779 0.04923664 0.54509804 0.71372549 0.60000000
v -0.02877149 -0.01829785 0.04613949 0.54509804 0.71372549 0.60000000
v -0.02773741 0.02208006 0.04254240 0.54509804 0.71372549 0.60000000
v -0.02773741 -0.02207869 0.04254240 0.54509804 0.71372549 0.60000000
v 0.03436339 -0.03295136 0.02928804 0.54509804 0.71372549 0.60000000
v 0.01548272 -0.03495557 0.03429348 0.54509804 0.71372549 0.60000000
v 0.01069925 -0.03574111 0.03377526 0.54509804 0.71372549 0.60000000
v 0.01821915 -0.03500696 0.03136094 0.54509804 0.71372549 0.60000000
v 0.01371002 -0.03571174 0.03094026 0.54509804 0.71372549 0.60000000
v 0.00319340 -0.03609350 0.03506777 0.54509804 0.71372549 0.60000000
v -0.00056303 -0.03659271 0.03265955 0.54509804 0.71372549 0.60000000
v -0.00412954 -0.03588059 0.03507387 0.54509804 0.71372549 0.60000000
v -0.00773121 -0.03475002 0.03740283 0.54509804 0.71372549 0.60000000
v -0.01132586 -0.03318629 0.03961595 0.54509804 0.71372549 0.60000000
v -0.01666506 -0.03121144 0.03983543 0.54509804 0.71372549 0.60000000
v -0.02008384 -0.02869333 0.04170104 0.54509804 0.71372549 0.60000000
v -0.02329862 -0.02569068 0.04338985 0.54509804 0.71372549 0.60000000
v -0.02484622 -0.02556588 0.04110966 0.54509804 0.71372549 0.60000000
v -0.02329862 0.02568470 0.04338985 0.54509804 0.71372549 0.60000000
v -0.02621795 0.02221220 0.04488355 0.54509804 0.71372549 0.60000000
v -0.02008384 0.02868735 0.04170104 0.54509804 0.71372549 0.60000000
v -0.01666506 0.03120547 0.03983543 0.54509804 0.71372549 0.60000000
v -0.01131882 0.03318031 0.03962205 0.54509804 0.71372549 0.60000000
v -0.00773121 0.03474404 0.03740283 0.54509804 0.71372549 0.60000000
v -0.00412954 0.03587462 0.03507996 0.54509804 0.71372549 0.60000000
v -0.00056303 0.03658674 0.03265955 0.54509804 0.71372549 0.60000000
v 0.00353810 0.03721810 0.02472766 0.54509804 0.71372549 0.60000000
v 0.00295423 0.03690976 0.03017207 0.54509804 0.71372549 0.60000000
v 0.00639411 0.03684369 0.02764801 0.54509804 0.71372549 0.60000000
v 0.03436339 0.03297475 0.02913562 0.54509804 0.71372549 0.60000000
v -0.02714651 -0.00000299 0.05360192 0.54509804 0.71372549 0.60000000
v -0.02374883 -0.00000299 0.05491272 0.54509804 0.71372549 0.60000000
v -0.02403022 0.00438719 0.05463227 0.54509804 0.71372549 0.60000000
v -0.02312276 0.00912976 0.05417501 0.54509804 0.71372549 0.60000000
v -0.02445932 0.01384296 0.05235818 0.54509804 0.71372549 0.60000000
v -0.02694251 0.01396043 0.05097421 0.54509804 0.71372549 0.60000000
v -0.02599284 -0.00926788 0.05313247 0.54509804 0.71372549 0.60000000
v -0.02694251 -0.01396640 0.05097421 0.54509804 0.71372549 0.60000000
v -0.02403725 -0.00439317 0.05462618 0.54509804 0.71372549 0.60000000
v -0.02697065 0.01832858 0.04820019 0.54509804 0.71372549 0.60000000
v -0.02697768 -0.01832722 0.04820019 0.54509804 0.71372549 0.60000000
v -0.02622499 -0.02221818 0.04488355 0.54509804 0.71372549 0.60000000
v 0.03436339 -0.03246683 0.03152555 0.54509804 0.71372549 0.60000000
v 0.00759702 -0.03536670 0.03654318 0.54509804 0.71372549 0.60000000
v 0.02084303 -0.03411131 0.03408619 0.54509804 0.71372549 0.60000000
v 0.01265484 -0.03447838 0.03713457 0.54509804 0.71372549 0.60000000
v -0.00021131 -0.03538138 0.03762841 0.54509804 0.71372549 0.60000000
v -0.00365119 -0.03426548 0.04007930 0.54509804 0.71372549 0.60000000
v -0.00711218 -0.03272377 0.04240217 0.54509804 0.71372549 0.60000000
v -0.01281014 -0.03100588 0.04328010 0.54509804 0.71372549 0.60000000
v -0.01485719 -0.03116739 0.04170104 0.54509804 0.71372549 0.60000000
v -0.01826190 -0.02867130 0.04362152 0.54509804 0.71372549 0.60000000
v -0.02147668 -0.02569802 0.04536520 0.54509804 0.71372549 0.60000000
v -0.02441008 -0.02224020 0.04690158 0.54509804 0.71372549 0.60000000
v -0.02147668 0.02569204 0.04536520 0.54509804 0.71372549 0.60000000
v -0.02441008 0.02223423 0.04690158 0.54509804 0.71372549 0.60000000
v -0.01826190 0.02866533 0.04362762 0.54509804 0.71372549 0.60000000
v -0.01485016 0.03116142 0.04170104 0.54509804 0.71372549 0.60000000
v -0.00711218 0.03271046 0.04240217 0.54509804 0.71372549 0.60000000
v -0.01281014 0.03099990 0.04328010 0.54509804 0.71372549 0.60000000
v -0.00365119 0.03425950 0.04007930 0.54509804 0.71372549 0.60000000
v -0.00021131 0.03537540 0.03762841 0.54509804 0.71372549 0.60000000
v 0.00319340 0.03608752 0.03506777 0.54509804 0.71372549 0.60000000
v 0.00652777 0.03640320 0.03242177 0.54509804 0.71372549 0.60000000
v 0.00977069 0.03632979 0.02972091 0.54509804 0.71372549 0.60000000
v 0.03436339 0.03294539 0.02928804 0.54509804 0.71372549 0.60000000
v 0.01371002 0.03570577 0.03094026 0.54509804 0.71372549 0.60000000
v 0.01821915 0.03500099 0.03136094 0.54509804 0.71372549 0.60000000
v 0.01069925 0.03573513 0.03377526 0.54509804 0.71372549 0.60000000
v 0.01548272 0.03494960 0.03429348 0.54509804 0.71372549 0.60000000
v -0.01696755 -0.00006906 0.05699781 0.54509804 0.71372549 0.60000000
v -0.01655955 0.00380722 0.05694904 0.54509804 0.71372549 0.60000000
v -0.01534258 0.00751465 0.05679662 0.54509804 0.71372549 0.60000000
v -0.01444215 0.00885079 0.05676004 0.54509804 0.71372549 0.60000000
v -0.01424519 0.00923988 0.05672346 0.54509804 0.71372549 0.60000000
v -0.01411153 0.00937203 0.05672956 0.54509804 0.71372549 0.60000000
v -0.02161737 0.01365209 0.05340073 0.54509804 0.71372549 0.60000000
v -0.02238413 0.01810100 0.05129734 0.54509804 0.71372549 0.60000000
v -0.02484622 0.01825517 0.04991947 0.54509804 0.71372549 0.60000000
v -0.02312979 -0.00913574 0.05417501 0.54509804 0.71372549 0.60000000
v -0.02445932 -0.01384894 0.05235818 0.54509804 0.71372549 0.60000000
v -0.02484622 -0.01826115 0.04991947 0.54509804 0.71372549 0.60000000
v -0.01527926 -0.00765277 0.05679052 0.54509804 0.71372549 0.60000000
v -0.01653141 -0.00395268 0.05694294 0.54509804 0.71372549 0.60000000
v 0.03436339 -0.03240810 0.03175113 0.54509804 0.71372549 0.60000000
v 0.00442445 -0.03460319 0.03919527 0.54509804 0.71372549 0.60000000
v 0.01833874 -0.03350931 0.03695776 0.54509804 0.71372549 0.60000000
v 0.00976365 -0.03361209 0.03983543 0.54509804 0.71372549 0.60000000
v 0.00119560 -0.03344324 0.04171933 0.54509804 0.71372549 0.60000000
v -0.00204028 -0.03187217 0.04408488 0.54509804 0.71372549 0.60000000
v -0.00525506 -0.02988264 0.04629191 0.54509804 0.71372549 0.60000000
v -0.01053096 -0.03073425 0.04456652 0.54509804 0.71372549 0.60000000
v -0.01384422 -0.02828221 0.04656626 0.54509804 0.71372549 0.60000000
v -0.01618672 -0.02853916 0.04524936 0.54509804 0.71372549 0.60000000
v -0.01937336 -0.02558790 0.04702961 0.54509804 0.71372549 0.60000000
v -0.02229269 -0.02215211 0.04859648 0.54509804 0.71372549 0.60000000
v -0.01937336 0.02558192 0.04702961 0.54509804 0.71372549 0.60000000
v -0.02229269 0.02214613 0.04859648 0.54509804 0.71372549 0.60000000
v -0.01617968 0.02853318 0.04524936 0.54509804 0.71372549 0.60000000
v -0.00204028 0.03186619 0.04408488 0.54509804 0.71372549 0.60000000
v -0.01052392 0.03072827 0.04457262 0.54509804 0.71372549 0.60000000
v -0.00525506 0.02987667 0.04629191 0.54509804 0.71372549 0.60000000
v -0.01384422 0.02827623 0.04656626 0.54509804 0.71372549 0.60000000
v 0.00119560 0.03342992 0.04171933 0.54509804 0.71372549 0.60000000
v 0.00442445 0.03459721 0.03919527 0.54509804 0.71372549 0.60000000
v 0.00759702 0.03536072 0.03654318 0.54509804 0.71372549 0.60000000
v 0.03436339 0.03243883 0.03159871 0.54509804 0.71372549 0.60000000
v 0.01265484 0.03447241 0.03713457 0.54509804 0.71372549 0.60000000
v 0.02084303 0.03410533 0.03408619 0.54509804 0.71372549 0.60000000
v -0.01454064 0.00194983 0.05747336 0.54509804 0.71372549 0.60000000
v -0.01454064 -0.00229352 0.05746117 0.54509804 0.71372549 0.60000000
v -0.01454767 0.00339610 0.05739410 0.54509804 0.71372549 0.60000000
v -0.01455471 0.00401278 0.05735752 0.54509804 0.71372549 0.60000000
v -0.01462505 0.00795513 0.05688198 0.54509804 0.71372549 0.60000000
v -0.01462505 0.00804323 0.05686978 0.54509804 0.71372549 0.60000000
v -0.01458284 0.00835891 0.05682101 0.54509804 0.71372549 0.60000000
v -0.01453360 0.00867459 0.05677223 0.54509804 0.71372549 0.60000000
v -0.01364022 0.00977581 0.05674175 0.54509804 0.71372549 0.60000000
v -0.01379498 0.00968037 0.05672956 0.54509804 0.71372549 0.60000000
v -0.01335180 0.01086968 0.05654665 0.54509804 0.71372549 0.60000000
v -0.01304932 0.00820474 0.05711975 0.54509804 0.71372549 0.60000000
v -0.01069978 0.01371816 0.05621133 0.54509804 0.71372549 0.60000000
v -0.01959143 0.01785139 0.05233379 0.54509804 0.71372549 0.60000000
v -0.01985874 0.02194791 0.04995606 0.54509804 0.71372549 0.60000000
v -0.01424519 -0.00924586 0.05672346 0.54509804 0.71372549 0.60000000
v -0.01437181 -0.00899625 0.05674785 0.54509804 0.71372549 0.60000000
v -0.01444215 -0.00885676 0.05676004 0.54509804 0.71372549 0.60000000
v -0.02162441 -0.01365806 0.05340073 0.54509804 0.71372549 0.60000000
v -0.02238413 -0.01810697 0.05129734 0.54509804 0.71372549 0.60000000
v -0.01459691 -0.00826211 0.05683930 0.54509804 0.71372549 0.60000000
v -0.01462505 -0.00804920 0.05686978 0.54509804 0.71372549 0.60000000
v -0.01458988 -0.00632397 0.05713194 0.54509804 0.71372549 0.60000000
v -0.01453360 -0.00868057 0.05677223 0.54509804 0.71372549 0.60000000
v 0.03436339 -0.03155649 0.03371429 0.54509804 0.71372549 0.60000000
v 0.02459243 -0.03252556 0.03614689 0.54509804 0.71372549 0.60000000
v 0.01577114 -0.03250353 0.03966472 0.54509804 0.71372549 0.60000000
v 0.00682322 -0.03236405 0.04237778 0.54509804 0.71372549 0.60000000
v 0.00386872 -0.03073425 0.04474942 0.54509804 0.71372549 0.60000000
v 0.00093532 -0.02871535 0.04693816 0.54509804 0.71372549 0.60000000
v -0.00837839 -0.02745997 0.04830993 0.54509804 0.71372549 0.60000000
v -0.01430850 -0.02502261 0.04940125 0.54509804 0.71372549 0.60000000
v -0.01698162 -0.02535298 0.04837090 0.54509804 0.71372549 0.60000000
v -0.01986577 -0.02195389 0.04995606 0.54509804 0.71372549 0.60000000
v -0.01698162 0.02534700 0.04837090 0.54509804 0.71372549 0.60000000
v 0.00682322 0.03235807 0.04237778 0.54509804 0.71372549 0.60000000
v 0.00386872 0.03072827 0.04474942 0.54509804 0.71372549 0.60000000
v -0.00837839 0.02745399 0.04830993 0.54509804 0.71372549 0.60000000
v 0.00093532 0.02870938 0.04693816 0.54509804 0.71372549 0.60000000
v -0.01430147 0.02501663 0.04940125 0.54509804 0.71372549 0.60000000
v 0.00976365 0.03360612 0.03983543 0.54509804 0.71372549 0.60000000
v 0.03436339 0.03239478 0.03174503 0.54509804 0.71372549 0.60000000
v 0.01833874 0.03350334 0.03695776 0.54509804 0.71372549 0.60000000
v 0.03436339 0.03236541 0.03183648 0.54509804 0.71372549 0.60000000
v -0.01300711 0.00345483 0.05760139 0.54509804 0.71372549 0.60000000
v -0.01299304 -0.00122167 0.05768065 0.54509804 0.71372549 0.60000000
v -0.01302821 -0.00572197 0.05742459 0.54509804 0.71372549 0.60000000
v -0.01302118 -0.00466480 0.05748555 0.54509804 0.71372549 0.60000000
v -0.01300008 -0.00222744 0.05762578 0.54509804 0.71372549 0.60000000
v -0.01307042 0.00804323 0.05713804 0.54509804 0.71372549 0.60000000
v -0.01264131 0.01034110 0.05677833 0.54509804 0.71372549 0.60000000
v -0.01297194 0.00835157 0.05710755 0.54509804 0.71372549 0.60000000
v -0.01282421 0.00847637 0.05710755 0.54509804 0.71372549 0.60000000
v -0.01173386 0.01086234 0.05680882 0.54509804 0.71372549 0.60000000
v -0.01151579 0.00815335 0.05729656 0.54509804 0.71372549 0.60000000
v -0.01094600 0.01131017 0.05677833 0.54509804 0.71372549 0.60000000
v -0.00937026 0.01222051 0.05670517 0.54509804 0.71372549 0.60000000
v -0.00818846 0.01289592 0.05665030 0.54509804 0.71372549 0.60000000
v -0.00749908 0.01592793 0.05580895 0.54509804 0.71372549 0.60000000
v -0.01199414 0.01509835 0.05533949 0.54509804 0.71372549 0.60000000
v -0.01712231 0.02165425 0.05099250 0.54509804 0.71372549 0.60000000
v -0.01396381 -0.00952483 0.05672956 0.54509804 0.71372549 0.60000000
v -0.01959143 -0.01785737 0.05233379 0.54509804 0.71372549 0.60000000
v -0.01058724 -0.01381957 0.05619914 0.54509804 0.71372549 0.60000000
v -0.01326739 -0.01099312 0.05653446 0.54509804 0.71372549 0.60000000
v -0.01304932 -0.00821071 0.05711975 0.54509804 0.71372549 0.60000000
v -0.01307042 -0.00804920 0.05713804 0.54509804 0.71372549 0.60000000
v 0.03436339 -0.03132156 0.03419593 0.54509804 0.71372549 0.60000000
v 0.02239766 -0.03137295 0.03882947 0.54509804 0.71372549 0.60000000
v 0.01316837 -0.03113803 0.04218879 0.54509804 0.71372549 0.60000000
v 0.01055855 -0.02941279 0.04452384 0.54509804 0.71372549 0.60000000
v 0.00796985 -0.02734250 0.04665161 0.54509804 0.71372549 0.60000000
v 0.00409382 -0.01961197 0.05330927 0.54509804 0.71372549 0.60000000
v -0.00016207 -0.01986158 0.05384579 0.54509804 0.71372549 0.60000000
v -0.01134696 -0.02458946 0.05012067 0.54509804 0.71372549 0.60000000
v -0.00436871 -0.01917882 0.05437621 0.54509804 0.71372549 0.60000000
v -0.00833619 -0.01760776 0.05487614 0.54509804 0.71372549 0.60000000
v -0.01712231 -0.02166023 0.05099250 0.54509804 0.71372549 0.60000000
v 0.01577114 0.03249756 0.03966472 0.54509804 0.71372549 0.60000000
v 0.01317540 0.03112471 0.04218879 0.54509804 0.71372549 0.60000000
v 0.01055855 0.02940681 0.04452384 0.54509804 0.71372549 0.60000000
v -0.01134696 0.02458349 0.05012067 0.54509804 0.71372549 0.60000000
v -0.00451644 0.01912880 0.05439450 0.54509804 0.71372549 0.60000000
v -0.00031683 0.01984092 0.05386408 0.54509804 0.71372549 0.60000000
v 0.00797688 0.02733653 0.04665161 0.54509804 0.71372549 0.60000000
v 0.00393906 0.01962802 0.05332756 0.54509804 0.71372549 0.60000000
v -0.00847688 0.01752103 0.05489443 0.54509804 0.71372549 0.60000000
v 0.02459243 0.03251958 0.03614689 0.54509804 0.71372549 0.60000000
v 0.03436339 0.03149178 0.03385451 0.54509804 0.71372549 0.60000000
v -0.01065054 0.00244171 0.05781478 0.54509804 0.71372549 0.60000000
v -0.01068572 0.00585548 0.05760749 0.54509804 0.71372549 0.60000000
v -0.01068572 -0.00586145 0.05760749 0.54509804 0.71372549 0.60000000
v -0.01065054 -0.00132445 0.05782087 0.54509804 0.71372549 0.60000000
v -0.01065054 -0.00061967 0.05785136 0.54509804 0.71372549 0.60000000
v -0.01065054 0.00104684 0.05783307 0.54509804 0.71372549 0.60000000
v -0.01273277 -0.00581741 0.05744898 0.54509804 0.71372549 0.60000000
v -0.01038323 0.00987125 0.05712584 0.54509804 0.71372549 0.60000000
v -0.01058020 0.00650153 0.05755262 0.54509804 0.71372549 0.60000000
v -0.01018626 0.00716226 0.05750385 0.54509804 0.71372549 0.60000000
v -0.00969385 0.00758072 0.05747946 0.54509804 0.71372549 0.60000000
v -0.00645797 0.01213975 0.05683930 0.54509804 0.71372549 0.60000000
v -0.00635948 0.01396777 0.05640033 0.54509804 0.71372549 0.60000000
v -0.00450940 0.01504696 0.05614427 0.54509804 0.71372549 0.60000000
v -0.00390443 0.01738888 0.05535169 0.54509804 0.71372549 0.60000000
v -0.01379498 -0.00968635 0.05672956 0.54509804 0.71372549 0.60000000
v -0.01363318 -0.00978178 0.05674175 0.54509804 0.71372549 0.60000000
v -0.01297194 -0.00835755 0.05710755 0.54509804 0.71372549 0.60000000
v -0.01187455 -0.01520710 0.05532121 0.54509804 0.71372549 0.60000000
v -0.00737245 -0.01599998 0.05579065 0.54509804 0.71372549 0.60000000
v -0.00818846 -0.01290189 0.05665030 0.54509804 0.71372549 0.60000000
v -0.00925771 -0.01229255 0.05669907 0.54509804 0.71372549 0.60000000
v -0.01094600 -0.01131614 0.05677833 0.54509804 0.71372549 0.60000000
v -0.01173386 -0.01086832 0.05680882 0.54509804 0.71372549 0.60000000
v -0.01251470 -0.01042049 0.05678443 0.54509804 0.71372549 0.60000000
v -0.01282421 -0.00848235 0.05710755 0.54509804 0.71372549 0.60000000
v 0.03436339 -0.03027907 0.03577499 0.54509804 0.71372549 0.60000000
v 0.03436339 -0.02979454 0.03643344 0.54509804 0.71372549 0.60000000
v 0.02016772 -0.02986062 0.04130475 0.54509804 0.71372549 0.60000000
v 0.01794481 -0.02803994 0.04356665 0.54509804 0.71372549 0.60000000
v 0.00820199 -0.01844468 0.05279105 0.54509804 0.71372549 0.60000000
v 0.00766033 -0.01676349 0.05389456 0.54509804 0.71372549 0.60000000
v 0.00392500 -0.01782066 0.05436401 0.54509804 0.71372549 0.60000000
v 0.00272209 -0.01798217 0.05451643 0.54509804 0.71372549 0.60000000
v 0.00211712 -0.01803356 0.05459569 0.54509804 0.71372549 0.60000000
v 0.02414223 -0.02452339 0.04401781 0.54509804 0.71372549 0.60000000
v 0.03436339 -0.02330471 0.04172543 0.54509804 0.71372549 0.60000000
v 0.00155436 -0.01806293 0.05466275 0.54509804 0.71372549 0.60000000
v 0.00118153 -0.01807761 0.05470543 0.54509804 0.71372549 0.60000000
v 0.00085794 -0.01807027 0.05475421 0.54509804 0.71372549 0.60000000
v 0.00005600 -0.01804824 0.05485175 0.54509804 0.71372549 0.60000000
v -0.00376374 -0.01743156 0.05533340 0.54509804 0.71372549 0.60000000
v 0.02239766 0.03135964 0.03882947 0.54509804 0.71372549 0.60000000
v 0.03436339 0.03131559 0.03419593 0.54509804 0.71372549 0.60000000
v 0.02017475 0.02985464 0.04130475 0.54509804 0.71372549 0.60000000
v 0.01795184 0.02802662 0.04356665 0.54509804 0.71372549 0.60000000
v -0.00008468 0.01803493 0.05487004 0.54509804 0.71372549 0.60000000
v 0.00085794 0.01806429 0.05475421 0.54509804 0.71372549 0.60000000
v 0.00151215 0.01805695 0.05466885 0.54509804 0.71372549 0.60000000
v 0.00155436 0.01805695 0.05466275 0.54509804 0.71372549 0.60000000
v 0.00208195 0.01802758 0.05459569 0.54509804 0.71372549 0.60000000
v 0.00265175 0.01798354 0.05452863 0.54509804 0.71372549 0.60000000
v 0.00378431 0.01783671 0.05438230 0.54509804 0.71372549 0.60000000
v 0.00752667 0.01680891 0.05391285 0.54509804 0.71372549 0.60000000
v 0.00805426 0.01849744 0.05280934 0.54509804 0.71372549 0.60000000
v 0.03436339 0.02445134 0.04098163 0.54509804 0.71372549 0.60000000
v 0.02592196 0.02671250 0.04207294 0.54509804 0.71372549 0.60000000
v 0.03436339 0.03141837 0.03400083 0.54509804 0.71372549 0.60000000
v -0.00690114 0.00128176 0.05787575 0.54509804 0.71372549 0.60000000
v -0.01058020 -0.00651484 0.05755262 0.54509804 0.71372549 0.60000000
v -0.00996820 -0.00736645 0.05749165 0.54509804 0.71372549 0.60000000
v -0.00977826 -0.00753530 0.05747946 0.54509804 0.71372549 0.60000000
v -0.00673231 -0.00357093 0.05780259 0.54509804 0.71372549 0.60000000
v -0.00692928 -0.00339473 0.05781478 0.54509804 0.71372549 0.60000000
v -0.00705590 -0.00315981 0.05782697 0.54509804 0.71372549 0.60000000
v -0.00709811 -0.00231554 0.05785746 0.54509804 0.71372549 0.60000000
v -0.00690114 -0.00015716 0.05788794 0.54509804 0.71372549 0.60000000
v -0.01094600 -0.00898156 0.05722339 0.54509804 0.71372549 0.60000000
v -0.00634541 0.00951886 0.05726607 0.54509804 0.71372549 0.60000000
v -0.00591631 0.01245543 0.05675394 0.54509804 0.71372549 0.60000000
v -0.00472747 0.01045856 0.05707707 0.54509804 0.71372549 0.60000000
v -0.00408030 0.01083297 0.05699781 0.54509804 0.71372549 0.60000000
v -0.00243421 0.01449635 0.05619304 0.54509804 0.71372549 0.60000000
v -0.00335574 0.01572237 0.05591259 0.54509804 0.71372549 0.60000000
v 0.00009821 0.01778532 0.05495540 0.54509804 0.71372549 0.60000000
v -0.00312360 0.01586186 0.05586382 0.54509804 0.71372549 0.60000000
v -0.00450940 -0.01505293 0.05614427 0.54509804 0.71372549 0.60000000
v -0.00664086 -0.01381223 0.05643691 0.54509804 0.71372549 0.60000000
v -0.00645797 -0.01214573 0.05683930 0.54509804 0.71372549 0.60000000
v -0.00813218 -0.01118400 0.05696124 0.54509804 0.71372549 0.60000000
v -0.01038323 -0.00987722 0.05712584 0.54509804 0.71372549 0.60000000
v 0.03436339 -0.02866396 0.03766499 0.54509804 0.71372549 0.60000000
v 0.03436339 -0.02790045 0.03843318 0.54509804 0.71372549 0.60000000
v 0.03436339 -0.02569068 0.04004882 0.54509804 0.71372549 0.60000000
v 0.03436339 -0.02225489 0.04224975 0.54509804 0.71372549 0.60000000
v 0.03436339 -0.01889251 0.04376175 0.54509804 0.71372549 0.60000000
v 0.01107911 -0.01492079 0.05346169 0.54509804 0.71372549 0.60000000
v 0.00711867 -0.01499420 0.05463837 0.54509804 0.71372549 0.60000000
v 0.00562735 -0.01585315 0.05472372 0.54509804 0.71372549 0.60000000
v 0.00222967 -0.01779129 0.05467495 0.54509804 0.71372549 0.60000000
v 0.00147698 -0.01653590 0.05524195 0.54509804 0.71372549 0.60000000
v 0.00215933 -0.01783534 0.05466885 0.54509804 0.71372549 0.60000000
v 0.00194126 -0.01791610 0.05466885 0.54509804 0.71372549 0.60000000
v 0.00033035 -0.01791610 0.05488224 0.54509804 0.71372549 0.60000000
v 0.00017559 -0.01783534 0.05493101 0.54509804 0.71372549 0.60000000
v 0.00009118 -0.01778395 0.05495540 0.54509804 0.71372549 0.60000000
v -0.00312360 -0.01586783 0.05586382 0.54509804 0.71372549 0.60000000
v -0.00324319 -0.01580176 0.05588820 0.54509804 0.71372549 0.60000000
v 0.03436339 0.02978857 0.03643344 0.54509804 0.71372549 0.60000000
v 0.03436339 0.02789448 0.03843318 0.54509804 0.71372549 0.60000000
v 0.00017559 0.01782937 0.05493101 0.54509804 0.71372549 0.60000000
v 0.00033035 0.01791012 0.05488224 0.54509804 0.71372549 0.60000000
v 0.00215933 0.01782937 0.05467495 0.54509804 0.71372549 0.60000000
v 0.00184981 0.01794683 0.05466885 0.54509804 0.71372549 0.60000000
v 0.00147698 0.01652993 0.05524195 0.54509804 0.71372549 0.60000000
v 0.00562735 0.01584718 0.05472372 0.54509804 0.71372549 0.60000000
v 0.03436339 0.01793215 0.04414584 0.54509804 0.71372549 0.60000000
v 0.03436339 0.02329874 0.04172543 0.54509804 0.71372549 0.60000000
v 0.00693577 0.01509101 0.05465056 0.54509804 0.71372549 0.60000000
v 0.00711867 0.01498823 0.05463837 0.54509804 0.71372549 0.60000000
v 0.01095952 0.01498823 0.05347998 0.54509804 0.71372549 0.60000000
v -0.00626803 -0.00015716 0.05786965 0.54509804 0.71372549 0.60000000
v -0.00563493 -0.00015716 0.05784526 0.54509804 0.71372549 0.60000000
v -0.00436168 0.00128176 0.05777210 0.54509804 0.71372549 0.60000000
v -0.00185035 0.00437251 0.05748555 0.54509804 0.71372549 0.60000000
v -0.00934212 -0.00779225 0.05745507 0.54509804 0.71372549 0.60000000
v -0.00660569 -0.00362232 0.05779649 0.54509804 0.71372549 0.60000000
v -0.00629617 -0.00369573 0.05778430 0.54509804 0.71372549 0.60000000
v -0.00657052 -0.00939269 0.05728436 0.54509804 0.71372549 0.60000000
v -0.00016910 0.00437251 0.05732094 0.54509804 0.71372549 0.60000000
v -0.00387630 0.01095044 0.05696124 0.54509804 0.71372549 0.60000000
v 0.00058359 0.01507633 0.05577236 0.54509804 0.71372549 0.60000000
v -0.00213173 0.01197824 0.05663810 0.54509804 0.71372549 0.60000000
v 0.00035146 0.01343919 0.05617475 0.54509804 0.71372549 0.60000000
v 0.00114636 0.01658866 0.05526634 0.54509804 0.71372549 0.60000000
v 0.00101270 0.01654461 0.05529682 0.54509804 0.71372549 0.60000000
v -0.00243421 -0.01450233 0.05619304 0.54509804 0.71372549 0.60000000
v -0.00408030 -0.01083895 0.05699781 0.54509804 0.71372549 0.60000000
v -0.00473451 -0.01045720 0.05707707 0.54509804 0.71372549 0.60000000
v -0.00634541 -0.00952483 0.05726607 0.54509804 0.71372549 0.60000000
v 0.03436339 -0.01793812 0.04414584 0.54509804 0.71372549 0.60000000
v 0.01069221 -0.01290924 0.05419331 0.54509804 0.71372549 0.60000000
v 0.01005910 -0.01328365 0.05427256 0.54509804 0.71372549 0.60000000
v 0.03436339 -0.01705715 0.04441410 0.54509804 0.71372549 0.60000000
v 0.00911648 -0.01213104 0.05482127 0.54509804 0.71372549 0.60000000
v 0.00514197 -0.01443625 0.05521756 0.54509804 0.71372549 0.60000000
v 0.00512087 -0.01445094 0.05521756 0.54509804 0.71372549 0.60000000
v 0.00132926 -0.01659464 0.05524195 0.54509804 0.71372549 0.60000000
v 0.00101270 -0.01655059 0.05529682 0.54509804 0.71372549 0.60000000
v 0.00114636 -0.01659464 0.05526634 0.54509804 0.71372549 0.60000000
v 0.00157546 -0.01508230 0.05564433 0.54509804 0.71372549 0.60000000
v -0.00212470 -0.01468586 0.05611379 0.54509804 0.71372549 0.60000000
v 0.00132926 0.01658866 0.05524195 0.54509804 0.71372549 0.60000000
v 0.00417824 0.01476064 0.05531511 0.54509804 0.71372549 0.60000000
v 0.00514197 0.01443028 0.05521756 0.54509804 0.71372549 0.60000000
v 0.03436339 0.01705117 0.04441410 0.54509804 0.71372549 0.60000000
v 0.00911648 0.01212507 0.05482127 0.54509804 0.71372549 0.60000000
v 0.00998876 0.01331438 0.05428475 0.54509804 0.71372549 0.60000000
v 0.01069221 0.01290326 0.05419331 0.54509804 0.71372549 0.60000000
v -0.00341202 -0.00318183 0.05766236 0.54509804 0.71372549 0.60000000
v -0.00436168 -0.00015716 0.05778430 0.54509804 0.71372549 0.60000000
v -0.00437574 0.00014384 0.05778430 0.54509804 0.71372549 0.60000000
v -0.00422802 0.00128176 0.05776600 0.54509804 0.71372549 0.60000000
v -0.00309546 0.00128176 0.05769284 0.54509804 0.71372549 0.60000000
v -0.00183628 0.00258854 0.05754652 0.54509804 0.71372549 0.60000000
v -0.00015503 0.00235361 0.05740020 0.54509804 0.71372549 0.60000000
v -0.00648611 -0.00367371 0.05779039 0.54509804 0.71372549 0.60000000
v -0.00322208 -0.00369573 0.05762578 0.54509804 0.71372549 0.60000000
v 0.00149808 0.00435783 0.05711975 0.54509804 0.71372549 0.60000000
v 0.00044994 0.01347589 0.05615646 0.54509804 0.71372549 0.60000000
v 0.00095643 0.01367411 0.05605281 0.54509804 0.71372549 0.60000000
v 0.00134332 0.01368145 0.05600404 0.54509804 0.71372549 0.60000000
v 0.00161767 0.01368879 0.05596746 0.54509804 0.71372549 0.60000000
v 0.00233519 0.01343919 0.05591869 0.54509804 0.71372549 0.60000000
v 0.00035146 -0.01344516 0.05617475 0.54509804 0.71372549 0.60000000
v -0.00387630 -0.01096375 0.05696124 0.54509804 0.71372549 0.60000000
v -0.00404512 -0.01086098 0.05699172 0.54509804 0.71372549 0.60000000
v -0.00016207 -0.00369573 0.05735143 0.54509804 0.71372549 0.60000000
v -0.00183628 -0.00369573 0.05750385 0.54509804 0.71372549 0.60000000
v 0.03436339 -0.01284316 0.04560906 0.54509804 0.71372549 0.60000000
v 0.01315429 -0.01146297 0.05366288 0.54509804 0.71372549 0.60000000
v 0.01289402 -0.00991393 0.05410795 0.54509804 0.71372549 0.60000000
v 0.01131828 -0.01083895 0.05440669 0.54509804 0.71372549 0.60000000
v 0.00916572 -0.00948078 0.05526024 0.54509804 0.71372549 0.60000000
v 0.00769550 -0.01033973 0.05546753 0.54509804 0.71372549 0.60000000
v 0.00685136 -0.01083161 0.05558337 0.54509804 0.71372549 0.60000000
v 0.00233519 -0.01344516 0.05591869 0.54509804 0.71372549 0.60000000
v 0.00597908 -0.01133817 0.05565043 0.54509804 0.71372549 0.60000000
v 0.00161767 -0.01369477 0.05596746 0.54509804 0.71372549 0.60000000
v 0.00106194 -0.01368009 0.05604062 0.54509804 0.71372549 0.60000000
v 0.00095643 -0.01368009 0.05605281 0.54509804 0.71372549 0.60000000
v 0.00597908 0.01133219 0.05565043 0.54509804 0.71372549 0.60000000
v 0.00645039 0.01106056 0.05561385 0.54509804 0.71372549 0.60000000
v 0.00685136 0.01082563 0.05558337 0.54509804 0.71372549 0.60000000
v 0.03436339 0.01283719 0.04560906 0.54509804 0.71372549 0.60000000
v 0.00769550 0.01033376 0.05546753 0.54509804 0.71372549 0.60000000
v 0.00916572 0.00947481 0.05526024 0.54509804 0.71372549 0.60000000
v 0.01044600 0.01134688 0.05457130 0.54509804 0.71372549 0.60000000
v 0.01289402 0.00990795 0.05410795 0.54509804 0.71372549 0.60000000
v 0.01304174 0.01152307 0.05368727 0.54509804 0.71372549 0.60000000
v -0.00183628 -0.00231554 0.05756481 0.54509804 0.71372549 0.60000000
v -0.00183628 -0.00214669 0.05757091 0.54509804 0.71372549 0.60000000
v -0.00183628 -0.00095737 0.05758920 0.54509804 0.71372549 0.60000000
v -0.00182925 -0.00015716 0.05759530 0.54509804 0.71372549 0.60000000
v -0.00183628 0.00128176 0.05758920 0.54509804 0.71372549 0.60000000
v -0.00015503 0.00034206 0.05743068 0.54509804 0.71372549 0.60000000
v 0.00151215 0.00082659 0.05722949 0.54509804 0.71372549 0.60000000
v 0.00150512 0.00183237 0.05721120 0.54509804 0.71372549 0.60000000
v 0.00312306 0.00282347 0.05696124 0.54509804 0.71372549 0.60000000
v 0.00279244 0.00432846 0.05694904 0.54509804 0.71372549 0.60000000
v 0.00149808 -0.00369573 0.05715633 0.54509804 0.71372549 0.60000000
v -0.00015503 -0.00191176 0.05740630 0.54509804 0.71372549 0.60000000
v 0.03436339 -0.01208699 0.04578587 0.54509804 0.71372549 0.60000000
v 0.01403361 -0.01094173 0.05347389 0.54509804 0.71372549 0.60000000
v 0.03436339 -0.01172726 0.04585294 0.54509804 0.71372549 0.60000000
v 0.03436339 -0.00901093 0.04634677 0.54509804 0.71372549 0.60000000
v 0.01367485 -0.00815933 0.05412014 0.54509804 0.71372549 0.60000000
v 0.01238050 -0.00759403 0.05461398 0.54509804 0.71372549 0.60000000
v 0.01110725 -0.00834286 0.05487004 0.54509804 0.71372549 0.60000000
v 0.00946820 -0.00369573 0.05571749 0.54509804 0.71372549 0.60000000
v 0.00932048 -0.00369573 0.05575408 0.54509804 0.71372549 0.60000000
v 0.00784323 -0.00369573 0.05608330 0.54509804 0.71372549 0.60000000
v 0.00312306 -0.00369573 0.05693075 0.54509804 0.71372549 0.60000000
v 0.00430486 0.00435783 0.05671127 0.54509804 0.71372549 0.60000000
v 0.00460734 0.00435783 0.05665640 0.54509804 0.71372549 0.60000000
v 0.00759702 0.00435783 0.05608330 0.54509804 0.71372549 0.60000000
v 0.00828640 0.00435783 0.05594917 0.54509804 0.71372549 0.60000000
v 0.01403361 0.01093576 0.05347389 0.54509804 0.71372549 0.60000000
v 0.03436339 0.01208102 0.04578587 0.54509804 0.71372549 0.60000000
v 0.01238050 0.00758806 0.05462008 0.54509804 0.71372549 0.60000000
v 0.00868034 0.00429175 0.05586991 0.54509804 0.71372549 0.60000000
v 0.00902503 0.00409353 0.05580285 0.54509804 0.71372549 0.60000000
v 0.01311209 0.00897559 0.05418721 0.54509804 0.71372549 0.60000000
v 0.03436339 0.00914444 0.04632848 0.54509804 0.71372549 0.60000000
v -0.00015503 -0.00167684 0.05741239 0.54509804 0.71372549 0.60000000
v -0.00015503 -0.00113357 0.05741849 0.54509804 0.71372549 0.60000000
v -0.00015503 0.00003372 0.05743068 0.54509804 0.71372549 0.60000000
v 0.00151215 0.00018055 0.05723559 0.54509804 0.71372549 0.60000000
v 0.00313009 0.00135518 0.05699781 0.54509804 0.71372549 0.60000000
v 0.00346775 0.00282347 0.05690636 0.54509804 0.71372549 0.60000000
v 0.00401644 0.00366039 0.05679052 0.54509804 0.71372549 0.60000000
v 0.00313009 -0.00205859 0.05698562 0.54509804 0.71372549 0.60000000
v 0.00150512 -0.00168418 0.05721730 0.54509804 0.71372549 0.60000000
v 0.03436339 -0.00854108 0.04640774 0.54509804 0.71372549 0.60000000
v 0.03436339 -0.00594955 0.04673087 0.54509804 0.71372549 0.60000000
v 0.01525058 -0.00487770 0.05391895 0.54509804 0.71372549 0.60000000
v 0.01325981 -0.00651484 0.05446156 0.54509804 0.71372549 0.60000000
v 0.01294326 -0.00709482 0.05449814 0.54509804 0.71372549 0.60000000
v 0.01285885 -0.00716823 0.05451643 0.54509804 0.71372549 0.60000000
v 0.01258450 -0.00742518 0.05457130 0.54509804 0.71372549 0.60000000
v 0.01335126 -0.00600094 0.05448595 0.54509804 0.71372549 0.60000000
v 0.01340754 -0.00086194 0.05472982 0.54509804 0.71372549 0.60000000
v 0.00946820 -0.00331398 0.05573578 0.54509804 0.71372549 0.60000000
v 0.01337237 -0.00585411 0.05449204 0.54509804 0.71372549 0.60000000
v 0.00947524 -0.00254312 0.05576627 0.54509804 0.71372549 0.60000000
v 0.00785729 -0.00079586 0.05616256 0.54509804 0.71372549 0.60000000
v 0.00549370 0.00282347 0.05657714 0.54509804 0.71372549 0.60000000
v 0.00785026 0.00282347 0.05611988 0.54509804 0.71372549 0.60000000
v 0.01337237 0.00585548 0.05449204 0.54509804 0.71372549 0.60000000
v 0.01306988 0.00686126 0.05448595 0.54509804 0.71372549 0.60000000
v 0.01245788 0.00753667 0.05460179 0.54509804 0.71372549 0.60000000
v 0.00942599 0.00346951 0.05574188 0.54509804 0.71372549 0.60000000
v 0.00926420 0.00382190 0.05576017 0.54509804 0.71372549 0.60000000
v 0.03436339 0.00879940 0.04637726 0.54509804 0.71372549 0.60000000
v 0.01294326 0.00708884 0.05449814 0.54509804 0.71372549 0.60000000
v 0.01489182 0.00581143 0.05396772 0.54509804 0.71372549 0.60000000
v 0.00151215 -0.00067840 0.05722949 0.54509804 0.71372549 0.60000000
v 0.00151215 -0.00017184 0.05723559 0.54509804 0.71372549 0.60000000
v 0.00313009 0.00064306 0.05700391 0.54509804 0.71372549 0.60000000
v 0.00313009 -0.00042879 0.05701001 0.54509804 0.71372549 0.60000000
v 0.00452293 0.00282347 0.05673565 0.54509804 0.71372549 0.60000000
v 0.03436339 -0.00559716 0.04676135 0.54509804 0.71372549 0.60000000
v 0.01560934 -0.00388661 0.05385798 0.54509804 0.71372549 0.60000000
v 0.01340754 -0.00066372 0.05473592 0.54509804 0.71372549 0.60000000
v 0.01338643 -0.00429773 0.05456520 0.54509804 0.71372549 0.60000000
v 0.00946820 0.00316117 0.05574188 0.54509804 0.71372549 0.60000000
v 0.01325981 0.00650887 0.05446156 0.54509804 0.71372549 0.60000000
v 0.01340754 0.00191313 0.05471762 0.54509804 0.71372549 0.60000000
v 0.03436339 0.00855713 0.04640774 0.54509804 0.71372549 0.60000000
v 0.01559528 0.00517273 0.05376043 0.54509804 0.71372549 0.60000000
v 0.03436339 0.00562790 0.04676135 0.54509804 0.71372549 0.60000000
v 0.03436339 0.00594358 0.04673087 0.54509804 0.71372549 0.60000000
v 0.03436339 -0.00282944 0.04695645 0.54509804 0.71372549 0.60000000
v 0.01560934 -0.00329195 0.05387627 0.54509804 0.71372549 0.60000000
v 0.03436339 -0.00000299 0.04707229 0.54509804 0.71372549 0.60000000
v 0.01562341 0.00073116 0.05397992 0.54509804 0.71372549 0.60000000
v 0.01560934 0.00284549 0.05387627 0.54509804 0.71372549 0.60000000
v 0.03436339 0.00282347 0.04695645 0.54509804 0.71372549 0.60000000
v 0.03436339 0.00321990 0.04693206 0.54509804 0.71372549 0.60000000
v 0.03436339 0.00044484 0.04706010 0.54509804 0.71372549 0.60000000
v 0.07888390 0.06851706 -0.03738841 0.54117647 0.42352941 0.64313725
v 0.08743498 0.06851706 -0.03570972 0.54117647 0.42352941 0.64313725
v 0.07986746 0.03502314 -0.03729311 0.54117647 0.42352941 0.64313725
v 0.07986746 0.03495084 -0.03729311 0.54117647 0.42352941 0.64313725
v 0.07888390 0.03495084 -0.03730044 0.54117647 0.42352941 0.64313725
v 0.07491296 0.03495084 -0.03732976 0.54117647 0.42352941 0.64313725
v 0.07264491 0.03495084 -0.03734442 0.54117647 0.42352941 0.64313725
v 0.07263757 0.03495084 -0.03734442 0.54117647 0.42352941 0.64313725
v 0.07264491 0.03502314 -0.03734442 0.54117647 0.42352941 0.64313725
v 0.07019335 0.06851706 -0.03704387 0.54117647 0.42352941 0.64313725
v 0.08854332 0.03502314 -0.03533587 0.54117647 0.42352941 0.64313725
v 0.08854332 0.03495084 -0.03533587 0.54117647 0.42352941 0.64313725
v 0.08742764 0.03495084 -0.03570239 0.54117647 0.42352941 0.64313725
v 0.08688448 0.03495084 -0.03587832 0.54117647 0.42352941 0.64313725
v 0.08688448 0.03502314 -0.03587832 0.54117647 0.42352941 0.64313725
v 0.08147491 0.03502314 -0.03697056 0.54117647 0.42352941 0.64313725
v 0.09536217 0.06851706 -0.03211045 0.54117647 0.42352941 0.64313725
v 0.09015812 0.03495084 -0.03472011 0.54117647 0.42352941 0.64313725
v 0.08147491 0.03495084 -0.03697056 0.54117647 0.42352941 0.64313725
v 0.07019335 0.03495084 -0.03704387 0.54117647 0.42352941 0.64313725
v 0.07009793 0.03502314 -0.03702921 0.54117647 0.42352941 0.64313725
v 0.06923181 0.03502314 -0.03686061 0.54117647 0.42352941 0.64313725
v 0.06758032 0.03502314 -0.03653807 0.54117647 0.42352941 0.64313725
v 0.06180374 0.06851706 -0.03470544 0.54117647 0.42352941 0.64313725
v 0.10224708 0.06851706 -0.02678118 0.54117647 0.42352941 0.64313725
v 0.09903216 0.03501985 -0.02958876 0.54117647 0.42352941 0.64313725
v 0.09536217 0.03495084 -0.03211045 0.54117647 0.42352941 0.64313725
v 0.07009793 0.03495084 -0.03702921 0.54117647 0.42352941 0.64313725
v 0.06923181 0.03495084 -0.03686061 0.54117647 0.42352941 0.64313725
v 0.06758032 0.03495084 -0.03653807 0.54117647 0.42352941 0.64313725
v 0.06364608 0.03502314 -0.03540184 0.54117647 0.42352941 0.64313725
v 0.06302952 0.03495084 -0.03511595 0.54117647 0.42352941 0.64313725
v 0.05687861 0.03495084 -0.03225706 0.54117647 0.42352941 0.64313725
v 0.05687861 0.03502314 -0.03225706 0.54117647 0.42352941 0.64313725
v 0.05463992 0.06851706 -0.03082028 0.54117647 0.42352941 0.64313725
v 0.10771537 0.06851706 -0.02000781 0.54117647 0.42352941 0.64313725
v 0.10324532 0.03502314 -0.02576224 0.54117647 0.42352941 0.64313725
v 0.10201220 0.03495084 -0.02700843 0.54117647 0.42352941 0.64313725
v 0.10201220 0.03502314 -0.02700843 0.54117647 0.42352941 0.64313725
v 0.10074238 0.03502314 -0.02817398 0.54117647 0.42352941 0.64313725
v 0.09989094 0.03502314 -0.02889969 0.54117647 0.42352941 0.64313725
v 0.09903216 0.03495084 -0.02958876 0.54117647 0.42352941 0.64313725
v 0.06365342 0.03495084 -0.03540184 0.54117647 0.42352941 0.64313725
v 0.05428026 0.03495084 -0.03035847 0.54117647 0.42352941 0.64313725
v 0.05418484 0.06851706 -0.03049774 0.54117647 0.42352941 0.64313725
v 0.10771537 0.05968350 -0.02000781 0.54117647 0.42352941 0.64313725
v 0.10764197 0.06057408 -0.02011776 0.54117647 0.42352941 0.64313725
v 0.11147344 0.06851706 -0.01214952 0.54117647 0.42352941 0.64313725
v 0.10942559 0.06269374 -0.01698031 0.54117647 0.42352941 0.64313725
v 0.10880169 0.06227967 -0.01816052 0.54117647 0.42352941 0.64313725
v 0.10817779 0.06166842 -0.01924544 0.54117647 0.42352941 0.64313725
v 0.10764197 0.05996612 -0.02011776 0.54117647 0.42352941 0.64313725
v 0.10530785 0.03495084 -0.02310860 0.54117647 0.42352941 0.64313725
v 0.10323797 0.03495084 -0.02576224 0.54117647 0.42352941 0.64313725
v 0.10074238 0.03495084 -0.02817398 0.54117647 0.42352941 0.64313725
v 0.09989094 0.03495084 -0.02889969 0.54117647 0.42352941 0.64313725
v 0.05112406 0.03495084 -0.02804936 0.54117647 0.42352941 0.64313725
v 0.05112406 0.03502314 -0.02804936 0.54117647 0.42352941 0.64313725
v 0.04774033 0.06851706 -0.02464068 0.54117647 0.42352941 0.64313725
v 0.10769335 0.03495084 -0.02003713 0.54117647 0.42352941 0.64313725
v 0.10817779 0.05886850 -0.01924544 0.54117647 0.42352941 0.64313725
v 0.11331578 0.06851706 -0.00363881 0.54117647 0.42352941 0.64313725
v 0.11223680 0.06102759 -0.00962783 0.54117647 0.42352941 0.64313725
v 0.11211936 0.06166842 -0.01006033 0.54117647 0.42352941 0.64313725
v 0.11189182 0.06228624 -0.01085202 0.54117647 0.42352941 0.64313725
v 0.11160556 0.06269374 -0.01175367 0.54117647 0.42352941 0.64313725
v 0.11147344 0.05772486 -0.01214952 0.54117647 0.42352941 0.64313725
v 0.11104038 0.03502314 -0.01334439 0.54117647 0.42352941 0.64313725
v 0.11068806 0.06306838 -0.01423871 0.54117647 0.42352941 0.64313725
v 0.10942559 0.05784317 -0.01698031 0.54117647 0.42352941 0.64313725
v 0.10880169 0.05825725 -0.01816052 0.54117647 0.42352941 0.64313725
v 0.04780639 0.03495084 -0.02456737 0.54117647 0.42352941 0.64313725
v 0.04672741 0.03502314 -0.02343848 0.54117647 0.42352941 0.64313725
v 0.04281520 0.06851706 -0.01745680 0.54117647 0.42352941 0.64313725
v 0.10875030 0.03495084 -0.01793328 0.54117647 0.42352941 0.64313725
v 0.11315429 0.06851706 0.00505515 0.54117647 0.42352941 0.64313725
v 0.11349194 0.03502314 -0.00076526 0.54117647 0.42352941 0.64313725
v 0.11334514 0.03502314 -0.00334560 0.54117647 0.42352941 0.64313725
v 0.11334514 0.03495084 -0.00334560 0.54117647 0.42352941 0.64313725
v 0.11330844 0.03495084 -0.00364615 0.54117647 0.42352941 0.64313725
v 0.11302952 0.03502314 -0.00591860 0.54117647 0.42352941 0.64313725
v 0.11288272 0.03502314 -0.00673961 0.54117647 0.42352941 0.64313725
v 0.11228084 0.06026846 -0.00945923 0.54117647 0.42352941 0.64313725
v 0.11223680 0.05950932 -0.00962783 0.54117647 0.42352941 0.64313725
v 0.11211936 0.05886850 -0.01006033 0.54117647 0.42352941 0.64313725
v 0.11189182 0.05824739 -0.01085202 0.54117647 0.42352941 0.64313725
v 0.11159088 0.05786946 -0.01179032 0.54117647 0.42352941 0.64313725
v 0.11104038 0.03495084 -0.01334439 0.54117647 0.42352941 0.64313725
v 0.11068806 0.05746854 -0.01423871 0.54117647 0.42352941 0.64313725
v 0.04672741 0.03495084 -0.02343115 0.54117647 0.42352941 0.64313725
v 0.04284456 0.03502314 -0.01751544 0.54117647 0.42352941 0.64313725
v 0.04247756 0.03495084 -0.01680438 0.54117647 0.42352941 0.64313725
v 0.04082606 0.06851706 -0.01299985 0.54117647 0.42352941 0.64313725
v 0.11294144 0.03495084 0.00641862 0.54117647 0.42352941 0.64313725
v 0.11098166 0.06851706 0.01349255 0.54117647 0.42352941 0.64313725
v 0.11332312 0.03495084 0.00141923 0.54117647 0.42352941 0.64313725
v 0.11348459 0.03495084 -0.00076526 0.54117647 0.42352941 0.64313725
v 0.11302952 0.03495084 -0.00590394 0.54117647 0.42352941 0.64313725
v 0.11288272 0.03495084 -0.00673961 0.54117647 0.42352941 0.64313725
v 0.11138536 0.03495084 -0.01212020 0.54117647 0.42352941 0.64313725
v 0.04285190 0.03495084 -0.01751544 0.54117647 0.42352941 0.64313725
v 0.04282254 0.03495084 -0.01746413 0.54117647 0.42352941 0.64313725
v 0.04132518 0.03495084 -0.01386485 0.54117647 0.42352941 0.64313725
v 0.03999664 0.03502314 -0.01046350 0.54117647 0.42352941 0.64313725
v 0.03998930 0.03495084 -0.01044151 0.54117647 0.42352941 0.64313725
v 0.03968836 0.06851706 -0.00933461 0.54117647 0.42352941 0.64313725
v 0.11109910 0.03502314 0.01319200 0.54117647 0.42352941 0.64313725
v 0.11109910 0.03495084 0.01318467 0.54117647 0.42352941 0.64313725
v 0.10955036 0.03502314 0.01673996 0.54117647 0.42352941 0.64313725
v 0.10955036 0.03495084 0.01673996 0.54117647 0.42352941 0.64313725
v 0.11097432 0.03502314 0.01348522 0.54117647 0.42352941 0.64313725
v 0.10692999 0.06851706 0.02119690 0.54117647 0.42352941 0.64313725
v 0.03943146 0.03495084 -0.00750198 0.54117647 0.42352941 0.64313725
v 0.03866077 0.03502314 -0.00341157 0.54117647 0.42352941 0.64313725
v 0.03850662 0.06851706 -0.00070662 0.54117647 0.42352941 0.64313725
v 0.11097432 0.03495084 0.01347789 0.54117647 0.42352941 0.64313725
v 0.10784015 0.03502314 0.01980410 0.54117647 0.42352941 0.64313725
v 0.10784015 0.03495084 0.01980410 0.54117647 0.42352941 0.64313725
v 0.10120480 0.06851706 0.02775769 0.54117647 0.42352941 0.64313725
v 0.10477203 0.03502314 0.02404846 0.54117647 0.42352941 0.64313725
v 0.10588037 0.03502314 0.02265566 0.54117647 0.42352941 0.64313725
v 0.10690063 0.03502314 0.02117490 0.54117647 0.42352941 0.64313725
v 0.03866077 0.03495084 -0.00340424 0.54117647 0.42352941 0.64313725
v 0.03863140 0.03495084 0.00022435 0.54117647 0.42352941 0.64313725
v 0.03864608 0.03495084 0.00311990 0.54117647 0.42352941 0.64313725
v 0.03869747 0.03502314 0.00383829 0.54117647 0.42352941 0.64313725
v 0.03935806 0.06851706 0.00795069 0.54117647 0.42352941 0.64313725
v 0.10588037 0.03495084 0.02264833 0.54117647 0.42352941 0.64313725
v 0.10085982 0.03502314 0.02807290 0.54117647 0.42352941 0.64313725
v 0.10105800 0.03502314 0.02789697 0.54117647 0.42352941 0.64313725
v 0.10116076 0.03502314 0.02780167 0.54117647 0.42352941 0.64313725
v 0.10121214 0.03495084 0.02775036 0.54117647 0.42352941 0.64313725
v 0.09412905 0.06851706 0.03282306 0.54117647 0.42352941 0.64313725
v 0.09781373 0.03502314 0.03049929 0.54117647 0.42352941 0.64313725
v 0.09822476 0.03502314 0.03019874 0.54117647 0.42352941 0.64313725
v 0.09847432 0.03502314 0.03001548 0.54117647 0.42352941 0.64313725
v 0.09862112 0.03502314 0.02990552 0.54117647 0.42352941 0.64313725
v 0.09912758 0.03502314 0.02951701 0.54117647 0.42352941 0.64313725
v 0.09934044 0.03502314 0.02934840 0.54117647 0.42352941 0.64313725
v 0.09959734 0.03495084 0.02914315 0.54117647 0.42352941 0.64313725
v 0.10014784 0.03502314 0.02868866 0.54117647 0.42352941 0.64313725
v 0.10068366 0.03502314 0.02822684 0.54117647 0.42352941 0.64313725
v 0.03871948 0.03495084 0.00400689 0.54117647 0.42352941 0.64313725
v 0.03904978 0.03495084 0.00590549 0.54117647 0.42352941 0.64313725
v 0.03937274 0.03495084 0.00751086 0.54117647 0.42352941 0.64313725
v 0.03995260 0.03495084 0.01023781 0.54117647 0.42352941 0.64313725
v 0.04014344 0.03502314 0.01096353 0.54117647 0.42352941 0.64313725
v 0.04032694 0.03495084 0.01152064 0.54117647 0.42352941 0.64313725
v 0.04217662 0.06851706 0.01619017 0.54117647 0.42352941 0.64313725
v 0.10085982 0.03495084 0.02807290 0.54117647 0.42352941 0.64313725
v 0.10111672 0.03495084 0.02783832 0.54117647 0.42352941 0.64313725
v 0.09019482 0.03502314 0.03470699 0.54117647 0.42352941 0.64313725
v 0.09119306 0.03502314 0.03427450 0.54117647 0.42352941 0.64313725
v 0.09161144 0.03502314 0.03408390 0.54117647 0.42352941 0.64313725
v 0.09218395 0.03502314 0.03382000 0.54117647 0.42352941 0.64313725
v 0.09316017 0.03502314 0.03333619 0.54117647 0.42352941 0.64313725
v 0.09363727 0.03502314 0.03308696 0.54117647 0.42352941 0.64313725
v 0.09412905 0.03502314 0.03282306 0.54117647 0.42352941 0.64313725
v 0.09450339 0.03502314 0.03261047 0.54117647 0.42352941 0.64313725
v 0.09507591 0.03502314 0.03228060 0.54117647 0.42352941 0.64313725
v 0.09553833 0.03502314 0.03200204 0.54117647 0.42352941 0.64313725
v 0.09600074 0.03502314 0.03171615 0.54117647 0.42352941 0.64313725
v 0.09660263 0.03502314 0.03132764 0.54117647 0.42352941 0.64313725
v 0.09701366 0.03495084 0.03105641 0.54117647 0.42352941 0.64313725
v 0.09741736 0.03495084 0.03077785 0.54117647 0.42352941 0.64313725
v 0.08606975 0.06851706 0.03612178 0.54117647 0.42352941 0.64313725
v 0.09771830 0.03495084 0.03056526 0.54117647 0.42352941 0.64313725
v 0.09782106 0.03495084 0.03049196 0.54117647 0.42352941 0.64313725
v 0.09822476 0.03495084 0.03019874 0.54117647 0.42352941 0.64313725
v 0.09881930 0.03495084 0.02975158 0.54117647 0.42352941 0.64313725
v 0.09920832 0.03495084 0.02945103 0.54117647 0.42352941 0.64313725
v 0.10032400 0.03495084 0.02853472 0.54117647 0.42352941 0.64313725
v 0.10068366 0.03495084 0.02822684 0.54117647 0.42352941 0.64313725
v 0.04014344 0.03495084 0.01094154 0.54117647 0.42352941 0.64313725
v 0.04071596 0.03495084 0.01263488 0.54117647 0.42352941 0.64313725
v 0.04095818 0.03502314 0.01335327 0.54117647 0.42352941 0.64313725
v 0.04118572 0.03495084 0.01390305 0.54117647 0.42352941 0.64313725
v 0.04172154 0.03495084 0.01517856 0.54117647 0.42352941 0.64313725
v 0.04193440 0.03502314 0.01566237 0.54117647 0.42352941 0.64313725
v 0.04303540 0.03495084 0.01783220 0.54117647 0.42352941 0.64313725
v 0.04335836 0.03495084 0.01844063 0.54117647 0.42352941 0.64313725
v 0.04353452 0.03502314 0.01875584 0.54117647 0.42352941 0.64313725
v 0.04682283 0.06851706 0.02354998 0.54117647 0.42352941 0.64313725
v 0.08917456 0.03502314 0.03510284 0.54117647 0.42352941 0.64313725
v 0.08978378 0.03495084 0.03486093 0.54117647 0.42352941 0.64313725
v 0.08982048 0.03495084 0.03484627 0.54117647 0.42352941 0.64313725
v 0.09070127 0.03495084 0.03448708 0.54117647 0.42352941 0.64313725
v 0.09161144 0.03495084 0.03408390 0.54117647 0.42352941 0.64313725
v 0.09250691 0.03495084 0.03365873 0.54117647 0.42352941 0.64313725
v 0.09319687 0.03495084 0.03331420 0.54117647 0.42352941 0.64313725
v 0.09362993 0.03495084 0.03308696 0.54117647 0.42352941 0.64313725
v 0.09407033 0.03495084 0.03285238 0.54117647 0.42352941 0.64313725
v 0.09450339 0.03495084 0.03261047 0.54117647 0.42352941 0.64313725
v 0.09535482 0.03495084 0.03211200 0.54117647 0.42352941 0.64313725
v 0.09546492 0.03495084 0.03204603 0.54117647 0.42352941 0.64313725
v 0.09577321 0.03495084 0.03185543 0.54117647 0.42352941 0.64313725
v 0.09619159 0.03495084 0.03159153 0.54117647 0.42352941 0.64313725
v 0.09660263 0.03495084 0.03132764 0.54117647 0.42352941 0.64313725
v 0.07746728 0.06851706 0.03747059 0.54117647 0.42352941 0.64313725
v 0.08180521 0.03502314 0.03704542 0.54117647 0.42352941 0.64313725
v 0.08394849 0.03502314 0.03664224 0.54117647 0.42352941 0.64313725
v 0.08606975 0.03502314 0.03612178 0.54117647 0.42352941 0.64313725
v 0.08814696 0.03502314 0.03546937 0.54117647 0.42352941 0.64313725
v 0.04253628 0.03495084 0.01683525 0.54117647 0.42352941 0.64313725
v 0.04352718 0.03495084 0.01874118 0.54117647 0.42352941 0.64313725
v 0.04537685 0.03502314 0.02163672 0.54117647 0.42352941 0.64313725
v 0.04555301 0.03495084 0.02187863 0.54117647 0.42352941 0.64313725
v 0.04621361 0.03502314 0.02277295 0.54117647 0.42352941 0.64313725
v 0.04682283 0.03502314 0.02354998 0.54117647 0.42352941 0.64313725
v 0.04695495 0.03495084 0.02371125 0.54117647 0.42352941 0.64313725
v 0.04897345 0.03502314 0.02599104 0.54117647 0.42352941 0.64313725
v 0.05303980 0.06851706 0.02964162 0.54117647 0.42352941 0.64313725
v 0.08886628 0.03495084 0.03520547 0.54117647 0.42352941 0.64313725
v 0.07352571 0.06269374 0.03741195 0.54117647 0.42352941 0.64313725
v 0.07447256 0.06228624 0.03746326 0.54117647 0.42352941 0.64313725
v 0.07530198 0.06166842 0.03749258 0.54117647 0.42352941 0.64313725
v 0.07591854 0.06026846 0.03749991 0.54117647 0.42352941 0.64313725
v 0.07746728 0.03502314 0.03747059 0.54117647 0.42352941 0.64313725
v 0.06879141 0.06851706 0.03679618 0.54117647 0.42352941 0.64313725
v 0.08045465 0.03495084 0.03717004 0.54117647 0.42352941 0.64313725
v 0.08124737 0.03495084 0.03707474 0.54117647 0.42352941 0.64313725
v 0.08510820 0.03495084 0.03634169 0.54117647 0.42352941 0.64313725
v 0.08606240 0.03495084 0.03609246 0.54117647 0.42352941 0.64313725
v 0.08700192 0.03495084 0.03582123 0.54117647 0.42352941 0.64313725
v 0.04500985 0.03495084 0.02104295 0.54117647 0.42352941 0.64313725
v 0.04648519 0.03495084 0.02310282 0.54117647 0.42352941 0.64313725
v 0.04822477 0.03495084 0.02513337 0.54117647 0.42352941 0.64313725
v 0.04931109 0.03495084 0.02632091 0.54117647 0.42352941 0.64313725
v 0.05012583 0.03495084 0.02706129 0.54117647 0.42352941 0.64313725
v 0.05303980 0.03502314 0.02964162 0.54117647 0.42352941 0.64313725
v 0.05664374 0.03502314 0.03211200 0.54117647 0.42352941 0.64313725
v 0.06049723 0.06851706 0.03414254 0.54117647 0.42352941 0.64313725
v 0.07089799 0.06306838 0.03714805 0.54117647 0.42352941 0.64313725
v 0.07311467 0.03502314 0.03738262 0.54117647 0.42352941 0.64313725
v 0.07352571 0.05784317 0.03741195 0.54117647 0.42352941 0.64313725
v 0.07447256 0.05824739 0.03746326 0.54117647 0.42352941 0.64313725
v 0.07530198 0.05886850 0.03749258 0.54117647 0.42352941 0.64313725
v 0.07644702 0.03495084 0.03740462 0.54117647 0.42352941 0.64313725
v 0.07645436 0.03495084 0.03740462 0.54117647 0.42352941 0.64313725
v 0.07723240 0.03495084 0.03738262 0.54117647 0.42352941 0.64313725
v 0.07845818 0.03495084 0.03734597 0.54117647 0.42352941 0.64313725
v 0.06541502 0.06166842 0.03596784 0.54117647 0.42352941 0.64313725
v 0.06662612 0.06227967 0.03630504 0.54117647 0.42352941 0.64313725
v 0.06792530 0.06269374 0.03661292 0.54117647 0.42352941 0.64313725
v 0.06879141 0.03502314 0.03679618 0.54117647 0.42352941 0.64313725
v 0.05229112 0.03495084 0.02897455 0.54117647 0.42352941 0.64313725
v 0.05296640 0.03495084 0.02956099 0.54117647 0.42352941 0.64313725
v 0.05334074 0.03495084 0.02983955 0.54117647 0.42352941 0.64313725
v 0.05542530 0.03495084 0.03126899 0.54117647 0.42352941 0.64313725
v 0.05623270 0.03495084 0.03179679 0.54117647 0.42352941 0.64313725
v 0.05698871 0.03495084 0.03225128 0.54117647 0.42352941 0.64313725
v 0.05780345 0.03495084 0.03269111 0.54117647 0.42352941 0.64313725
v 0.05872829 0.03495084 0.03318958 0.54117647 0.42352941 0.64313725
v 0.06049723 0.03502314 0.03414254 0.54117647 0.42352941 0.64313725
v 0.06439476 0.06026846 0.03565263 0.54117647 0.42352941 0.64313725
v 0.06449752 0.06071540 0.03568928 0.54117647 0.42352941 0.64313725
v 0.06473974 0.06109332 0.03576258 0.54117647 0.42352941 0.64313725
v 0.07089799 0.05746854 0.03714805 0.54117647 0.42352941 0.64313725
v 0.07246875 0.03495084 0.03721402 0.54117647 0.42352941 0.64313725
v 0.06541502 0.05886850 0.03596784 0.54117647 0.42352941 0.64313725
v 0.06489388 0.05928257 0.03581390 0.54117647 0.42352941 0.64313725
v 0.06662612 0.05825725 0.03630504 0.54117647 0.42352941 0.64313725
v 0.06614902 0.03495084 0.03604847 0.54117647 0.42352941 0.64313725
v 0.06811613 0.03495084 0.03652496 0.54117647 0.42352941 0.64313725
v 0.07054567 0.03495084 0.03691347 0.54117647 0.42352941 0.64313725
v 0.06457092 0.03502314 0.03571127 0.54117647 0.42352941 0.64313725
v 0.05875765 0.03495084 0.03320424 0.54117647 0.42352941 0.64313725
v 0.06051925 0.03495084 0.03403992 0.54117647 0.42352941 0.64313725
v 0.06396904 0.03495084 0.03537407 0.54117647 0.42352941 0.64313725
v 0.06449752 0.05982481 0.03568928 0.54117647 0.42352941 0.64313725
v 0.06424062 0.03495084 0.03547670 0.54117647 0.42352941 0.64313725
v 0.11349187 0.03494756 -0.00076551 0.43529412 0.89019608 0.96078431
v 0.11346864 -0.01254724 0.00143603 0.43529412 0.89019608 0.96078431
v 0.11344541 -0.01254724 -0.00184145 0.43529412 0.89019608 0.96078431
v 0.11334472 0.03494756 -0.00334776 0.43529412 0.89019608 0.96078431
v 0.11305042 0.03494756 0.00504457 0.43529412 0.89019608 0.96078431
v 0.11305042 -0.02052499 0.00141948 0.43529412 0.89019608 0.96078431
v 0.11294199 0.03494756 0.00641847 0.43529412 0.89019608 0.96078431
v 0.11318982 -0.01254724 0.00476317 0.43529412 0.89019608 0.96078431
v 0.11302718 -0.02052499 -0.00181662 0.43529412 0.89019608 0.96078431
v 0.11314336 -0.01254724 -0.00511065 0.43529412 0.89019608 0.96078431
v 0.11312787 0.03494756 -0.00511065 0.43529412 0.89019608 0.96078431
v 0.11231466 -0.02379456 0.00139465 0.43529412 0.89019608 0.96078431
v 0.11277160 -0.02052499 0.00471351 0.43529412 0.89019608 0.96078431
v 0.11174928 -0.01254724 0.01129330 0.43529412 0.89019608 0.96078431
v 0.11262445 -0.01254724 0.00801582 0.43529412 0.89019608 0.96078431
v 0.11109871 0.03494756 0.01318862 0.43529412 0.89019608 0.96078431
v 0.11221398 -0.02052499 0.00792478 0.43529412 0.89019608 0.96078431
v 0.11200486 -0.02379456 -0.00495340 0.43529412 0.89019608 0.96078431
v 0.11272513 -0.02052499 -0.00505272 0.43529412 0.89019608 0.96078431
v 0.11302718 -0.01254724 -0.00590519 0.43529412 0.89019608 0.96078431
v 0.11302718 0.03494756 -0.00592175 0.43529412 0.89019608 0.96078431
v 0.11102127 -0.02700907 0.00134499 0.43529412 0.89019608 0.96078431
v 0.11150145 -0.02379456 0.00776753 0.43529412 0.89019608 0.96078431
v 0.11023903 -0.02700907 0.00748613 0.43529412 0.89019608 0.96078431
v 0.11135430 -0.02052499 0.01116088 0.43529412 0.89019608 0.96078431
v 0.11061079 -0.01254724 0.01441353 0.43529412 0.89019608 0.96078431
v 0.11097480 0.03494756 0.01347829 0.43529412 0.89019608 0.96078431
v 0.11071922 -0.02700907 -0.00477959 0.43529412 0.89019608 0.96078431
v 0.11061079 -0.02700907 -0.00551620 0.43529412 0.89019608 0.96078431
v 0.11188869 -0.02379456 -0.00572311 0.43529412 0.89019608 0.96078431
v 0.11260896 -0.02052499 -0.00583898 0.43529412 0.89019608 0.96078431
v 0.11197388 -0.02052499 -0.00897576 0.43529412 0.89019608 0.96078431
v 0.11237661 -0.01254724 -0.00907508 0.43529412 0.89019608 0.96078431
v 0.11288778 0.03494756 -0.00674112 0.43529412 0.89019608 0.96078431
v 0.10822537 -0.02997577 0.00704748 0.43529412 0.89019608 0.96078431
v 0.10896113 -0.02997577 0.00126223 0.43529412 0.89019608 0.96078431
v 0.10868232 -0.02997577 -0.00449819 0.43529412 0.89019608 0.96078431
v 0.10954974 -0.02379456 0.01397488 0.43529412 0.89019608 0.96078431
v 0.10834929 -0.02700907 0.01347002 0.43529412 0.89019608 0.96078431
v 0.10645180 -0.02997577 0.01268375 0.43529412 0.89019608 0.96078431
v 0.11022354 -0.02052499 0.01425628 0.43529412 0.89019608 0.96078431
v 0.10954974 0.03494756 0.01674750 0.43529412 0.89019608 0.96078431
v 0.10783813 -0.01254724 0.01980151 0.43529412 0.89019608 0.96078431
v 0.10857389 -0.02997577 -0.00519342 0.43529412 0.89019608 0.96078431
v 0.10720305 -0.02997577 -0.01070554 0.43529412 0.89019608 0.96078431
v 0.10914701 -0.02700907 -0.01136766 0.43529412 0.89019608 0.96078431
v 0.11037844 -0.02379456 -0.01178976 0.43529412 0.89019608 0.96078431
v 0.11106773 -0.02052499 -0.01202978 0.43529412 0.89019608 0.96078431
v 0.11146273 -0.01254724 -0.01216220 0.43529412 0.89019608 0.96078431
v 0.11103675 0.03494756 -0.01334574 0.43529412 0.89019608 0.96078431
v 0.11138528 0.03494756 -0.01212082 0.43529412 0.89019608 0.96078431
v 0.10366365 -0.03241246 0.01152505 0.43529412 0.89019608 0.96078431
v 0.10527458 -0.03241246 0.00640191 0.43529412 0.89019608 0.96078431
v 0.10594838 -0.03241246 0.00114636 0.43529412 0.89019608 0.96078431
v 0.10559987 -0.03241246 -0.00472166 0.43529412 0.89019608 0.96078431
v 0.10569281 -0.03241246 -0.00408437 0.43529412 0.89019608 0.96078431
v 0.10748187 -0.02052499 0.01957805 0.43529412 0.89019608 0.96078431
v 0.10686228 -0.02379456 0.01918905 0.43529412 0.89019608 0.96078431
v 0.10576251 -0.02700907 0.01851038 0.43529412 0.89019608 0.96078431
v 0.10401217 -0.02997577 0.01741789 0.43529412 0.89019608 0.96078431
v 0.10144863 -0.03241246 0.01582881 0.43529412 0.89019608 0.96078431
v 0.10782264 0.03494756 0.01983462 0.43529412 0.89019608 0.96078431
v 0.10587868 0.03494756 0.02264862 0.43529412 0.89019608 0.96078431
v 0.10476342 -0.01254724 0.02403906 0.43529412 0.89019608 0.96078431
v 0.10470146 -0.01692502 0.02398940 0.43529412 0.89019608 0.96078431
v 0.10435295 -0.03241246 -0.00972064 0.43529412 0.89019608 0.96078431
v 0.10229281 -0.03241246 -0.01438857 0.43529412 0.89019608 0.96078431
v 0.10493381 -0.02997577 -0.01583695 0.43529412 0.89019608 0.96078431
v 0.10673836 -0.02700907 -0.01682186 0.43529412 0.89019608 0.96078431
v 0.10787686 -0.02379456 -0.01745087 0.43529412 0.89019608 0.96078431
v 0.10990600 -0.02052499 -0.01498448 0.43529412 0.89019608 0.96078431
v 0.11029325 -0.01254724 -0.01515828 0.43529412 0.89019608 0.96078431
v 0.10888369 -0.01254724 -0.01799711 0.43529412 0.89019608 0.96078431
v 0.10771421 0.03494756 -0.02000002 0.43529412 0.89019608 0.96078431
v 0.09983769 -0.03404380 0.00992769 0.43529412 0.89019608 0.96078431
v 0.10123176 -0.03404380 0.00551633 0.43529412 0.89019608 0.96078431
v 0.09793246 -0.03404380 0.01363554 0.43529412 0.89019608 0.96078431
v 0.10180489 -0.03404380 0.00098910 0.43529412 0.89019608 0.96078431
v 0.10158803 -0.03404380 -0.00352157 0.43529412 0.89019608 0.96078431
v 0.10150284 -0.03404380 -0.00406782 0.43529412 0.89019608 0.96078431
v 0.10444588 -0.02052499 0.02377422 0.43529412 0.89019608 0.96078431
v 0.10388825 -0.02379456 0.02330246 0.43529412 0.89019608 0.96078431
v 0.10288917 -0.02700907 0.02247481 0.43529412 0.89019608 0.96078431
v 0.10130921 -0.02997577 0.02115058 0.43529412 0.89019608 0.96078431
v 0.09899350 -0.03241246 0.01922216 0.43529412 0.89019608 0.96078431
v 0.10467823 0.03494756 0.02396458 0.43529412 0.89019608 0.96078431
v 0.10121628 0.03494756 0.02774692 0.43529412 0.89019608 0.96078431
v 0.10048051 -0.01254724 0.02839249 0.43529412 0.89019608 0.96078431
v 0.10041856 -0.01692502 0.02832627 0.43529412 0.89019608 0.96078431
v 0.10020170 -0.02052499 0.02807798 0.43529412 0.89019608 0.96078431
v 0.10042630 -0.03404380 -0.00837986 0.43529412 0.89019608 0.96078431
v 0.09865273 -0.03404380 -0.01240222 0.43529412 0.89019608 0.96078431
v 0.09628281 -0.03404380 -0.01598593 0.43529412 0.89019608 0.96078431
v 0.09953564 -0.03241246 -0.01855164 0.43529412 0.89019608 0.96078431
v 0.10190557 -0.02997577 -0.02042212 0.43529412 0.89019608 0.96078431
v 0.10351650 -0.02700907 -0.02169669 0.43529412 0.89019608 0.96078431
v 0.10453882 -0.02379456 -0.02249951 0.43529412 0.89019608 0.96078431
v 0.10511194 -0.02052499 -0.02295471 0.43529412 0.89019608 0.96078431
v 0.10851968 -0.02052499 -0.01779847 0.43529412 0.89019608 0.96078431
v 0.10880624 -0.01692502 -0.01795573 0.43529412 0.89019608 0.96078431
v 0.10544497 -0.01254724 -0.02321128 0.43529412 0.89019608 0.96078431
v 0.10769872 0.03494756 -0.02002485 0.43529412 0.89019608 0.96078431
v 0.09516755 -0.03490421 0.00798272 0.43529412 0.89019608 0.96078431
v 0.09628281 -0.03490421 0.00444039 0.43529412 0.89019608 0.96078431
v 0.09674749 -0.03490421 0.00079874 0.43529412 0.89019608 0.96078431
v 0.09581811 -0.03404380 0.01655714 0.43529412 0.89019608 0.96078431
v 0.09193020 -0.03490421 0.01331276 0.43529412 0.89019608 0.96078431
v 0.09362632 -0.03490421 0.01096225 0.43529412 0.89019608 0.96078431
v 0.09656937 -0.03490421 -0.00282635 0.43529412 0.89019608 0.96078431
v 0.09649966 -0.03490421 -0.00326500 0.43529412 0.89019608 0.96078431
v 0.09563998 -0.03490421 -0.00673284 0.43529412 0.89019608 0.96078431
v 0.09972927 -0.02379456 0.02752346 0.43529412 0.89019608 0.96078431
v 0.09888508 -0.02700907 0.02654683 0.43529412 0.89019608 0.96078431
v 0.09753747 -0.02997577 0.02498258 0.43529412 0.89019608 0.96078431
v 0.09285958 -0.03404380 0.01956149 0.43529412 0.89019608 0.96078431
v 0.09557028 -0.03241246 0.02269828 0.43529412 0.89019608 0.96078431
v 0.10099168 0.03494756 0.02795383 0.43529412 0.89019608 0.96078431
v 0.10094521 0.03494756 0.02799521 0.43529412 0.89019608 0.96078431
v 0.10076708 0.03494756 0.02815247 0.43529412 0.89019608 0.96078431
v 0.10050375 0.03494756 0.02838421 0.43529412 0.89019608 0.96078431
v 0.09996935 0.03494756 0.02883114 0.43529412 0.89019608 0.96078431
v 0.09959760 0.03494756 0.02913737 0.43529412 0.89019608 0.96078431
v 0.09949692 0.03494756 0.02922013 0.43529412 0.89019608 0.96078431
v 0.09921036 0.03494756 0.02945187 0.43529412 0.89019608 0.96078431
v 0.09901674 0.03494756 0.02960085 0.43529412 0.89019608 0.96078431
v 0.09822677 0.03494756 0.03019676 0.43529412 0.89019608 0.96078431
v 0.09546185 -0.01254724 0.03204241 0.43529412 0.89019608 0.96078431
v 0.09541538 -0.01692502 0.03196792 0.43529412 0.89019608 0.96078431
v 0.09524499 -0.02052499 0.03168652 0.43529412 0.89019608 0.96078431
v 0.09486550 -0.02379456 0.03106578 0.43529412 0.89019608 0.96078431
v 0.09421493 -0.03490421 -0.00996894 0.43529412 0.89019608 0.96078431
v 0.08998624 -0.03490421 -0.01534037 0.43529412 0.89019608 0.96078431
v 0.09339397 -0.03404380 -0.01908960 0.43529412 0.89019608 0.96078431
v 0.09618987 -0.03241246 -0.02215190 0.43529412 0.89019608 0.96078431
v 0.09230195 -0.03490421 -0.01284915 0.43529412 0.89019608 0.96078431
v 0.09821902 -0.02997577 -0.02437827 0.43529412 0.89019608 0.96078431
v 0.09960535 -0.02700907 -0.02590114 0.43529412 0.89019608 0.96078431
v 0.10048051 -0.02379456 -0.02686121 0.43529412 0.89019608 0.96078431
v 0.10537527 -0.01692502 -0.02315335 0.43529412 0.89019608 0.96078431
v 0.10097619 -0.02052499 -0.02739918 0.43529412 0.89019608 0.96078431
v 0.10119304 -0.01692502 -0.02763920 0.43529412 0.89019608 0.96078431
v 0.10125500 -0.01254724 -0.02770541 0.43529412 0.89019608 0.96078431
v 0.10323769 0.03494756 -0.02576871 0.43529412 0.89019608 0.96078431
v 0.08507600 -0.03534475 0.00378655 0.43529412 0.89019608 0.96078431
v 0.08560265 -0.03534475 0.00210643 0.43529412 0.89019608 0.96078431
v 0.08582725 -0.03534475 0.00037665 0.43529412 0.89019608 0.96078431
v 0.08955253 -0.03490421 0.01572121 0.43529412 0.89019608 0.96078431
v 0.08241951 -0.03534475 0.00744475 0.43529412 0.89019608 0.96078431
v 0.08354252 -0.03534475 0.00630260 0.43529412 0.89019608 0.96078431
v 0.08434798 -0.03534475 0.00519355 0.43529412 0.89019608 0.96078431
v 0.08574206 -0.03534475 -0.00133658 0.43529412 0.89019608 0.96078431
v 0.08571108 -0.03534475 -0.00154350 0.43529412 0.89019608 0.96078431
v 0.08476621 -0.03528280 -0.01126007 0.43529412 0.89019608 0.96078431
v 0.08530060 -0.03534475 -0.00319051 0.43529412 0.89019608 0.96078431
v 0.09419170 -0.02700907 0.02995674 0.43529412 0.89019608 0.96078431
v 0.09312290 -0.02997577 0.02819385 0.43529412 0.89019608 0.96078431
v 0.09155844 -0.03241246 0.02561987 0.43529412 0.89019608 0.96078431
v 0.08940537 -0.03404380 0.02206926 0.43529412 0.89019608 0.96078431
v 0.08677212 -0.03490421 0.01774067 0.43529412 0.89019608 0.96078431
v 0.09762267 0.03494756 0.03063541 0.43529412 0.89019608 0.96078431
v 0.09742130 0.03494756 0.03077611 0.43529412 0.89019608 0.96078431
v 0.09618987 0.03494756 0.03159548 0.43529412 0.89019608 0.96078431
v 0.09546185 0.03494756 0.03204241 0.43529412 0.89019608 0.96078431
v 0.09535342 0.03494756 0.03210862 0.43529412 0.89019608 0.96078431
v 0.09492746 0.03494756 0.03236519 0.43529412 0.89019608 0.96078431
v 0.09406777 0.03494756 0.03285350 0.43529412 0.89019608 0.96078431
v 0.09272017 -0.01254724 0.03354873 0.43529412 0.89019608 0.96078431
v 0.09253430 -0.02052499 0.03317628 0.43529412 0.89019608 0.96078431
v 0.08939763 -0.02379456 0.03377219 0.43529412 0.89019608 0.96078431
v 0.08891745 -0.02700907 0.03257210 0.43529412 0.89019608 0.96078431
v 0.08880902 -0.03489733 -0.01645769 0.43529412 0.89019608 0.96078431
v 0.08809649 -0.03404380 -0.02281402 0.43529412 0.89019608 0.96078431
v 0.09219352 -0.03389925 -0.02080283 0.43529412 0.89019608 0.96078431
v 0.09004045 -0.03241246 -0.02648049 0.43529412 0.89019608 0.96078431
v 0.09477256 -0.03204764 -0.02412170 0.43529412 0.89019608 0.96078431
v 0.09660034 -0.02933562 -0.02646394 0.43529412 0.89019608 0.96078431
v 0.09747551 -0.02696089 -0.02758954 0.43529412 0.89019608 0.96078431
v 0.09781629 -0.02603163 -0.02802819 0.43529412 0.89019608 0.96078431
v 0.09866048 -0.02155061 -0.02912068 0.43529412 0.89019608 0.96078431
v 0.09901674 -0.01465353 -0.02956761 0.43529412 0.89019608 0.96078431
v 0.10200625 0.03494756 -0.02701019 0.43529412 0.89019608 0.96078431
v 0.10223860 0.03494756 -0.02677844 0.43529412 0.89019608 0.96078431
v 0.09901674 -0.01254724 -0.02957589 0.43529412 0.89019608 0.96078431
v 0.09903223 -0.00438364 -0.02959244 0.43529412 0.89019608 0.96078431
v 0.09989191 0.03494756 -0.02889722 0.43529412 0.89019608 0.96078431
v 0.10074384 0.03494756 -0.02816889 0.43529412 0.89019608 0.96078431
v 0.07599903 -0.03537228 0.00000420 0.43529412 0.89019608 0.96078431
v 0.08110289 -0.03534475 0.00840482 0.43529412 0.89019608 0.96078431
v 0.08041359 -0.03535852 -0.00567345 0.43529412 0.89019608 0.96078431
v 0.08462680 -0.03534475 -0.00472166 0.43529412 0.89019608 0.96078431
v 0.08372065 -0.03534475 -0.00608728 0.43529412 0.89019608 0.96078431
v 0.08262088 -0.03534475 -0.00726253 0.43529412 0.89019608 0.96078431
v 0.08060722 -0.03534475 -0.00868609 0.43529412 0.89019608 0.96078431
v 0.07914344 -0.03534475 -0.00931510 0.43529412 0.89019608 0.96078431
v 0.07743957 -0.03534475 -0.00972064 0.43529412 0.89019608 0.96078431
v 0.07570472 -0.03534475 -0.00982824 0.43529412 0.89019608 0.96078431
v 0.07538718 -0.03490421 -0.02075318 0.43529412 0.89019608 0.96078431
v 0.07904276 -0.03490421 -0.02053799 0.43529412 0.89019608 0.96078431
v 0.08263637 -0.03490421 -0.01966896 0.43529412 0.89019608 0.96078431
v 0.08572657 -0.03490421 -0.01834472 0.43529412 0.89019608 0.96078431
v 0.08815845 -0.02997577 0.03066024 0.43529412 0.89019608 0.96078431
v 0.08551746 -0.03404380 0.02400596 0.43529412 0.89019608 0.96078431
v 0.08704319 -0.03241246 0.02786279 0.43529412 0.89019608 0.96078431
v 0.08365095 -0.03490421 0.01929665 0.43529412 0.89019608 0.96078431
v 0.09363406 0.03494756 0.03308524 0.43529412 0.89019608 0.96078431
v 0.09319261 0.03494756 0.03331698 0.43529412 0.89019608 0.96078431
v 0.09251106 0.03494756 0.03365632 0.43529412 0.89019608 0.96078431
v 0.09161266 0.03494756 0.03408669 0.43529412 0.89019608 0.96078431
v 0.08981585 -0.01254724 0.03483985 0.43529412 0.89019608 0.96078431
v 0.08966095 -0.02052499 0.03445086 0.43529412 0.89019608 0.96078431
v 0.08667144 -0.02052499 0.03548542 0.43529412 0.89019608 0.96078431
v 0.08342635 -0.02379456 0.03555163 0.43529412 0.89019608 0.96078431
v 0.08273705 -0.02997577 0.03228243 0.43529412 0.89019608 0.96078431
v 0.08315527 -0.02700907 0.03428533 0.43529412 0.89019608 0.96078431
v 0.08425504 -0.03404380 -0.02446931 0.43529412 0.89019608 0.96078431
v 0.08558716 -0.03241246 -0.02840063 0.43529412 0.89019608 0.96078431
v 0.09145776 -0.02997577 -0.02914551 0.43529412 0.89019608 0.96078431
v 0.09241812 -0.02700907 -0.03095806 0.43529412 0.89019608 0.96078431
v 0.09302997 -0.02379456 -0.03210849 0.43529412 0.89019608 0.96078431
v 0.09618987 -0.02052499 -0.03109048 0.43529412 0.89019608 0.96078431
v 0.09641447 -0.01254724 -0.03144637 0.43529412 0.89019608 0.96078431
v 0.09903223 0.03494756 -0.02958416 0.43529412 0.89019608 0.96078431
v 0.07233571 -0.03536540 0.00472179 0.43529412 0.89019608 0.96078431
v 0.06637217 -0.03534475 -0.00197387 0.43529412 0.89019608 0.96078431
v 0.06687559 -0.03534475 -0.00365399 0.43529412 0.89019608 0.96078431
v 0.06758037 -0.03534475 -0.00507755 0.43529412 0.89019608 0.96078431
v 0.06858720 -0.03534475 -0.00645972 0.43529412 0.89019608 0.96078431
v 0.06974118 -0.03534475 -0.00757704 0.43529412 0.89019608 0.96078431
v 0.07108879 -0.03534475 -0.00851228 0.43529412 0.89019608 0.96078431
v 0.07259129 -0.03534475 -0.00922406 0.43529412 0.89019608 0.96078431
v 0.07421771 -0.03534475 -0.00967098 0.43529412 0.89019608 0.96078431
v 0.07962362 -0.03534475 0.00914142 0.43529412 0.89019608 0.96078431
v 0.07225052 -0.03490421 -0.02042212 0.43529412 0.89019608 0.96078431
v 0.07524003 -0.03404380 -0.02581837 0.43529412 0.89019608 0.96078431
v 0.07978626 -0.03404380 -0.02554525 0.43529412 0.89019608 0.96078431
v 0.08212521 -0.03241246 0.02933600 0.43529412 0.89019608 0.96078431
v 0.08127327 -0.03404380 0.02528053 0.43529412 0.89019608 0.96078431
v 0.08024321 -0.03490421 0.02032293 0.43529412 0.89019608 0.96078431
v 0.09069876 0.03494756 0.03448397 0.43529412 0.89019608 0.96078431
v 0.08978487 0.03494756 0.03485640 0.43529412 0.89019608 0.96078431
v 0.08886323 0.03494756 0.03520402 0.43529412 0.89019608 0.96078431
v 0.08678761 -0.01254724 0.03588269 0.43529412 0.89019608 0.96078431
v 0.08365869 -0.01254724 0.03666067 0.43529412 0.89019608 0.96078431
v 0.08357350 -0.02052499 0.03625513 0.43529412 0.89019608 0.96078431
v 0.08041359 -0.02052499 0.03675999 0.43529412 0.89019608 0.96078431
v 0.03437043 -0.01208606 0.04578134 0.43529412 0.89019608 0.96078431
v 0.03437043 -0.01284323 0.04560753 0.43529412 0.89019608 0.96078431
v 0.03437043 -0.01705581 0.04441572 0.43529412 0.89019608 0.96078431
v 0.03437043 -0.01793687 0.04414260 0.43529412 0.89019608 0.96078431
v 0.03437043 -0.01889365 0.04376189 0.43529412 0.89019608 0.96078431
v 0.07698262 -0.03241246 0.02994846 0.43529412 0.89019608 0.96078431
v 0.07708331 -0.02997577 0.03294454 0.43529412 0.89019608 0.96078431
v 0.03437043 -0.02225270 0.04225557 0.43529412 0.89019608 0.96078431
v 0.07714527 -0.02700907 0.03498055 0.43529412 0.89019608 0.96078431
v 0.08039036 -0.03241246 -0.02965038 0.43529412 0.89019608 0.96078431
v 0.08654752 -0.02997577 -0.03125601 0.43529412 0.89019608 0.96078431
v 0.08720584 -0.02700907 -0.03320098 0.43529412 0.89019608 0.96078431
v 0.08762405 -0.02379456 -0.03443417 0.43529412 0.89019608 0.96078431
v 0.08785640 -0.02052499 -0.03512940 0.43529412 0.89019608 0.96078431
v 0.09337074 -0.02052499 -0.03275405 0.43529412 0.89019608 0.96078431
v 0.09536117 0.03494756 -0.03210849 0.43529412 0.89019608 0.96078431
v 0.09356436 -0.01254724 -0.03311821 0.43529412 0.89019608 0.96078431
v 0.07800495 -0.03534475 0.00962146 0.43529412 0.89019608 0.96078431
v 0.07631657 -0.03534475 0.00982837 0.43529412 0.89019608 0.96078431
v 0.07456623 -0.03534475 0.00972905 0.43529412 0.89019608 0.96078431
v 0.07285461 -0.03534475 0.00931523 0.43529412 0.89019608 0.96078431
v 0.07123594 -0.03534475 0.00859518 0.43529412 0.89019608 0.96078431
v 0.06926875 -0.03534475 0.00716335 0.43529412 0.89019608 0.96078431
v 0.06819221 -0.03534475 0.00597154 0.43529412 0.89019608 0.96078431
v 0.06730930 -0.03534475 0.00459764 0.43529412 0.89019608 0.96078431
v 0.06665099 -0.03534475 0.00304994 0.43529412 0.89019608 0.96078431
v 0.06627149 -0.03534475 0.00140293 0.43529412 0.89019608 0.96078431
v 0.06617080 -0.03534475 -0.00024409 0.43529412 0.89019608 0.96078431
v 0.05566104 -0.03490421 -0.00416714 0.43529412 0.89019608 0.96078431
v 0.05672983 -0.03490421 -0.00772602 0.43529412 0.89019608 0.96078431
v 0.05822458 -0.03490421 -0.01073037 0.43529412 0.89019608 0.96078431
v 0.06034667 -0.03490421 -0.01364369 0.43529412 0.89019608 0.96078431
v 0.06277856 -0.03490421 -0.01601076 0.43529412 0.89019608 0.96078431
v 0.06562092 -0.03490421 -0.01798056 0.43529412 0.89019608 0.96078431
v 0.06880406 -0.03490421 -0.01947032 0.43529412 0.89019608 0.96078431
v 0.07133662 -0.03404380 -0.02540455 0.43529412 0.89019608 0.96078431
v 0.07058537 -0.03241246 -0.02947657 0.43529412 0.89019608 0.96078431
v 0.07511611 -0.03241246 -0.02995661 0.43529412 0.89019608 0.96078431
v 0.07684322 -0.03404380 0.02581023 0.43529412 0.89019608 0.96078431
v 0.07668057 -0.03490421 0.02075331 0.43529412 0.89019608 0.96078431
v 0.08700447 0.03494756 0.03582475 0.43529412 0.89019608 0.96078431
v 0.08605959 0.03494756 0.03609787 0.43529412 0.89019608 0.96078431
v 0.08510698 0.03494756 0.03634617 0.43529412 0.89019608 0.96078431
v 0.03437043 -0.00000586 0.04707247 0.43529412 0.89019608 0.96078431
v 0.03437043 -0.00263529 0.04696488 0.43529412 0.89019608 0.96078431
v 0.03437043 -0.00283490 0.04695660 0.43529412 0.89019608 0.96078431
v 0.03437043 -0.00560199 0.04675797 0.43529412 0.89019608 0.96078431
v 0.03437043 -0.00594615 0.04672486 0.43529412 0.89019608 0.96078431
v 0.03437043 -0.00854116 0.04641036 0.43529412 0.89019608 0.96078431
v 0.03437043 -0.00904364 0.04634414 0.43529412 0.89019608 0.96078431
v 0.03437043 -0.02979680 0.03642893 0.43529412 0.89019608 0.96078431
v 0.03437043 -0.03027863 0.03577509 0.43529412 0.89019608 0.96078431
v 0.03437043 -0.03132490 0.03419429 0.43529412 0.89019608 0.96078431
v 0.03437043 -0.03155893 0.03371425 0.43529412 0.89019608 0.96078431
v 0.03437043 -0.03240558 0.03174446 0.43529412 0.89019608 0.96078431
v 0.03437043 -0.02329897 0.04172587 0.43529412 0.89019608 0.96078431
v 0.03437043 -0.02568747 0.04004575 0.43529412 0.89019608 0.96078431
v 0.03437043 -0.02790390 0.03843184 0.43529412 0.89019608 0.96078431
v 0.03437043 -0.02866106 0.03766213 0.43529412 0.89019608 0.96078431
v 0.07503092 -0.02997577 -0.03296924 0.43529412 0.89019608 0.96078431
v 0.08083182 -0.02997577 -0.03262990 0.43529412 0.89019608 0.96078431
v 0.08113387 -0.02700907 -0.03466591 0.43529412 0.89019608 0.96078431
v 0.08132749 -0.02379456 -0.03594877 0.43529412 0.89019608 0.96078431
v 0.08470424 -0.02052499 -0.03603981 0.43529412 0.89019608 0.96078431
v 0.08798807 -0.01254724 -0.03552667 0.43529412 0.89019608 0.96078431
v 0.09351789 0.03494756 -0.03303545 0.43529412 0.89019608 0.96078431
v 0.09014888 0.03494756 -0.03472385 0.43529412 0.89019608 0.96078431
v 0.06620953 -0.03522773 0.01257616 0.43529412 0.89019608 0.96078431
v 0.05625739 -0.03490421 0.00643502 0.43529412 0.89019608 0.96078431
v 0.05545192 -0.03490421 0.00295063 0.43529412 0.89019608 0.96078431
v 0.05524281 -0.03490421 -0.00051721 0.43529412 0.89019608 0.96078431
v 0.03437043 -0.03304572 0.02638130 0.43529412 0.89019608 0.96078431
v 0.05202870 -0.03404380 -0.00960478 0.43529412 0.89019608 0.96078431
v 0.05388746 -0.03404380 -0.01334574 0.43529412 0.89019608 0.96078431
v 0.05652846 -0.03404380 -0.01697083 0.43529412 0.89019608 0.96078431
v 0.05955670 -0.03404380 -0.01990897 0.43529412 0.89019608 0.96078431
v 0.06308835 -0.03404380 -0.02236709 0.43529412 0.89019608 0.96078431
v 0.06705372 -0.03404380 -0.02422101 0.43529412 0.89019608 0.96078431
v 0.06561318 -0.03241246 -0.02811095 0.43529412 0.89019608 0.96078431
v 0.07004323 -0.02997577 -0.03244782 0.43529412 0.89019608 0.96078431
v 0.03437043 -0.03298377 0.02912909 0.43529412 0.89019608 0.96078431
v 0.07225052 -0.03404380 0.02555366 0.43529412 0.89019608 0.96078431
v 0.03437043 -0.03246752 0.03152099 0.43529412 0.89019608 0.96078431
v 0.07298628 -0.03490421 0.02053812 0.43529412 0.89019608 0.96078431
v 0.08124229 0.03494756 0.03707450 0.43529412 0.89019608 0.96078431
v 0.03437043 0.00044155 0.04706420 0.43529412 0.89019608 0.96078431
v 0.07496896 -0.02700907 -0.03503008 0.43529412 0.89019608 0.96078431
v 0.07493024 -0.02379456 -0.03632949 0.43529412 0.89019608 0.96078431
v 0.07819082 -0.02052499 -0.03700815 0.43529412 0.89019608 0.96078431
v 0.08143592 -0.02052499 -0.03667710 0.43529412 0.89019608 0.96078431
v 0.08149787 -0.01254724 -0.03709092 0.43529412 0.89019608 0.96078431
v 0.08480493 -0.01254724 -0.03644535 0.43529412 0.89019608 0.96078431
v 0.08688055 0.03494756 -0.03588255 0.43529412 0.89019608 0.96078431
v 0.08798807 0.03494756 -0.03551839 0.43529412 0.89019608 0.96078431
v 0.08853795 0.03494756 -0.03533631 0.43529412 0.89019608 0.96078431
v 0.06935394 -0.03490421 0.01966909 0.43529412 0.89019608 0.96078431
v 0.06593846 -0.03490421 0.01816277 0.43529412 0.89019608 0.96078431
v 0.06179496 -0.03490421 0.01513358 0.43529412 0.89019608 0.96078431
v 0.05950249 -0.03490421 0.01260926 0.43529412 0.89019608 0.96078431
v 0.05763598 -0.03490421 0.00968767 0.43529412 0.89019608 0.96078431
v 0.03437043 -0.03289429 0.02564470 0.43529412 0.89019608 0.96078431
v 0.04817951 -0.03241246 -0.01115247 0.43529412 0.89019608 0.96078431
v 0.05034032 -0.03241246 -0.01548934 0.43529412 0.89019608 0.96078431
v 0.05340728 -0.03241246 -0.01969379 0.43529412 0.89019608 0.96078431
v 0.05691570 -0.03241246 -0.02311197 0.43529412 0.89019608 0.96078431
v 0.06101273 -0.03241246 -0.02595079 0.43529412 0.89019608 0.96078431
v 0.05950249 -0.02997577 -0.02856616 0.43529412 0.89019608 0.96078431
v 0.06456762 -0.02997577 -0.03094151 0.43529412 0.89019608 0.96078431
v 0.06385509 -0.02700907 -0.03286992 0.43529412 0.89019608 0.96078431
v 0.06967148 -0.02700907 -0.03446728 0.43529412 0.89019608 0.96078431
v 0.08046006 0.03494756 0.03717382 0.43529412 0.89019608 0.96078431
v 0.03437043 0.00879788 0.04637725 0.43529412 0.89019608 0.96078431
v 0.03437043 0.00597573 0.04672486 0.43529412 0.89019608 0.96078431
v 0.03437043 0.00563156 0.04675797 0.43529412 0.89019608 0.96078431
v 0.03437043 0.00322241 0.04693177 0.43529412 0.89019608 0.96078431
v 0.03437043 0.00282317 0.04695660 0.43529412 0.89019608 0.96078431
v 0.03437043 0.00266486 0.04696488 0.43529412 0.89019608 0.96078431
v 0.06943913 -0.02379456 -0.03575013 0.43529412 0.89019608 0.96078431
v 0.07491475 -0.02052499 -0.03705781 0.43529412 0.89019608 0.96078431
v 0.07822180 -0.01254724 -0.03743025 0.43529412 0.89019608 0.96078431
v 0.07987146 0.03494756 -0.03729783 0.43529412 0.89019608 0.96078431
v 0.08147464 0.03494756 -0.03697505 0.43529412 0.89019608 0.96078431
v 0.03437043 -0.03258454 0.02417976 0.43529412 0.89019608 0.96078431
v 0.04538361 -0.02997577 -0.01226980 0.43529412 0.89019608 0.96078431
v 0.04776128 -0.02997577 -0.01704532 0.43529412 0.89019608 0.96078431
v 0.03437043 -0.03211648 0.02243343 0.43529412 0.89019608 0.96078431
v 0.05113030 -0.02997577 -0.02167186 0.43529412 0.89019608 0.96078431
v 0.05499498 -0.02997577 -0.02543766 0.43529412 0.89019608 0.96078431
v 0.05848016 -0.02700907 -0.03034560 0.43529412 0.89019608 0.96078431
v 0.05368610 -0.02700907 -0.02701846 0.43529412 0.89019608 0.96078431
v 0.06340589 -0.02379456 -0.03409484 0.43529412 0.89019608 0.96078431
v 0.07845415 0.03494756 0.03733935 0.43529412 0.89019608 0.96078431
v 0.03437043 0.01208122 0.04578134 0.43529412 0.89019608 0.96078431
v 0.03437043 0.00914893 0.04632759 0.43529412 0.89019608 0.96078431
v 0.06617855 -0.02052499 -0.03575013 0.43529412 0.89019608 0.96078431
v 0.06929973 -0.02052499 -0.03646191 0.43529412 0.89019608 0.96078431
v 0.07489926 -0.01254724 -0.03747991 0.43529412 0.89019608 0.96078431
v 0.07888786 0.03494756 -0.03730611 0.43529412 0.89019608 0.96078431
v 0.03437043 -0.02843391 0.01073051 0.43529412 0.89019608 0.96078431
v 0.03437043 -0.02530201 0.00247059 0.43529412 0.89019608 0.96078431
v 0.03437043 -0.02469627 0.00088979 0.43529412 0.89019608 0.96078431
v 0.03437043 -0.02384963 -0.00086483 0.43529412 0.89019608 0.96078431
v 0.03437043 -0.02901211 0.01236097 0.43529412 0.89019608 0.96078431
v 0.04599545 -0.02700907 -0.01810470 0.43529412 0.89019608 0.96078431
v 0.04958132 -0.02700907 -0.02302920 0.43529412 0.89019608 0.96078431
v 0.05782959 -0.02379456 -0.03147120 0.43529412 0.89019608 0.96078431
v 0.05285740 -0.02379456 -0.02801991 0.43529412 0.89019608 0.96078431
v 0.06023050 -0.02052499 -0.03354859 0.43529412 0.89019608 0.96078431
v 0.06315031 -0.02052499 -0.03477351 0.43529412 0.89019608 0.96078431
v 0.07723046 0.03494756 0.03738073 0.43529412 0.89019608 0.96078431
v 0.03437043 0.01793203 0.04414260 0.43529412 0.89019608 0.96078431
v 0.03437043 0.01705096 0.04441572 0.43529412 0.89019608 0.96078431
v 0.03437043 0.01283838 0.04560753 0.43529412 0.89019608 0.96078431
v 0.06300316 -0.01254724 -0.03517078 0.43529412 0.89019608 0.96078431
v 0.06607012 -0.01254724 -0.03615568 0.43529412 0.89019608 0.96078431
v 0.06923002 -0.01254724 -0.03687573 0.43529412 0.89019608 0.96078431
v 0.07263776 0.03494756 -0.03734749 0.43529412 0.89019608 0.96078431
v 0.07264551 0.03494756 -0.03734749 0.43529412 0.89019608 0.96078431
v 0.03437043 -0.02298922 -0.00213113 0.43529412 0.89019608 0.96078431
v 0.04488794 -0.02379456 -0.01878338 0.43529412 0.89019608 0.96078431
v 0.03437043 -0.02273454 -0.00237114 0.43529412 0.89019608 0.96078431
v 0.03437043 -0.02215634 -0.00290084 0.43529412 0.89019608 0.96078431
v 0.04860547 -0.02379456 -0.02388168 0.43529412 0.89019608 0.96078431
v 0.05746559 -0.02052499 -0.03210849 0.43529412 0.89019608 0.96078431
v 0.04804784 -0.02052499 -0.02436171 0.43529412 0.89019608 0.96078431
v 0.05239271 -0.02052499 -0.02858271 0.43529412 0.89019608 0.96078431
v 0.06005237 -0.01254724 -0.03392931 0.43529412 0.89019608 0.96078431
v 0.05729520 -0.01692502 -0.03238989 0.43529412 0.89019608 0.96078431
v 0.07645597 0.03494756 0.03740556 0.43529412 0.89019608 0.96078431
v 0.03437043 0.02329412 0.04172587 0.43529412 0.89019608 0.96078431
v 0.07644823 0.03494756 0.03740556 0.43529412 0.89019608 0.96078431
v 0.06365373 0.03494756 -0.03540252 0.43529412 0.89019608 0.96078431
v 0.06758037 0.03494756 -0.03653640 0.43529412 0.89019608 0.96078431
v 0.06923002 0.03494756 -0.03685918 0.43529412 0.89019608 0.96078431
v 0.07009745 0.03494756 -0.03702471 0.43529412 0.89019608 0.96078431
v 0.07019039 0.03494756 -0.03704126 0.43529412 0.89019608 0.96078431
v 0.04426061 -0.02052499 -0.01915582 0.43529412 0.89019608 0.96078431
v 0.04605741 -0.02052499 -0.02186222 0.43529412 0.89019608 0.96078431
v 0.03437043 -0.02186724 -0.00310775 0.43529412 0.89019608 0.96078431
v 0.03437043 -0.02113761 -0.00353812 0.43529412 0.89019608 0.96078431
v 0.03437043 -0.02088981 -0.00367055 0.43529412 0.89019608 0.96078431
v 0.05218359 -0.01692502 -0.02883928 0.43529412 0.89019608 0.96078431
v 0.04780001 -0.01692502 -0.02457690 0.43529412 0.89019608 0.96078431
v 0.05725648 -0.01254724 -0.03246438 0.43529412 0.89019608 0.96078431
v 0.05688472 0.03494756 -0.03225746 0.43529412 0.89019608 0.96078431
v 0.06186466 0.03494756 -0.03457487 0.43529412 0.89019608 0.96078431
v 0.05212938 -0.01254724 -0.02890549 0.43529412 0.89019608 0.96078431
v 0.03437043 0.02445740 0.04098099 0.43529412 0.89019608 0.96078431
v 0.07246737 0.03494756 0.03721520 0.43529412 0.89019608 0.96078431
v 0.04390434 -0.01254724 -0.01937100 0.43529412 0.89019608 0.96078431
v 0.03437043 -0.01994680 -0.00400161 0.43529412 0.89019608 0.96078431
v 0.03437043 -0.01969211 -0.00406782 0.43529412 0.89019608 0.96078431
v 0.03437043 -0.01783362 -0.00437405 0.43529412 0.89019608 0.96078431
v 0.04572439 -0.01254724 -0.02211052 0.43529412 0.89019608 0.96078431
v 0.04773805 -0.01254724 -0.02463484 0.43529412 0.89019608 0.96078431
v 0.05218359 0.03494756 -0.02883101 0.43529412 0.89019608 0.96078431
v 0.05112255 0.03494756 -0.02805302 0.43529412 0.89019608 0.96078431
v 0.03437043 0.02789905 0.03843184 0.43529412 0.89019608 0.96078431
v 0.06812251 0.03494756 0.03652825 0.43529412 0.89019608 0.96078431
v 0.03437043 -0.01722101 -0.00439060 0.43529412 0.89019608 0.96078431
v 0.03437043 0.01837944 -0.00435749 0.43529412 0.89019608 0.96078431
v 0.04285105 0.03494756 -0.01751707 0.43529412 0.89019608 0.96078431
v 0.04401277 0.03494756 -0.01929651 0.43529412 0.89019608 0.96078431
v 0.04673122 0.03494756 -0.02343475 0.43529412 0.89019608 0.96078431
v 0.04780775 0.03494756 -0.02456863 0.43529412 0.89019608 0.96078431
v 0.03437043 0.02978508 0.03642893 0.43529412 0.89019608 0.96078431
v 0.06614757 0.03494756 0.03604822 0.43529412 0.89019608 0.96078431
v 0.03437043 0.03131317 0.03419429 0.43529412 0.89019608 0.96078431
v 0.03437043 0.01882686 -0.00432439 0.43529412 0.89019608 0.96078431
v 0.04282006 0.03494756 -0.01745914 0.43529412 0.89019608 0.96078431
v 0.03437043 0.02091250 -0.00413403 0.43529412 0.89019608 0.96078431
v 0.06424234 0.03494756 0.03547714 0.43529412 0.89019608 0.96078431
v 0.03437043 0.03149214 0.03385496 0.43529412 0.89019608 0.96078431
v 0.03437043 0.03142330 0.03399565 0.43529412 0.89019608 0.96078431
v 0.04247929 0.03494756 -0.01680530 0.43529412 0.89019608 0.96078431
v 0.03437043 0.02336295 -0.00348019 0.43529412 0.89019608 0.96078431
v 0.06394029 0.03494756 0.03536127 0.43529412 0.89019608 0.96078431
v 0.03437043 0.03244203 0.03160375 0.43529412 0.89019608 0.96078431
v 0.03437043 0.03239385 0.03174446 0.43529412 0.89019608 0.96078431
v 0.03437043 0.03235943 0.03183549 0.43529412 0.89019608 0.96078431
v 0.03998545 0.03494756 -0.01044070 0.43529412 0.89019608 0.96078431
v 0.03437043 0.02533846 -0.00220561 0.43529412 0.89019608 0.96078431
v 0.06051706 0.03494756 0.03404531 0.43529412 0.89019608 0.96078431
v 0.05875123 0.03494756 0.03320111 0.43529412 0.89019608 0.96078431
v 0.03437043 0.03297893 0.02912909 0.43529412 0.89019608 0.96078431
v 0.03942007 0.03494756 -0.00746117 0.43529412 0.89019608 0.96078431
v 0.03437043 0.02553119 -0.00205664 0.43529412 0.89019608 0.96078431
v 0.03437043 0.02650863 -0.00107174 0.43529412 0.89019608 0.96078431
v 0.03437043 0.02706617 -0.00042617 0.43529412 0.89019608 0.96078431
v 0.03437043 0.02759619 0.00046769 0.43529412 0.89019608 0.96078431
v 0.03437043 0.02805737 0.00131189 0.43529412 0.89019608 0.96078431
v 0.05699315 0.03494756 0.03224932 0.43529412 0.89019608 0.96078431
v 0.05623416 0.03494756 0.03179411 0.43529412 0.89019608 0.96078431
v 0.05542869 0.03494756 0.03126442 0.43529412 0.89019608 0.96078431
v 0.05334532 0.03494756 0.02984087 0.43529412 0.89019608 0.96078431
v 0.05297357 0.03494756 0.02955947 0.43529412 0.89019608 0.96078431
v 0.05229202 0.03494756 0.02897184 0.43529412 0.89019608 0.96078431
v 0.05012346 0.03494756 0.02705997 0.43529412 0.89019608 0.96078431
v 0.04931025 0.03494756 0.02632337 0.43529412 0.89019608 0.96078431
v 0.04822597 0.03494756 0.02513156 0.43529412 0.89019608 0.96078431
v 0.04695582 0.03494756 0.02370801 0.43529412 0.89019608 0.96078431
v 0.04648338 0.03494756 0.02310382 0.43529412 0.89019608 0.96078431
v 0.04554625 0.03494756 0.02187891 0.43529412 0.89019608 0.96078431
v 0.04352485 0.03494756 0.01874212 0.43529412 0.89019608 0.96078431
v 0.04335446 0.03494756 0.01844417 0.43529412 0.89019608 0.96078431
v 0.04303692 0.03494756 0.01783171 0.43529412 0.89019608 0.96078431
v 0.04253351 0.03494756 0.01683854 0.43529412 0.89019608 0.96078431
v 0.04172030 0.03494756 0.01517497 0.43529412 0.89019608 0.96078431
v 0.04118590 0.03494756 0.01390039 0.43529412 0.89019608 0.96078431
v 0.04071346 0.03494756 0.01263409 0.43529412 0.89019608 0.96078431
v 0.04032622 0.03494756 0.01151677 0.43529412 0.89019608 0.96078431
v 0.04014809 0.03494756 0.01094569 0.43529412 0.89019608 0.96078431
v 0.03995447 0.03494756 0.01024219 0.43529412 0.89019608 0.96078431
v 0.03947429 0.03494756 0.00799099 0.43529412 0.89019608 0.96078431
v 0.03937360 0.03494756 0.00751096 0.43529412 0.89019608 0.96078431
v 0.03904832 0.03494756 0.00590532 0.43529412 0.89019608 0.96078431
v 0.03871529 0.03494756 0.00401001 0.43529412 0.89019608 0.96078431
v 0.03864559 0.03494756 0.00312443 0.43529412 0.89019608 0.96078431
v 0.03437043 0.03302023 0.02717585 0.43529412 0.89019608 0.96078431
v 0.03866108 0.03494756 -0.00340570 0.43529412 0.89019608 0.96078431
v 0.03437043 0.02849102 0.00269406 0.43529412 0.89019608 0.96078431
v 0.03863010 0.03494756 0.00022767 0.43529412 0.89019608 0.96078431
v 0.03437043 0.03303400 0.02638130 0.43529412 0.89019608 0.96078431
v 0.03437043 0.02873193 0.00347204 0.43529412 0.89019608 0.96078431



vn -0.99962711 -0.02625962 0.00748786
vn -0.99658430 0.00184928 0.08256102
vn -0.99689875 0.07868765 0.00106101
vn -0.52198103 -0.00553175 -0.85293916
vn -0.99504617 -0.09941256 -0.00050238
vn -0.99300215 -0.10938693 0.04451105
vn -0.96579479 -0.00007263 0.25930758
vn -0.98289626 0.12617769 0.13414223
vn -0.99110813 0.13142132 0.02081119
vn -0.98289465 -0.12618747 0.13414477
vn -0.53776024 0.08848146 -0.83844198
vn 0.56807199 -0.00006665 -0.82297886
vn -0.56698978 -0.11459691 -0.81571450
vn -0.98670938 -0.16245687 0.00351708
vn -0.97204687 -0.23476845 0.00294369
vn -0.97211548 -0.22738926 0.05732031
vn -0.89820851 -0.00008907 0.43956963
vn -0.91295464 0.12497413 0.38845243
vn -0.95177532 0.14401967 0.27089127
vn -0.95173312 -0.14405517 0.27102061
vn -0.91312823 -0.12459619 0.38816572
vn -0.95769544 0.25307349 0.13701550
vn -0.97333318 0.22031156 0.06391664
vn -0.96983700 0.24375151 0.00118164
vn -0.95759606 -0.25337365 0.13715533
vn -0.50304011 0.18512780 -0.84420279
vn 0.13834544 -0.12187842 -0.98285614
vn 0.26076544 -0.28936085 -0.92101666
vn 0.36999924 -0.45254318 -0.81136011
vn 0.40873150 -0.57882870 -0.70561739
vn 0.49145559 -0.78115303 -0.38506019
vn 0.44212353 -0.82768727 -0.34563067
vn 0.37743838 -0.84304446 -0.38316616
vn 0.29049829 -0.85933591 -0.42089492
vn 0.25897953 -0.85909934 -0.44144980
vn 0.21893267 -0.86786674 -0.44595494
vn 0.16900181 -0.87665069 -0.45046859
vn 0.13376789 -0.91452986 -0.38176077
vn 0.03292504 -0.73635256 -0.67579645
vn -0.04908442 -0.65979643 -0.74983958
vn -0.13480070 -0.76332060 -0.63179936
vn -0.27155270 -0.68498847 -0.67605468
vn -0.37317162 -0.57675984 -0.72669872
vn -0.42559427 -0.49165163 -0.75970270
vn -0.45563335 -0.37716336 -0.80631635
vn -0.51952669 -0.32122705 -0.79177345
vn -0.48430406 -0.19133370 -0.85372185
vn -0.45680680 0.27438953 -0.84619024
vn -0.42230709 0.35907987 -0.83229704
vn -0.33323001 0.41696457 -0.84563485
vn -0.24311766 0.42817328 -0.87038006
vn -0.14934155 0.43901106 -0.88598329
vn -0.03232678 0.18224967 -0.98272073
vn 0.00076431 0.00138996 -0.99999874
vn -0.96187943 -0.27347283 -0.00075017
vn -0.93775378 -0.34279240 0.05577835
vn -0.81747733 -0.00039162 0.57596065
vn -0.82440750 0.12715644 0.55152835
vn -0.82483334 -0.12644521 0.55105497
vn -0.87297193 0.27059470 0.40583066
vn -0.92380942 0.26281483 0.27839634
vn -0.92411182 -0.26267153 0.27752661
vn -0.87331014 -0.27042530 0.40521544
vn -0.91723811 0.37576372 0.13219634
vn -0.94504594 0.32600377 0.02469224
vn -0.91719580 -0.37584355 0.13226300
vn -0.90438494 0.42671713 -0.00060829
vn 0.20018612 -0.17669840 -0.96369248
vn 0.17107816 -0.15956412 -0.97225077
vn 0.34428352 -0.29923913 -0.88990157
vn 0.38419686 -0.33311288 -0.86106247
vn 0.50013169 -0.43134109 -0.75087493
vn 0.47744489 -0.46392401 -0.74620432
vn 0.57161911 -0.52680546 -0.62906884
vn 0.59177184 -0.54509595 -0.59386572
vn 0.65679750 -0.60586774 -0.44893354
vn 0.64006795 -0.66870997 -0.37833846
vn 0.67604803 -0.67587322 -0.29352079
vn 0.68314908 -0.68281627 -0.25897738
vn 0.68361943 -0.68327543 -0.25651347
vn 0.66696519 -0.71021347 -0.22528706
vn 0.61467197 -0.75721335 -0.22092153
vn 0.65398354 -0.73525067 -0.17807859
vn 0.49870791 -0.84901529 -0.17453786
vn 0.20229050 -0.97909108 -0.02142908
vn 0.13641183 -0.99065003 -0.00208295
vn 0.08851569 -0.99607080 -0.00281643
vn 0.06239400 -0.99802934 -0.00666492
vn 0.14194473 -0.98985941 -0.00548037
vn 0.04869987 -0.99881315 0.00078590
vn 0.02683220 -0.99963856 0.00166637
vn -0.00173873 -0.99999720 0.00160262
vn -0.08177012 -0.99664319 -0.00399904
vn -0.11379213 -0.99348484 0.00626300
vn -0.17816439 -0.98399704 0.00269839
vn -0.21772518 -0.97594081 0.01163095
vn -0.27190618 -0.96231905 -0.00301237
vn -0.31968081 -0.94741510 0.01445042
vn -0.37686695 -0.92626347 0.00269896
vn -0.41831779 -0.90814942 0.01657858
vn -0.45442123 -0.89078151 -0.00310566
vn -0.51381874 -0.85763961 0.02108572
vn -0.52807297 -0.84919788 0.00137638
vn -0.59798859 -0.80150457 -0.00026838
vn -0.62563128 -0.78011622 -0.00204809
vn -0.68735488 -0.72581104 0.02723250
vn -0.69137091 -0.72249721 0.00201167
vn -0.74231981 -0.67004044 0.00266563
vn -0.76464260 -0.64445448 0.00033466
vn -0.80581882 -0.59216102 -0.00116388
vn -0.85879681 -0.51231072 0.00240018
vn -0.88954287 -0.45684071 -0.00317150
vn -0.92652452 -0.37619338 0.00555519
vn -0.92970652 -0.36829009 0.00286202
vn -0.88186307 0.47080535 0.02568735
vn -0.85025105 0.52568272 0.02703369
vn -0.79576949 0.60559801 -0.00140452
vn -0.76136256 0.64801660 0.02003851
vn -0.69395801 0.72001005 0.00279413
vn -0.61568637 0.78782136 0.01636479
vn -0.57996529 0.81463825 -0.00218523
vn -0.49820418 0.86685808 0.01869958
vn -0.43843149 0.89867162 0.01292863
vn -0.40773080 0.91309934 -0.00227864
vn -0.31238373 0.94987310 0.01254957
vn -0.24765527 0.96884240 0.00335810
vn -0.17827000 0.98397851 0.00247066
vn -0.10427131 0.99454467 0.00289836
vn -0.05521373 0.88967782 -0.45323815
vn 0.02766410 0.64840781 -0.76079038
vn 0.07148525 0.75039465 -0.65711318
vn 0.15742924 0.94264493 -0.29434091
vn 0.20915218 0.88278424 -0.42065110
vn 0.28601732 0.86503739 -0.41219463
vn 0.33119447 0.90880856 -0.25372668
vn 0.30377394 0.61737806 -0.72564848
vn 0.30840616 0.54218274 -0.78161597
vn 0.28031538 0.41449708 -0.86580336
vn 0.17605426 0.21828899 -0.95987229
vn 0.08166405 0.09078734 -0.99251632
vn 0.08777834 0.09073999 -0.99199860
vn 0.44889248 0.08139815 -0.88987071
vn -0.89077457 -0.45130541 0.05332994
vn -0.73776637 0.00021308 0.67505610
vn -0.71268799 0.14640911 0.68603221
vn -0.79231350 0.27139139 0.54643027
vn -0.79233168 -0.27134707 0.54642591
vn -0.71288151 -0.14606104 0.68590533
vn -0.82854749 0.40263459 0.38909439
vn -0.88008176 0.39196399 0.26799315
vn -0.88026560 -0.39212995 0.26714522
vn -0.82861177 -0.40323160 0.38833853
vn -0.86283379 0.48956968 0.12585458
vn -0.86297919 -0.48932091 0.12582515
vn 0.43695986 -0.89921865 0.02172345
vn 0.12611668 -0.99159608 0.02884079
vn 0.13578675 -0.99065641 0.01272144
vn 0.13289026 -0.99112802 0.00232915
vn 0.07668546 -0.99703798 0.00588344
vn 0.01919475 -0.99964206 0.01863609
vn -0.04065839 -0.99911750 0.01054080
vn -0.06778470 -0.99706904 0.03547627
vn -0.16207707 -0.98541434 0.05186139
vn -0.25634660 -0.96418394 0.06808634
vn -0.35058374 -0.93274028 0.08418206
vn -0.44430843 -0.89023369 0.10036932
vn -0.53692958 -0.83560845 0.11603937
vn -0.60163380 -0.79789466 0.03742827
vn -0.71980599 -0.68564119 0.10851494
vn -0.76270123 -0.64510114 0.04616651
vn -0.62373798 -0.77234928 0.12011459
vn -0.83200334 -0.55251882 0.04993395
vn -0.79619483 0.59340897 0.11806600
vn -0.70715391 0.69439232 0.13323908
vn -0.68511774 0.72695467 0.04637447
vn -0.53696990 0.83555407 0.11624423
vn -0.62574422 0.76894261 0.13103985
vn -0.44409967 0.89033974 0.10035252
vn -0.35038898 0.93281713 0.08414133
vn -0.25649271 0.96414430 0.06809736
vn -0.16219461 0.98539526 0.05185648
vn -0.06780647 0.99706754 0.03547690
vn -0.05547340 0.99845367 0.00360171
vn 0.01480145 0.99988796 0.00223300
vn 0.03930703 0.99922693 0.00070240
vn 0.05824000 0.99830088 -0.00186066
vn 0.08908673 0.99602279 -0.00147057
vn 0.10063175 0.99492138 -0.00216928
vn 0.13777141 0.99044735 -0.00575129
vn 0.14240037 0.98978753 -0.00654014
vn 0.68292958 0.72807642 -0.05926144
vn 0.93285503 0.35380565 -0.06784578
vn 0.92931818 0.35251436 -0.11000611
vn 0.90284090 0.39993042 -0.15790494
vn 0.92838593 0.32338558 -0.18308830
vn 0.87325829 0.39242680 -0.28882724
vn 0.92616752 0.27380307 -0.25931758
vn 0.91114284 0.28409762 -0.29850842
vn 0.88605312 0.25442041 -0.38753080
vn 0.81626309 0.23915440 -0.52585145
vn 0.63284207 0.14813670 -0.75997792
vn -0.60891794 0.00000000 0.79323322
vn -0.56727159 0.12016222 0.81471712
vn -0.58140728 -0.11133666 0.80595888
vn -0.67895092 0.26281932 0.68553020
vn -0.75031891 0.40378631 0.52342922
vn -0.67866194 -0.26310498 0.68570675
vn -0.74992986 -0.40437397 0.52353310
vn -0.76969718 0.52298847 0.36612745
vn -0.82142304 0.51084073 0.25358616
vn -0.82150198 -0.51074011 0.25353311
vn -0.76949542 -0.52333290 0.36605939
vn -0.79626551 -0.59331823 0.11804538
vn 0.19240694 -0.97392754 0.12018618
vn 0.12795911 -0.98966198 0.06477373
vn 0.03772174 -0.99335840 0.10870215
vn 0.06375568 -0.99740680 0.03338989
vn 0.08365690 -0.98705399 0.13684276
vn -0.01290570 -0.99756230 0.06857768
vn -0.09649442 -0.98992238 0.10364611
vn -0.18169438 -0.97343304 0.13933868
vn -0.26766419 -0.94742614 0.17532712
vn -0.35519180 -0.91355458 0.19813332
vn -0.46410803 -0.86162140 0.20545632
vn -0.55710512 -0.79720713 0.23258262
vn -0.65608985 -0.72277296 0.21712981
vn -0.75102335 -0.61672342 0.23583077
vn -0.73670433 0.63282348 0.23832996
vn -0.64217972 0.72112578 0.25996695
vn -0.55389387 0.79897219 0.23419014
vn -0.46442712 0.86145358 0.20543898
vn -0.35509411 0.91360622 0.19807030
vn -0.26767195 0.94744872 0.17519319
vn -0.18189966 0.97340255 0.13928388
vn -0.09648882 0.98992659 0.10361112
vn 0.01912583 0.99964649 0.01846901
vn -0.01287349 0.99756172 0.06859226
vn 0.07727505 0.99699333 0.00573212
vn 0.13187269 0.99126220 0.00297473
vn 0.13906884 0.99028263 -0.00042201
vn 0.13558997 0.99066465 0.01410388
vn 0.60789475 0.79384756 0.01643229
vn -0.60809666 0.00000000 0.79386300
vn -0.49128340 0.00019481 0.87099976
vn -0.39528208 0.08548867 0.91457299
vn -0.40757715 0.21360379 0.88783686
vn -0.55270406 0.25946296 0.79195782
vn -0.54053160 -0.24498161 0.80486620
vn -0.40790604 -0.09898024 0.90764287
vn -0.64152724 0.39245085 0.65910934
vn -0.69337611 0.52518271 0.49336871
vn -0.64182207 -0.39272112 0.65866119
vn -0.69396349 -0.52504967 0.49268399
vn -0.69993891 0.62215925 0.35071839
vn -0.69869002 -0.63000176 0.33901334
vn 0.80339127 -0.58214531 0.12517709
vn 0.14849689 -0.96297433 0.22500914
vn 0.12401829 -0.97732894 0.17160305
vn 0.14184424 -0.97986913 0.14048734
vn 0.13507990 -0.98550486 0.10263333
vn 0.04106455 -0.97385448 0.22343043
vn -0.02980530 -0.98519385 0.16883339
vn -0.09940846 -0.96813308 0.22986147
vn -0.17090024 -0.94129245 0.29113852
vn -0.25033601 -0.90916643 0.33278863
vn -0.37011570 -0.87126082 0.32236462
vn -0.46890577 -0.80151460 0.37108184
vn -0.54965621 -0.72474786 0.41547394
vn -0.62136170 -0.71563400 0.31902604
vn -0.54998400 0.72469898 0.41512527
vn -0.62505111 0.63271173 0.45715093
vn -0.46940581 0.80144532 0.37059894
vn -0.36997291 0.87122138 0.32263502
vn -0.24995640 0.90912103 0.33319776
vn -0.17096969 0.94114725 0.29156684
vn -0.09941525 0.96811374 0.22993997
vn -0.02965492 0.98519736 0.16883942
vn 0.06446163 0.99735636 0.03354097
vn 0.03825412 0.99336063 0.10849555
vn 0.12559505 0.99163399 0.02979773
vn 0.53875099 0.84010330 0.06303823
vn -0.36027702 0.00028465 0.93284532
vn -0.32187942 -0.00024170 0.94678064
vn -0.30140888 0.10027832 0.94820723
vn -0.29178238 0.20929841 0.93330446
vn -0.37428507 0.33303708 0.86544612
vn -0.51097994 0.36781098 0.77692637
vn -0.39561314 -0.22041156 0.89157669
vn -0.51072282 -0.36795083 0.77702921
vn -0.30115572 -0.10123260 0.94818627
vn -0.59145732 0.51224161 0.62272528
vn -0.59169514 -0.51204837 0.62265827
vn -0.62564698 -0.63247650 0.45666106
vn 0.75501576 -0.63997397 0.14277437
vn 0.09090886 -0.94712584 0.30771453
vn 0.16877813 -0.93226285 0.31999988
vn 0.14237586 -0.91754833 0.37126025
vn -0.00760197 -0.95007878 0.31191749
vn -0.05799654 -0.91513482 0.39895446
vn -0.10788256 -0.85896492 0.50054033
vn -0.23053923 -0.83899278 0.49289225
vn -0.32033678 -0.84772732 0.42277977
vn -0.39365248 -0.79036775 0.46942150
vn -0.46538367 -0.71213388 0.52562666
vn -0.53220751 -0.61903717 0.57753628
vn -0.46560331 0.71202033 0.52558597
vn -0.53252088 0.61905720 0.57722586
vn -0.39317504 0.79046229 0.46966239
vn -0.32003049 0.84771678 0.42303279
vn -0.11848196 0.85952182 0.49717630
vn -0.23048156 0.83906888 0.49278967
vn -0.05408255 0.90653797 0.41864542
vn -0.00747438 0.95006287 0.31196903
vn 0.04106527 0.97385438 0.22343071
vn 0.08362295 0.98713974 0.13624365
vn 0.12757600 0.98977487 0.06379706
vn 0.95272151 0.29689839 0.06459926
vn 0.13507990 0.98550486 0.10263333
vn 0.14184499 0.97986841 0.14049160
vn 0.12401791 0.97732888 0.17160367
vn 0.14874195 0.96283489 0.22544356
vn -0.27803426 -0.00126686 0.96057032
vn -0.26997295 0.08181176 0.95938597
vn -0.27545947 0.14673091 0.95004848
vn -0.27137958 0.21261823 0.93869410
vn -0.27127117 0.22676490 0.93540881
vn -0.26504177 0.24504768 0.93257948
vn -0.26298574 0.30872575 0.91407161
vn -0.34501322 0.44139150 0.82833533
vn -0.47227482 0.48268770 0.73754260
vn -0.29207061 -0.20870237 0.93334778
vn -0.37467764 -0.33316609 0.86522657
vn -0.47231190 -0.48270113 0.73751006
vn -0.28135103 -0.14972983 0.94785156
vn -0.26961660 -0.08534602 0.95917827
vn 0.73856922 -0.62643388 0.24919088
vn 0.06411468 -0.90550333 0.41946756
vn 0.18016343 -0.89451843 0.40911847
vn 0.13532738 -0.85617342 0.49865176
vn 0.03537492 -0.85022231 0.52523388
vn 0.02157740 -0.78173979 0.62323135
vn -0.01733520 -0.71987527 0.69388694
vn -0.12578390 -0.76165369 0.63565876
vn -0.18162180 -0.71266917 0.67758112
vn -0.30760579 -0.76394080 0.56725050
vn -0.36802804 -0.68280683 0.63113405
vn -0.42405597 -0.58855815 0.68831377
vn -0.36766866 0.68261586 0.63154995
vn -0.42375525 0.58853605 0.68851783
vn -0.30730738 0.76397764 0.56736262
vn 0.01285752 0.79467407 0.60690017
vn -0.12559129 0.76197673 0.63530960
vn -0.01713306 0.72007397 0.69368576
vn -0.18188038 0.71249870 0.67769102
vn 0.04937896 0.84920871 0.52574355
vn 0.06410602 0.90515928 0.42021078
vn 0.09090808 0.94712617 0.30771374
vn 0.93452996 0.34718982 0.07818555
vn 0.14237539 0.91754880 0.37125927
vn 0.16921713 0.93153549 0.32188072
vn -0.16921542 0.01723366 0.98542841
vn -0.17125259 -0.04030087 0.98440256
vn -0.17516570 0.05400649 0.98305660
vn -0.16930183 0.10352352 0.98011212
vn -0.17364610 0.11578070 0.97797846
vn -0.17741228 0.16719299 0.96983060
vn -0.22978436 0.18103237 0.95625647
vn -0.23738786 0.18607892 0.95342626
vn -0.15547318 0.18815590 0.96975535
vn -0.21901931 0.22700064 0.94894744
vn -0.23660268 0.29667238 0.92520520
vn -0.16092727 0.15989205 0.97392861
vn -0.20754764 0.33079606 0.92059651
vn -0.23513783 0.39874875 0.88640264
vn -0.30777930 0.54440952 0.78031415
vn -0.26982906 -0.24820680 0.93036856
vn -0.27043717 -0.22489815 0.93610072
vn -0.27075572 -0.21302590 0.93878182
vn -0.26262465 -0.30877107 0.91416012
vn -0.34527037 -0.44139205 0.82822788
vn -0.17979768 -0.17098675 0.96872923
vn -0.18019418 -0.14621496 0.97270306
vn -0.18135355 -0.10110743 0.97820661
vn -0.23656601 -0.18860894 0.95313335
vn 0.87409639 -0.44319873 0.19882248
vn 0.20038703 -0.84768322 0.49120077
vn 0.19035132 -0.81437976 0.54822622
vn 0.12404129 -0.78245875 0.61022296
vn 0.10959355 -0.70065847 0.70502976
vn 0.09502230 -0.61509409 0.78270686
vn -0.02554533 -0.62539793 0.77988773
vn -0.14748157 -0.57162480 0.80715195
vn -0.26504840 -0.63889525 0.72219264
vn -0.30777965 -0.54440929 0.78031418
vn -0.26504848 0.63889538 0.72219249
vn 0.12405444 0.78251710 0.61014546
vn 0.10970975 0.70073511 0.70493551
vn -0.02602998 0.62502447 0.78017104
vn 0.09427120 0.61514155 0.78276038
vn -0.14732017 0.57136042 0.80736859
vn 0.13510596 0.85612918 0.49878774
vn 0.97584492 0.20873941 0.06445577
vn 0.18017128 0.89457142 0.40899913
vn 0.90231421 0.39985955 0.16106338
vn -0.09731005 0.06025980 0.99342816
vn -0.08707811 -0.00841433 0.99616595
vn -0.14008949 -0.08904352 0.98612686
vn -0.10312890 -0.05634375 0.99307090
vn -0.08758152 -0.05495490 0.99464036
vn -0.13062127 0.10403387 0.98595894
vn -0.14540972 0.19525573 0.96991299
vn -0.15785577 0.17447414 0.97192609
vn -0.11616939 0.17247263 0.97814000
vn -0.12401309 0.21376486 0.96898160
vn -0.09340957 0.11375012 0.98910847
vn -0.08598044 0.22372185 0.97085318
vn -0.08369893 0.22394477 0.97100115
vn -0.04921942 0.23982705 0.96956714
vn -0.08563105 0.37390425 0.92350579
vn -0.18939039 0.42547382 0.88493124
vn -0.18794598 0.48225901 0.85562991
vn -0.25458242 -0.23949516 0.93692575
vn -0.23476403 -0.39899028 0.88639303
vn -0.20354194 -0.33813624 0.91882238
vn -0.23501615 -0.29940473 0.92472926
vn -0.16873630 -0.15520428 0.97336514
vn -0.13060638 -0.11980956 0.98416850
vn 0.79038552 -0.51807548 0.32693809
vn 0.21539370 -0.77292675 0.59681639
vn 0.18743426 -0.72380271 0.66406177
vn 0.19162703 -0.61050849 0.76847802
vn 0.15305839 -0.60172647 0.78389947
vn 0.21194173 -0.55413878 0.80499125
vn 0.05453927 -0.59172214 0.80429496
vn -0.09031170 -0.55205316 0.82890356
vn -0.04571936 -0.55199790 0.83259117
vn -0.13957082 -0.48910594 0.86098512
vn -0.18761778 -0.48286983 0.85535741
vn 0.19071208 0.81350300 0.54940128
vn 0.18750326 0.72401607 0.66380966
vn 0.19187945 0.61037652 0.76851986
vn -0.09188018 0.55081698 0.82955331
vn -0.04841707 0.55073359 0.83327564
vn 0.05191678 0.59163728 0.80453091
vn 0.15299066 0.60199680 0.78370512
vn 0.21215680 0.55342705 0.80542411
vn -0.13998331 0.49141993 0.85959940
vn 0.20085786 0.84441761 0.49660348
vn 0.95967161 0.25679054 0.11440726
vn -0.04268141 0.03845621 0.99834834
vn -0.02987889 0.07016130 0.99708808
vn -0.04042847 -0.05647117 0.99758536
vn -0.03967161 -0.04617174 0.99814545
vn -0.02325161 -0.00781039 0.99969914
vn -0.03690864 0.01193987 0.99924731
vn -0.08687629 -0.09428722 0.99174716
vn -0.04653881 0.16576263 0.98506695
vn -0.06684950 0.10424925 0.99230199
vn -0.06229095 0.11834282 0.99101706
vn 0.00396281 0.09022703 0.99591334
vn -0.00665445 0.18216515 0.98324543
vn -0.01787906 0.25783571 0.96602334
vn 0.00394056 0.26995669 0.96286440
vn 0.00568941 0.41833907 0.90827312
vn -0.21104346 -0.22644878 0.95088465
vn -0.15401576 -0.19151586 0.96933009
vn -0.16419795 -0.17265003 0.97120080
vn -0.19005716 -0.42824959 0.88344811
vn -0.06822535 -0.36845205 0.92713990
vn -0.04910965 -0.24010613 0.96950363
vn -0.08368297 -0.22391763 0.97100878
vn -0.08568241 -0.22378060 0.97086599
vn -0.12081053 -0.21090839 0.97001158
vn -0.14611567 -0.19555611 0.96974637
vn -0.11039086 -0.15421756 0.98185070
vn 0.94910494 -0.26015036 0.17754325
vn 0.84679806 -0.40018427 0.35040776
vn 0.22552241 -0.68414716 0.69360097
vn 0.23486689 -0.56627912 0.79004145
vn 0.25772702 -0.49339102 0.83074791
vn 0.28769314 -0.40289493 0.86885461
vn 0.20174728 -0.39118052 0.89792864
vn 0.16670434 -0.47637396 0.86329457
vn 0.13802475 -0.51147318 0.84814171
vn 0.24469325 -0.53365928 0.80952640
vn 0.63382714 -0.41053833 0.65553141
vn 0.12427093 -0.49442867 0.86028892
vn 0.11783403 -0.50169489 0.85698155
vn 0.10268705 -0.47353949 0.87476610
vn 0.04382992 -0.47767045 0.87744508
vn 0.00816757 -0.41909428 0.90790599
vn 0.21583588 0.77291485 0.59667203
vn 0.92809168 0.31181589 0.20351091
vn 0.22577271 0.68437137 0.69329829
vn 0.22769097 0.57712042 0.78427600
vn 0.04254949 0.47574725 0.87855227
vn 0.10420002 0.47863364 0.87180972
vn 0.11797131 0.49958140 0.85819648
vn 0.13282464 0.51630367 0.84604263
vn 0.13790172 0.50730351 0.85066225
vn 0.16173414 0.48289852 0.86061088
vn 0.20028893 0.39132077 0.89819397
vn 0.28994755 0.40027902 0.86931417
vn 0.25363081 0.50515284 0.82491940
vn 0.84017759 0.29853010 0.45274871
vn 0.24494510 0.54422045 0.80238769
vn 0.98810876 0.13663563 0.07051090
vn 0.01984600 0.05830817 0.99810134
vn -0.07984663 -0.11522813 0.99012474
vn -0.05863279 -0.11715251 0.99138160
vn -0.01127153 -0.09376390 0.99553065
vn 0.00577048 -0.08326238 0.99651095
vn -0.01027257 -0.06724951 0.99768331
vn -0.02340560 -0.04570345 0.99868082
vn 0.00931564 -0.02144964 0.99972653
vn -0.00365790 -0.00488399 0.99998138
vn -0.08776236 -0.13704677 0.98666912
vn 0.02277144 0.09427178 0.99528604
vn 0.03877242 0.20215959 0.97858479
vn 0.05179101 0.11327714 0.99221267
vn 0.06888126 0.14269570 0.98736686
vn 0.06179670 0.21071316 0.97559271
vn 0.02307883 0.29001826 0.95674280
vn 0.06751243 0.33394254 0.94017256
vn 0.07262045 0.30730441 0.94883627
vn 0.00338793 -0.27040216 0.96274150
vn -0.01826307 -0.25845207 0.96585143
vn 0.01624988 -0.19411457 0.98084427
vn -0.02445701 -0.16682223 0.98568362
vn -0.04180177 -0.16730151 0.98501920
vn 0.94397666 -0.23959722 0.22693885
vn 0.87186705 -0.30980979 0.37929637
vn 0.94013615 -0.19846760 0.27704624
vn 0.89214699 -0.18930140 0.41016915
vn 0.82648804 -0.22225148 0.51722510
vn 0.31254232 -0.31614181 0.89575201
vn 0.25126909 -0.26600373 0.93064809
vn 0.19012411 -0.30852379 0.93202248
vn 0.16110661 -0.32743860 0.93103632
vn 0.16359147 -0.29374684 0.94178056
vn 0.13478171 -0.35135903 0.92648838
vn 0.12405743 -0.34809985 0.92921270
vn 0.12084739 -0.34979680 0.92899844
vn 0.07402912 -0.35834077 0.93065116
vn 0.06835023 -0.33150956 0.94097272
vn 0.07316274 -0.31228041 0.94716850
vn 0.02250103 -0.29091218 0.95648513
vn 0.96151667 0.21048160 0.17658765
vn 0.95768334 0.18789971 0.21802827
vn 0.10729994 0.34666762 0.93183061
vn 0.11877149 0.34971900 0.92929541
vn 0.14072337 0.33784987 0.93062044
vn 0.13219227 0.39908766 0.90733359
vn 0.15943169 0.29462771 0.94221869
vn 0.18930175 0.31106839 0.93134381
vn 0.89451443 0.17608622 0.41089849
vn 0.90082070 0.19358811 0.38864600
vn 0.22031461 0.28997082 0.93133152
vn 0.25608000 0.26164845 0.93057140
vn 0.31323591 0.31030857 0.89754769
vn 0.03368695 -0.00692589 0.99940844
vn 0.04528246 -0.01562464 0.99885203
vn 0.04098073 0.04502488 0.99814495
vn 0.05434973 0.07517932 0.99568779
vn -0.00098041 -0.10613966 0.99435075
vn 0.01261354 -0.08801543 0.99603925
vn 0.04761678 -0.06277023 0.99689144
vn -0.00401865 -0.12051775 0.99270304
vn 0.11213707 0.10907896 0.98768773
vn 0.10376741 0.13303016 0.98566490
vn 0.10982121 0.25627177 0.96034581
vn 0.10488697 0.13326393 0.98551481
vn 0.11364564 0.13283783 0.98460082
vn 0.11875268 0.34306596 0.93177441
vn 0.08328389 0.30004386 0.95028284
vn 0.06039480 -0.20711686 0.97645024
vn 0.07040375 -0.12799551 0.98927269
vn 0.05231391 -0.11238997 0.99228612
vn 0.04951737 -0.10067408 0.99368645
vn 0.91759462 -0.13313188 0.37456110
vn 0.32761358 -0.25163048 0.91068735
vn 0.26865540 -0.26264133 0.92673826
vn 0.87227926 -0.13580370 0.46977255
vn 0.23856612 -0.19464314 0.95142013
vn 0.19919720 -0.20056322 0.95921576
vn 0.16133208 -0.26119120 0.95170958
vn 0.12911988 -0.34280160 0.93049187
vn 0.08693723 -0.28653855 0.95411612
vn 0.12110094 -0.34453328 0.93093039
vn 0.12540783 -0.25090597 0.95985367
vn 0.08970875 -0.26866652 0.95904674
vn 0.12895463 0.33892603 0.93193339
vn 0.15545761 0.25831378 0.95347099
vn 0.19706970 0.20359028 0.95901748
vn 0.89880994 0.12194498 0.42103458
vn 0.23406866 0.19704800 0.95204199
vn 0.26816521 0.26171360 0.92714261
vn 0.32743512 0.25237240 0.91054622
vn 0.05531408 -0.02643192 0.99811908
vn 0.06667385 -0.01419603 0.99767383
vn 0.05566037 0.00752755 0.99842138
vn 0.05897064 0.02833726 0.99785744
vn 0.07361941 0.01973848 0.99709106
vn 0.08677511 0.03378486 0.99565489
vn 0.10843333 0.02970702 0.99365975
vn 0.01828578 -0.08827882 0.99592795
vn 0.06452927 -0.08880265 0.99395677
vn 0.12622922 0.09947330 0.98700114
vn 0.11542404 0.20369253 0.97220710
vn 0.11390562 0.22284680 0.96817603
vn 0.11995970 0.22220131 0.96759302
vn 0.14171550 0.23468691 0.96168538
vn 0.14164183 0.13141336 0.98115652
vn 0.11233015 -0.13388561 0.98460986
vn 0.10967191 -0.12477063 0.98610565
vn 0.09941637 -0.12669641 0.98694701
vn 0.10377538 -0.08824328 0.99067845
vn 0.08894075 -0.08940763 0.99201604
vn 0.87431017 -0.12635154 0.46863313
vn 0.33133868 -0.22793191 0.91556634
vn 0.33298069 -0.16945746 0.92758182
vn 0.27839604 -0.17021101 0.94526391
vn 0.23854573 -0.11717240 0.96403660
vn 0.20282397 -0.11487662 0.97245350
vn 0.18056241 -0.11940872 0.97628826
vn 0.14105131 -0.13089526 0.98131084
vn 0.14731368 -0.12873417 0.98067640
vn 0.13227180 -0.21463341 0.96769658
vn 0.11988042 -0.22375162 0.96724552
vn 0.10482627 -0.23473020 0.96639184
vn 0.14910319 0.13202611 0.97996803
vn 0.18107976 0.18391571 0.96611859
vn 0.18193114 0.12315734 0.97556821
vn 0.90155826 0.11263115 0.41774027
vn 0.20517130 0.11913977 0.97144761
vn 0.24569241 0.12073859 0.96179906
vn 0.27839657 0.17021121 0.94526371
vn 0.33019359 0.17267794 0.92798412
vn 0.33133843 0.22793268 0.91556624
vn 0.08829545 -0.04251192 0.99518674
vn 0.08228085 -0.02073081 0.99639354
vn 0.08747843 -0.01203380 0.99609373
vn 0.08394527 -0.00136259 0.99646944
vn 0.09279369 0.01708861 0.99553870
vn 0.10728020 0.01037578 0.99417468
vn 0.12287956 0.01513040 0.99230625
vn 0.12915894 0.03029289 0.99116109
vn 0.13728923 0.03409850 0.98994392
vn 0.14147708 0.11167645 0.98362219
vn 0.12296793 -0.10364854 0.98698322
vn 0.11177292 -0.03041968 0.99326807
vn 0.84978523 -0.11064071 0.51538693
vn 0.33496430 -0.20997577 0.91853639
vn 0.93425184 -0.06397148 0.35082924
vn 0.87841809 -0.08155190 0.47088315
vn 0.34311014 -0.12280162 0.93123316
vn 0.26326025 -0.10120331 0.95940186
vn 0.25620423 -0.10750009 0.96062642
vn 0.26076797 -0.06944525 0.96290053
vn 0.21875310 -0.08070398 0.97243712
vn 0.18615621 -0.07250419 0.97984132
vn 0.15354676 -0.09845352 0.98322444
vn 0.15797574 0.09749404 0.98261823
vn 0.18661132 0.08983428 0.97831795
vn 0.18826523 0.08579622 0.97836354
vn 0.19470862 0.09388107 0.97635798
vn 0.33484836 0.21055961 0.91844500
vn 0.92457181 0.07388277 0.37377574
vn 0.25788233 0.10246314 0.96072785
vn 0.22173076 0.08173003 0.97167673
vn 0.24808746 0.08346664 0.96513519
vn 0.34155702 0.13465659 0.93016472
vn 0.92011868 0.06872984 0.38556169
vn 0.10819824 -0.01442636 0.99402466
vn 0.10748069 -0.01062986 0.99415034
vn 0.10552479 -0.00826701 0.99438231
vn 0.13329837 0.00639317 0.99105533
vn 0.14925618 0.01841385 0.98862709
vn 0.15903749 0.02759354 0.98688686
vn 0.15771888 0.03990379 0.98667748
vn 0.16799606 -0.02607424 0.98544277
vn 0.12804220 -0.02266573 0.99150969
vn 0.93987091 -0.04251715 0.33887307
vn 0.83769777 -0.06411600 0.54235743
vn 0.34487386 -0.09759046 0.93356206
vn 0.33771481 -0.10764114 0.93507331
vn 0.31695946 -0.11545051 0.94138615
vn 0.29813503 -0.11346699 0.94775563
vn 0.29670538 -0.11616626 0.94787727
vn 0.26797714 -0.08261154 0.95987686
vn 0.28554805 -0.04554637 0.95728148
vn 0.27040889 -0.04235685 0.96181335
vn 0.28281868 -0.04932743 0.95790417
vn 0.24511749 -0.00492163 0.96948089
vn 0.19475681 -0.00556731 0.98083576
vn 0.18038028 0.01886807 0.98341596
vn 0.20305771 0.02528095 0.97884035
vn 0.27782070 0.06567153 0.95838557
vn 0.33008240 0.12065313 0.93620961
vn 0.31600069 0.12654663 0.94028161
vn 0.26418759 0.05582638 0.96285426
vn 0.26053760 0.07334854 0.96267344
vn 0.60771519 0.10823413 0.78674495
vn 0.31744095 0.12645113 0.93980921
vn 0.34314783 0.11362141 0.93238390
vn 0.12627581 -0.01258305 0.99191536
vn 0.12037060 -0.00810697 0.99269592
vn 0.15879146 0.00675175 0.98728906
vn 0.16765606 -0.00344999 0.98583951
vn 0.16033875 0.02707556 0.98669063
vn 0.92207018 -0.02798816 0.38600939
vn 0.34426329 -0.05191988 0.93743646
vn 0.27727497 -0.00122890 0.96078982
vn 0.31077047 -0.04740521 0.94930209
vn 0.24708508 0.00684141 0.96896964
vn 0.32712081 0.10406919 0.93923457
vn 0.29619074 0.03985647 0.95429687
vn 0.95228323 0.03750565 0.30290258
vn 0.34566577 0.05943035 0.93647382
vn 0.93448746 0.02694073 0.35497518
vn 0.95221272 0.03660574 0.30323416
vn 0.95059045 -0.01722898 0.30996929
vn 0.34401297 -0.02584760 0.93860906
vn 0.83119768 -0.01625138 0.55573943
vn 0.34447363 0.01109037 0.93873048
vn 0.34504183 0.04850566 0.93733310
vn 0.82132612 0.02825848 0.56975860
vn 0.95378339 0.02085458 0.29977047
vn 0.95317097 0.01238451 0.30217829
vn 0.00527547 0.99562809 -0.09325701
vn 0.28145799 0.02217353 -0.95931733
vn 0.19326790 0.00270958 -0.98114228
vn 0.00003140 -0.99999288 -0.00377394
vn 0.00739709 -0.00262233 -0.99996920
vn 0.00704902 -0.00263253 -0.99997169
vn 0.00644270 -0.00265031 -0.99997573
vn -0.12102392 -0.02748227 -0.99226908
vn -0.03961351 0.00606218 -0.99919669
vn -0.15557106 0.02804802 -0.98742643
vn 0.35629720 0.00135802 -0.93437169
vn 0.31125709 -0.08020959 -0.94693476
vn 0.31071081 -0.02522837 -0.95016963
vn 0.30369849 -0.02410340 -0.95246325
vn 0.19793618 0.00167729 -0.98021347
vn 0.19764549 0.00172471 -0.98027205
vn 0.50879941 0.07884472 -0.85726698
vn 0.41989747 -0.02495262 -0.90722846
vn 0.19744742 -0.01707786 -0.98016471
vn -0.12312223 -0.02811915 -0.99199306
vn -0.19106552 0.00011420 -0.98157728
vn -0.19147273 0.00012611 -0.98149793
vn -0.26218932 0.00519253 -0.96500249
vn -0.37058244 0.07111579 -0.92607300
vn 0.67940676 0.19785349 -0.70658365
vn 0.61359718 0.00727268 -0.78958572
vn 0.49822115 -0.09695308 -0.86161232
vn -0.13843271 -0.42094747 -0.89645949
vn -0.01151534 -0.99818797 -0.05906082
vn -0.01534555 -0.99815651 -0.05872055
vn -0.29828363 0.00335693 -0.95447138
vn -0.41629286 -0.15483776 -0.89594951
vn -0.47476730 -0.18595616 -0.86024201
vn -0.47672633 0.00583127 -0.87903242
vn -0.47556731 0.18035747 -0.86099182
vn 0.68083557 0.52968137 -0.50586615
vn 0.77344741 0.00242040 -0.63385586
vn 0.64348857 -0.42446123 -0.63698911
vn 0.67622049 0.00025574 -0.73669925
vn 0.66548220 0.00113717 -0.74641285
vn 0.63740482 0.00388896 -0.77051928
vn 0.55759755 -0.17504856 -0.81144499
vn -0.00710762 -0.99971605 -0.02274446
vn -0.56715793 -0.27692169 -0.77565860
vn -0.62293813 0.18945629 -0.75898248
vn 0.85203360 -0.00010168 -0.52348709
vn 0.78634713 0.00119372 -0.61778376
vn 0.47040385 0.86688172 -0.16503426
vn 0.90096710 0.02249562 -0.43330385
vn 0.87398871 0.00482754 -0.48592225
vn 0.86452974 0.00172305 -0.50257872
vn 0.79070028 -0.00031505 -0.61220337
vn 0.71909981 -0.41321947 -0.55869950
vn 0.00530302 -0.99997590 -0.00448145
vn 0.00679042 -0.99994794 -0.00761622
vn 0.01447365 -0.99974227 -0.01749002
vn -0.64466499 -0.29891397 -0.70360322
vn -0.67255494 0.00735011 -0.74001069
vn -0.70761319 0.31590259 -0.63205152
vn 0.79569323 -0.33684521 -0.50339606
vn 0.86141986 -0.00048780 -0.50789329
vn 0.80209747 0.59341694 -0.06705209
vn 0.97690312 0.02621326 -0.21206877
vn 0.96358812 0.00544856 -0.26733545
vn 0.95733505 0.00249199 -0.28896953
vn 0.95173250 0.00010368 -0.30692872
vn 0.94538173 -0.00056923 -0.32596482
vn 0.93524191 0.00045904 -0.35400898
vn 0.92721802 0.00490221 -0.37448993
vn 0.89699030 -0.00558331 -0.44201497
vn 0.87616128 -0.00212767 -0.48201336
vn -0.00362400 -0.99998748 -0.00345013
vn -0.80178925 0.00100676 -0.59760604
vn -0.79364025 0.36761261 -0.48476398
vn 0.71278859 -0.60404091 -0.35646459
vn 0.76092806 0.64251806 0.09032736
vn 0.99952951 0.00194332 0.03061009
vn 0.99838491 0.00037702 -0.05681041
vn 0.11506697 -0.99326225 -0.01377271
vn 0.75262475 -0.65194458 -0.09232687
vn 0.99066201 0.00074997 -0.13633863
vn 0.98366678 0.00393315 -0.17995609
vn 0.98305478 0.00406312 -0.18326701
vn 0.96795365 -0.00383523 -0.25109963
vn 0.96336244 -0.00613842 -0.26813269
vn 0.95676383 -0.00295251 -0.29085092
vn 0.95195874 -0.00183530 -0.30622081
vn 0.84525479 -0.39688004 -0.35781361
vn 0.90946306 -0.00155969 -0.41578180
vn -0.00568174 -0.99997637 -0.00386987
vn -0.84202877 -0.00007925 -0.53943261
vn -0.86588213 -0.33142255 -0.37470953
vn -0.85169672 0.40695081 -0.33015714
vn 0.82793950 -0.53483072 0.16873732
vn 0.70275191 0.66404654 0.25530754
vn 0.00198701 -0.99999801 0.00015023
vn 0.00213947 -0.99999771 0.00000989
vn 0.00250655 -0.99999680 -0.00034495
vn 0.67589046 -0.71306043 -0.18632474
vn 0.68351176 -0.70459974 -0.19065905
vn -0.00300244 -0.99999356 -0.00196483
vn -0.00271692 -0.99999529 -0.00143033
vn -0.71951344 -0.63487957 -0.28147529
vn -0.93157356 -0.00448420 -0.36352524
vn -0.72575473 -0.66217403 -0.18656264
vn -0.82989938 0.53545282 -0.15670765
vn 0.96336971 0.00090713 0.26817529
vn 0.00159603 -0.99999863 0.00044475
vn 0.88171207 0.00619047 0.47174728
vn 0.29121856 -0.94812486 0.12747945
vn 0.91649105 -0.00037513 0.40005502
vn 0.55173256 0.74634304 0.37224084
vn -0.68758023 -0.71439071 -0.12992049
vn -0.98842841 0.00346681 -0.15164845
vn -0.76657209 0.64209292 -0.00916060
vn 0.00147036 -0.99999871 0.00063938
vn 0.87315878 0.00345081 0.48742367
vn 0.12334713 -0.98876849 0.08439407
vn 0.42713394 0.77433584 0.46686251
vn 0.74634003 0.00273691 0.66555922
vn 0.80359443 0.00049144 0.59517708
vn 0.82411773 -0.00115673 0.56641736
vn -0.38723112 -0.92197668 -0.00332672
vn -0.63090295 -0.77586045 -0.00142056
vn -0.60581938 -0.79552448 0.01112120
vn -0.99531200 0.00723151 0.09644545
vn -0.69343559 0.70482682 0.14955347
vn 0.00111624 -0.99999895 0.00092468
vn 0.66113377 0.00025036 0.75026800
vn 0.66950287 -0.00000013 0.74280947
vn 0.68918483 -0.00000753 0.72458559
vn 0.27679548 -0.92329431 0.26629286
vn 0.28479241 0.80822185 0.51543255
vn 0.58210916 0.00748341 0.81307621
vn 0.59085763 0.00621286 0.80675192
vn 0.59472023 0.00566347 0.80391279
vn 0.60660345 0.00400892 0.79499445
vn 0.61233427 0.00342028 0.79059158
vn 0.62294410 0.00245591 0.78226250
vn 0.22535624 -0.93442585 0.27579503
vn 0.64473252 0.00077682 0.76440786
vn 0.65414793 0.00041550 0.75636652
vn -0.46738762 -0.88046141 0.07960227
vn -0.56246006 -0.82014796 0.10486182
vn -0.55412080 -0.82438816 0.11547424
vn -0.55114620 -0.82528329 0.12306647
vn -0.95996054 0.00249880 0.28012412
vn -0.91905119 -0.23802215 0.31415024
vn -0.59271765 0.75628800 0.27697338
vn 0.00111916 -0.99999859 0.00125158
vn 0.00078247 -0.99999933 0.00085472
vn 0.37896361 0.00700151 0.92538509
vn 0.40261766 0.00425742 0.91535834
vn 0.41691229 0.00287218 0.90894218
vn 0.43476366 0.00140726 0.90054349
vn 0.45034278 0.00055690 0.89285557
vn 0.46802440 -0.00006702 0.88371554
vn 0.48201006 -0.00007789 0.87616568
vn 0.49922655 0.00007976 0.86647149
vn 0.50679730 0.00024497 0.86206522
vn 0.52096677 0.00096121 0.85357642
vn 0.53524828 0.00190978 0.84469263
vn 0.54591172 0.00290283 0.83783767
vn 0.25211511 -0.89277457 0.37335177
vn 0.28864722 -0.86286544 0.41490482
vn 0.15249618 0.82322844 0.54684537
vn 0.00063603 -0.99999939 0.00089812
vn 0.00064772 -0.99999939 0.00089502
vn 0.00119131 -0.99999799 0.00161231
vn 0.00102534 -0.99999857 0.00134462
vn 0.00069058 -0.99999937 0.00088309
vn 0.00073398 -0.99999935 0.00087016
vn 0.00174209 -0.99999645 0.00201728
vn -0.00134372 -0.99999902 0.00039211
vn -0.00126474 -0.99999910 0.00045590
vn -0.94073549 0.00501938 0.33910403
vn -0.37512307 -0.91360525 0.15686979
vn -0.30514906 -0.94340506 0.12988821
vn -0.89617053 -0.00107516 0.44370849
vn -0.62996100 -0.70633423 0.32286390
vn -0.44442483 -0.86303164 0.24013112
vn -0.84557199 0.00617601 0.53382568
vn -0.49205140 0.77943577 0.38776964
vn 0.34888917 0.00347545 0.93715755
vn 0.00075370 -0.99999777 0.00197093
vn 0.00038657 -0.99999948 0.00094872
vn 0.00063135 -0.99999871 0.00147377
vn 0.00066909 -0.99999871 0.00145857
vn 0.00074147 -0.99999858 0.00151525
vn 0.00068290 -0.99999888 0.00133097
vn 0.00049223 -0.99999945 0.00093097
vn 0.00078673 -0.99999864 0.00145069
vn 0.07093558 -0.98963186 0.12488763
vn 0.00054065 -0.99999943 0.00092100
vn 0.00117194 -0.99999745 0.00192899
vn 0.00093128 -0.99999845 0.00149565
vn 0.00058034 -0.99999942 0.00091201
vn 0.00102159 -0.99999824 0.00157498
vn 0.03959682 0.91808579 0.39439900
vn 0.14283946 0.00436054 0.98973626
vn 0.21162928 -0.00167659 0.97734858
vn 0.26905119 -0.00074735 0.96312559
vn 0.31182087 0.00016560 0.95014089
vn -0.00112701 -0.99999921 0.00055800
vn -0.00211826 -0.99999685 0.00134973
vn -0.83977357 0.00476150 0.54291590
vn -0.23207773 -0.95756767 0.17089202
vn -0.79625062 -0.00011531 0.60496689
vn -0.78465222 -0.00010997 0.61993619
vn -0.40127924 -0.84499669 0.35349054
vn -0.71232475 0.00522240 0.70183059
vn -0.37317450 0.79601989 0.47654289
vn 0.00045596 -0.99999904 0.00130910
vn -0.08685736 0.01738919 0.99606898
vn -0.03879569 0.00965796 0.99920049
vn -0.01687701 0.00606622 0.99983917
vn 0.01015511 -0.00000000 0.99994844
vn 0.04071064 -0.00253739 0.99916776
vn -0.03543952 0.98192189 0.18593937
vn 0.00024208 -0.99999690 0.00247748
vn 0.00025607 -0.99999897 0.00141324
vn 0.00030174 -0.99999898 0.00139274
vn 0.00026452 -0.99999950 0.00096247
vn 0.00052642 -0.99999847 0.00166915
vn -0.00099667 -0.99999930 0.00064355
vn -0.00090825 -0.99999935 0.00069480
vn -0.00082131 -0.99999939 0.00074152
vn -0.19338538 -0.95877552 0.20821048
vn -0.35002305 -0.85030125 0.39302882
vn -0.61248479 -0.00028466 0.79048232
vn -0.51671840 0.00329120 0.85614909
vn -0.20571951 0.88940286 0.40821813
vn -0.10700381 0.00359659 0.99425211
vn -0.07845558 -0.00506074 0.99690476
vn -0.05522513 -0.00023800 0.99847390
vn -0.04575015 -0.00065308 0.99895270
vn -0.02099129 -0.00232536 0.99977695
vn -0.00006733 -0.99999797 0.00201546
vn 0.00002711 -0.99999953 0.00096792
vn 0.00002833 -0.99999953 0.00096796
vn 0.00006393 -0.99999953 0.00096910
vn -0.29911038 0.02867451 0.95378758
vn -0.25146456 0.00673962 0.96784304
vn -0.22120508 -0.00000000 0.97522731
vn -0.19252501 -0.00625791 0.98127211
vn -0.00070269 -0.99999943 0.00079851
vn -0.00066914 -0.99999945 0.00081196
vn -0.00058690 -0.99999947 0.00084492
vn -0.00130022 -0.99999734 0.00190759
vn -0.00054081 -0.99999948 0.00086075
vn -0.00049819 -0.99999949 0.00087501
vn -0.00047597 -0.99999950 0.00088244
vn -0.00235093 -0.99998736 0.00444339
vn -0.40001444 -0.00285455 0.91650439
vn -0.36009810 -0.00009996 0.93291444
vn -0.33068953 0.01291714 0.94365120
vn -0.31237990 0.02315491 0.94967502
vn -0.14562416 -0.00147439 0.98933888
vn -0.00017526 -0.99999860 0.00166298
vn -0.27311141 -0.00061108 0.96198222
vn -0.29053040 -0.00000184 0.95686576
vn -0.24804013 -0.00177399 0.96874813
vn -0.00051516 -0.99999796 0.00195520
vn -0.00018650 -0.99999953 0.00094797
vn -0.00015091 -0.99999953 0.00095329
vn -0.30152717 -0.00503085 0.95344431
vn -0.00042573 -0.99999951 0.00089666
vn -0.00037865 -0.99999951 0.00090943
vn -0.00073884 -0.99999789 0.00191625
vn -0.30757282 -0.00006429 0.95152454
vn -0.00028773 -0.99999953 0.00093006
vn 0.06286978 0.99802067 0.00146036
vn 0.99838016 -0.00213120 0.05685517
vn 0.99875199 -0.00842119 -0.04922958
vn 0.99619582 0.00066224 -0.08714035
vn 0.99707879 0.00304996 0.07631893
vn 0.99591760 -0.08150469 0.03879579
vn 0.97975141 0.01286611 0.19980401
vn 0.99178622 -0.01263615 0.12728091
vn 0.99116343 -0.11896634 -0.05866916
vn 0.99408203 -0.00844411 -0.10830336
vn 0.99246870 0.00391865 -0.12243579
vn 0.94928734 -0.31027708 0.05081025
vn 0.98240860 -0.13773536 0.12610439
vn 0.95924959 -0.00234467 0.28255041
vn 0.97585346 -0.00999878 0.21819726
vn 0.95623895 0.02244458 0.29172472
vn 0.97522291 -0.08894764 0.20255517
vn 0.94677399 -0.31559198 -0.06340908
vn 0.98953722 -0.09563986 -0.10802365
vn 0.98234212 -0.01177223 -0.18672274
vn 0.98937091 0.00419739 -0.14535329
vn 0.87191933 -0.48914424 0.02223936
vn 0.93234809 -0.29788222 0.20492247
vn 0.86441277 -0.46100893 0.20065227
vn 0.94842180 -0.10732595 0.29829050
vn 0.91189685 -0.00823448 0.41033684
vn 0.91455399 0.07173697 0.39805127
vn 0.87798186 -0.47580335 -0.05252646
vn 0.85665308 -0.47375950 -0.20419950
vn 0.93043372 -0.29664644 -0.21516038
vn 0.97677474 -0.10825429 -0.18491110
vn 0.96473646 -0.10686940 -0.24054622
vn 0.96677963 -0.00239095 -0.25560013
vn 0.97124000 0.01466569 -0.23765056
vn 0.70321434 -0.69638078 0.14332972
vn 0.72821974 -0.68473743 0.02882120
vn 0.73237819 -0.67948733 -0.04380818
vn 0.87789006 -0.30872808 0.36605465
vn 0.81425041 -0.47715452 0.33063549
vn 0.68878330 -0.66544726 0.28767605
vn 0.89919850 -0.08602219 0.42900144
vn 0.89182463 0.04720637 0.44991153
vn 0.85421508 -0.00865567 0.51984775
vn 0.71012756 -0.68343253 -0.16923009
vn 0.69356850 -0.68017774 -0.23732042
vn 0.83144060 -0.47707795 -0.28478616
vn 0.89652212 -0.31930876 -0.30706678
vn 0.93830492 -0.08870682 -0.33423791
vn 0.94689841 -0.01013623 -0.32137308
vn 0.91936516 0.03305271 -0.39201432
vn 0.96260694 0.02459688 -0.26978302
vn 0.45054644 -0.87557949 0.17426550
vn 0.48248205 -0.86944240 0.10621198
vn 0.50158978 -0.86487635 0.01991459
vn 0.52278114 -0.84348564 -0.12341745
vn 0.49418474 -0.86886133 -0.02935033
vn 0.84710189 -0.12432533 0.51668326
vn 0.81603216 -0.29794063 0.49530081
vn 0.75240780 -0.47483329 0.45652584
vn 0.60334817 -0.70263839 0.37718733
vn 0.45326458 -0.85142804 0.26385888
vn 0.84226892 0.12663631 0.52397167
vn 0.79973470 0.08434048 0.59439978
vn 0.75187595 -0.00109874 0.65930368
vn 0.76245201 -0.05216024 0.64493895
vn 0.42966749 -0.89094565 -0.14697517
vn 0.45411865 -0.85445047 -0.25237004
vn 0.64039381 -0.68410169 -0.34914274
vn 0.77144249 -0.48871630 -0.40747131
vn 0.82774517 -0.29750071 -0.47574285
vn 0.90908189 -0.13166193 -0.39526606
vn 0.91622261 -0.01009585 -0.40054238
vn 0.87328587 -0.00005822 -0.48720815
vn 0.89197663 0.07519126 -0.44578466
vn 0.24207812 -0.96525721 0.09837020
vn 0.26400897 -0.96276856 0.05810305
vn 0.23100947 -0.96280667 0.14013542
vn 0.26102402 -0.96527747 0.01028945
vn 0.27298149 -0.96188766 -0.01591355
vn 0.26020067 -0.96349044 -0.06310137
vn 0.73986483 -0.16616780 0.65191126
vn 0.72944563 -0.30927044 0.61013184
vn 0.66758450 -0.47743199 0.57130520
vn 0.57903123 -0.64740414 0.49557110
vn 0.38142864 -0.86483990 0.32644163
vn 0.72119079 0.21190680 0.65952964
vn 0.71931257 0.10216326 0.68713324
vn 0.64835552 -0.00404931 0.76132695
vn 0.63922195 -0.05967363 0.76670356
vn 0.64559747 -0.15226960 0.74834342
vn 0.23074919 -0.96958617 -0.08159329
vn 0.25258963 -0.95878518 -0.13011328
vn 0.21237328 -0.96281109 -0.16701018
vn 0.38827608 -0.86952540 -0.30523314
vn 0.57624339 -0.68029587 -0.45292502
vn 0.70914454 -0.45649597 -0.53733178
vn 0.73699535 -0.31398006 -0.59854355
vn 0.77431280 -0.17383310 -0.60845849
vn 0.84331298 -0.13635151 -0.51983795
vn 0.86415043 -0.04544071 -0.50117779
vn 0.78744095 -0.00244120 -0.61638526
vn 0.80849882 0.08256477 -0.58267720
vn 0.09799814 -0.99438746 0.03987405
vn 0.06944561 -0.99746876 0.01527660
vn 0.10570178 -0.99438914 0.00416758
vn 0.19842025 -0.96528655 0.16985667
vn 0.07104977 -0.99561655 0.06082451
vn 0.06438739 -0.99717692 0.03863226
vn 0.07423521 -0.99722810 -0.00502452
vn 0.07910062 -0.99668899 -0.01881877
vn 0.07072592 -0.99727200 -0.02112841
vn 0.63786336 -0.28163551 0.71680665
vn 0.57394776 -0.47488559 0.66713390
vn 0.45520508 -0.71615878 0.52906043
vn 0.17604586 -0.96284964 0.20476432
vn 0.32219517 -0.86947518 0.37443716
vn 0.65247244 0.25856969 0.71233519
vn 0.63822253 0.26818038 0.72163099
vn 0.63671939 0.26917876 0.72258648
vn 0.62232623 0.27859509 0.73150177
vn 0.61274276 0.28472472 0.73720970
vn 0.60886495 0.28717413 0.73946906
vn 0.60320328 0.29071902 0.74271681
vn 0.59327812 0.29684554 0.74826720
vn 0.57433034 0.30824142 0.75837450
vn 0.58843782 0.06972146 0.80553079
vn 0.54850489 -0.00272017 0.83614292
vn 0.53936483 -0.04536915 0.84084911
vn 0.55761626 -0.13615203 0.81885696
vn 0.49968741 -0.30685507 0.81003238
vn 0.10571301 -0.99272444 -0.05764492
vn 0.08803725 -0.99245235 -0.08536843
vn 0.15716125 -0.97293938 -0.16937919
vn 0.33110769 -0.87911617 -0.34281548
vn 0.08088291 -0.99468758 -0.06367555
vn 0.50620666 -0.69147632 -0.51537880
vn 0.62471200 -0.47820301 -0.61729799
vn 0.67337007 -0.28050080 -0.68402635
vn 0.78456638 -0.06418940 -0.61671332
vn 0.70447704 -0.13571356 -0.69663041
vn 0.69422403 -0.04999315 -0.71802067
vn 0.69688488 -0.00266678 -0.71717804
vn 0.75546649 0.09570418 -0.64815977
vn 0.02952932 -0.99949165 0.01201902
vn 0.02200969 -0.99974600 0.00484905
vn 0.03184836 -0.99949191 0.00126719
vn 0.04875674 -0.99715506 0.05748541
vn 0.01971116 -0.99958299 0.02110272
vn 0.01712110 -0.99974585 0.01466664
vn 0.02384933 -0.99959091 0.01578674
vn 0.01172847 -0.99993093 -0.00075424
vn 0.03532514 -0.99934051 -0.00840664
vn 0.02152734 -0.99928432 -0.03110336
vn 0.03460917 -0.99935880 -0.00917578
vn 0.43773923 -0.49598065 0.74992504
vn 0.39997846 -0.66243315 0.63340316
vn 0.25997126 -0.86491426 0.42934633
vn 0.12444388 -0.96967827 0.21032776
vn 0.05139405 -0.99543834 0.08038136
vn 0.55298365 0.32114769 0.76881288
vn 0.52332414 0.34082853 0.78100433
vn 0.50836313 0.35039548 0.78663202
vn 0.48712856 0.36358049 0.79404974
vn 0.48086541 0.36738402 0.79611396
vn 0.46426886 0.37728059 0.80132002
vn 0.47881304 0.13288081 0.86780226
vn 0.44426077 -0.00643543 0.89587441
vn 0.42878843 -0.11535501 0.89600988
vn 0.34898645 -0.29604624 0.88913727
vn 0.31520670 -0.46043652 0.82984513
vn 0.07483726 -0.99151774 -0.10626364
vn 0.12096004 -0.96581290 -0.22929047
vn 0.21203669 -0.92962334 -0.30139821
vn 0.23011450 -0.88274968 -0.40963436
vn 0.36420925 -0.77469641 -0.51691111
vn 0.45044857 -0.62312529 -0.63938327
vn 0.49365428 -0.51385111 -0.70161420
vn 0.53916014 -0.35048117 -0.76581283
vn 0.58442448 -0.19278530 -0.78821434
vn 0.59965199 -0.05497122 -0.79837063
vn 0.66231607 0.23321700 -0.71200228
vn 0.69389143 0.21162593 -0.68827985
vn 0.61150138 -0.00283534 -0.79123828
vn 0.61345729 -0.00054313 -0.78972772
vn 0.63718251 0.12973113 -0.75971592
vn 0.64573464 0.24402179 -0.72351928
vn 0.00022854 -0.99999992 -0.00033402
vn 0.01256624 -0.99970450 0.02080886
vn 0.00147603 -0.99999683 -0.00204097
vn 0.01023220 -0.99993208 -0.00558083
vn 0.00864031 -0.99993941 -0.00682120
vn 0.00685488 -0.99994278 -0.00821230
vn 0.00547973 -0.99994189 -0.00928369
vn 0.00352851 -0.99993541 -0.01080382
vn 0.00181176 -0.99992465 -0.01214122
vn -0.00097494 -0.99931263 -0.03705823
vn -0.00058637 -0.99803274 -0.06269212
vn 0.01723085 -0.99319543 -0.11517785
vn 0.03102069 -0.99503830 -0.09453302
vn 0.05278979 -0.99304417 -0.10524505
vn 0.27286577 -0.69565718 0.66453394
vn 0.10127828 -0.96377179 0.24675220
vn 0.16696890 -0.88242779 0.43982108
vn 0.03501717 -0.99603744 0.08175089
vn 0.42935722 0.39796019 0.81072811
vn 0.41401697 0.40713675 0.81414348
vn 0.39819431 0.41637775 0.81735602
vn 0.40308929 0.17981154 0.89732203
vn 0.36880647 -0.01020309 0.92945020
vn 0.36457006 -0.10142283 0.92563604
vn 0.28255600 -0.10621383 0.95335236
vn 0.14611288 -0.29530247 0.94416496
vn 0.15156379 -0.68061652 0.71679116
vn 0.12320379 -0.41777526 0.90015813
vn 0.07274098 -0.97246595 -0.22140174
vn 0.15763763 -0.87695741 -0.45397806
vn 0.33334006 -0.68982348 -0.64267252
vn 0.42584830 -0.48439628 -0.76420774
vn 0.44783175 -0.29988975 -0.84232586
vn 0.54521380 -0.10817536 -0.83128816
vn 0.54890719 -0.00670267 -0.83585643
vn 0.56327065 0.21630872 -0.79745640
vn -0.00128250 -0.99999752 0.00182028
vn -0.01444787 -0.99989101 -0.00303670
vn -0.02754602 -0.99957586 -0.00945113
vn -0.02719801 -0.99949201 -0.01661274
vn -0.02094432 -0.99958626 -0.01971410
vn -0.01429340 -0.99974608 -0.01742031
vn -0.01544740 -0.99958342 -0.02437941
vn -0.01103986 -0.99949129 -0.02992138
vn -0.00273828 -0.99989448 -0.01426675
vn 0.01036725 -0.99949675 0.02997957
vn -0.01411517 -0.99654032 -0.08190326
vn -0.00462249 -0.96279480 -0.27019403
vn 0.04882089 -0.95883987 -0.27971885
vn 0.10583142 -0.86627201 0.48823408
vn 0.05795352 -0.96367590 0.26071085
vn 0.01895694 -0.99648657 0.08157904
vn 0.34748814 0.44537611 0.82516187
vn 0.32455345 0.45844335 0.82734198
vn 0.31662636 0.25198488 0.91446781
vn 0.28610072 -0.00546442 0.95818397
vn 0.20698455 -0.00916393 0.97830129
vn 0.18387165 -0.09544988 0.97830493
vn 0.15008542 -0.21442030 0.96514160
vn -0.99816643 -0.01224286 0.05927810
vn 0.13654630 -0.26248330 0.95522648
vn 0.13324007 -0.27393164 0.95247496
vn 0.11568707 -0.33293018 0.93582797
vn 0.10316921 -0.38764920 0.91601540
vn 0.03273953 -0.86752750 0.49631055
vn 0.06889972 -0.65345405 0.75382401
vn 0.08699933 -0.41949862 0.90357735
vn 0.08868061 -0.52789110 0.84466960
vn 0.07215184 -0.85447472 -0.51445802
vn 0.20887544 -0.68106045 -0.70180318
vn 0.29831468 -0.47546370 -0.82761260
vn 0.27975978 -0.31335866 -0.90749150
vn 0.35827853 -0.12017617 -0.92584782
vn 0.43458080 -0.08078209 -0.89700267
vn 0.50818997 0.23090829 -0.82971339
vn 0.44022722 -0.00522319 -0.89787121
vn 0.00555356 -0.99962712 0.02673543
vn 0.00105424 -0.99932527 0.03671356
vn -0.00232849 -0.99987389 0.01570945
vn -0.00471499 -0.99989299 0.01384839
vn -0.00716418 -0.99990307 0.01193827
vn -0.00903368 -0.99990428 0.01048013
vn -0.01135343 -0.99989795 0.00867069
vn -0.01340409 -0.99988516 0.00707101
vn -0.03536674 -0.99933199 0.00920730
vn -0.02772886 -0.99960731 0.00404220
vn -0.03446078 -0.99940553 -0.00101743
vn -0.07951054 -0.99669904 -0.01640400
vn -0.12790694 -0.99080566 -0.04409030
vn -0.06916903 -0.99670879 -0.04227564
vn -0.06908168 -0.99601974 -0.05632399
vn -0.05938557 -0.99561911 -0.07222142
vn -0.03714164 -0.99715567 -0.06558260
vn -0.03656493 -0.99438664 -0.09928858
vn -0.05830287 -0.96353626 -0.26114873
vn -0.08436572 -0.88170521 -0.46419645
vn -0.01979566 -0.85337531 -0.52092102
vn 0.00935590 -0.95609331 0.29291304
vn 0.00180383 -0.99669301 0.08123912
vn 0.26453164 0.49150391 0.82972701
vn 0.22770646 0.51137220 0.82864241
vn 0.20793305 0.05630574 0.97652113
vn 0.20507707 -0.00173873 0.97874428
vn 0.18144687 -0.04024375 0.98257696
vn 0.19003337 -0.05635075 0.98015913
vn 0.17747281 -0.07309965 0.98140707
vn 0.16963151 -0.11574740 0.97868672
vn 0.16878366 -0.12024413 0.97829107
vn 0.15863212 -0.17250214 0.97215167
vn -0.01912588 -0.76972574 0.63808815
vn -0.18097950 -0.81182514 0.55514535
vn -0.20468314 -0.83144244 0.51653488
vn -0.27539422 -0.87955608 0.38799372
vn -0.09378355 -0.92412803 0.37039443
vn 0.04998701 -0.55258874 0.83195371
vn 0.00075806 -0.58179859 0.81333254
vn -0.02745555 -0.62521864 0.77996656
vn -0.09750835 -0.72332104 0.68359257
vn -0.00237093 -0.70443431 -0.70976523
vn 0.09543491 -0.66208573 -0.74332676
vn 0.14101773 -0.46122747 -0.87600412
vn 0.14081562 -0.29857722 -0.94393994
vn 0.23290428 -0.10759062 -0.96652980
vn 0.35047271 -0.01135919 -0.93650406
vn 0.41338913 0.38775712 -0.82386518
vn 0.39875914 0.20502597 -0.89384311
vn -0.02668433 -0.99908848 0.03331892
vn -0.05524187 -0.99831782 0.01760289
vn -0.06137902 -0.99807434 0.00895659
vn -0.07391601 -0.99726211 -0.00217165
vn -0.27244021 -0.96088832 -0.04969885
vn -0.24315753 -0.96530316 -0.09520626
vn -0.21924510 -0.96720806 -0.12821915
vn -0.21314930 -0.95908953 -0.18631867
vn -0.16593270 -0.96528642 -0.20171383
vn -0.13466451 -0.96280472 -0.23424887
vn -0.09023917 -0.96530276 -0.24504588
vn -0.17344213 -0.86494469 -0.47094428
vn -0.13959239 -0.68046082 -0.71936572
vn -0.13231823 -0.98688782 0.09243542
vn -0.01126201 -0.98553813 0.16907913
vn -0.37402350 -0.90555432 0.20019441
vn -0.01368293 -0.99054862 0.13647784
vn 0.15194113 0.32272361 0.93421805
vn 0.16529804 0.03614078 0.98558125
vn -0.02623686 -0.49068766 -0.87094044
vn 0.00039719 -0.31257123 -0.94989424
vn 0.05797342 -0.13774891 -0.98876909
vn 0.13500741 -0.08933065 -0.98680952
vn 0.15087894 -0.00994198 -0.98850225
vn 0.21694126 -0.00216760 -0.97618225
vn 0.22075730 0.37303647 -0.90117146
vn 0.27691058 0.46624266 -0.84020135
vn 0.30848006 0.44836304 -0.83893423
vn -0.02761557 -0.99625482 0.08193722
vn -0.03765893 -0.99731770 0.06276319
vn -0.04131605 -0.99758869 0.05576554
vn -0.05050843 -0.99799513 0.03813936
vn -0.05524507 -0.99805054 0.02903609
vn -0.91617657 -0.39226065 -0.08217101
vn -0.45824846 -0.86770897 -0.19258631
vn -0.41894199 -0.86614811 -0.27253452
vn -0.38819036 -0.85279144 -0.34936372
vn -0.30009799 -0.87621187 -0.37708613
vn -0.24612797 -0.86950764 -0.42822597
vn -0.36538445 -0.68027188 -0.63539308
vn -0.25192566 -0.68449019 -0.68411011
vn -0.29766663 -0.50804383 -0.80826112
vn -0.18455342 -0.45601514 -0.87062634
vn 0.08167009 0.53024411 0.84390235
vn 0.06743209 0.12426733 0.98995482
vn 0.06450268 0.11913203 0.99078099
vn 0.10937923 0.07448835 0.99120516
vn 0.11375761 0.07009314 0.99103287
vn 0.12495954 0.05881572 0.99041700
vn 0.13891981 0.04469566 0.98929449
vn -0.16093030 -0.29734659 -0.94110916
vn -0.05251903 -0.10747769 -0.99281937
vn 0.05877288 -0.01268002 -0.99819085
vn 0.10759953 0.13990321 -0.98430149
vn 0.16845679 0.52498778 -0.83427222
vn -0.92314249 -0.37365363 -0.09050361
vn -0.62556600 -0.73544727 -0.26035455
vn -0.66581379 -0.64128505 -0.38137314
vn -0.89242137 -0.43209597 -0.12991212
vn -0.54457653 -0.70385527 -0.45609666
vn -0.48045404 -0.68152565 -0.55198434
vn -0.43006562 -0.45645099 -0.77890696
vn -0.54019324 -0.47497365 -0.69468791
vn -0.32783757 -0.31938379 -0.88910996
vn 0.04359381 0.53194459 0.84565627
vn 0.00709036 0.19433561 0.98090947
vn 0.00151892 0.17857747 0.98392468
vn -0.27178376 -0.11848117 -0.95503707
vn -0.14766939 -0.08103752 -0.98571125
vn -0.03734662 -0.00604639 -0.99928408
vn 0.00545192 0.60880634 -0.79330015
vn -0.95873441 -0.26619073 -0.09985402
vn -0.95914265 -0.26448806 -0.10045618
vn -0.96339699 -0.24578780 -0.10702619
vn -0.89300490 -0.38351978 -0.23548850
vn -0.95261201 -0.29016146 -0.09130541
vn -0.75070192 -0.48588498 -0.44761860
vn -0.66644169 -0.47473699 -0.57487413
vn -0.48290488 -0.31180785 -0.81827791
vn -0.61692066 -0.28664928 -0.73296732
vn -0.41015277 -0.11580192 -0.90463507
vn -0.34531778 -0.10161425 -0.93296848
vn 0.01236839 0.92763995 0.37327089
vn -0.22023081 0.37527752 0.90036947
vn -0.11017692 0.27471284 0.95519312
vn -0.09757366 0.26370121 0.95965674
vn -0.34696852 -0.01310548 -0.93778521
vn -0.26673577 -0.00695698 -0.96374459
vn -0.15162729 -0.00615556 -0.98841857
vn -0.10773516 0.25313997 -0.96141213
vn 0.00525168 0.60890911 -0.79322262
vn -0.97402599 -0.18199462 -0.13472684
vn -0.79545052 -0.30686056 -0.52258499
vn -0.97986187 -0.13552195 -0.14664422
vn -0.91158474 -0.25520144 -0.32231270
vn -0.72550568 -0.29834064 -0.62018898
vn -0.54292345 -0.15220554 -0.82587384
vn -0.70747335 -0.15225429 -0.69014498
vn -0.62782470 -0.15261795 -0.76324564
vn -0.42301973 -0.00200620 -0.90611825
vn -0.52091941 -0.04495855 -0.85242108
vn 0.01182214 0.92798177 0.37243800
vn -0.26295918 0.42513374 0.86609109
vn -0.01826569 0.72461563 0.68891114
vn -0.30056086 0.44781191 -0.84209718
vn -0.20518736 0.52888503 -0.82351611
vn -0.13988667 0.67859341 -0.72107053
vn -0.13704565 0.67729036 -0.72283903
vn -0.09501716 0.65709620 -0.74779431
vn -0.83218328 -0.10640215 -0.54419626
vn -0.81073140 -0.11603196 -0.57380413
vn -0.98543437 -0.09018797 -0.14417084
vn -0.98582313 -0.08372433 -0.14540632
vn -0.93979702 -0.12854433 -0.31663530
vn -0.63404109 -0.06417546 -0.77063182
vn -0.73814577 -0.04497414 -0.67314051
vn -0.53550170 -0.00208147 -0.84453158
vn -0.43866507 0.54151296 -0.71717270
vn -0.28240591 0.74216590 -0.60781303
vn -0.62045317 -0.00218349 -0.78424046
vn -0.47200391 0.51291172 0.71703129
vn -0.04103841 0.90341514 0.42679846
vn -0.84025586 -0.00323088 -0.54218046
vn -0.98837372 -0.04786760 -0.14431248
vn -0.98876330 -0.02594706 -0.14722051
vn -0.93949737 -0.03528915 -0.34073358
vn -0.80914077 -0.00732995 -0.58756913
vn -0.72653061 -0.00109371 -0.68713323
vn -0.36998984 0.77845217 -0.50706975
vn -0.58130016 0.55261365 -0.59725060
vn -0.49888856 0.56897729 0.65373928
vn -0.05765015 0.95018193 0.30631806
vn -0.98946225 0.00006621 -0.14479103
vn -0.96921070 0.00079277 -0.24623157
vn -0.83112423 0.16437772 -0.53123675
vn -0.47698705 0.82138112 -0.31275615
vn -0.66024333 0.57925818 -0.47805722
vn -0.43143754 0.80347207 -0.41023686
vn -0.67430439 0.57503789 0.46329798
vn -0.02297791 0.99614853 0.08461749
vn -0.66900733 0.61832067 0.41244240
vn -0.99212760 0.01100482 -0.12474659
vn -0.17029493 0.98137063 -0.08894565
vn -0.99167350 0.02360729 -0.12659529
vn -0.05749213 0.98238623 0.17779749
vn -0.73744798 0.61814366 0.27215599
vn -0.75915232 0.57574216 0.30365890
vn -0.21078652 0.97322558 -0.09165702
vn -0.98789932 0.07103522 -0.13787285
vn -0.01532549 0.99908721 0.03987327
vn -0.72855375 0.66364174 0.16967342
vn -0.80716091 0.55606466 0.19820031
vn -0.79540246 0.55734333 0.23812464
vn -0.22353264 0.97184719 -0.07447280
vn -0.99703965 0.04219899 -0.06427420
vn -0.01595745 0.99913762 0.03833243
vn -0.03528779 0.99712854 0.06700333
vn -0.46349697 0.88103533 0.09459020
vn -0.08717133 0.99605816 -0.01641039
vn -0.99706337 0.05329114 -0.05499721
vn -0.99703741 0.05600459 -0.05272463
vn -0.99687467 0.06452211 -0.04558289
vn -0.99667738 0.07075358 -0.04035013
vn -0.98325909 0.16960854 -0.06659214
vn -0.01483932 0.99953742 0.02654698
vn -0.01554247 0.99957437 0.02468837
vn -0.01595510 0.99959421 0.02359758
vn -0.01610749 0.99960120 0.02319472
vn -0.01705972 0.99964065 0.02067708
vn -0.01738323 0.99965240 0.01982162
vn -0.01744975 0.99965472 0.01964573
vn -0.01813205 0.99967641 0.01784132
vn -0.01856032 0.99968812 0.01670859
vn -0.01877671 0.99969348 0.01613624
vn -0.01926450 0.99970420 0.01484591
vn -0.01979969 0.99971376 0.01343008
vn -0.02004191 0.99971734 0.01278922
vn -0.02068551 0.99972456 0.01108630
vn -0.02084700 0.99972586 0.01065896
vn -0.02095129 0.99972658 0.01038299
vn -0.02120040 0.99972796 0.00972376
vn -0.02163520 0.99972917 0.00857309
vn -0.02189127 0.99972918 0.00789534
vn -0.02208074 0.99972885 0.00739386
vn -0.02240528 0.99972761 0.00653483
vn -0.02290105 0.99972410 0.00522244
vn -0.02302410 0.99972292 0.00489670
vn -0.02309225 0.99972221 0.00471628
vn -0.02322417 0.99972074 0.00436702
vn -0.02358361 0.99971603 0.00341539
vn -0.03588539 0.99935509 0.00128232
vn -0.99574025 0.09218423 0.00184752
vn -0.30048638 0.95312189 -0.03558932
vn -0.99741499 0.06858983 -0.02141886
vn -0.02419771 0.99970719 -0.00005740
vn -0.99528630 0.09600708 -0.01370495
vn -0.99702034 0.07575840 -0.01452972
f 1//1 2//2 3//3
f 1//1 3//3 4//4
f 1//1 4//4 5//5
f 1//1 5//5 6//6
f 1//1 6//6 2//2
f 2//2 7//7 8//8
f 2//2 8//8 9//9
f 2//2 9//9 3//3
f 2//2 6//6 10//10
f 2//2 10//10 7//7
f 3//3 9//9 11//11
f 3//3 11//11 4//4
f 4//4 12//12 13//13
f 4//4 13//13 5//5
f 4//4 11//11 12//12
f 5//5 13//13 14//14
f 5//5 14//14 6//6
f 6//6 14//14 15//15
f 6//6 15//15 16//16
f 6//6 16//16 10//10
f 7//7 17//17 18//18
f 7//7 18//18 19//19
f 7//7 19//19 8//8
f 7//7 10//10 20//20
f 7//7 20//20 21//21
f 7//7 21//21 17//17
f 8//8 19//19 22//22
f 8//8 22//22 23//23
f 8//8 23//23 9//9
f 9//9 23//23 24//24
f 9//9 24//24 11//11
f 10//10 16//16 25//25
f 10//10 25//25 20//20
f 11//11 24//24 26//26
f 11//11 26//26 12//12
f 12//12 27//27 28//28
f 12//12 28//28 29//29
f 12//12 29//29 30//30
f 12//12 30//30 31//31
f 12//12 31//31 32//32
f 12//12 32//32 33//33
f 12//12 33//33 34//34
f 12//12 34//34 35//35
f 12//12 35//35 36//36
f 12//12 36//36 37//37
f 12//12 37//37 38//38
f 12//12 38//38 39//39
f 12//12 39//39 40//40
f 12//12 40//40 41//41
f 12//12 41//41 42//42
f 12//12 42//42 43//43
f 12//12 43//43 44//44
f 12//12 44//44 45//45
f 12//12 45//45 46//46
f 12//12 46//46 47//47
f 12//12 47//47 13//13
f 12//12 26//26 48//48
f 12//12 48//48 49//49
f 12//12 49//49 50//50
f 12//12 50//50 51//51
f 12//12 51//51 52//52
f 12//12 52//52 53//53
f 12//12 53//53 54//54
f 12//12 54//54 142//142
f 12//12 142//142 201//201
f 12//12 201//201 200//200
f 12//12 200//200 199//199
f 12//12 199//199 198//198
f 12//12 198//198 197//197
f 12//12 197//197 196//196
f 12//12 196//196 195//195
f 12//12 195//195 194//194
f 12//12 194//194 193//193
f 12//12 193//193 192//192
f 12//12 192//192 191//191
f 12//12 191//191 242//242
f 12//12 242//242 281//281
f 12//12 281//281 317//317
f 12//12 317//317 358//358
f 12//12 358//358 402//402
f 12//12 402//402 404//404
f 12//12 404//404 449//449
f 12//12 449//449 507//507
f 12//12 507//507 493//493
f 12//12 493//493 548//548
f 12//12 548//548 549//549
f 12//12 549//549 505//505
f 12//12 505//505 557//557
f 12//12 557//557 556//556
f 12//12 556//556 595//595
f 12//12 595//595 634//634
f 12//12 634//634 668//668
f 12//12 668//668 673//673
f 12//12 673//673 703//703
f 12//12 703//703 718//718
f 12//12 718//718 721//721
f 12//12 721//721 720//720
f 12//12 720//720 728//728
f 12//12 728//728 727//727
f 12//12 727//727 729//729
f 12//12 729//729 724//724
f 12//12 724//724 722//722
f 12//12 722//722 711//711
f 12//12 711//711 684//684
f 12//12 684//684 683//683
f 12//12 683//683 655//655
f 12//12 655//655 654//654
f 12//12 654//654 652//652
f 12//12 652//652 619//619
f 12//12 619//619 583//583
f 12//12 583//583 580//580
f 12//12 580//580 535//535
f 12//12 535//535 534//534
f 12//12 534//534 486//486
f 12//12 486//486 533//533
f 12//12 533//533 532//532
f 12//12 532//532 531//531
f 12//12 531//531 477//477
f 12//12 477//477 476//476
f 12//12 476//476 428//428
f 12//12 428//428 385//385
f 12//12 385//385 336//336
f 12//12 336//336 294//294
f 12//12 294//294 256//256
f 12//12 256//256 214//214
f 12//12 214//214 155//155
f 12//12 155//155 85//85
f 12//12 85//85 84//84
f 12//12 84//84 83//83
f 12//12 83//83 82//82
f 12//12 82//82 81//81
f 12//12 81//81 80//80
f 12//12 80//80 79//79
f 12//12 79//79 78//78
f 12//12 78//78 77//77
f 12//12 77//77 76//76
f 12//12 76//76 75//75
f 12//12 75//75 74//74
f 12//12 74//74 73//73
f 12//12 73//73 72//72
f 12//12 72//72 71//71
f 12//12 71//71 70//70
f 12//12 70//70 68//68
f 12//12 68//68 27//27
f 13//13 55//55 15//15
f 13//13 15//15 14//14
f 13//13 47//47 55//55
f 15//15 55//55 16//16
f 16//16 55//55 56//56
f 16//16 56//56 25//25
f 17//17 57//57 58//58
f 17//17 58//58 18//18
f 17//17 21//21 59//59
f 17//17 59//59 57//57
f 18//18 58//58 60//60
f 18//18 60//60 61//61
f 18//18 61//61 19//19
f 19//19 61//61 22//22
f 20//20 25//25 62//62
f 20//20 62//62 21//21
f 21//21 62//62 63//63
f 21//21 63//63 59//59
f 22//22 61//61 64//64
f 22//22 64//64 65//65
f 22//22 65//65 23//23
f 23//23 65//65 24//24
f 24//24 65//65 26//26
f 25//25 56//56 66//66
f 25//25 66//66 62//62
f 26//26 65//65 67//67
f 26//26 67//67 48//48
f 27//27 68//68 69//69
f 27//27 69//69 28//28
f 28//28 69//69 68//68
f 28//28 68//68 70//70
f 28//28 70//70 71//71
f 28//28 71//71 72//72
f 28//28 72//72 73//73
f 28//28 73//73 29//29
f 29//29 73//73 74//74
f 29//29 74//74 75//75
f 29//29 75//75 76//76
f 29//29 76//76 30//30
f 30//30 76//76 77//77
f 30//30 77//77 31//31
f 31//31 77//77 78//78
f 31//31 78//78 79//79
f 31//31 79//79 80//80
f 31//31 80//80 81//81
f 31//31 81//81 32//32
f 32//32 82//82 33//33
f 32//32 81//81 82//82
f 33//33 82//82 83//83
f 33//33 83//83 84//84
f 33//33 84//84 34//34
f 34//34 84//84 85//85
f 34//34 85//85 35//35
f 35//35 85//85 36//36
f 36//36 85//85 37//37
f 37//37 85//85 38//38
f 38//38 86//86 87//87
f 38//38 87//87 88//88
f 38//38 88//88 39//39
f 38//38 85//85 89//89
f 38//38 89//89 86//86
f 39//39 88//88 90//90
f 39//39 90//90 91//91
f 39//39 91//91 92//92
f 39//39 92//92 40//40
f 40//40 92//92 93//93
f 40//40 93//93 41//41
f 41//41 93//93 94//94
f 41//41 94//94 95//95
f 41//41 95//95 96//96
f 41//41 96//96 97//97
f 41//41 97//97 42//42
f 42//42 97//97 98//98
f 42//42 98//98 99//99
f 42//42 99//99 100//100
f 42//42 100//100 101//101
f 42//42 101//101 43//43
f 43//43 101//101 102//102
f 43//43 102//102 103//103
f 43//43 103//103 104//104
f 43//43 104//104 105//105
f 43//43 105//105 44//44
f 44//44 105//105 106//106
f 44//44 106//106 107//107
f 44//44 107//107 108//108
f 44//44 108//108 45//45
f 45//45 108//108 109//109
f 45//45 109//109 110//110
f 45//45 110//110 46//46
f 46//46 111//111 112//112
f 46//46 112//112 47//47
f 46//46 110//110 111//111
f 47//47 112//112 113//113
f 47//47 113//113 114//114
f 47//47 114//114 55//55
f 48//48 67//67 115//115
f 48//48 115//115 116//116
f 48//48 116//116 117//117
f 48//48 117//117 49//49
f 49//49 117//117 118//118
f 49//49 118//118 119//119
f 49//49 119//119 50//50
f 50//50 119//119 120//120
f 50//50 120//120 121//121
f 50//50 121//121 51//51
f 51//51 121//121 122//122
f 51//51 122//122 123//123
f 51//51 123//123 124//124
f 51//51 124//124 52//52
f 52//52 124//124 125//125
f 52//52 125//125 126//126
f 52//52 126//126 53//53
f 53//53 126//126 127//127
f 53//53 127//127 128//128
f 53//53 128//128 129//129
f 53//53 129//129 54//54
f 54//54 129//129 130//130
f 54//54 130//130 131//131
f 54//54 131//131 132//132
f 54//54 132//132 133//133
f 54//54 133//133 134//134
f 54//54 134//134 135//135
f 54//54 135//135 136//136
f 54//54 136//136 137//137
f 54//54 137//137 138//138
f 54//54 138//138 139//139
f 54//54 139//139 140//140
f 54//54 140//140 141//141
f 54//54 141//141 142//142
f 55//55 114//114 56//56
f 56//56 113//113 143//143
f 56//56 143//143 66//66
f 56//56 114//114 113//113
f 57//57 144//144 58//58
f 57//57 59//59 144//144
f 58//58 144//144 145//145
f 58//58 145//145 146//146
f 58//58 146//146 60//60
f 59//59 63//63 147//147
f 59//59 147//147 148//148
f 59//59 148//148 144//144
f 60//60 146//146 149//149
f 60//60 149//149 150//150
f 60//60 150//150 61//61
f 61//61 150//150 64//64
f 62//62 66//66 151//151
f 62//62 151//151 63//63
f 63//63 151//151 152//152
f 63//63 152//152 147//147
f 64//64 150//150 153//153
f 64//64 153//153 115//115
f 64//64 115//115 65//65
f 65//65 115//115 67//67
f 66//66 143//143 154//154
f 66//66 154//154 151//151
f 85//85 86//86 89//89
f 85//85 155//155 156//156
f 85//85 156//156 157//157
f 85//85 157//157 158//158
f 85//85 158//158 86//86
f 86//86 158//158 159//159
f 86//86 159//159 87//87
f 87//87 90//90 88//88
f 87//87 159//159 90//90
f 90//90 159//159 160//160
f 90//90 160//160 91//91
f 91//91 160//160 92//92
f 92//92 161//161 93//93
f 92//92 160//160 161//161
f 93//93 161//161 94//94
f 94//94 161//161 162//162
f 94//94 162//162 163//163
f 94//94 163//163 96//96
f 94//94 96//96 95//95
f 96//96 163//163 164//164
f 96//96 164//164 98//98
f 96//96 98//98 97//97
f 98//98 164//164 165//165
f 98//98 165//165 100//100
f 98//98 100//100 99//99
f 100//100 165//165 166//166
f 100//100 166//166 102//102
f 100//100 102//102 101//101
f 102//102 166//166 167//167
f 102//102 167//167 168//168
f 102//102 168//168 104//104
f 102//102 104//104 103//103
f 104//104 168//168 105//105
f 105//105 168//168 106//106
f 106//106 169//169 170//170
f 106//106 170//170 108//108
f 106//106 108//108 107//107
f 106//106 168//168 171//171
f 106//106 171//171 169//169
f 108//108 170//170 109//109
f 109//109 170//170 110//110
f 110//110 170//170 172//172
f 110//110 172//172 111//111
f 111//111 172//172 143//143
f 111//111 143//143 112//112
f 112//112 143//143 113//113
f 115//115 153//153 116//116
f 116//116 153//153 173//173
f 116//116 173//173 118//118
f 116//116 118//118 117//117
f 118//118 174//174 175//175
f 118//118 175//175 119//119
f 118//118 173//173 174//174
f 119//119 175//175 120//120
f 120//120 176//176 122//122
f 120//120 122//122 121//121
f 120//120 175//175 177//177
f 120//120 177//177 176//176
f 122//122 178//178 123//123
f 122//122 176//176 178//178
f 123//123 179//179 125//125
f 123//123 125//125 124//124
f 123//123 178//178 179//179
f 125//125 180//180 126//126
f 125//125 179//179 180//180
f 126//126 181//181 128//128
f 126//126 128//128 127//127
f 126//126 180//180 181//181
f 128//128 182//182 183//183
f 128//128 183//183 129//129
f 128//128 181//181 182//182
f 129//129 183//183 184//184
f 129//129 184//184 185//185
f 129//129 185//185 130//130
f 130//130 185//185 131//131
f 131//131 185//185 186//186
f 131//131 186//186 187//187
f 131//131 187//187 188//188
f 131//131 188//188 189//189
f 131//131 189//189 132//132
f 132//132 189//189 190//190
f 132//132 190//190 191//191
f 132//132 191//191 133//133
f 133//133 191//191 134//134
f 134//134 191//191 135//135
f 135//135 191//191 192//192
f 135//135 192//192 193//193
f 135//135 193//193 194//194
f 135//135 194//194 136//136
f 136//136 194//194 195//195
f 136//136 195//195 196//196
f 136//136 196//196 137//137
f 137//137 196//196 197//197
f 137//137 197//197 198//198
f 137//137 198//198 138//138
f 138//138 198//198 199//199
f 138//138 199//199 200//200
f 138//138 200//200 139//139
f 139//139 200//200 201//201
f 139//139 201//201 140//140
f 140//140 201//201 141//141
f 141//141 201//201 142//142
f 143//143 172//172 154//154
f 144//144 202//202 203//203
f 144//144 203//203 145//145
f 144//144 148//148 204//204
f 144//144 204//204 202//202
f 145//145 203//203 205//205
f 145//145 205//205 146//146
f 146//146 205//205 206//206
f 146//146 206//206 149//149
f 147//147 207//207 148//148
f 147//147 152//152 208//208
f 147//147 208//208 207//207
f 148//148 207//207 204//204
f 149//149 206//206 209//209
f 149//149 209//209 210//210
f 149//149 210//210 150//150
f 150//150 210//210 153//153
f 151//151 154//154 211//211
f 151//151 211//211 152//152
f 152//152 211//211 212//212
f 152//152 212//212 208//208
f 153//153 210//210 173//173
f 154//154 172//172 213//213
f 154//154 213//213 211//211
f 155//155 214//214 215//215
f 155//155 215//215 156//156
f 156//156 216//216 217//217
f 156//156 217//217 158//158
f 156//156 158//158 157//157
f 156//156 215//215 218//218
f 156//156 218//218 216//216
f 158//158 217//217 159//159
f 159//159 217//217 160//160
f 160//160 217//217 219//219
f 160//160 219//219 162//162
f 160//160 162//162 161//161
f 162//162 219//219 220//220
f 162//162 220//220 163//163
f 163//163 220//220 221//221
f 163//163 221//221 164//164
f 164//164 221//221 222//222
f 164//164 222//222 165//165
f 165//165 223//223 166//166
f 165//165 222//222 223//223
f 166//166 223//223 224//224
f 166//166 224//224 167//167
f 167//167 224//224 225//225
f 167//167 225//225 171//171
f 167//167 171//171 168//168
f 169//169 171//171 226//226
f 169//169 226//226 227//227
f 169//169 227//227 213//213
f 169//169 213//213 170//170
f 170//170 213//213 172//172
f 171//171 225//225 226//226
f 173//173 210//210 228//228
f 173//173 228//228 174//174
f 174//174 228//228 229//229
f 174//174 229//229 177//177
f 174//174 177//177 175//175
f 176//176 177//177 230//230
f 176//176 230//230 231//231
f 176//176 231//231 178//178
f 177//177 229//229 230//230
f 178//178 231//231 232//232
f 178//178 232//232 179//179
f 179//179 232//232 233//233
f 179//179 233//233 180//180
f 180//180 233//233 234//234
f 180//180 234//234 181//181
f 181//181 234//234 235//235
f 181//181 235//235 182//182
f 182//182 236//236 183//183
f 182//182 235//235 237//237
f 182//182 237//237 236//236
f 183//183 236//236 184//184
f 184//184 236//236 185//185
f 185//185 187//187 186//186
f 185//185 236//236 238//238
f 185//185 238//238 187//187
f 187//187 238//238 188//188
f 188//188 238//238 189//189
f 189//189 238//238 239//239
f 189//189 239//239 240//240
f 189//189 240//240 191//191
f 189//189 191//191 190//190
f 191//191 240//240 239//239
f 191//191 239//239 241//241
f 191//191 241//241 242//242
f 202//202 243//243 203//203
f 202//202 204//204 243//243
f 203//203 243//243 244//244
f 203//203 244//244 245//245
f 203//203 245//245 246//246
f 203//203 246//246 247//247
f 203//203 247//247 205//205
f 204//204 207//207 248//248
f 204//204 248//248 249//249
f 204//204 249//249 244//244
f 204//204 244//244 243//243
f 205//205 247//247 250//250
f 205//205 250//250 206//206
f 206//206 250//250 251//251
f 206//206 251//251 209//209
f 207//207 208//208 252//252
f 207//207 252//252 248//248
f 208//208 212//212 253//253
f 208//208 253//253 252//252
f 209//209 251//251 254//254
f 209//209 254//254 228//228
f 209//209 228//228 210//210
f 211//211 213//213 227//227
f 211//211 227//227 212//212
f 212//212 227//227 255//255
f 212//212 255//255 253//253
f 214//214 256//256 257//257
f 214//214 257//257 258//258
f 214//214 258//258 259//259
f 214//214 259//259 260//260
f 214//214 260//260 215//215
f 215//215 260//260 258//258
f 215//215 258//258 218//218
f 216//216 218//218 261//261
f 216//216 261//261 262//262
f 216//216 262//262 219//219
f 216//216 219//219 217//217
f 218//218 258//258 261//261
f 219//219 262//262 220//220
f 220//220 262//262 263//263
f 220//220 263//263 221//221
f 221//221 263//263 264//264
f 221//221 264//264 222//222
f 222//222 264//264 265//265
f 222//222 265//265 223//223
f 223//223 265//265 266//266
f 223//223 266//266 224//224
f 224//224 266//266 267//267
f 224//224 267//267 225//225
f 225//225 267//267 268//268
f 225//225 268//268 269//269
f 225//225 269//269 226//226
f 226//226 269//269 255//255
f 226//226 255//255 227//227
f 228//228 254//254 229//229
f 229//229 270//270 230//230
f 229//229 254//254 271//271
f 229//229 271//271 270//270
f 230//230 270//270 272//272
f 230//230 272//272 231//231
f 231//231 272//272 273//273
f 231//231 273//273 232//232
f 232//232 274//274 233//233
f 232//232 273//273 274//274
f 233//233 275//275 234//234
f 233//233 274//274 275//275
f 234//234 275//275 276//276
f 234//234 276//276 235//235
f 235//235 277//277 237//237
f 235//235 276//276 277//277
f 236//236 237//237 278//278
f 236//236 278//278 238//238
f 237//237 277//277 279//279
f 237//237 279//279 278//278
f 238//238 278//278 239//239
f 239//239 278//278 280//280
f 239//239 280//280 241//241
f 241//241 280//280 242//242
f 242//242 280//280 281//281
f 244//244 282//282 245//245
f 244//244 249//249 282//282
f 245//245 282//282 283//283
f 245//245 283//283 284//284
f 245//245 284//284 246//246
f 246//246 284//284 285//285
f 246//246 285//285 286//286
f 246//246 286//286 287//287
f 246//246 287//287 247//247
f 247//247 287//287 250//250
f 248//248 288//288 249//249
f 248//248 252//252 289//289
f 248//248 289//289 288//288
f 249//249 288//288 290//290
f 249//249 290//290 283//283
f 249//249 283//283 282//282
f 250//250 287//287 291//291
f 250//250 291//291 251//251
f 251//251 291//291 271//271
f 251//251 271//271 254//254
f 252//252 253//253 292//292
f 252//252 292//292 289//289
f 253//253 255//255 293//293
f 253//253 293//293 292//292
f 255//255 269//269 293//293
f 256//256 294//294 257//257
f 257//257 295//295 258//258
f 257//257 294//294 296//296
f 257//257 296//296 297//297
f 257//257 297//297 295//295
f 258//258 260//260 259//259
f 258//258 295//295 261//261
f 261//261 295//295 298//298
f 261//261 298//298 262//262
f 262//262 298//298 263//263
f 263//263 298//298 299//299
f 263//263 299//299 264//264
f 264//264 299//299 300//300
f 264//264 300//300 265//265
f 265//265 300//300 301//301
f 265//265 301//301 302//302
f 265//265 302//302 266//266
f 266//266 302//302 303//303
f 266//266 303//303 267//267
f 267//267 303//303 304//304
f 267//267 304//304 268//268
f 268//268 304//304 305//305
f 268//268 305//305 293//293
f 268//268 293//293 269//269
f 270//270 306//306 272//272
f 270//270 271//271 307//307
f 270//270 307//307 306//306
f 271//271 291//291 307//307
f 272//272 306//306 308//308
f 272//272 308//308 273//273
f 273//273 308//308 309//309
f 273//273 309//309 274//274
f 274//274 310//310 275//275
f 274//274 309//309 311//311
f 274//274 311//311 310//310
f 275//275 310//310 312//312
f 275//275 312//312 276//276
f 276//276 312//312 313//313
f 276//276 313//313 277//277
f 277//277 313//313 314//314
f 277//277 314//314 279//279
f 278//278 279//279 280//280
f 279//279 314//314 315//315
f 279//279 315//315 280//280
f 280//280 315//315 316//316
f 280//280 316//316 281//281
f 281//281 316//316 318//318
f 281//281 318//318 319//319
f 281//281 319//319 320//320
f 281//281 320//320 321//321
f 281//281 321//321 317//317
f 283//283 322//322 284//284
f 283//283 290//290 322//322
f 284//284 322//322 323//323
f 284//284 323//323 324//324
f 284//284 324//324 285//285
f 285//285 324//324 325//325
f 285//285 325//325 326//326
f 285//285 326//326 327//327
f 285//285 327//327 328//328
f 285//285 328//328 286//286
f 286//286 328//328 329//329
f 286//286 329//329 330//330
f 286//286 330//330 287//287
f 287//287 330//330 291//291
f 288//288 331//331 290//290
f 288//288 289//289 332//332
f 288//288 332//332 331//331
f 289//289 292//292 333//333
f 289//289 333//333 332//332
f 290//290 331//331 334//334
f 290//290 334//334 335//335
f 290//290 335//335 322//322
f 291//291 330//330 307//307
f 292//292 293//293 305//305
f 292//292 305//305 333//333
f 294//294 336//336 296//296
f 295//295 297//297 337//337
f 295//295 337//337 298//298
f 296//296 336//336 338//338
f 296//296 338//338 297//297
f 297//297 338//338 339//339
f 297//297 339//339 337//337
f 298//298 337//337 299//299
f 299//299 337//337 340//340
f 299//299 340//340 300//300
f 300//300 340//340 341//341
f 300//300 341//341 342//342
f 300//300 342//342 343//343
f 300//300 343//343 301//301
f 301//301 343//343 344//344
f 301//301 344//344 345//345
f 301//301 345//345 302//302
f 302//302 345//345 303//303
f 303//303 345//345 346//346
f 303//303 346//346 304//304
f 304//304 346//346 347//347
f 304//304 347//347 305//305
f 305//305 347//347 333//333
f 306//306 348//348 308//308
f 306//306 307//307 349//349
f 306//306 349//349 348//348
f 307//307 330//330 349//349
f 308//308 348//348 350//350
f 308//308 350//350 309//309
f 309//309 350//350 311//311
f 310//310 351//351 312//312
f 310//310 311//311 352//352
f 310//310 352//352 353//353
f 310//310 353//353 351//351
f 311//311 350//350 354//354
f 311//311 354//354 352//352
f 312//312 351//351 355//355
f 312//312 355//355 356//356
f 312//312 356//356 313//313
f 313//313 356//356 357//357
f 313//313 357//357 314//314
f 314//314 357//357 320//320
f 314//314 320//320 315//315
f 315//315 320//320 316//316
f 316//316 320//320 318//318
f 317//317 321//321 358//358
f 318//318 320//320 319//319
f 320//320 357//357 321//321
f 321//321 357//357 359//359
f 321//321 359//359 360//360
f 321//321 360//360 358//358
f 322//322 361//361 323//323
f 322//322 335//335 362//362
f 322//322 362//362 361//361
f 323//323 361//361 363//363
f 323//323 363//363 364//364
f 323//323 364//364 324//324
f 324//324 365//365 366//366
f 324//324 366//366 367//367
f 324//324 367//367 368//368
f 324//324 368//368 325//325
f 324//324 364//364 365//365
f 325//325 327//327 326//326
f 325//325 368//368 367//367
f 325//325 367//367 366//366
f 325//325 366//366 327//327
f 327//327 369//369 370//370
f 327//327 370//370 371//371
f 327//327 371//371 328//328
f 327//327 366//366 372//372
f 327//327 372//372 369//369
f 328//328 373//373 374//374
f 328//328 374//374 329//329
f 328//328 371//371 373//373
f 329//329 374//374 375//375
f 329//329 375//375 349//349
f 329//329 349//349 330//330
f 331//331 376//376 377//377
f 331//331 377//377 378//378
f 331//331 378//378 334//334
f 331//331 332//332 379//379
f 331//331 379//379 376//376
f 332//332 333//333 380//380
f 332//332 380//380 379//379
f 333//333 347//347 380//380
f 334//334 381//381 382//382
f 334//334 382//382 383//383
f 334//334 383//383 335//335
f 334//334 378//378 384//384
f 334//334 384//384 381//381
f 335//335 383//383 362//362
f 336//336 385//385 338//338
f 337//337 339//339 340//340
f 338//338 385//385 386//386
f 338//338 386//386 387//387
f 338//338 387//387 339//339
f 339//339 387//387 388//388
f 339//339 388//388 340//340
f 340//340 388//388 341//341
f 341//341 388//388 389//389
f 341//341 389//389 342//342
f 342//342 389//389 390//390
f 342//342 390//390 391//391
f 342//342 391//391 343//343
f 343//343 391//391 344//344
f 344//344 391//391 392//392
f 344//344 392//392 393//393
f 344//344 393//393 345//345
f 345//345 393//393 346//346
f 346//346 393//393 394//394
f 346//346 394//394 347//347
f 347//347 394//394 380//380
f 348//348 395//395 350//350
f 348//348 349//349 375//375
f 348//348 375//375 395//395
f 350//350 395//395 354//354
f 351//351 396//396 355//355
f 351//351 353//353 397//397
f 351//351 397//397 396//396
f 352//352 354//354 398//398
f 352//352 398//398 353//353
f 353//353 398//398 399//399
f 353//353 399//399 397//397
f 354//354 395//395 400//400
f 354//354 400//400 398//398
f 355//355 396//396 401//401
f 355//355 401//401 356//356
f 356//356 401//401 359//359
f 356//356 359//359 357//357
f 358//358 360//360 402//402
f 359//359 401//401 403//403
f 359//359 403//403 360//360
f 360//360 403//403 404//404
f 360//360 404//404 402//402
f 361//361 405//405 363//363
f 361//361 362//362 406//406
f 361//361 406//406 405//405
f 362//362 383//383 407//407
f 362//362 407//407 408//408
f 362//362 408//408 409//409
f 362//362 409//409 406//406
f 363//363 405//405 364//364
f 364//364 405//405 410//410
f 364//364 410//410 365//365
f 365//365 410//410 372//372
f 365//365 372//372 366//366
f 369//369 411//411 371//371
f 369//369 371//371 370//370
f 369//369 372//372 412//412
f 369//369 412//412 413//413
f 369//369 413//413 411//411
f 371//371 411//411 414//414
f 371//371 414//414 373//373
f 372//372 415//415 413//413
f 372//372 413//413 412//412
f 372//372 410//410 415//415
f 373//373 414//414 416//416
f 373//373 416//416 417//417
f 373//373 417//417 418//418
f 373//373 418//418 419//419
f 373//373 419//419 420//420
f 373//373 420//420 374//374
f 374//374 421//421 375//375
f 374//374 420//420 421//421
f 375//375 421//421 395//395
f 376//376 422//422 377//377
f 376//376 379//379 422//422
f 377//377 422//422 378//378
f 378//378 422//422 381//381
f 378//378 381//381 384//384
f 379//379 380//380 423//423
f 379//379 423//423 424//424
f 379//379 424//424 425//425
f 379//379 425//425 422//422
f 380//380 394//394 423//423
f 381//381 426//426 382//382
f 381//381 422//422 426//426
f 382//382 426//426 383//383
f 383//383 426//426 427//427
f 383//383 427//427 407//407
f 385//385 428//428 386//386
f 386//386 428//428 387//387
f 387//387 428//428 429//429
f 387//387 429//429 430//430
f 387//387 430//430 388//388
f 388//388 430//430 389//389
f 389//389 430//430 431//431
f 389//389 431//431 390//390
f 390//390 431//431 432//432
f 390//390 432//432 433//433
f 390//390 433//433 434//434
f 390//390 434//434 391//391
f 391//391 435//435 392//392
f 391//391 434//434 436//436
f 391//391 436//436 435//435
f 392//392 435//435 437//437
f 392//392 437//437 438//438
f 392//392 438//438 393//393
f 393//393 438//438 394//394
f 394//394 438//438 423//423
f 395//395 421//421 400//400
f 396//396 439//439 401//401
f 396//396 397//397 440//440
f 396//396 440//440 439//439
f 397//397 399//399 441//441
f 397//397 441//441 440//440
f 398//398 400//400 442//442
f 398//398 442//442 443//443
f 398//398 443//443 444//444
f 398//398 444//444 399//399
f 399//399 445//445 441//441
f 399//399 444//444 446//446
f 399//399 446//446 445//445
f 400//400 421//421 447//447
f 400//400 447//447 442//442
f 401//401 439//439 403//403
f 403//403 439//439 448//448
f 403//403 448//448 449//449
f 403//403 449//449 404//404
f 405//405 450//450 451//451
f 405//405 451//451 415//415
f 405//405 415//415 410//410
f 405//405 406//406 450//450
f 406//406 409//409 452//452
f 406//406 452//452 453//453
f 406//406 453//453 454//454
f 406//406 454//454 455//455
f 406//406 455//455 450//450
f 407//407 427//427 456//456
f 407//407 456//456 408//408
f 408//408 456//456 409//409
f 409//409 456//456 452//452
f 411//411 413//413 414//414
f 413//413 457//457 414//414
f 413//413 415//415 457//457
f 414//414 457//457 416//416
f 415//415 451//451 458//458
f 415//415 458//458 459//459
f 415//415 459//459 460//460
f 415//415 460//460 457//457
f 416//416 457//457 417//417
f 417//417 457//457 418//418
f 418//418 457//457 461//461
f 418//418 461//461 462//462
f 418//418 462//462 419//419
f 419//419 462//462 463//463
f 419//419 463//463 464//464
f 419//419 464//464 443//443
f 419//419 443//443 447//447
f 419//419 447//447 420//420
f 420//420 447//447 421//421
f 422//422 425//425 465//465
f 422//422 465//465 466//466
f 422//422 466//466 467//467
f 422//422 467//467 426//426
f 423//423 438//438 468//468
f 423//423 468//468 424//424
f 424//424 468//468 437//437
f 424//424 437//437 469//469
f 424//424 469//469 470//470
f 424//424 470//470 471//471
f 424//424 471//471 472//472
f 424//424 472//472 473//473
f 424//424 473//473 425//425
f 425//425 473//473 474//474
f 425//425 474//474 466//466
f 425//425 466//466 465//465
f 426//426 467//467 475//475
f 426//426 475//475 427//427
f 427//427 475//475 456//456
f 428//428 476//476 429//429
f 429//429 476//476 477//477
f 429//429 477//477 478//478
f 429//429 478//478 430//430
f 430//430 478//478 431//431
f 431//431 479//479 433//433
f 431//431 433//433 432//432
f 431//431 478//478 479//479
f 433//433 480//480 481//481
f 433//433 481//481 482//482
f 433//433 482//482 483//483
f 433//433 483//483 484//484
f 433//433 484//484 434//434
f 433//433 479//479 485//485
f 433//433 485//485 486//486
f 433//433 486//486 480//480
f 434//434 484//484 487//487
f 434//434 487//487 488//488
f 434//434 488//488 489//489
f 434//434 489//489 490//490
f 434//434 490//490 491//491
f 434//434 491//491 436//436
f 435//435 436//436 437//437
f 436//436 491//491 469//469
f 436//436 469//469 437//437
f 437//437 468//468 438//438
f 439//439 440//440 492//492
f 439//439 492//492 493//493
f 439//439 493//493 448//448
f 440//440 441//441 494//494
f 440//440 494//494 492//492
f 441//441 445//445 446//446
f 441//441 446//446 495//495
f 441//441 495//495 494//494
f 442//442 447//447 443//443
f 443//443 464//464 444//444
f 444//444 464//464 496//496
f 444//444 496//496 497//497
f 444//444 497//497 498//498
f 444//444 498//498 499//499
f 444//444 499//499 446//446
f 446//446 499//499 500//500
f 446//446 500//500 501//501
f 446//446 501//501 502//502
f 446//446 502//502 503//503
f 446//446 503//503 504//504
f 446//446 504//504 505//505
f 446//446 505//505 506//506
f 446//446 506//506 495//495
f 448//448 493//493 507//507
f 448//448 507//507 449//449
f 450//450 455//455 508//508
f 450//450 508//508 451//451
f 451//451 460//460 458//458
f 451//451 508//508 460//460
f 452//452 456//456 509//509
f 452//452 509//509 510//510
f 452//452 510//510 511//511
f 452//452 511//511 512//512
f 452//452 512//512 513//513
f 452//452 513//513 514//514
f 452//452 514//514 453//453
f 453//453 514//514 454//454
f 454//454 514//514 515//515
f 454//454 515//515 516//516
f 454//454 516//516 508//508
f 454//454 508//508 455//455
f 456//456 475//475 517//517
f 456//456 517//517 509//509
f 457//457 460//460 518//518
f 457//457 518//518 461//461
f 458//458 460//460 459//459
f 460//460 508//508 518//518
f 461//461 519//519 463//463
f 461//461 463//463 462//462
f 461//461 518//518 520//520
f 461//461 520//520 521//521
f 461//461 521//521 519//519
f 463//463 522//522 523//523
f 463//463 523//523 464//464
f 463//463 519//519 522//522
f 464//464 524//524 496//496
f 464//464 523//523 525//525
f 464//464 525//525 524//524
f 466//466 474//474 475//475
f 466//466 475//475 467//467
f 469//469 526//526 527//527
f 469//469 527//527 470//470
f 469//469 491//491 526//526
f 470//470 528//528 529//529
f 470//470 529//529 530//530
f 470//470 530//530 471//471
f 470//470 527//527 528//528
f 471//471 530//530 472//472
f 472//472 530//530 473//473
f 473//473 530//530 517//517
f 473//473 517//517 475//475
f 473//473 475//475 474//474
f 477//477 531//531 478//478
f 478//478 531//531 532//532
f 478//478 532//532 479//479
f 479//479 532//532 533//533
f 479//479 533//533 486//486
f 479//479 486//486 485//485
f 480//480 486//486 481//481
f 481//481 486//486 534//534
f 481//481 534//534 535//535
f 481//481 535//535 536//536
f 481//481 536//536 537//537
f 481//481 537//537 538//538
f 481//481 538//538 482//482
f 482//482 539//539 483//483
f 482//482 538//538 540//540
f 482//482 540//540 539//539
f 483//483 539//539 541//541
f 483//483 541//541 484//484
f 484//484 541//541 542//542
f 484//484 542//542 487//487
f 487//487 542//542 489//489
f 487//487 489//489 488//488
f 489//489 542//542 543//543
f 489//489 543//543 490//490
f 490//490 543//543 544//544
f 490//490 544//544 491//491
f 491//491 544//544 545//545
f 491//491 545//545 546//546
f 491//491 546//546 547//547
f 491//491 547//547 526//526
f 492//492 494//494 548//548
f 492//492 548//548 493//493
f 494//494 495//495 549//549
f 494//494 549//549 548//548
f 495//495 506//506 549//549
f 496//496 524//524 550//550
f 496//496 550//550 551//551
f 496//496 551//551 497//497
f 497//497 551//551 552//552
f 497//497 552//552 553//553
f 497//497 553//553 498//498
f 498//498 553//553 499//499
f 499//499 553//553 500//500
f 500//500 553//553 501//501
f 501//501 553//553 552//552
f 501//501 552//552 502//502
f 502//502 552//552 554//554
f 502//502 554//554 555//555
f 502//502 555//555 503//503
f 503//503 556//556 557//557
f 503//503 557//557 504//504
f 503//503 555//555 558//558
f 503//503 558//558 559//559
f 503//503 559//559 560//560
f 503//503 560//560 556//556
f 504//504 557//557 505//505
f 505//505 549//549 506//506
f 508//508 561//561 562//562
f 508//508 562//562 563//563
f 508//508 563//563 564//564
f 508//508 564//564 518//518
f 508//508 516//516 561//561
f 509//509 517//517 510//510
f 510//510 517//517 511//511
f 511//511 565//565 512//512
f 511//511 517//517 530//530
f 511//511 530//530 565//565
f 512//512 566//566 567//567
f 512//512 567//567 515//515
f 512//512 515//515 514//514
f 512//512 514//514 513//513
f 512//512 565//565 568//568
f 512//512 568//568 566//566
f 515//515 567//567 562//562
f 515//515 562//562 561//561
f 515//515 561//561 516//516
f 518//518 564//564 520//520
f 519//519 521//521 522//522
f 520//520 564//564 521//521
f 521//521 564//564 569//569
f 521//521 569//569 570//570
f 521//521 570//570 522//522
f 522//522 571//571 525//525
f 522//522 525//525 523//523
f 522//522 570//570 572//572
f 522//522 572//572 573//573
f 522//522 573//573 571//571
f 524//524 574//574 550//550
f 524//524 525//525 575//575
f 524//524 575//575 574//574
f 525//525 571//571 575//575
f 526//526 547//547 576//576
f 526//526 576//576 528//528
f 526//526 528//528 527//527
f 528//528 576//576 577//577
f 528//528 577//577 578//578
f 528//528 578//578 579//579
f 528//528 579//579 568//568
f 528//528 568//568 529//529
f 529//529 568//568 530//530
f 530//530 568//568 565//565
f 535//535 580//580 536//536
f 536//536 581//581 582//582
f 536//536 582//582 537//537
f 536//536 580//580 583//583
f 536//536 583//583 581//581
f 537//537 582//582 584//584
f 537//537 584//584 585//585
f 537//537 585//585 538//538
f 538//538 585//585 586//586
f 538//538 586//586 540//540
f 539//539 540//540 587//587
f 539//539 587//587 541//541
f 540//540 588//588 589//589
f 540//540 589//589 587//587
f 540//540 586//586 590//590
f 540//540 590//590 588//588
f 541//541 587//587 542//542
f 542//542 587//587 589//589
f 542//542 589//589 543//543
f 543//543 589//589 544//544
f 544//544 589//589 588//588
f 544//544 588//588 545//545
f 545//545 588//588 546//546
f 546//546 588//588 591//591
f 546//546 591//591 576//576
f 546//546 576//576 547//547
f 550//550 574//574 551//551
f 551//551 574//574 552//552
f 552//552 574//574 592//592
f 552//552 592//592 554//554
f 554//554 575//575 571//571
f 554//554 571//571 593//593
f 554//554 593//593 555//555
f 554//554 592//592 574//574
f 554//554 574//574 575//575
f 555//555 593//593 594//594
f 555//555 594//594 558//558
f 556//556 560//560 595//595
f 558//558 594//594 559//559
f 559//559 594//594 596//596
f 559//559 596//596 597//597
f 559//559 597//597 560//560
f 560//560 597//597 598//598
f 560//560 598//598 595//595
f 562//562 567//567 599//599
f 562//562 599//599 600//600
f 562//562 600//600 601//601
f 562//562 601//601 602//602
f 562//562 602//602 563//563
f 563//563 602//602 564//564
f 564//564 602//602 603//603
f 564//564 603//603 604//604
f 564//564 604//604 605//605
f 564//564 605//605 569//569
f 566//566 568//568 606//606
f 566//566 606//606 567//567
f 567//567 607//607 599//599
f 567//567 606//606 568//568
f 567//567 568//568 579//579
f 567//567 579//579 607//607
f 569//569 605//605 608//608
f 569//569 608//608 573//573
f 569//569 573//573 572//572
f 569//569 572//572 570//570
f 571//571 573//573 609//609
f 571//571 609//609 610//610
f 571//571 610//610 611//611
f 571//571 611//611 612//612
f 571//571 612//612 593//593
f 573//573 613//613 609//609
f 573//573 608//608 613//613
f 576//576 591//591 590//590
f 576//576 590//590 614//614
f 576//576 614//614 615//615
f 576//576 615//615 616//616
f 576//576 616//616 577//577
f 577//577 616//616 617//617
f 577//577 617//617 618//618
f 577//577 618//618 607//607
f 577//577 607//607 578//578
f 578//578 607//607 579//579
f 581//581 584//584 582//582
f 581//581 583//583 619//619
f 581//581 619//619 620//620
f 581//581 620//620 621//621
f 581//581 621//621 622//622
f 581//581 622//622 584//584
f 584//584 622//622 623//623
f 584//584 623//623 624//624
f 584//584 624//624 625//625
f 584//584 625//625 585//585
f 585//585 626//626 586//586
f 585//585 625//625 627//627
f 585//585 627//627 626//626
f 586//586 626//626 590//590
f 588//588 590//590 591//591
f 590//590 626//626 628//628
f 590//590 628//628 629//629
f 590//590 629//629 630//630
f 590//590 630//630 614//614
f 593//593 612//612 613//613
f 593//593 613//613 594//594
f 594//594 613//613 631//631
f 594//594 631//631 632//632
f 594//594 632//632 633//633
f 594//594 633//633 596//596
f 595//595 598//598 634//634
f 596//596 598//598 597//597
f 596//596 633//633 635//635
f 596//596 635//635 636//636
f 596//596 636//636 637//637
f 596//596 637//637 598//598
f 598//598 637//637 638//638
f 598//598 638//638 639//639
f 598//598 639//639 634//634
f 599//599 607//607 640//640
f 599//599 640//640 641//641
f 599//599 641//641 600//600
f 600//600 641//641 642//642
f 600//600 642//642 643//643
f 600//600 643//643 603//603
f 600//600 603//603 601//601
f 601//601 603//603 602//602
f 603//603 643//643 644//644
f 603//603 644//644 604//604
f 604//604 644//644 605//605
f 605//605 644//644 645//645
f 605//605 645//645 646//646
f 605//605 646//646 647//647
f 605//605 647//647 608//608
f 607//607 618//618 640//640
f 608//608 647//647 648//648
f 608//608 648//648 649//649
f 608//608 649//649 613//613
f 609//609 613//613 612//612
f 609//609 612//612 611//611
f 609//609 611//611 610//610
f 613//613 649//649 631//631
f 614//614 630//630 629//629
f 614//614 629//629 628//628
f 614//614 628//628 626//626
f 614//614 626//626 650//650
f 614//614 650//650 615//615
f 615//615 650//650 617//617
f 615//615 617//617 616//616
f 617//617 650//650 651//651
f 617//617 651//651 641//641
f 617//617 641//641 640//640
f 617//617 640//640 618//618
f 619//619 652//652 653//653
f 619//619 653//653 620//620
f 620//620 653//653 621//621
f 621//621 623//623 622//622
f 621//621 653//653 652//652
f 621//621 652//652 654//654
f 621//621 654//654 655//655
f 621//621 655//655 656//656
f 621//621 656//656 657//657
f 621//621 657//657 658//658
f 621//621 658//658 623//623
f 623//623 658//658 659//659
f 623//623 659//659 660//660
f 623//623 660//660 661//661
f 623//623 661//661 624//624
f 624//624 661//661 625//625
f 625//625 661//661 662//662
f 625//625 662//662 627//627
f 626//626 627//627 662//662
f 626//626 662//662 650//650
f 631//631 649//649 633//633
f 631//631 633//633 632//632
f 633//633 649//649 663//663
f 633//633 663//663 664//664
f 633//633 664//664 665//665
f 633//633 665//665 666//666
f 633//633 666//666 635//635
f 634//634 639//639 667//667
f 634//634 667//667 668//668
f 635//635 666//666 636//636
f 636//636 669//669 638//638
f 636//636 638//638 637//637
f 636//636 666//666 670//670
f 636//636 670//670 671//671
f 636//636 671//671 669//669
f 638//638 667//667 639//639
f 638//638 669//669 672//672
f 638//638 672//672 673//673
f 638//638 673//673 668//668
f 638//638 668//668 667//667
f 641//641 651//651 674//674
f 641//641 674//674 642//642
f 642//642 674//674 675//675
f 642//642 675//675 676//676
f 642//642 676//676 643//643
f 643//643 676//676 645//645
f 643//643 645//645 644//644
f 645//645 676//676 707//707
f 645//645 707//707 677//677
f 645//645 677//677 646//646
f 646//646 678//678 647//647
f 646//646 677//677 678//678
f 647//647 678//678 648//648
f 648//648 679//679 680//680
f 648//648 680//680 649//649
f 648//648 678//678 679//679
f 649//649 680//680 663//663
f 650//650 662//662 681//681
f 650//650 681//681 682//682
f 650//650 682//682 651//651
f 651//651 682//682 674//674
f 655//655 683//683 656//656
f 656//656 684//684 685//685
f 656//656 685//685 686//686
f 656//656 686//686 687//687
f 656//656 687//687 688//688
f 656//656 688//688 689//689
f 656//656 689//689 657//657
f 656//656 683//683 684//684
f 657//657 689//689 690//690
f 657//657 690//690 659//659
f 657//657 659//659 658//658
f 659//659 691//691 692//692
f 659//659 692//692 660//660
f 659//659 690//690 693//693
f 659//659 693//693 691//691
f 660//660 692//692 694//694
f 660//660 694//694 661//661
f 661//661 694//694 695//695
f 661//661 695//695 681//681
f 661//661 681//681 662//662
f 663//663 680//680 696//696
f 663//663 696//696 664//664
f 664//664 696//696 665//665
f 665//665 696//696 697//697
f 665//665 697//697 666//666
f 666//666 697//697 670//670
f 669//669 698//698 699//699
f 669//669 699//699 700//700
f 669//669 700//700 672//672
f 669//669 671//671 698//698
f 670//670 697//697 671//671
f 671//671 697//697 701//701
f 671//671 701//701 702//702
f 671//671 702//702 698//698
f 672//672 703//703 673//673
f 672//672 700//700 704//704
f 672//672 704//704 699//699
f 672//672 699//699 705//705
f 672//672 705//705 703//703
f 674//674 682//682 706//706
f 674//674 706//706 707//707
f 674//674 707//707 675//675
f 675//675 707//707 676//676
f 677//677 708//708 678//678
f 677//677 707//707 709//709
f 677//677 709//709 708//708
f 678//678 708//708 696//696
f 678//678 696//696 710//710
f 678//678 710//710 679//679
f 679//679 710//710 680//680
f 680//680 710//710 696//696
f 681//681 695//695 709//709
f 681//681 709//709 682//682
f 682//682 709//709 706//706
f 684//684 711//711 685//685
f 685//685 693//693 690//690
f 685//685 690//690 686//686
f 685//685 711//711 712//712
f 685//685 712//712 693//693
f 686//686 690//690 688//688
f 686//686 688//688 687//687
f 688//688 690//690 689//689
f 691//691 713//713 694//694
f 691//691 694//694 692//692
f 691//691 693//693 714//714
f 691//691 714//714 712//712
f 691//691 712//712 723//723
f 691//691 723//723 713//713
f 693//693 712//712 714//714
f 694//694 713//713 715//715
f 694//694 715//715 695//695
f 695//695 715//715 697//697
f 695//695 697//697 696//696
f 695//695 696//696 709//709
f 696//696 708//708 709//709
f 697//697 715//715 701//701
f 698//698 705//705 716//716
f 698//698 716//716 699//699
f 698//698 702//702 701//701
f 698//698 701//701 717//717
f 698//698 717//717 705//705
f 699//699 704//704 700//700
f 699//699 716//716 705//705
f 701//701 715//715 717//717
f 703//703 705//705 718//718
f 705//705 719//719 720//720
f 705//705 720//720 721//721
f 705//705 721//721 718//718
f 705//705 717//717 719//719
f 706//706 709//709 707//707
f 711//711 722//722 712//712
f 712//712 722//722 724//724
f 712//712 724//724 723//723
f 713//713 723//723 725//725
f 713//713 725//725 717//717
f 713//713 717//717 715//715
f 717//717 725//725 726//726
f 717//717 726//726 719//719
f 719//719 726//726 727//727
f 719//719 727//727 728//728
f 719//719 728//728 720//720
f 723//723 724//724 725//725
f 724//724 729//729 725//725
f 725//725 729//729 727//727
f 725//725 727//727 726//726
f 730//730 731//731 732//732
f 730//730 732//732 733//733
f 730//730 733//733 734//734
f 730//730 734//734 735//735
f 730//730 735//735 736//736
f 730//730 736//736 737//737
f 730//730 737//737 738//738
f 730//730 738//738 739//739
f 730//730 739//739 753//753
f 730//730 753//753 764//764
f 730//730 764//764 774//774
f 730//730 774//774 788//788
f 730//730 788//788 803//803
f 730//730 803//803 822//822
f 730//730 822//822 835//835
f 730//730 835//835 844//844
f 730//730 844//844 856//856
f 730//730 856//856 878//878
f 730//730 878//878 912//912
f 730//730 912//912 941//941
f 730//730 941//941 961//961
f 730//730 961//961 948//948
f 730//730 948//948 928//928
f 730//730 928//928 895//895
f 730//730 895//895 862//862
f 730//730 862//862 848//848
f 730//730 848//848 841//841
f 730//730 841//841 824//824
f 730//730 824//824 805//805
f 730//730 805//805 791//791
f 730//730 791//791 777//777
f 730//730 777//777 765//765
f 730//730 765//765 754//754
f 730//730 754//754 746//746
f 730//730 746//746 731//731
f 731//731 740//740 741//741
f 731//731 741//741 742//742
f 731//731 742//742 743//743
f 731//731 743//743 744//744
f 731//731 744//744 745//745
f 731//731 745//745 732//732
f 731//731 746//746 747//747
f 731//731 747//747 740//740
f 732//732 745//745 748//748
f 732//732 748//748 733//733
f 733//733 748//748 743//743
f 733//733 743//743 742//742
f 733//733 742//742 741//741
f 733//733 741//741 747//747
f 733//733 747//747 756//756
f 733//733 756//756 771//771
f 733//733 771//771 785//785
f 733//733 785//785 784//784
f 733//733 784//784 767//767
f 733//733 767//767 783//783
f 733//733 783//783 782//782
f 733//733 782//782 789//789
f 733//733 789//789 804//804
f 733//733 804//804 817//817
f 733//733 817//817 829//829
f 733//733 829//829 828//828
f 733//733 828//828 827//827
f 733//733 827//827 809//809
f 733//733 809//809 808//808
f 733//733 808//808 826//826
f 733//733 826//826 825//825
f 733//733 825//825 823//823
f 733//733 823//823 837//837
f 733//733 837//837 845//845
f 733//733 845//845 839//839
f 733//733 839//839 847//847
f 733//733 847//847 857//857
f 733//733 857//857 861//861
f 733//733 861//861 880//880
f 733//733 880//880 879//879
f 733//733 879//879 902//902
f 733//733 902//902 901//901
f 733//733 901//901 869//869
f 733//733 869//869 900//900
f 733//733 900//900 899//899
f 733//733 899//899 898//898
f 733//733 898//898 897//897
f 733//733 897//897 896//896
f 733//733 896//896 894//894
f 733//733 894//894 893//893
f 733//733 893//893 927//927
f 733//733 927//927 926//926
f 733//733 926//926 925//925
f 733//733 925//925 924//924
f 733//733 924//924 923//923
f 733//733 923//923 922//922
f 733//733 922//922 921//921
f 733//733 921//921 920//920
f 733//733 920//920 919//919
f 733//733 919//919 918//918
f 733//733 918//918 917//917
f 733//733 917//917 916//916
f 733//733 916//916 915//915
f 733//733 915//915 914//914
f 733//733 914//914 942//942
f 733//733 942//942 953//953
f 733//733 953//953 952//952
f 733//733 952//952 951//951
f 733//733 951//951 950//950
f 733//733 950//950 949//949
f 733//733 949//949 970//970
f 733//733 970//970 969//969
f 733//733 969//969 968//968
f 733//733 968//968 967//967
f 733//733 967//967 988//988
f 733//733 988//988 994//994
f 733//733 994//994 993//993
f 733//733 993//993 992//992
f 733//733 992//992 1000//1000
f 733//733 1000//1000 998//998
f 733//733 998//998 997//997
f 733//733 997//997 996//996
f 733//733 996//996 982//982
f 733//733 982//982 981//981
f 733//733 981//981 980//980
f 733//733 980//980 979//979
f 733//733 979//979 978//978
f 733//733 978//978 977//977
f 733//733 977//977 976//976
f 733//733 976//976 975//975
f 733//733 975//975 958//958
f 733//733 958//958 957//957
f 733//733 957//957 956//956
f 733//733 956//956 939//939
f 733//733 939//939 955//955
f 733//733 955//955 936//936
f 733//733 936//936 954//954
f 733//733 954//954 934//934
f 733//733 934//934 910//910
f 733//733 910//910 909//909
f 733//733 909//909 933//933
f 733//733 933//933 907//907
f 733//733 907//907 906//906
f 733//733 906//906 904//904
f 733//733 904//904 877//877
f 733//733 877//877 903//903
f 733//733 903//903 875//875
f 733//733 875//875 874//874
f 733//733 874//874 873//873
f 733//733 873//873 872//872
f 733//733 872//872 854//854
f 733//733 854//854 853//853
f 733//733 853//853 852//852
f 733//733 852//852 842//842
f 733//733 842//842 834//834
f 733//733 834//834 832//832
f 733//733 832//832 821//821
f 733//733 821//821 831//831
f 733//733 831//831 830//830
f 733//733 830//830 819//819
f 733//733 819//819 801//801
f 733//733 801//801 786//786
f 733//733 786//786 773//773
f 733//733 773//773 762//762
f 733//733 762//762 761//761
f 733//733 761//761 772//772
f 733//733 772//772 759//759
f 733//733 759//759 758//758
f 733//733 758//758 757//757
f 733//733 757//757 749//749
f 733//733 749//749 737//737
f 733//733 737//737 736//736
f 733//733 736//736 735//735
f 733//733 735//735 734//734
f 737//737 749//749 739//739
f 737//737 739//739 738//738
f 739//739 749//749 757//757
f 739//739 757//757 750//750
f 739//739 750//750 751//751
f 739//739 751//751 752//752
f 739//739 752//752 753//753
f 740//740 747//747 741//741
f 743//743 748//748 745//745
f 743//743 745//745 744//744
f 746//746 754//754 755//755
f 746//746 755//755 771//771
f 746//746 771//771 756//756
f 746//746 756//756 747//747
f 750//750 757//757 758//758
f 750//750 758//758 751//751
f 751//751 758//758 759//759
f 751//751 759//759 752//752
f 752//752 759//759 760//760
f 752//752 760//760 753//753
f 753//753 760//760 761//761
f 753//753 761//761 762//762
f 753//753 762//762 763//763
f 753//753 763//763 764//764
f 754//754 765//765 766//766
f 754//754 766//766 767//767
f 754//754 767//767 768//768
f 754//754 768//768 769//769
f 754//754 769//769 770//770
f 754//754 770//770 755//755
f 755//755 770//770 785//785
f 755//755 785//785 771//771
f 759//759 772//772 760//760
f 760//760 772//772 761//761
f 762//762 773//773 774//774
f 762//762 774//774 764//764
f 762//762 764//764 763//763
f 765//765 775//775 781//781
f 765//765 781//781 776//776
f 765//765 776//776 766//766
f 765//765 777//777 778//778
f 765//765 778//778 779//779
f 765//765 779//779 780//780
f 765//765 780//780 790//790
f 765//765 790//790 775//775
f 766//766 776//776 781//781
f 766//766 781//781 782//782
f 766//766 782//782 783//783
f 766//766 783//783 767//767
f 767//767 784//784 769//769
f 767//767 769//769 768//768
f 769//769 784//784 785//785
f 769//769 785//785 770//770
f 773//773 786//786 774//774
f 774//774 786//786 787//787
f 774//774 787//787 788//788
f 775//775 789//789 781//781
f 775//775 790//790 789//789
f 777//777 791//791 792//792
f 777//777 792//792 793//793
f 777//777 793//793 794//794
f 777//777 794//794 795//795
f 777//777 795//795 796//796
f 777//777 796//796 817//817
f 777//777 817//817 797//797
f 777//777 797//797 798//798
f 777//777 798//798 778//778
f 778//778 798//798 818//818
f 778//778 818//818 799//799
f 778//778 799//799 800//800
f 778//778 800//800 779//779
f 779//779 800//800 790//790
f 779//779 790//790 780//780
f 781//781 789//789 782//782
f 786//786 801//801 802//802
f 786//786 802//802 788//788
f 786//786 788//788 787//787
f 788//788 802//802 803//803
f 789//789 790//790 800//800
f 789//789 800//800 799//799
f 789//789 799//799 804//804
f 791//791 805//805 806//806
f 791//791 806//806 807//807
f 791//791 807//807 808//808
f 791//791 808//808 809//809
f 791//791 809//809 810//810
f 791//791 810//810 811//811
f 791//791 811//811 812//812
f 791//791 812//812 792//792
f 792//792 812//812 813//813
f 792//792 813//813 814//814
f 792//792 814//814 793//793
f 793//793 814//814 815//815
f 793//793 815//815 794//794
f 794//794 815//815 795//795
f 795//795 815//815 816//816
f 795//795 816//816 796//796
f 796//796 816//816 817//817
f 797//797 817//817 818//818
f 797//797 818//818 798//798
f 799//799 818//818 817//817
f 799//799 817//817 804//804
f 801//801 819//819 802//802
f 802//802 819//819 820//820
f 802//802 820//820 803//803
f 803//803 820//820 821//821
f 803//803 821//821 822//822
f 805//805 823//823 806//806
f 805//805 824//824 823//823
f 806//806 825//825 826//826
f 806//806 826//826 808//808
f 806//806 808//808 807//807
f 806//806 823//823 825//825
f 809//809 827//827 810//810
f 810//810 827//827 828//828
f 810//810 828//828 811//811
f 811//811 828//828 812//812
f 812//812 828//828 813//813
f 813//813 828//828 814//814
f 814//814 828//828 829//829
f 814//814 829//829 817//817
f 814//814 817//817 815//815
f 815//815 817//817 816//816
f 819//819 830//830 820//820
f 820//820 830//830 831//831
f 820//820 831//831 821//821
f 821//821 832//832 822//822
f 822//822 832//832 833//833
f 822//822 833//833 834//834
f 822//822 834//834 835//835
f 823//823 836//836 837//837
f 823//823 824//824 836//836
f 824//824 838//838 839//839
f 824//824 839//839 840//840
f 824//824 840//840 836//836
f 824//824 841//841 838//838
f 832//832 834//834 833//833
f 834//834 842//842 835//835
f 835//835 842//842 843//843
f 835//835 843//843 844//844
f 836//836 840//840 845//845
f 836//836 845//845 837//837
f 838//838 846//846 847//847
f 838//838 847//847 839//839
f 838//838 841//841 846//846
f 839//839 845//845 840//840
f 841//841 848//848 849//849
f 841//841 849//849 850//850
f 841//841 850//850 851//851
f 841//841 851//851 847//847
f 841//841 847//847 846//846
f 842//842 852//852 843//843
f 843//843 852//852 844//844
f 844//844 852//852 853//853
f 844//844 853//853 854//854
f 844//844 854//854 855//855
f 844//844 855//855 856//856
f 847//847 851//851 850//850
f 847//847 850//850 857//857
f 848//848 858//858 859//859
f 848//848 859//859 860//860
f 848//848 860//860 861//861
f 848//848 861//861 849//849
f 848//848 862//862 863//863
f 848//848 863//863 864//864
f 848//848 864//864 865//865
f 848//848 865//865 866//866
f 848//848 866//866 867//867
f 848//848 867//867 868//868
f 848//848 868//868 869//869
f 848//848 869//869 870//870
f 848//848 870//870 871//871
f 848//848 871//871 858//858
f 849//849 861//861 857//857
f 849//849 857//857 850//850
f 854//854 872//872 855//855
f 855//855 872//872 856//856
f 856//856 872//872 873//873
f 856//856 873//873 874//874
f 856//856 874//874 875//875
f 856//856 875//875 876//876
f 856//856 876//876 877//877
f 856//856 877//877 878//878
f 858//858 871//871 902//902
f 858//858 902//902 879//879
f 858//858 879//879 859//859
f 859//859 879//879 880//880
f 859//859 880//880 861//861
f 859//859 861//861 860//860
f 862//862 881//881 882//882
f 862//862 882//882 883//883
f 862//862 883//883 884//884
f 862//862 884//884 885//885
f 862//862 885//885 886//886
f 862//862 886//886 887//887
f 862//862 887//887 922//922
f 862//862 922//922 888//888
f 862//862 888//888 889//889
f 862//862 889//889 890//890
f 862//862 890//890 891//891
f 862//862 891//891 892//892
f 862//862 892//892 893//893
f 862//862 893//893 894//894
f 862//862 894//894 863//863
f 862//862 895//895 881//881
f 863//863 894//894 896//896
f 863//863 896//896 897//897
f 863//863 897//897 898//898
f 863//863 898//898 864//864
f 864//864 898//898 865//865
f 865//865 898//898 866//866
f 866//866 898//898 899//899
f 866//866 899//899 867//867
f 867//867 899//899 900//900
f 867//867 900//900 869//869
f 867//867 869//869 868//868
f 869//869 901//901 870//870
f 870//870 901//901 902//902
f 870//870 902//902 871//871
f 875//875 903//903 876//876
f 876//876 903//903 877//877
f 877//877 904//904 905//905
f 877//877 905//905 878//878
f 878//878 905//905 906//906
f 878//878 906//906 907//907
f 878//878 907//907 908//908
f 878//878 908//908 909//909
f 878//878 909//909 910//910
f 878//878 910//910 911//911
f 878//878 911//911 912//912
f 881//881 913//913 914//914
f 881//881 914//914 915//915
f 881//881 915//915 916//916
f 881//881 916//916 882//882
f 881//881 895//895 913//913
f 882//882 916//916 917//917
f 882//882 917//917 883//883
f 883//883 917//917 884//884
f 884//884 917//917 918//918
f 884//884 918//918 885//885
f 885//885 918//918 919//919
f 885//885 919//919 886//886
f 886//886 919//919 920//920
f 886//886 920//920 921//921
f 886//886 921//921 887//887
f 887//887 921//921 922//922
f 888//888 922//922 889//889
f 889//889 922//922 923//923
f 889//889 923//923 924//924
f 889//889 924//924 890//890
f 890//890 924//924 925//925
f 890//890 925//925 891//891
f 891//891 925//925 926//926
f 891//891 926//926 927//927
f 891//891 927//927 892//892
f 892//892 927//927 893//893
f 895//895 928//928 929//929
f 895//895 929//929 930//930
f 895//895 930//930 931//931
f 895//895 931//931 932//932
f 895//895 932//932 913//913
f 904//904 906//906 905//905
f 907//907 933//933 908//908
f 908//908 933//933 909//909
f 910//910 934//934 911//911
f 911//911 934//934 935//935
f 911//911 935//935 912//912
f 912//912 935//935 936//936
f 912//912 936//936 937//937
f 912//912 937//937 938//938
f 912//912 938//938 939//939
f 912//912 939//939 940//940
f 912//912 940//940 941//941
f 913//913 932//932 942//942
f 913//913 942//942 914//914
f 928//928 943//943 944//944
f 928//928 944//944 945//945
f 928//928 945//945 946//946
f 928//928 946//946 947//947
f 928//928 947//947 929//929
f 928//928 948//948 943//943
f 929//929 947//947 949//949
f 929//929 949//949 950//950
f 929//929 950//950 930//930
f 930//930 950//950 951//951
f 930//930 951//951 931//931
f 931//931 951//951 952//952
f 931//931 952//952 953//953
f 931//931 953//953 932//932
f 932//932 953//953 942//942
f 934//934 954//954 935//935
f 935//935 954//954 936//936
f 936//936 955//955 937//937
f 937//937 955//955 939//939
f 937//937 939//939 938//938
f 939//939 956//956 940//940
f 940//940 956//956 957//957
f 940//940 957//957 941//941
f 941//941 957//957 958//958
f 941//941 958//958 959//959
f 941//941 959//959 960//960
f 941//941 960//960 961//961
f 943//943 962//962 963//963
f 943//943 963//963 964//964
f 943//943 964//964 965//965
f 943//943 965//965 944//944
f 943//943 948//948 962//962
f 944//944 965//965 966//966
f 944//944 966//966 945//945
f 945//945 966//966 946//946
f 946//946 966//966 947//947
f 947//947 966//966 963//963
f 947//947 963//963 967//967
f 947//947 967//967 968//968
f 947//947 968//968 969//969
f 947//947 969//969 970//970
f 947//947 970//970 949//949
f 948//948 961//961 971//971
f 948//948 971//971 972//972
f 948//948 972//972 973//973
f 948//948 973//973 974//974
f 948//948 974//974 987//987
f 948//948 987//987 962//962
f 958//958 975//975 959//959
f 959//959 975//975 976//976
f 959//959 976//976 977//977
f 959//959 977//977 978//978
f 959//959 978//978 960//960
f 960//960 978//978 979//979
f 960//960 979//979 980//980
f 960//960 980//980 981//981
f 960//960 981//981 982//982
f 960//960 982//982 983//983
f 960//960 983//983 961//961
f 961//961 983//983 984//984
f 961//961 984//984 985//985
f 961//961 985//985 986//986
f 961//961 986//986 971//971
f 962//962 987//987 963//963
f 963//963 965//965 964//964
f 963//963 987//987 974//974
f 963//963 974//974 988//988
f 963//963 988//988 967//967
f 963//963 966//966 965//965
f 971//971 989//989 991//991
f 971//971 991//991 972//972
f 971//971 986//986 990//990
f 971//971 990//990 989//989
f 972//972 991//991 973//973
f 973//973 991//991 974//974
f 974//974 992//992 993//993
f 974//974 993//993 994//994
f 974//974 994//994 988//988
f 974//974 991//991 995//995
f 974//974 995//995 992//992
f 982//982 996//996 983//983
f 983//983 996//996 997//997
f 983//983 997//997 998//998
f 983//983 998//998 995//995
f 983//983 995//995 984//984
f 984//984 995//995 999//999
f 984//984 999//999 985//985
f 985//985 999//999 990//990
f 985//985 990//990 986//986
f 989//989 990//990 995//995
f 989//989 995//995 991//991
f 990//990 999//999 995//995
f 992//992 995//995 1000//1000
f 995//995 998//998 1000//1000
f 1001//1001 1002//1002 1003//1003
f 1001//1001 1003//1003 1004//1004
f 1001//1001 1004//1004 1011//1011
f 1001//1001 1011//1011 1021//1021
f 1001//1001 1021//1021 1034//1034
f 1001//1001 1034//1034 1051//1051
f 1001//1001 1051//1051 1050//1050
f 1001//1001 1050//1050 1074//1074
f 1001//1001 1074//1074 1102//1102
f 1001//1001 1102//1102 1143//1143
f 1001//1001 1143//1143 1182//1182
f 1001//1001 1182//1182 1181//1181
f 1001//1001 1181//1181 1186//1186
f 1001//1001 1186//1186 1185//1185
f 1001//1001 1185//1185 1222//1222
f 1001//1001 1222//1222 1261//1261
f 1001//1001 1261//1261 1311//1311
f 1001//1001 1311//1311 1312//1312
f 1001//1001 1312//1312 1340//1340
f 1001//1001 1340//1340 1339//1339
f 1001//1001 1339//1339 1338//1338
f 1001//1001 1338//1338 1367//1367
f 1001//1001 1367//1367 1366//1366
f 1001//1001 1366//1366 1383//1383
f 1001//1001 1383//1383 1403//1403
f 1001//1001 1403//1403 1402//1402
f 1001//1001 1402//1402 1421//1421
f 1001//1001 1421//1421 1420//1420
f 1001//1001 1420//1420 1419//1419
f 1001//1001 1419//1419 1418//1418
f 1001//1001 1418//1418 1417//1417
f 1001//1001 1417//1417 1431//1431
f 1001//1001 1431//1431 1430//1430
f 1001//1001 1430//1430 1441//1441
f 1001//1001 1441//1441 1442//1442
f 1001//1001 1442//1442 1450//1450
f 1001//1001 1450//1450 1449//1449
f 1001//1001 1449//1449 1448//1448
f 1001//1001 1448//1448 1447//1447
f 1001//1001 1447//1447 1455//1455
f 1001//1001 1455//1455 1460//1460
f 1001//1001 1460//1460 1466//1466
f 1001//1001 1466//1466 1471//1471
f 1001//1001 1471//1471 1505//1505
f 1001//1001 1505//1505 1507//1507
f 1001//1001 1507//1507 1503//1503
f 1001//1001 1503//1503 1502//1502
f 1001//1001 1502//1502 1501//1501
f 1001//1001 1501//1501 1500//1500
f 1001//1001 1500//1500 1499//1499
f 1001//1001 1499//1499 1498//1498
f 1001//1001 1498//1498 1497//1497
f 1001//1001 1497//1497 1496//1496
f 1001//1001 1496//1496 1495//1495
f 1001//1001 1495//1495 1494//1494
f 1001//1001 1494//1494 1493//1493
f 1001//1001 1493//1493 1492//1492
f 1001//1001 1492//1492 1491//1491
f 1001//1001 1491//1491 1490//1490
f 1001//1001 1490//1490 1489//1489
f 1001//1001 1489//1489 1488//1488
f 1001//1001 1488//1488 1487//1487
f 1001//1001 1487//1487 1486//1486
f 1001//1001 1486//1486 1485//1485
f 1001//1001 1485//1485 1484//1484
f 1001//1001 1484//1484 1483//1483
f 1001//1001 1483//1483 1482//1482
f 1001//1001 1482//1482 1481//1481
f 1001//1001 1481//1481 1480//1480
f 1001//1001 1480//1480 1479//1479
f 1001//1001 1479//1479 1478//1478
f 1001//1001 1478//1478 1477//1477
f 1001//1001 1477//1477 1469//1469
f 1001//1001 1469//1469 1468//1468
f 1001//1001 1468//1468 1462//1462
f 1001//1001 1462//1462 1457//1457
f 1001//1001 1457//1457 1452//1452
f 1001//1001 1452//1452 1444//1444
f 1001//1001 1444//1444 1434//1434
f 1001//1001 1434//1434 1416//1416
f 1001//1001 1416//1416 1414//1414
f 1001//1001 1414//1414 1395//1395
f 1001//1001 1395//1395 1377//1377
f 1001//1001 1377//1377 1356//1356
f 1001//1001 1356//1356 1330//1330
f 1001//1001 1330//1330 1288//1288
f 1001//1001 1288//1288 1287//1287
f 1001//1001 1287//1287 1286//1286
f 1001//1001 1286//1286 1241//1241
f 1001//1001 1241//1241 1240//1240
f 1001//1001 1240//1240 1239//1239
f 1001//1001 1239//1239 1208//1208
f 1001//1001 1208//1208 1207//1207
f 1001//1001 1207//1207 1206//1206
f 1001//1001 1206//1206 1205//1205
f 1001//1001 1205//1205 1166//1166
f 1001//1001 1166//1166 1165//1165
f 1001//1001 1165//1165 1164//1164
f 1001//1001 1164//1164 1163//1163
f 1001//1001 1163//1163 1162//1162
f 1001//1001 1162//1162 1161//1161
f 1001//1001 1161//1161 1160//1160
f 1001//1001 1160//1160 1126//1126
f 1001//1001 1126//1126 1125//1125
f 1001//1001 1125//1125 1124//1124
f 1001//1001 1124//1124 1123//1123
f 1001//1001 1123//1123 1122//1122
f 1001//1001 1122//1122 1121//1121
f 1001//1001 1121//1121 1120//1120
f 1001//1001 1120//1120 1119//1119
f 1001//1001 1119//1119 1118//1118
f 1001//1001 1118//1118 1117//1117
f 1001//1001 1117//1117 1087//1087
f 1001//1001 1087//1087 1086//1086
f 1001//1001 1086//1086 1063//1063
f 1001//1001 1063//1063 1062//1062
f 1001//1001 1062//1062 1042//1042
f 1001//1001 1042//1042 1027//1027
f 1001//1001 1027//1027 1016//1016
f 1001//1001 1016//1016 1007//1007
f 1001//1001 1007//1007 1005//1005
f 1001//1001 1005//1005 1002//1002
f 1002//1002 1006//1006 1003//1003
f 1002//1002 1005//1005 1007//1007
f 1002//1002 1007//1007 1008//1008
f 1002//1002 1008//1008 1006//1006
f 1003//1003 1006//1006 1009//1009
f 1003//1003 1009//1009 1010//1010
f 1003//1003 1010//1010 1004//1004
f 1004//1004 1010//1010 1011//1011
f 1006//1006 1012//1012 1009//1009
f 1006//1006 1008//1008 1013//1013
f 1006//1006 1013//1013 1012//1012
f 1007//1007 1014//1014 1015//1015
f 1007//1007 1015//1015 1008//1008
f 1007//1007 1016//1016 1014//1014
f 1008//1008 1015//1015 1017//1017
f 1008//1008 1017//1017 1013//1013
f 1009//1009 1012//1012 1018//1018
f 1009//1009 1018//1018 1019//1019
f 1009//1009 1019//1019 1010//1010
f 1010//1010 1019//1019 1020//1020
f 1010//1010 1020//1020 1021//1021
f 1010//1010 1021//1021 1011//1011
f 1012//1012 1022//1022 1018//1018
f 1012//1012 1013//1013 1023//1023
f 1012//1012 1023//1023 1024//1024
f 1012//1012 1024//1024 1022//1022
f 1013//1013 1017//1017 1023//1023
f 1014//1014 1025//1025 1015//1015
f 1014//1014 1016//1016 1026//1026
f 1014//1014 1026//1026 1025//1025
f 1015//1015 1025//1025 1017//1017
f 1016//1016 1027//1027 1026//1026
f 1017//1017 1025//1025 1023//1023
f 1018//1018 1028//1028 1029//1029
f 1018//1018 1029//1029 1030//1030
f 1018//1018 1030//1030 1031//1031
f 1018//1018 1031//1031 1019//1019
f 1018//1018 1022//1022 1028//1028
f 1019//1019 1031//1031 1020//1020
f 1020//1020 1031//1031 1032//1032
f 1020//1020 1032//1032 1033//1033
f 1020//1020 1033//1033 1034//1034
f 1020//1020 1034//1034 1021//1021
f 1022//1022 1024//1024 1035//1035
f 1022//1022 1035//1035 1036//1036
f 1022//1022 1036//1036 1037//1037
f 1022//1022 1037//1037 1028//1028
f 1023//1023 1025//1025 1038//1038
f 1023//1023 1038//1038 1024//1024
f 1024//1024 1038//1038 1039//1039
f 1024//1024 1039//1039 1040//1040
f 1024//1024 1040//1040 1035//1035
f 1025//1025 1026//1026 1041//1041
f 1025//1025 1041//1041 1038//1038
f 1026//1026 1027//1027 1042//1042
f 1026//1026 1042//1042 1043//1043
f 1026//1026 1043//1043 1041//1041
f 1028//1028 1037//1037 1029//1029
f 1029//1029 1037//1037 1044//1044
f 1029//1029 1044//1044 1045//1045
f 1029//1029 1045//1045 1046//1046
f 1029//1029 1046//1046 1047//1047
f 1029//1029 1047//1047 1030//1030
f 1030//1030 1047//1047 1032//1032
f 1030//1030 1032//1032 1031//1031
f 1032//1032 1047//1047 1048//1048
f 1032//1032 1048//1048 1049//1049
f 1032//1032 1049//1049 1033//1033
f 1033//1033 1049//1049 1050//1050
f 1033//1033 1050//1050 1051//1051
f 1033//1033 1051//1051 1034//1034
f 1035//1035 1040//1040 1052//1052
f 1035//1035 1052//1052 1053//1053
f 1035//1035 1053//1053 1054//1054
f 1035//1035 1054//1054 1036//1036
f 1036//1036 1054//1054 1037//1037
f 1037//1037 1055//1055 1044//1044
f 1037//1037 1054//1054 1056//1056
f 1037//1037 1056//1056 1055//1055
f 1038//1038 1041//1041 1057//1057
f 1038//1038 1057//1057 1058//1058
f 1038//1038 1058//1058 1059//1059
f 1038//1038 1059//1059 1039//1039
f 1039//1039 1059//1059 1040//1040
f 1040//1040 1059//1059 1060//1060
f 1040//1040 1060//1060 1061//1061
f 1040//1040 1061//1061 1052//1052
f 1041//1041 1043//1043 1057//1057
f 1042//1042 1062//1062 1043//1043
f 1043//1043 1062//1062 1063//1063
f 1043//1043 1063//1063 1064//1064
f 1043//1043 1064//1064 1065//1065
f 1043//1043 1065//1065 1057//1057
f 1044//1044 1055//1055 1045//1045
f 1045//1045 1066//1066 1067//1067
f 1045//1045 1067//1067 1068//1068
f 1045//1045 1068//1068 1069//1069
f 1045//1045 1069//1069 1046//1046
f 1045//1045 1055//1055 1066//1066
f 1046//1046 1069//1069 1047//1047
f 1047//1047 1069//1069 1070//1070
f 1047//1047 1070//1070 1071//1071
f 1047//1047 1071//1071 1048//1048
f 1048//1048 1071//1071 1072//1072
f 1048//1048 1072//1072 1049//1049
f 1049//1049 1072//1072 1050//1050
f 1050//1050 1072//1072 1073//1073
f 1050//1050 1073//1073 1074//1074
f 1052//1052 1075//1075 1076//1076
f 1052//1052 1076//1076 1053//1053
f 1052//1052 1061//1061 1077//1077
f 1052//1052 1077//1077 1075//1075
f 1053//1053 1076//1076 1054//1054
f 1054//1054 1078//1078 1079//1079
f 1054//1054 1079//1079 1056//1056
f 1054//1054 1076//1076 1078//1078
f 1055//1055 1056//1056 1079//1079
f 1055//1055 1079//1079 1080//1080
f 1055//1055 1080//1080 1066//1066
f 1057//1057 1065//1065 1081//1081
f 1057//1057 1081//1081 1082//1082
f 1057//1057 1082//1082 1058//1058
f 1058//1058 1082//1082 1059//1059
f 1059//1059 1082//1082 1083//1083
f 1059//1059 1083//1083 1084//1084
f 1059//1059 1084//1084 1060//1060
f 1060//1060 1084//1084 1085//1085
f 1060//1060 1085//1085 1061//1061
f 1061//1061 1085//1085 1077//1077
f 1063//1063 1086//1086 1064//1064
f 1064//1064 1086//1086 1087//1087
f 1064//1064 1087//1087 1088//1088
f 1064//1064 1088//1088 1065//1065
f 1065//1065 1088//1088 1089//1089
f 1065//1065 1089//1089 1090//1090
f 1065//1065 1090//1090 1081//1081
f 1066//1066 1091//1091 1092//1092
f 1066//1066 1092//1092 1067//1067
f 1066//1066 1080//1080 1091//1091
f 1067//1067 1092//1092 1093//1093
f 1067//1067 1093//1093 1094//1094
f 1067//1067 1094//1094 1095//1095
f 1067//1067 1095//1095 1068//1068
f 1068//1068 1095//1095 1069//1069
f 1069//1069 1095//1095 1096//1096
f 1069//1069 1096//1096 1070//1070
f 1070//1070 1096//1096 1097//1097
f 1070//1070 1097//1097 1098//1098
f 1070//1070 1098//1098 1099//1099
f 1070//1070 1099//1099 1071//1071
f 1071//1071 1099//1099 1100//1100
f 1071//1071 1100//1100 1072//1072
f 1072//1072 1100//1100 1073//1073
f 1073//1073 1100//1100 1101//1101
f 1073//1073 1101//1101 1102//1102
f 1073//1073 1102//1102 1074//1074
f 1075//1075 1103//1103 1076//1076
f 1075//1075 1077//1077 1103//1103
f 1076//1076 1103//1103 1104//1104
f 1076//1076 1104//1104 1105//1105
f 1076//1076 1105//1105 1078//1078
f 1077//1077 1085//1085 1106//1106
f 1077//1077 1106//1106 1107//1107
f 1077//1077 1107//1107 1108//1108
f 1077//1077 1108//1108 1103//1103
f 1078//1078 1105//1105 1079//1079
f 1079//1079 1109//1109 1080//1080
f 1079//1079 1105//1105 1109//1109
f 1080//1080 1109//1109 1110//1110
f 1080//1080 1110//1110 1111//1111
f 1080//1080 1111//1111 1091//1091
f 1081//1081 1090//1090 1112//1112
f 1081//1081 1112//1112 1082//1082
f 1082//1082 1112//1112 1113//1113
f 1082//1082 1113//1113 1083//1083
f 1083//1083 1113//1113 1084//1084
f 1084//1084 1113//1113 1114//1114
f 1084//1084 1114//1114 1085//1085
f 1085//1085 1115//1115 1106//1106
f 1085//1085 1114//1114 1116//1116
f 1085//1085 1116//1116 1115//1115
f 1087//1087 1117//1117 1088//1088
f 1088//1088 1117//1117 1118//1118
f 1088//1088 1118//1118 1119//1119
f 1088//1088 1119//1119 1120//1120
f 1088//1088 1120//1120 1121//1121
f 1088//1088 1121//1121 1122//1122
f 1088//1088 1122//1122 1123//1123
f 1088//1088 1123//1123 1124//1124
f 1088//1088 1124//1124 1125//1125
f 1088//1088 1125//1125 1126//1126
f 1088//1088 1126//1126 1127//1127
f 1088//1088 1127//1127 1128//1128
f 1088//1088 1128//1128 1089//1089
f 1089//1089 1128//1128 1129//1129
f 1089//1089 1129//1129 1090//1090
f 1090//1090 1129//1129 1130//1130
f 1090//1090 1130//1130 1112//1112
f 1091//1091 1111//1111 1131//1131
f 1091//1091 1131//1131 1092//1092
f 1092//1092 1131//1131 1093//1093
f 1093//1093 1132//1132 1133//1133
f 1093//1093 1133//1133 1134//1134
f 1093//1093 1134//1134 1094//1094
f 1093//1093 1131//1131 1135//1135
f 1093//1093 1135//1135 1132//1132
f 1094//1094 1134//1134 1095//1095
f 1095//1095 1134//1134 1136//1136
f 1095//1095 1136//1136 1137//1137
f 1095//1095 1137//1137 1096//1096
f 1096//1096 1137//1137 1097//1097
f 1097//1097 1137//1137 1138//1138
f 1097//1097 1138//1138 1098//1098
f 1098//1098 1139//1139 1099//1099
f 1098//1098 1138//1138 1140//1140
f 1098//1098 1140//1140 1139//1139
f 1099//1099 1139//1139 1100//1100
f 1100//1100 1139//1139 1101//1101
f 1101//1101 1139//1139 1141//1141
f 1101//1101 1141//1141 1142//1142
f 1101//1101 1142//1142 1143//1143
f 1101//1101 1143//1143 1102//1102
f 1103//1103 1144//1144 1104//1104
f 1103//1103 1108//1108 1144//1144
f 1104//1104 1144//1144 1145//1145
f 1104//1104 1145//1145 1146//1146
f 1104//1104 1146//1146 1105//1105
f 1105//1105 1146//1146 1109//1109
f 1106//1106 1115//1115 1107//1107
f 1107//1107 1115//1115 1147//1147
f 1107//1107 1147//1147 1148//1148
f 1107//1107 1148//1148 1149//1149
f 1107//1107 1149//1149 1150//1150
f 1107//1107 1150//1150 1108//1108
f 1108//1108 1150//1150 1144//1144
f 1109//1109 1146//1146 1151//1151
f 1109//1109 1151//1151 1152//1152
f 1109//1109 1152//1152 1110//1110
f 1110//1110 1152//1152 1111//1111
f 1111//1111 1153//1153 1131//1131
f 1111//1111 1152//1152 1154//1154
f 1111//1111 1154//1154 1153//1153
f 1112//1112 1130//1130 1113//1113
f 1113//1113 1130//1130 1155//1155
f 1113//1113 1155//1155 1156//1156
f 1113//1113 1156//1156 1114//1114
f 1114//1114 1156//1156 1157//1157
f 1114//1114 1157//1157 1116//1116
f 1115//1115 1116//1116 1157//1157
f 1115//1115 1157//1157 1158//1158
f 1115//1115 1158//1158 1159//1159
f 1115//1115 1159//1159 1147//1147
f 1126//1126 1160//1160 1127//1127
f 1127//1127 1160//1160 1161//1161
f 1127//1127 1161//1161 1162//1162
f 1127//1127 1162//1162 1163//1163
f 1127//1127 1163//1163 1164//1164
f 1127//1127 1164//1164 1165//1165
f 1127//1127 1165//1165 1166//1166
f 1127//1127 1166//1166 1167//1167
f 1127//1127 1167//1167 1128//1128
f 1128//1128 1167//1167 1168//1168
f 1128//1128 1168//1168 1129//1129
f 1129//1129 1168//1168 1130//1130
f 1130//1130 1168//1168 1169//1169
f 1130//1130 1169//1169 1170//1170
f 1130//1130 1170//1170 1155//1155
f 1131//1131 1153//1153 1135//1135
f 1132//1132 1171//1171 1133//1133
f 1132//1132 1135//1135 1153//1153
f 1132//1132 1153//1153 1171//1171
f 1133//1133 1171//1171 1172//1172
f 1133//1133 1172//1172 1173//1173
f 1133//1133 1173//1173 1134//1134
f 1134//1134 1174//1174 1175//1175
f 1134//1134 1175//1175 1136//1136
f 1134//1134 1173//1173 1174//1174
f 1136//1136 1175//1175 1176//1176
f 1136//1136 1176//1176 1137//1137
f 1137//1137 1176//1176 1177//1177
f 1137//1137 1177//1177 1178//1178
f 1137//1137 1178//1178 1138//1138
f 1138//1138 1178//1178 1179//1179
f 1138//1138 1179//1179 1140//1140
f 1139//1139 1140//1140 1141//1141
f 1140//1140 1179//1179 1141//1141
f 1141//1141 1179//1179 1180//1180
f 1141//1141 1180//1180 1142//1142
f 1142//1142 1181//1181 1182//1182
f 1142//1142 1182//1182 1143//1143
f 1142//1142 1180//1180 1183//1183
f 1142//1142 1183//1183 1184//1184
f 1142//1142 1184//1184 1185//1185
f 1142//1142 1185//1185 1186//1186
f 1142//1142 1186//1186 1181//1181
f 1144//1144 1150//1150 1187//1187
f 1144//1144 1187//1187 1145//1145
f 1145//1145 1187//1187 1146//1146
f 1146//1146 1187//1187 1151//1151
f 1147//1147 1159//1159 1188//1188
f 1147//1147 1188//1188 1148//1148
f 1148//1148 1188//1188 1187//1187
f 1148//1148 1187//1187 1149//1149
f 1149//1149 1187//1187 1150//1150
f 1151//1151 1187//1187 1189//1189
f 1151//1151 1189//1189 1152//1152
f 1152//1152 1189//1189 1154//1154
f 1153//1153 1154//1154 1190//1190
f 1153//1153 1190//1190 1191//1191
f 1153//1153 1191//1191 1192//1192
f 1153//1153 1192//1192 1193//1193
f 1153//1153 1193//1193 1194//1194
f 1153//1153 1194//1194 1195//1195
f 1153//1153 1195//1195 1196//1196
f 1153//1153 1196//1196 1197//1197
f 1153//1153 1197//1197 1198//1198
f 1153//1153 1198//1198 1199//1199
f 1153//1153 1199//1199 1200//1200
f 1153//1153 1200//1200 1171//1171
f 1154//1154 1189//1189 1190//1190
f 1155//1155 1170//1170 1201//1201
f 1155//1155 1201//1201 1156//1156
f 1156//1156 1201//1201 1157//1157
f 1157//1157 1202//1202 1158//1158
f 1157//1157 1201//1201 1203//1203
f 1157//1157 1203//1203 1202//1202
f 1158//1158 1204//1204 1159//1159
f 1158//1158 1202//1202 1204//1204
f 1159//1159 1204//1204 1188//1188
f 1166//1166 1205//1205 1167//1167
f 1167//1167 1205//1205 1206//1206
f 1167//1167 1206//1206 1207//1207
f 1167//1167 1207//1207 1208//1208
f 1167//1167 1208//1208 1209//1209
f 1167//1167 1209//1209 1168//1168
f 1168//1168 1209//1209 1210//1210
f 1168//1168 1210//1210 1169//1169
f 1169//1169 1210//1210 1211//1211
f 1169//1169 1211//1211 1212//1212
f 1169//1169 1212//1212 1170//1170
f 1170//1170 1213//1213 1201//1201
f 1170//1170 1212//1212 1214//1214
f 1170//1170 1214//1214 1213//1213
f 1171//1171 1200//1200 1172//1172
f 1172//1172 1215//1215 1216//1216
f 1172//1172 1216//1216 1174//1174
f 1172//1172 1174//1174 1173//1173
f 1172//1172 1200//1200 1215//1215
f 1174//1174 1216//1216 1217//1217
f 1174//1174 1217//1217 1175//1175
f 1175//1175 1217//1217 1176//1176
f 1176//1176 1217//1217 1218//1218
f 1176//1176 1218//1218 1177//1177
f 1177//1177 1218//1218 1178//1178
f 1178//1178 1218//1218 1219//1219
f 1178//1178 1219//1219 1179//1179
f 1179//1179 1219//1219 1220//1220
f 1179//1179 1220//1220 1180//1180
f 1180//1180 1220//1220 1221//1221
f 1180//1180 1221//1221 1183//1183
f 1183//1183 1221//1221 1184//1184
f 1184//1184 1221//1221 1222//1222
f 1184//1184 1222//1222 1185//1185
f 1187//1187 1188//1188 1223//1223
f 1187//1187 1223//1223 1224//1224
f 1187//1187 1224//1224 1225//1225
f 1187//1187 1225//1225 1226//1226
f 1187//1187 1226//1226 1227//1227
f 1187//1187 1227//1227 1228//1228
f 1187//1187 1228//1228 1229//1229
f 1187//1187 1229//1229 1230//1230
f 1187//1187 1230//1230 1231//1231
f 1187//1187 1231//1231 1189//1189
f 1188//1188 1232//1232 1223//1223
f 1188//1188 1204//1204 1232//1232
f 1189//1189 1231//1231 1196//1196
f 1189//1189 1196//1196 1195//1195
f 1189//1189 1195//1195 1194//1194
f 1189//1189 1194//1194 1193//1193
f 1189//1189 1193//1193 1192//1192
f 1189//1189 1192//1192 1191//1191
f 1189//1189 1191//1191 1190//1190
f 1196//1196 1231//1231 1233//1233
f 1196//1196 1233//1233 1197//1197
f 1197//1197 1233//1233 1234//1234
f 1197//1197 1234//1234 1198//1198
f 1198//1198 1234//1234 1235//1235
f 1198//1198 1235//1235 1215//1215
f 1198//1198 1215//1215 1199//1199
f 1199//1199 1215//1215 1200//1200
f 1201//1201 1213//1213 1236//1236
f 1201//1201 1236//1236 1203//1203
f 1202//1202 1203//1203 1237//1237
f 1202//1202 1237//1237 1238//1238
f 1202//1202 1238//1238 1204//1204
f 1203//1203 1236//1236 1237//1237
f 1204//1204 1238//1238 1232//1232
f 1208//1208 1239//1239 1209//1209
f 1209//1209 1240//1240 1241//1241
f 1209//1209 1241//1241 1242//1242
f 1209//1209 1242//1242 1211//1211
f 1209//1209 1211//1211 1210//1210
f 1209//1209 1239//1239 1240//1240
f 1211//1211 1242//1242 1243//1243
f 1211//1211 1243//1243 1244//1244
f 1211//1211 1244//1244 1212//1212
f 1212//1212 1244//1244 1245//1245
f 1212//1212 1245//1245 1246//1246
f 1212//1212 1246//1246 1247//1247
f 1212//1212 1247//1247 1248//1248
f 1212//1212 1248//1248 1249//1249
f 1212//1212 1249//1249 1250//1250
f 1212//1212 1250//1250 1214//1214
f 1213//1213 1251//1251 1236//1236
f 1213//1213 1214//1214 1252//1252
f 1213//1213 1252//1252 1251//1251
f 1214//1214 1250//1250 1253//1253
f 1214//1214 1253//1253 1254//1254
f 1214//1214 1254//1254 1252//1252
f 1215//1215 1235//1235 1216//1216
f 1216//1216 1255//1255 1256//1256
f 1216//1216 1256//1256 1217//1217
f 1216//1216 1235//1235 1255//1255
f 1217//1217 1256//1256 1257//1257
f 1217//1217 1257//1257 1218//1218
f 1218//1218 1257//1257 1219//1219
f 1219//1219 1257//1257 1258//1258
f 1219//1219 1258//1258 1259//1259
f 1219//1219 1259//1259 1260//1260
f 1219//1219 1260//1260 1220//1220
f 1220//1220 1260//1260 1221//1221
f 1221//1221 1261//1261 1222//1222
f 1221//1221 1260//1260 1262//1262
f 1221//1221 1262//1262 1261//1261
f 1223//1223 1232//1232 1263//1263
f 1223//1223 1263//1263 1264//1264
f 1223//1223 1264//1264 1265//1265
f 1223//1223 1265//1265 1266//1266
f 1223//1223 1266//1266 1267//1267
f 1223//1223 1267//1267 1268//1268
f 1223//1223 1268//1268 1269//1269
f 1223//1223 1269//1269 1270//1270
f 1223//1223 1270//1270 1271//1271
f 1223//1223 1271//1271 1272//1272
f 1223//1223 1272//1272 1273//1273
f 1223//1223 1273//1273 1224//1224
f 1224//1224 1273//1273 1274//1274
f 1224//1224 1274//1274 1225//1225
f 1225//1225 1274//1274 1275//1275
f 1225//1225 1275//1275 1226//1226
f 1226//1226 1275//1275 1276//1276
f 1226//1226 1276//1276 1277//1277
f 1226//1226 1277//1277 1227//1227
f 1227//1227 1277//1277 1278//1278
f 1227//1227 1278//1278 1228//1228
f 1228//1228 1278//1278 1229//1229
f 1229//1229 1278//1278 1279//1279
f 1229//1229 1279//1279 1230//1230
f 1230//1230 1279//1279 1280//1280
f 1230//1230 1280//1280 1233//1233
f 1230//1230 1233//1233 1231//1231
f 1232//1232 1238//1238 1263//1263
f 1233//1233 1280//1280 1281//1281
f 1233//1233 1281//1281 1234//1234
f 1234//1234 1281//1281 1282//1282
f 1234//1234 1282//1282 1283//1283
f 1234//1234 1283//1283 1255//1255
f 1234//1234 1255//1255 1235//1235
f 1236//1236 1284//1284 1237//1237
f 1236//1236 1251//1251 1284//1284
f 1237//1237 1284//1284 1285//1285
f 1237//1237 1285//1285 1238//1238
f 1238//1238 1285//1285 1264//1264
f 1238//1238 1264//1264 1263//1263
f 1241//1241 1286//1286 1242//1242
f 1242//1242 1286//1286 1287//1287
f 1242//1242 1287//1287 1288//1288
f 1242//1242 1288//1288 1243//1243
f 1243//1243 1288//1288 1289//1289
f 1243//1243 1289//1289 1290//1290
f 1243//1243 1290//1290 1291//1291
f 1243//1243 1291//1291 1244//1244
f 1244//1244 1291//1291 1292//1292
f 1244//1244 1292//1292 1293//1293
f 1244//1244 1293//1293 1294//1294
f 1244//1244 1294//1294 1295//1295
f 1244//1244 1295//1295 1246//1246
f 1244//1244 1246//1246 1245//1245
f 1246//1246 1295//1295 1294//1294
f 1246//1246 1294//1294 1293//1293
f 1246//1246 1293//1293 1292//1292
f 1246//1246 1292//1292 1291//1291
f 1246//1246 1291//1291 1290//1290
f 1246//1246 1290//1290 1289//1289
f 1246//1246 1289//1289 1331//1331
f 1246//1246 1331//1331 1362//1362
f 1246//1246 1362//1362 1361//1361
f 1246//1246 1361//1361 1360//1360
f 1246//1246 1360//1360 1359//1359
f 1246//1246 1359//1359 1358//1358
f 1246//1246 1358//1358 1357//1357
f 1246//1246 1357//1357 1379//1379
f 1246//1246 1379//1379 1378//1378
f 1246//1246 1378//1378 1398//1398
f 1246//1246 1398//1398 1397//1397
f 1246//1246 1397//1397 1396//1396
f 1246//1246 1396//1396 1415//1415
f 1246//1246 1415//1415 1433//1433
f 1246//1246 1433//1433 1443//1443
f 1246//1246 1443//1443 1451//1451
f 1246//1246 1451//1451 1453//1453
f 1246//1246 1453//1453 1459//1459
f 1246//1246 1459//1459 1458//1458
f 1246//1246 1458//1458 1465//1465
f 1246//1246 1465//1465 1464//1464
f 1246//1246 1464//1464 1463//1463
f 1246//1246 1463//1463 1470//1470
f 1246//1246 1470//1470 1504//1504
f 1246//1246 1504//1504 1508//1508
f 1246//1246 1508//1508 1509//1509
f 1246//1246 1509//1509 1506//1506
f 1246//1246 1506//1506 1476//1476
f 1246//1246 1476//1476 1475//1475
f 1246//1246 1475//1475 1474//1474
f 1246//1246 1474//1474 1473//1473
f 1246//1246 1473//1473 1472//1472
f 1246//1246 1472//1472 1467//1467
f 1246//1246 1467//1467 1461//1461
f 1246//1246 1461//1461 1456//1456
f 1246//1246 1456//1456 1454//1454
f 1246//1246 1454//1454 1446//1446
f 1246//1246 1446//1446 1445//1445
f 1246//1246 1445//1445 1438//1438
f 1246//1246 1438//1438 1437//1437
f 1246//1246 1437//1437 1436//1436
f 1246//1246 1436//1436 1426//1426
f 1246//1246 1426//1426 1425//1425
f 1246//1246 1425//1425 1424//1424
f 1246//1246 1424//1424 1407//1407
f 1246//1246 1407//1407 1406//1406
f 1246//1246 1406//1406 1404//1404
f 1246//1246 1404//1404 1387//1387
f 1246//1246 1387//1387 1386//1386
f 1246//1246 1386//1386 1385//1385
f 1246//1246 1385//1385 1384//1384
f 1246//1246 1384//1384 1388//1388
f 1246//1246 1388//1388 1371//1371
f 1246//1246 1371//1371 1368//1368
f 1246//1246 1368//1368 1346//1346
f 1246//1246 1346//1346 1317//1317
f 1246//1246 1317//1317 1326//1326
f 1246//1246 1326//1326 1328//1328
f 1246//1246 1328//1328 1300//1300
f 1246//1246 1300//1300 1299//1299
f 1246//1246 1299//1299 1298//1298
f 1246//1246 1298//1298 1297//1297
f 1246//1246 1297//1297 1296//1296
f 1246//1246 1296//1296 1304//1304
f 1246//1246 1304//1304 1303//1303
f 1246//1246 1303//1303 1302//1302
f 1246//1246 1302//1302 1301//1301
f 1246//1246 1301//1301 1253//1253
f 1246//1246 1253//1253 1250//1250
f 1246//1246 1250//1250 1249//1249
f 1246//1246 1249//1249 1248//1248
f 1246//1246 1248//1248 1247//1247
f 1251//1251 1252//1252 1296//1296
f 1251//1251 1296//1296 1297//1297
f 1251//1251 1297//1297 1298//1298
f 1251//1251 1298//1298 1299//1299
f 1251//1251 1299//1299 1300//1300
f 1251//1251 1300//1300 1284//1284
f 1252//1252 1254//1254 1301//1301
f 1252//1252 1301//1301 1302//1302
f 1252//1252 1302//1302 1303//1303
f 1252//1252 1303//1303 1304//1304
f 1252//1252 1304//1304 1296//1296
f 1253//1253 1301//1301 1254//1254
f 1255//1255 1283//1283 1305//1305
f 1255//1255 1305//1305 1306//1306
f 1255//1255 1306//1306 1256//1256
f 1256//1256 1306//1306 1307//1307
f 1256//1256 1307//1307 1257//1257
f 1257//1257 1307//1307 1258//1258
f 1258//1258 1307//1307 1308//1308
f 1258//1258 1308//1308 1309//1309
f 1258//1258 1309//1309 1259//1259
f 1259//1259 1309//1309 1310//1310
f 1259//1259 1310//1310 1260//1260
f 1260//1260 1310//1310 1262//1262
f 1261//1261 1262//1262 1311//1311
f 1262//1262 1310//1310 1312//1312
f 1262//1262 1312//1312 1311//1311
f 1264//1264 1285//1285 1313//1313
f 1264//1264 1313//1313 1265//1265
f 1265//1265 1313//1313 1266//1266
f 1266//1266 1313//1313 1267//1267
f 1267//1267 1313//1313 1268//1268
f 1268//1268 1313//1313 1269//1269
f 1269//1269 1313//1313 1270//1270
f 1270//1270 1313//1313 1271//1271
f 1271//1271 1314//1314 1315//1315
f 1271//1271 1315//1315 1272//1272
f 1271//1271 1313//1313 1314//1314
f 1272//1272 1315//1315 1273//1273
f 1273//1273 1315//1315 1316//1316
f 1273//1273 1316//1316 1274//1274
f 1274//1274 1316//1316 1317//1317
f 1274//1274 1317//1317 1275//1275
f 1275//1275 1318//1318 1319//1319
f 1275//1275 1319//1319 1276//1276
f 1275//1275 1317//1317 1318//1318
f 1276//1276 1319//1319 1277//1277
f 1277//1277 1319//1319 1320//1320
f 1277//1277 1320//1320 1278//1278
f 1278//1278 1320//1320 1321//1321
f 1278//1278 1321//1321 1322//1322
f 1278//1278 1322//1322 1279//1279
f 1279//1279 1322//1322 1280//1280
f 1280//1280 1322//1322 1323//1323
f 1280//1280 1323//1323 1281//1281
f 1281//1281 1323//1323 1324//1324
f 1281//1281 1324//1324 1282//1282
f 1282//1282 1324//1324 1325//1325
f 1282//1282 1325//1325 1283//1283
f 1283//1283 1325//1325 1305//1305
f 1284//1284 1326//1326 1327//1327
f 1284//1284 1327//1327 1285//1285
f 1284//1284 1300//1300 1328//1328
f 1284//1284 1328//1328 1326//1326
f 1285//1285 1329//1329 1313//1313
f 1285//1285 1327//1327 1329//1329
f 1288//1288 1330//1330 1331//1331
f 1288//1288 1331//1331 1289//1289
f 1305//1305 1325//1325 1332//1332
f 1305//1305 1332//1332 1306//1306
f 1306//1306 1332//1332 1307//1307
f 1307//1307 1332//1332 1333//1333
f 1307//1307 1333//1333 1308//1308
f 1308//1308 1333//1333 1334//1334
f 1308//1308 1334//1334 1335//1335
f 1308//1308 1335//1335 1309//1309
f 1309//1309 1335//1335 1336//1336
f 1309//1309 1336//1336 1337//1337
f 1309//1309 1337//1337 1310//1310
f 1310//1310 1337//1337 1338//1338
f 1310//1310 1338//1338 1339//1339
f 1310//1310 1339//1339 1340//1340
f 1310//1310 1340//1340 1312//1312
f 1313//1313 1329//1329 1341//1341
f 1313//1313 1341//1341 1342//1342
f 1313//1313 1342//1342 1343//1343
f 1313//1313 1343//1343 1326//1326
f 1313//1313 1326//1326 1344//1344
f 1313//1313 1344//1344 1345//1345
f 1313//1313 1345//1345 1314//1314
f 1314//1314 1345//1345 1326//1326
f 1314//1314 1326//1326 1317//1317
f 1314//1314 1317//1317 1315//1315
f 1315//1315 1317//1317 1316//1316
f 1317//1317 1346//1346 1347//1347
f 1317//1317 1347//1347 1318//1318
f 1318//1318 1347//1347 1319//1319
f 1319//1319 1347//1347 1348//1348
f 1319//1319 1348//1348 1320//1320
f 1320//1320 1348//1348 1349//1349
f 1320//1320 1349//1349 1350//1350
f 1320//1320 1350//1350 1321//1321
f 1321//1321 1350//1350 1322//1322
f 1322//1322 1350//1350 1351//1351
f 1322//1322 1351//1351 1324//1324
f 1322//1322 1324//1324 1323//1323
f 1324//1324 1352//1352 1353//1353
f 1324//1324 1353//1353 1325//1325
f 1324//1324 1351//1351 1352//1352
f 1325//1325 1354//1354 1355//1355
f 1325//1325 1355//1355 1332//1332
f 1325//1325 1353//1353 1354//1354
f 1326//1326 1345//1345 1344//1344
f 1326//1326 1343//1343 1342//1342
f 1326//1326 1342//1342 1341//1341
f 1326//1326 1341//1341 1329//1329
f 1326//1326 1329//1329 1327//1327
f 1330//1330 1356//1356 1357//1357
f 1330//1330 1357//1357 1358//1358
f 1330//1330 1358//1358 1359//1359
f 1330//1330 1359//1359 1360//1360
f 1330//1330 1360//1360 1361//1361
f 1330//1330 1361//1361 1362//1362
f 1330//1330 1362//1362 1331//1331
f 1332//1332 1355//1355 1363//1363
f 1332//1332 1363//1363 1333//1333
f 1333//1333 1364//1364 1334//1334
f 1333//1333 1363//1363 1364//1364
f 1334//1334 1364//1364 1365//1365
f 1334//1334 1365//1365 1335//1335
f 1335//1335 1365//1365 1336//1336
f 1336//1336 1365//1365 1366//1366
f 1336//1336 1366//1366 1337//1337
f 1337//1337 1367//1367 1338//1338
f 1337//1337 1366//1366 1367//1367
f 1346//1346 1368//1368 1347//1347
f 1347//1347 1369//1369 1370//1370
f 1347//1347 1370//1370 1348//1348
f 1347//1347 1368//1368 1371//1371
f 1347//1347 1371//1371 1369//1369
f 1348//1348 1370//1370 1372//1372
f 1348//1348 1372//1372 1349//1349
f 1349//1349 1372//1372 1373//1373
f 1349//1349 1373//1373 1350//1350
f 1350//1350 1373//1373 1352//1352
f 1350//1350 1352//1352 1351//1351
f 1352//1352 1374//1374 1354//1354
f 1352//1352 1354//1354 1353//1353
f 1352//1352 1373//1373 1375//1375
f 1352//1352 1375//1375 1374//1374
f 1354//1354 1374//1374 1376//1376
f 1354//1354 1376//1376 1355//1355
f 1355//1355 1376//1376 1363//1363
f 1356//1356 1377//1377 1378//1378
f 1356//1356 1378//1378 1379//1379
f 1356//1356 1379//1379 1357//1357
f 1363//1363 1376//1376 1380//1380
f 1363//1363 1380//1380 1381//1381
f 1363//1363 1381//1381 1364//1364
f 1364//1364 1382//1382 1365//1365
f 1364//1364 1381//1381 1382//1382
f 1365//1365 1382//1382 1366//1366
f 1366//1366 1382//1382 1383//1383
f 1369//1369 1384//1384 1385//1385
f 1369//1369 1385//1385 1386//1386
f 1369//1369 1386//1386 1387//1387
f 1369//1369 1387//1387 1370//1370
f 1369//1369 1371//1371 1388//1388
f 1369//1369 1388//1388 1384//1384
f 1370//1370 1389//1389 1390//1390
f 1370//1370 1390//1390 1372//1372
f 1370//1370 1387//1387 1389//1389
f 1372//1372 1390//1390 1373//1373
f 1373//1373 1390//1390 1375//1375
f 1374//1374 1391//1391 1376//1376
f 1374//1374 1375//1375 1391//1391
f 1375//1375 1390//1390 1392//1392
f 1375//1375 1392//1392 1391//1391
f 1376//1376 1391//1391 1393//1393
f 1376//1376 1393//1393 1394//1394
f 1376//1376 1394//1394 1380//1380
f 1377//1377 1395//1395 1396//1396
f 1377//1377 1396//1396 1397//1397
f 1377//1377 1397//1397 1398//1398
f 1377//1377 1398//1398 1378//1378
f 1380//1380 1394//1394 1399//1399
f 1380//1380 1399//1399 1400//1400
f 1380//1380 1400//1400 1381//1381
f 1381//1381 1400//1400 1401//1401
f 1381//1381 1401//1401 1382//1382
f 1382//1382 1402//1402 1403//1403
f 1382//1382 1403//1403 1383//1383
f 1382//1382 1401//1401 1402//1402
f 1387//1387 1404//1404 1389//1389
f 1389//1389 1405//1405 1390//1390
f 1389//1389 1404//1404 1406//1406
f 1389//1389 1406//1406 1407//1407
f 1389//1389 1407//1407 1405//1405
f 1390//1390 1408//1408 1392//1392
f 1390//1390 1405//1405 1408//1408
f 1391//1391 1409//1409 1393//1393
f 1391//1391 1392//1392 1409//1409
f 1392//1392 1408//1408 1410//1410
f 1392//1392 1410//1410 1411//1411
f 1392//1392 1411//1411 1409//1409
f 1393//1393 1412//1412 1399//1399
f 1393//1393 1399//1399 1394//1394
f 1393//1393 1409//1409 1413//1413
f 1393//1393 1413//1413 1412//1412
f 1395//1395 1414//1414 1396//1396
f 1396//1396 1414//1414 1416//1416
f 1396//1396 1416//1416 1415//1415
f 1399//1399 1412//1412 1417//1417
f 1399//1399 1417//1417 1400//1400
f 1400//1400 1417//1417 1418//1418
f 1400//1400 1418//1418 1401//1401
f 1401//1401 1418//1418 1419//1419
f 1401//1401 1419//1419 1420//1420
f 1401//1401 1420//1420 1421//1421
f 1401//1401 1421//1421 1402//1402
f 1405//1405 1422//1422 1423//1423
f 1405//1405 1423//1423 1408//1408
f 1405//1405 1407//1407 1424//1424
f 1405//1405 1424//1424 1425//1425
f 1405//1405 1425//1425 1426//1426
f 1405//1405 1426//1426 1422//1422
f 1408//1408 1423//1423 1410//1410
f 1409//1409 1411//1411 1427//1427
f 1409//1409 1427//1427 1413//1413
f 1410//1410 1428//1428 1427//1427
f 1410//1410 1427//1427 1411//1411
f 1410//1410 1423//1423 1428//1428
f 1412//1412 1413//1413 1429//1429
f 1412//1412 1429//1429 1430//1430
f 1412//1412 1430//1430 1431//1431
f 1412//1412 1431//1431 1417//1417
f 1413//1413 1427//1427 1432//1432
f 1413//1413 1432//1432 1429//1429
f 1415//1415 1416//1416 1434//1434
f 1415//1415 1434//1434 1433//1433
f 1422//1422 1435//1435 1423//1423
f 1422//1422 1426//1426 1436//1436
f 1422//1422 1436//1436 1437//1437
f 1422//1422 1437//1437 1438//1438
f 1422//1422 1438//1438 1435//1435
f 1423//1423 1435//1435 1439//1439
f 1423//1423 1439//1439 1428//1428
f 1427//1427 1428//1428 1432//1432
f 1428//1428 1439//1439 1440//1440
f 1428//1428 1440//1440 1432//1432
f 1429//1429 1432//1432 1430//1430
f 1430//1430 1432//1432 1441//1441
f 1432//1432 1440//1440 1442//1442
f 1432//1432 1442//1442 1441//1441
f 1433//1433 1434//1434 1443//1443
f 1434//1434 1444//1444 1443//1443
f 1435//1435 1445//1445 1446//1446
f 1435//1435 1446//1446 1447//1447
f 1435//1435 1447//1447 1448//1448
f 1435//1435 1448//1448 1449//1449
f 1435//1435 1449//1449 1439//1439
f 1435//1435 1438//1438 1445//1445
f 1439//1439 1449//1449 1440//1440
f 1440//1440 1449//1449 1450//1450
f 1440//1440 1450//1450 1442//1442
f 1443//1443 1444//1444 1451//1451
f 1444//1444 1452//1452 1453//1453
f 1444//1444 1453//1453 1451//1451
f 1446//1446 1454//1454 1447//1447
f 1447//1447 1454//1454 1456//1456
f 1447//1447 1456//1456 1455//1455
f 1452//1452 1457//1457 1458//1458
f 1452//1452 1458//1458 1459//1459
f 1452//1452 1459//1459 1453//1453
f 1455//1455 1456//1456 1460//1460
f 1456//1456 1461//1461 1460//1460
f 1457//1457 1462//1462 1463//1463
f 1457//1457 1463//1463 1464//1464
f 1457//1457 1464//1464 1465//1465
f 1457//1457 1465//1465 1458//1458
f 1460//1460 1461//1461 1466//1466
f 1461//1461 1467//1467 1466//1466
f 1462//1462 1468//1468 1463//1463
f 1463//1463 1468//1468 1469//1469
f 1463//1463 1469//1469 1470//1470
f 1466//1466 1467//1467 1472//1472
f 1466//1466 1472//1472 1473//1473
f 1466//1466 1473//1473 1474//1474
f 1466//1466 1474//1474 1475//1475
f 1466//1466 1475//1475 1476//1476
f 1466//1466 1476//1476 1471//1471
f 1469//1469 1477//1477 1470//1470
f 1470//1470 1477//1477 1478//1478
f 1470//1470 1478//1478 1479//1479
f 1470//1470 1479//1479 1480//1480
f 1470//1470 1480//1480 1481//1481
f 1470//1470 1481//1481 1482//1482
f 1470//1470 1482//1482 1483//1483
f 1470//1470 1483//1483 1484//1484
f 1470//1470 1484//1484 1485//1485
f 1470//1470 1485//1485 1486//1486
f 1470//1470 1486//1486 1487//1487
f 1470//1470 1487//1487 1488//1488
f 1470//1470 1488//1488 1489//1489
f 1470//1470 1489//1489 1490//1490
f 1470//1470 1490//1490 1491//1491
f 1470//1470 1491//1491 1492//1492
f 1470//1470 1492//1492 1493//1493
f 1470//1470 1493//1493 1494//1494
f 1470//1470 1494//1494 1495//1495
f 1470//1470 1495//1495 1496//1496
f 1470//1470 1496//1496 1497//1497
f 1470//1470 1497//1497 1498//1498
f 1470//1470 1498//1498 1499//1499
f 1470//1470 1499//1499 1500//1500
f 1470//1470 1500//1500 1501//1501
f 1470//1470 1501//1501 1502//1502
f 1470//1470 1502//1502 1503//1503
f 1470//1470 1503//1503 1504//1504
f 1471//1471 1476//1476 1505//1505
f 1476//1476 1506//1506 1505//1505
f 1503//1503 1507//1507 1508//1508
f 1503//1503 1508//1508 1504//1504
f 1505//1505 1506//1506 1509//1509
f 1505//1505 1509//1509 1508//1508
f 1505//1505 1508//1508 1507//1507
