# https://github.com/mikedh/trimesh
o geometry_0
o geometry_1
o geometry_2
v -0.04790971 -0.00026275 -0.09099868 0.54509804 0.71372549 0.60000000
v -0.04779786 -0.00303987 -0.06612349 0.54509804 0.71372549 0.60000000
v -0.04786310 0.00166793 -0.09099868 0.54509804 0.71372549 0.60000000
v -0.04777922 0.00252389 -0.11199402 0.54509804 0.71372549 0.60000000
v -0.04779786 -0.00220293 -0.11199402 0.54509804 0.71372549 0.60000000
v -0.04785378 -0.01167559 -0.04929038 0.54509804 0.71372549 0.60000000
v -0.04776990 -0.00517027 -0.05789111 0.54509804 0.71372549 0.60000000
v -0.04745301 0.00154429 -0.06810639 0.54509804 0.71372549 0.60000000
v -0.04753689 0.00319915 -0.07705703 0.54509804 0.71372549 0.60000000
v -0.04759281 0.00419777 -0.08742578 0.54509804 0.71372549 0.60000000
v -0.04742505 0.00630915 -0.09099868 0.54509804 0.71372549 0.60000000
v -0.04762078 0.00459722 -0.09800940 0.54509804 0.71372549 0.60000000
v -0.04763942 0.00439750 -0.11199402 0.54509804 0.71372549 0.60000000
v 0.04610445 -0.00989709 -0.11200016 0.54509804 0.71372549 0.60000000
v -0.04734117 -0.00689171 -0.11199402 0.54509804 0.71372549 0.60000000
v -0.04778854 -0.01284541 -0.04929038 0.54509804 0.71372549 0.60000000
v -0.04773262 -0.00804250 -0.04929038 0.54509804 0.71372549 0.60000000
v -0.04774194 -0.00761452 -0.05047521 0.54509804 0.71372549 0.60000000
v -0.04666078 0.00609040 -0.07003403 0.54509804 0.71372549 0.60000000
v -0.04680991 0.00778331 -0.07861020 0.54509804 0.71372549 0.60000000
v -0.04733184 -0.00065269 -0.06020551 0.54509804 0.71372549 0.60000000
v -0.04694039 0.00920991 -0.09840230 0.54509804 0.71372549 0.60000000
v -0.04697767 0.00904823 -0.11199402 0.54509804 0.71372549 0.60000000
v -0.04689379 0.00880095 -0.08853080 0.54509804 0.71372549 0.60000000
v -0.04653961 0.01084576 -0.09099868 0.54509804 0.71372549 0.60000000
v 0.04688735 -0.01532770 -0.04929038 0.54509804 0.71372549 0.60000000
v 0.04595532 -0.01901785 -0.04929038 0.54509804 0.71372549 0.60000000
v 0.04506057 -0.01377745 -0.11199402 0.54509804 0.71372549 0.60000000
v 0.04480892 -0.01470950 -0.11199402 0.54509804 0.71372549 0.60000000
v 0.04347612 -0.01815238 -0.11199402 0.54509804 0.71372549 0.60000000
v 0.04296350 -0.01947437 -0.11199402 0.54509804 0.71372549 0.60000000
v 0.04149089 -0.02236562 -0.11199402 0.54509804 0.71372549 0.60000000
v 0.04074526 -0.02381125 -0.11199402 0.54509804 0.71372549 0.60000000
v 0.03909556 -0.02635061 -0.11199402 0.54509804 0.71372549 0.60000000
v 0.03807964 -0.02790085 -0.11199402 0.54509804 0.71372549 0.60000000
v 0.03491073 -0.03181926 -0.11199402 0.54509804 0.71372549 0.60000000
v 0.03133173 -0.03538578 -0.11199402 0.54509804 0.71372549 0.60000000
v 0.02751971 -0.03845773 -0.11199402 0.54509804 0.71372549 0.60000000
v 0.02340945 -0.04112072 -0.11199402 0.54509804 0.71372549 0.60000000
v 0.01891705 -0.04341281 -0.11199402 0.54509804 0.71372549 0.60000000
v 0.01426621 -0.04519131 -0.11199402 0.54509804 0.71372549 0.60000000
v 0.00948488 -0.04646575 -0.11199402 0.54509804 0.71372549 0.60000000
v 0.00460103 -0.04723611 -0.11199402 0.54509804 0.71372549 0.60000000
v 0.00430278 -0.04725513 -0.11199402 0.54509804 0.71372549 0.60000000
v -0.00034807 -0.04749290 -0.11199402 0.54509804 0.71372549 0.60000000
v -0.00470998 -0.04729318 -0.11199402 0.54509804 0.71372549 0.60000000
v -0.00499891 -0.04725513 -0.11199402 0.54509804 0.71372549 0.60000000
v -0.00963112 -0.04657987 -0.11199402 0.54509804 0.71372549 0.60000000
v -0.01322876 -0.04571440 -0.11199402 0.54509804 0.71372549 0.60000000
v -0.01413283 -0.04544810 -0.11199402 0.54509804 0.71372549 0.60000000
v -0.01852271 -0.04387884 -0.11199402 0.54509804 0.71372549 0.60000000
v -0.02246521 -0.04203376 -0.11199402 0.54509804 0.71372549 0.60000000
v -0.02674324 -0.03948489 -0.11199402 0.54509804 0.71372549 0.60000000
v -0.02763799 -0.03887620 -0.11199402 0.54509804 0.71372549 0.60000000
v -0.02914788 -0.03776345 -0.11199402 0.54509804 0.71372549 0.60000000
v -0.03273621 -0.03473904 -0.11199402 0.54509804 0.71372549 0.60000000
v -0.03389193 -0.03355021 -0.11199402 0.54509804 0.71372549 0.60000000
v -0.03601696 -0.03136275 -0.11199402 0.54509804 0.71372549 0.60000000
v -0.03702356 -0.03009782 -0.11199402 0.54509804 0.71372549 0.60000000
v -0.03896219 -0.02764406 -0.11199402 0.54509804 0.71372549 0.60000000
v -0.03983830 -0.02637914 -0.11199402 0.54509804 0.71372549 0.60000000
v -0.04002471 -0.02610333 -0.11199402 0.54509804 0.71372549 0.60000000
v -0.04241071 -0.02206128 -0.11199402 0.54509804 0.71372549 0.60000000
v -0.04438662 -0.01779097 -0.11199402 0.54509804 0.71372549 0.60000000
v -0.04594312 -0.01331143 -0.11199402 0.54509804 0.71372549 0.60000000
v -0.04642777 -0.01149489 -0.11199402 0.54509804 0.71372549 0.60000000
v -0.04687515 -0.00925036 -0.11199402 0.54509804 0.71372549 0.60000000
v 0.04620697 -0.00925987 -0.11200016 0.54509804 0.71372549 0.60000000
v -0.04746233 -0.01532770 -0.04929038 0.54509804 0.71372549 0.60000000
v -0.04739709 -0.00595015 -0.04929038 0.54509804 0.71372549 0.60000000
v -0.04646505 0.00381735 -0.06244010 0.54509804 0.71372549 0.60000000
v -0.04544914 0.01054141 -0.07189414 0.54509804 0.71372549 0.60000000
v -0.04563554 0.01227236 -0.08011425 0.54509804 0.71372549 0.60000000
v -0.04719204 -0.00318253 -0.05307200 0.54509804 0.71372549 0.60000000
v -0.04584991 0.01361337 -0.11199402 0.54509804 0.71372549 0.60000000
v -0.04574739 0.01331854 -0.08959899 0.54509804 0.71372549 0.60000000
v -0.04519749 0.01525872 -0.09099868 0.54509804 0.71372549 0.60000000
v -0.04580331 0.01372750 -0.09878292 0.54509804 0.71372549 0.60000000
v 0.04687804 -0.00505614 -0.11199402 0.54509804 0.71372549 0.60000000
v 0.04730677 -0.01167559 -0.04929038 0.54509804 0.71372549 0.60000000
v 0.04452931 -0.02274605 -0.04929038 0.54509804 0.71372549 0.60000000
v 0.04264661 -0.02645522 -0.04929038 0.54509804 0.71372549 0.60000000
v 0.04166797 -0.02794840 -0.04929038 0.54509804 0.71372549 0.60000000
v 0.04029788 -0.03002174 -0.04929038 0.54509804 0.71372549 0.60000000
v 0.03844314 -0.03228529 -0.04929038 0.54509804 0.71372549 0.60000000
v 0.03751111 -0.03339804 -0.04929038 0.54509804 0.71372549 0.60000000
v 0.03471501 -0.03617516 -0.04929038 0.54509804 0.71372549 0.60000000
v 0.03433287 -0.03654608 -0.04929038 0.54509804 0.71372549 0.60000000
v 0.03080979 -0.03943733 -0.04929038 0.54509804 0.71372549 0.60000000
v 0.03063270 -0.03957048 -0.04929038 0.54509804 0.71372549 0.60000000
v 0.02697913 -0.04207180 -0.04929038 0.54509804 0.71372549 0.60000000
v 0.02629875 -0.04245222 -0.04929038 0.54509804 0.71372549 0.60000000
v 0.02287819 -0.04434486 -0.04929038 0.54509804 0.71372549 0.60000000
v 0.02174111 -0.04484892 -0.04929038 0.54509804 0.71372549 0.60000000
v 0.01852560 -0.04623749 -0.04929038 0.54509804 0.71372549 0.60000000
v 0.01699706 -0.04675106 -0.04929038 0.54509804 0.71372549 0.60000000
v 0.01398660 -0.04773067 -0.04929038 0.54509804 0.71372549 0.60000000
v 0.01215049 -0.04816816 -0.04929038 0.54509804 0.71372549 0.60000000
v 0.00929847 -0.04881489 -0.04929038 0.54509804 0.71372549 0.60000000
v 0.00725732 -0.04910021 -0.04929038 0.54509804 0.71372549 0.60000000
v 0.00451714 -0.04947112 -0.04929038 0.54509804 0.71372549 0.60000000
v 0.00185153 -0.04966134 -0.04929038 0.54509804 0.71372549 0.60000000
v -0.00031079 -0.04964232 -0.04929038 0.54509804 0.71372549 0.60000000
v -0.00513872 -0.04947112 -0.04929038 0.54509804 0.71372549 0.60000000
v -0.00992937 -0.04881489 -0.04929038 0.54509804 0.71372549 0.60000000
v -0.01460817 -0.04773067 -0.04929038 0.54509804 0.71372549 0.60000000
v -0.01914717 -0.04623749 -0.04929038 0.54509804 0.71372549 0.60000000
v -0.02349976 -0.04434486 -0.04929038 0.54509804 0.71372549 0.60000000
v -0.02760071 -0.04207180 -0.04929038 0.54509804 0.71372549 0.60000000
v -0.03143136 -0.03944685 -0.04929038 0.54509804 0.71372549 0.60000000
v -0.03495445 -0.03654608 -0.04929038 0.54509804 0.71372549 0.60000000
v -0.03812336 -0.03340755 -0.04929038 0.54509804 0.71372549 0.60000000
v -0.04090082 -0.03003125 -0.04929038 0.54509804 0.71372549 0.60000000
v -0.04201926 -0.02832883 -0.04929038 0.54509804 0.71372549 0.60000000
v -0.04324022 -0.02646474 -0.04929038 0.54509804 0.71372549 0.60000000
v -0.04379944 -0.02537100 -0.04929038 0.54509804 0.71372549 0.60000000
v -0.04512293 -0.02275556 -0.04929038 0.54509804 0.71372549 0.60000000
v -0.04645573 -0.01925562 -0.04929038 0.54509804 0.71372549 0.60000000
v -0.04653961 -0.01901785 -0.04929038 0.54509804 0.71372549 0.60000000
v -0.04732253 -0.01601247 -0.04929038 0.54509804 0.71372549 0.60000000
v 0.04689668 0.00489206 -0.11199402 0.54509804 0.71372549 0.60000000
v 0.04714833 -0.00017715 -0.11199402 0.54509804 0.71372549 0.60000000
v -0.04579399 0.01378456 -0.11199402 0.54509804 0.71372549 0.60000000
v -0.04426546 0.01808340 -0.11199402 0.54509804 0.71372549 0.60000000
v -0.04351983 0.01980484 -0.11199402 0.54509804 0.71372549 0.60000000
v -0.04218702 0.02236322 -0.11199402 0.54509804 0.71372549 0.60000000
v -0.04134820 0.02397053 -0.11199402 0.54509804 0.71372549 0.60000000
v -0.03979170 0.02635771 -0.11199402 0.54509804 0.71372549 0.60000000
v -0.03877578 0.02790796 -0.11199402 0.54509804 0.71372549 0.60000000
v -0.03701424 0.03009542 -0.11199402 0.54509804 0.71372549 0.60000000
v -0.03580260 0.03159811 -0.11199402 0.54509804 0.71372549 0.60000000
v -0.03452571 0.03297716 -0.11199402 0.54509804 0.71372549 0.60000000
v -0.03391057 0.03355732 -0.11199402 0.54509804 0.71372549 0.60000000
v -0.03110515 0.03619178 -0.11199402 0.54509804 0.71372549 0.60000000
v -0.03046205 0.03668634 -0.11199402 0.54509804 0.71372549 0.60000000
v -0.02736770 0.03905450 -0.11199402 0.54509804 0.71372549 0.60000000
v -0.02671528 0.03946346 -0.11199402 0.54509804 0.71372549 0.60000000
v -0.02334132 0.04155582 -0.11199402 0.54509804 0.71372549 0.60000000
v -0.02280074 0.04185065 -0.11199402 0.54509804 0.71372549 0.60000000
v -0.01855067 0.04386692 -0.11199402 0.54509804 0.71372549 0.60000000
v -0.01454293 0.04532206 -0.11199402 0.54509804 0.71372549 0.60000000
v -0.00966840 0.04656796 -0.11199402 0.54509804 0.71372549 0.60000000
v -0.00828899 0.04682475 -0.11199402 0.54509804 0.71372549 0.60000000
v -0.00505483 0.04726224 -0.11199402 0.54509804 0.71372549 0.60000000
v -0.00034807 0.04750001 -0.11199402 0.54509804 0.71372549 0.60000000
v 0.00430278 0.04726224 -0.11199402 0.54509804 0.71372549 0.60000000
v 0.00447054 0.04725273 -0.11199402 0.54509804 0.71372549 0.60000000
v 0.00890702 0.04655845 -0.11199402 0.54509804 0.71372549 0.60000000
v 0.00950352 0.04646334 -0.11199402 0.54509804 0.71372549 0.60000000
v 0.01342738 0.04541716 -0.11199402 0.54509804 0.71372549 0.60000000
v 0.01422892 0.04519842 -0.11199402 0.54509804 0.71372549 0.60000000
v 0.01780793 0.04383839 -0.11199402 0.54509804 0.71372549 0.60000000
v 0.01893569 0.04340089 -0.11199402 0.54509804 0.71372549 0.60000000
v 0.02341877 0.04111833 -0.11199402 0.54509804 0.71372549 0.60000000
v 0.02750107 0.03847435 -0.11199402 0.54509804 0.71372549 0.60000000
v 0.03146221 0.03525973 -0.11199402 0.54509804 0.71372549 0.60000000
v 0.03318647 0.03352878 -0.11199402 0.54509804 0.71372549 0.60000000
v 0.03514374 0.03156007 -0.11199402 0.54509804 0.71372549 0.60000000
v 0.03631810 0.03009542 -0.11199402 0.54509804 0.71372549 0.60000000
v 0.03813557 0.02782236 -0.11199402 0.54509804 0.71372549 0.60000000
v 0.03908624 0.02634820 -0.11199402 0.54509804 0.71372549 0.60000000
v 0.04087574 0.02357108 -0.11199402 0.54509804 0.71372549 0.60000000
v 0.04149089 0.02236322 -0.11199402 0.54509804 0.71372549 0.60000000
v 0.04309398 0.01919615 -0.11199402 0.54509804 0.71372549 0.60000000
v 0.04486484 0.01455493 -0.11199402 0.54509804 0.71372549 0.60000000
v 0.04612309 0.00979007 -0.11199402 0.54509804 0.71372549 0.60000000
v -0.04599904 -0.00147061 -0.04929038 0.54509804 0.71372549 0.60000000
v -0.04624137 0.00118288 -0.05557671 0.54509804 0.71372549 0.60000000
v -0.04518817 0.00820178 -0.06459488 0.54509804 0.71372549 0.60000000
v -0.04380876 0.01484976 -0.07366831 0.54509804 0.71372549 0.60000000
v -0.04403245 0.01662826 -0.08155077 0.54509804 0.71372549 0.60000000
v -0.04452643 0.01701820 -0.09099868 0.54509804 0.71372549 0.60000000
v -0.04422817 0.01812144 -0.09914511 0.54509804 0.71372549 0.60000000
v 0.04720425 0.00057420 -0.09099868 0.54509804 0.71372549 0.60000000
v 0.04719493 -0.00812810 -0.04929038 0.54509804 0.71372549 0.60000000
v 0.04624425 0.00920991 -0.09852508 0.54509804 0.71372549 0.60000000
v 0.04687804 0.00521542 -0.09099868 0.54509804 0.71372549 0.60000000
v 0.04692464 0.00459722 -0.09813832 0.54509804 0.71372549 0.60000000
v -0.04223362 0.02233469 -0.09948890 0.54509804 0.71372549 0.60000000
v -0.03983830 0.02632918 -0.09981427 0.54509804 0.71372549 0.60000000
v -0.03706084 0.03007640 -0.10011508 0.54509804 0.71372549 0.60000000
v -0.03392921 0.03352878 -0.10038519 0.54509804 0.71372549 0.60000000
v -0.03048069 0.03665780 -0.10063075 0.54509804 0.71372549 0.60000000
v -0.02673392 0.03943493 -0.10084562 0.54509804 0.71372549 0.60000000
v -0.02273550 0.04183163 -0.10102365 0.54509804 0.71372549 0.60000000
v -0.01852271 0.04381936 -0.10117712 0.54509804 0.71372549 0.60000000
v -0.01413283 0.04538863 -0.10129376 0.54509804 0.71372549 0.60000000
v -0.00961248 0.04652041 -0.10137357 0.54509804 0.71372549 0.60000000
v -0.00499891 0.04720518 -0.10142268 0.54509804 0.71372549 0.60000000
v -0.00034807 0.04750001 -0.10716264 0.54509804 0.71372549 0.60000000
v 0.00430278 0.04720518 -0.10149021 0.54509804 0.71372549 0.60000000
v 0.00891634 0.04652041 -0.10144110 0.54509804 0.71372549 0.60000000
v 0.01343670 0.04538863 -0.10136129 0.54509804 0.71372549 0.60000000
v 0.01782657 0.04381936 -0.10125079 0.54509804 0.71372549 0.60000000
v 0.02203936 0.04183163 -0.10110346 0.54509804 0.71372549 0.60000000
v 0.02603778 0.03943493 -0.10092542 0.54509804 0.71372549 0.60000000
v 0.02977523 0.03665780 -0.10071670 0.54509804 0.71372549 0.60000000
v 0.03323307 0.03352878 -0.10047728 0.54509804 0.71372549 0.60000000
v 0.03636471 0.03007640 -0.10020716 0.54509804 0.71372549 0.60000000
v 0.03914216 0.02632918 -0.09991249 0.54509804 0.71372549 0.60000000
v 0.04153749 0.02233469 -0.09959326 0.54509804 0.71372549 0.60000000
v 0.04353204 0.01812144 -0.09925562 0.54509804 0.71372549 0.60000000
v 0.04510717 0.01373701 -0.09889955 0.54509804 0.71372549 0.60000000
v 0.04575028 0.01119765 -0.09099868 0.54509804 0.71372549 0.60000000
v 0.04608581 0.00982811 -0.09099868 0.54509804 0.71372549 0.60000000
v -0.04415361 0.00177254 -0.04929038 0.54509804 0.71372549 0.60000000
v -0.04488992 0.00547221 -0.05797091 0.54509804 0.71372549 0.60000000
v -0.04351051 0.01244355 -0.06664531 0.54509804 0.71372549 0.60000000
v -0.04177693 0.01899643 -0.07534425 0.54509804 0.71372549 0.60000000
v -0.04201926 0.02081297 -0.08291363 0.54509804 0.71372549 0.60000000
v -0.04424681 0.01769346 -0.09125651 0.54509804 0.71372549 0.60000000
v -0.04255984 0.02121242 -0.09099868 0.54509804 0.71372549 0.60000000
v 0.04714833 -0.00302085 -0.06623399 0.54509804 0.71372549 0.60000000
v 0.04694328 0.00433092 -0.09099868 0.54509804 0.71372549 0.60000000
v 0.04685940 0.00319915 -0.07714298 0.54509804 0.71372549 0.60000000
v 0.04715764 -0.00514174 -0.05802616 0.54509804 0.71372549 0.60000000
v 0.04679415 0.00156331 -0.06821689 0.54509804 0.71372549 0.60000000
v 0.04671959 -0.00062415 -0.06033443 0.54509804 0.71372549 0.60000000
v 0.04657979 -0.00471375 -0.04929038 0.54509804 0.71372549 0.60000000
v 0.04613241 0.00778331 -0.07869614 0.54509804 0.71372549 0.60000000
v -0.04224294 0.02189719 -0.09199320 0.54509804 0.71372549 0.60000000
v -0.04143208 0.02320967 -0.09099868 0.54509804 0.71372549 0.60000000
v -0.03983830 0.02589169 -0.09268076 0.54509804 0.71372549 0.60000000
v -0.03705152 0.02962939 -0.09331922 0.54509804 0.71372549 0.60000000
v -0.03391989 0.03307227 -0.09390242 0.54509804 0.71372549 0.60000000
v -0.03046205 0.03619178 -0.09441809 0.54509804 0.71372549 0.60000000
v -0.02671528 0.03896891 -0.09487238 0.54509804 0.71372549 0.60000000
v -0.02271686 0.04135609 -0.09526528 0.54509804 0.71372549 0.60000000
v -0.01850407 0.04334383 -0.09558450 0.54509804 0.71372549 0.60000000
v -0.01412351 0.04491309 -0.09583006 0.54509804 0.71372549 0.60000000
v -0.00960316 0.04604487 -0.09600809 0.54509804 0.71372549 0.60000000
v -0.00498959 0.04672964 -0.09611859 0.54509804 0.71372549 0.60000000
v -0.00033875 0.04723371 -0.09836547 0.54509804 0.71372549 0.60000000
v -0.00034807 0.04732881 -0.10150863 0.54509804 0.71372549 0.60000000
v 0.00430278 0.04672964 -0.09614929 0.54509804 0.71372549 0.60000000
v 0.00890702 0.04604487 -0.09605106 0.54509804 0.71372549 0.60000000
v 0.01342738 0.04491309 -0.09587303 0.54509804 0.71372549 0.60000000
v 0.01781725 0.04335334 -0.09563361 0.54509804 0.71372549 0.60000000
v 0.02203004 0.04136560 -0.09531438 0.54509804 0.71372549 0.60000000
v 0.02601914 0.03896891 -0.09493377 0.54509804 0.71372549 0.60000000
v 0.02976591 0.03620129 -0.09448562 0.54509804 0.71372549 0.60000000
v 0.03322375 0.03308178 -0.09396995 0.54509804 0.71372549 0.60000000
v 0.03636471 0.02962939 -0.09339288 0.54509804 0.71372549 0.60000000
v 0.03914216 0.02589169 -0.09275443 0.54509804 0.71372549 0.60000000
v 0.04032585 0.02390395 -0.09099868 0.54509804 0.71372549 0.60000000
v 0.04155613 0.02190670 -0.09207300 0.54509804 0.71372549 0.60000000
v 0.04257205 0.01984288 -0.09099868 0.54509804 0.71372549 0.60000000
v 0.04356000 0.01769346 -0.09133632 0.54509804 0.71372549 0.60000000
v 0.04438019 0.01560111 -0.09099868 0.54509804 0.71372549 0.60000000
v 0.04508853 0.01333756 -0.09099868 0.54509804 0.71372549 0.60000000
v 0.04505125 0.01331854 -0.08966038 0.54509804 0.71372549 0.60000000
v 0.04495805 0.01228187 -0.08020020 0.54509804 0.71372549 0.60000000
v -0.04245731 0.00410267 -0.04929038 0.54509804 0.71372549 0.60000000
v -0.04278353 0.00664203 -0.05433663 0.54509804 0.71372549 0.60000000
v -0.04315634 0.00960936 -0.06025462 0.54509804 0.71372549 0.60000000
v -0.04144140 0.01651414 -0.06857909 0.54509804 0.71372549 0.60000000
v -0.03936296 0.02291484 -0.07690970 0.54509804 0.71372549 0.60000000
v -0.03961461 0.02477894 -0.08418440 0.54509804 0.71372549 0.60000000
v -0.04021111 0.02514985 -0.09099868 0.54509804 0.71372549 0.60000000
v -0.04223362 0.02179257 -0.09099868 0.54509804 0.71372549 0.60000000
v 0.04601125 0.00609991 -0.07014453 0.54509804 0.71372549 0.60000000
v 0.04585280 0.00384588 -0.06256902 0.54509804 0.71372549 0.60000000
v 0.04629085 -0.00368660 -0.04929038 0.54509804 0.71372549 0.60000000
v -0.03888763 0.02702346 -0.09099868 0.54509804 0.71372549 0.60000000
v -0.03982898 0.02569197 -0.09099868 0.54509804 0.71372549 0.60000000
v -0.03634318 0.03014297 -0.09099868 0.54509804 0.71372549 0.60000000
v -0.03747094 0.02883050 -0.09099868 0.54509804 0.71372549 0.60000000
v -0.03474940 0.03183588 -0.09099868 0.54509804 0.71372549 0.60000000
v -0.03390125 0.03264429 -0.09099868 0.54509804 0.71372549 0.60000000
v -0.03307174 0.03343368 -0.09099868 0.54509804 0.71372549 0.60000000
v -0.03043409 0.03564967 -0.09099868 0.54509804 0.71372549 0.60000000
v -0.02951138 0.03637249 -0.09099868 0.54509804 0.71372549 0.60000000
v -0.03132884 0.03494588 -0.09099868 0.54509804 0.71372549 0.60000000
v -0.02761003 0.03770398 -0.09099868 0.54509804 0.71372549 0.60000000
v -0.02700421 0.03810343 -0.09099868 0.54509804 0.71372549 0.60000000
v -0.02669664 0.03830316 -0.09099868 0.54509804 0.71372549 0.60000000
v -0.02614674 0.03864554 -0.09099868 0.54509804 0.71372549 0.60000000
v -0.02552228 0.03901646 -0.09099868 0.54509804 0.71372549 0.60000000
v -0.02501898 0.03931129 -0.09099868 0.54509804 0.71372549 0.60000000
v -0.02891488 0.03680047 -0.09099868 0.54509804 0.71372549 0.60000000
v -0.02857002 0.03704774 -0.09099868 0.54509804 0.71372549 0.60000000
v -0.02260501 0.04059524 -0.09099868 0.54509804 0.71372549 0.60000000
v -0.02212036 0.04085203 -0.09099868 0.54509804 0.71372549 0.60000000
v -0.02105784 0.04135609 -0.09099868 0.54509804 0.71372549 0.60000000
v -0.01998600 0.04183163 -0.09099868 0.54509804 0.71372549 0.60000000
v -0.01841087 0.04246884 -0.09099868 0.54509804 0.71372549 0.60000000
v -0.01780504 0.04270661 -0.09099868 0.54509804 0.71372549 0.60000000
v -0.01329400 0.04414273 -0.09099868 0.54509804 0.71372549 0.60000000
v -0.01556816 0.04347698 -0.09099868 0.54509804 0.71372549 0.60000000
v -0.00996665 0.04490359 -0.09099868 0.54509804 0.71372549 0.60000000
v -0.00758064 0.04530303 -0.09099868 0.54509804 0.71372549 0.60000000
v -0.00518532 0.04558836 -0.09099868 0.54509804 0.71372549 0.60000000
v -0.00033875 0.04581661 -0.09099868 0.54509804 0.71372549 0.60000000
v 0.00171172 0.04577857 -0.09099868 0.54509804 0.71372549 0.60000000
v 0.00427481 0.04548374 -0.09050756 0.54509804 0.71372549 0.60000000
v 0.00654897 0.04535059 -0.09099868 0.54509804 0.71372549 0.60000000
v 0.00885110 0.04479897 -0.09031725 0.54509804 0.71372549 0.60000000
v 0.01133030 0.04445658 -0.09099868 0.54509804 0.71372549 0.60000000
v 0.01335281 0.04389545 -0.09099868 0.54509804 0.71372549 0.60000000
v 0.01485339 0.04347698 -0.09099868 0.54509804 0.71372549 0.60000000
v 0.01710891 0.04270661 -0.09099868 0.54509804 0.71372549 0.60000000
v 0.01821803 0.04227863 -0.09099868 0.54509804 0.71372549 0.60000000
v 0.01931782 0.04182212 -0.09099868 0.54509804 0.71372549 0.60000000
v 0.02357721 0.03973927 -0.09099868 0.54509804 0.71372549 0.60000000
v 0.02558108 0.03856946 -0.09099868 0.54509804 0.71372549 0.60000000
v 0.02751971 0.03729502 -0.09099868 0.54509804 0.71372549 0.60000000
v 0.02888048 0.03632493 -0.09099868 0.54509804 0.71372549 0.60000000
v 0.02975659 0.03564967 -0.09099868 0.54509804 0.71372549 0.60000000
v 0.03019465 0.03530729 -0.09099868 0.54509804 0.71372549 0.60000000
v 0.03197483 0.03380459 -0.09099868 0.54509804 0.71372549 0.60000000
v 0.03365249 0.03223533 -0.09099868 0.54509804 0.71372549 0.60000000
v 0.03524626 0.03058047 -0.09099868 0.54509804 0.71372549 0.60000000
v 0.03635539 0.02931554 -0.09099868 0.54509804 0.71372549 0.60000000
v 0.03675616 0.02884952 -0.09099868 0.54509804 0.71372549 0.60000000
v 0.03817285 0.02705199 -0.09099868 0.54509804 0.71372549 0.60000000
v 0.03914216 0.02568245 -0.09099868 0.54509804 0.71372549 0.60000000
v 0.03949633 0.02517839 -0.09099868 0.54509804 0.71372549 0.60000000
v 0.03893712 0.02478845 -0.08425807 0.54509804 0.71372549 0.60000000
v 0.04134176 0.02082248 -0.08299344 0.54509804 0.71372549 0.60000000
v 0.04335495 0.01663777 -0.08163058 0.54509804 0.71372549 0.60000000
v 0.04479028 0.01055092 -0.07199851 0.54509804 0.71372549 0.60000000
v -0.04222430 0.00434995 -0.04929038 0.54509804 0.71372549 0.60000000
v -0.04104994 0.01358484 -0.06239713 0.54509804 0.71372549 0.60000000
v -0.03900879 0.02037548 -0.07038395 0.54509804 0.71372549 0.60000000
v -0.03657618 0.02658597 -0.07835850 0.54509804 0.71372549 0.60000000
v -0.03683715 0.02849762 -0.08536309 0.54509804 0.71372549 0.60000000
v 0.04457592 0.00823031 -0.06471766 0.54509804 0.71372549 0.60000000
v 0.04567571 0.00123043 -0.05571791 0.54509804 0.71372549 0.60000000
v 0.04548931 -0.00148963 -0.04929038 0.54509804 0.71372549 0.60000000
v -0.03371484 0.03192148 -0.08643127 0.54509804 0.71372549 0.60000000
v -0.03027564 0.03502196 -0.08738281 0.54509804 0.71372549 0.60000000
v -0.02654751 0.03777056 -0.08821772 0.54509804 0.71372549 0.60000000
v -0.02256773 0.04014823 -0.08892984 0.54509804 0.71372549 0.60000000
v -0.01838290 0.04212646 -0.08951304 0.54509804 0.71372549 0.60000000
v -0.00953791 0.04479897 -0.09029883 0.54509804 0.71372549 0.60000000
v -0.01403031 0.04367671 -0.08997347 0.54509804 0.71372549 0.60000000
v -0.00496163 0.04547423 -0.09050142 0.54509804 0.71372549 0.60000000
v -0.00490571 0.04337236 -0.08468780 0.54509804 0.71372549 0.60000000
v -0.00033875 0.04566444 -0.09058123 0.54509804 0.71372549 0.60000000
v -0.00032943 0.04351502 -0.08480444 0.54509804 0.71372549 0.60000000
v 0.00424685 0.04337236 -0.08470008 0.54509804 0.71372549 0.60000000
v 0.00878585 0.04270661 -0.08446679 0.54509804 0.71372549 0.60000000
v 0.01324097 0.04159386 -0.08407390 0.54509804 0.71372549 0.60000000
v 0.01334349 0.04367671 -0.08999802 0.54509804 0.71372549 0.60000000
v 0.01770541 0.04212646 -0.08955602 0.54509804 0.71372549 0.60000000
v 0.02189024 0.04014823 -0.08897895 0.54509804 0.71372549 0.60000000
v 0.02587001 0.03778007 -0.08827297 0.54509804 0.71372549 0.60000000
v 0.02958883 0.03503148 -0.08744420 0.54509804 0.71372549 0.60000000
v 0.03303735 0.03192148 -0.08649266 0.54509804 0.71372549 0.60000000
v 0.03615966 0.02849762 -0.08543062 0.54509804 0.71372549 0.60000000
v 0.03870411 0.02293386 -0.07700178 0.54509804 0.71372549 0.60000000
v 0.04112739 0.01900594 -0.07544248 0.54509804 0.71372549 0.60000000
v 0.04315923 0.01486878 -0.07376653 0.54509804 0.71372549 0.60000000
v -0.03967053 0.00693686 -0.04929038 0.54509804 0.71372549 0.60000000
v -0.03859870 0.01734157 -0.06440457 0.54509804 0.71372549 0.60000000
v -0.03623133 0.02398004 -0.07204762 0.54509804 0.71372549 0.60000000
v -0.03346320 0.02997178 -0.07967224 0.54509804 0.71372549 0.60000000
v 0.04431494 0.00551025 -0.05811211 0.54509804 0.71372549 0.60000000
v 0.04288893 0.01247209 -0.06676195 0.54509804 0.71372549 0.60000000
v 0.04371844 0.00169646 -0.04929038 0.54509804 0.71372549 0.60000000
v -0.03003331 0.03304374 -0.08084479 0.54509804 0.71372549 0.60000000
v -0.02633314 0.03576380 -0.08187000 0.54509804 0.71372549 0.60000000
v -0.02238132 0.03810343 -0.08274788 0.54509804 0.71372549 0.60000000
v -0.01822446 0.04005313 -0.08347228 0.54509804 0.71372549 0.60000000
v -0.01389983 0.04159386 -0.08403707 0.54509804 0.71372549 0.60000000
v -0.00944471 0.04269710 -0.08444224 0.54509804 0.71372549 0.60000000
v -0.00933287 0.03978683 -0.07909518 0.54509804 0.71372549 0.60000000
v -0.00484047 0.04044306 -0.07938371 0.54509804 0.71372549 0.60000000
v -0.00032011 0.04319166 -0.08393884 0.54509804 0.71372549 0.60000000
v 0.00420957 0.04044306 -0.07939599 0.54509804 0.71372549 0.60000000
v 0.00870197 0.03978683 -0.07912587 0.54509804 0.71372549 0.60000000
v 0.01310117 0.03871212 -0.07866545 0.54509804 0.71372549 0.60000000
v 0.01756560 0.04006264 -0.08352139 0.54509804 0.71372549 0.60000000
v 0.01738852 0.03720943 -0.07802086 0.54509804 0.71372549 0.60000000
v 0.02172247 0.03811294 -0.08280313 0.54509804 0.71372549 0.60000000
v 0.02567429 0.03577331 -0.08193753 0.54509804 0.71372549 0.60000000
v 0.02937446 0.03305325 -0.08091846 0.54509804 0.71372549 0.60000000
v 0.03280434 0.02999080 -0.07975205 0.54509804 0.71372549 0.60000000
v 0.03592665 0.02660499 -0.07844444 0.54509804 0.71372549 0.60000000
v 0.03838722 0.02040401 -0.07048831 0.54509804 0.71372549 0.60000000
v 0.04082914 0.01654267 -0.06868959 0.54509804 0.71372549 0.60000000
v -0.03746162 0.00866780 -0.04929038 0.54509804 0.71372549 0.60000000
v -0.03581192 0.02086053 -0.06625855 0.54509804 0.71372549 0.60000000
v -0.03311834 0.02730878 -0.07356395 0.54509804 0.71372549 0.60000000
v 0.04258136 0.00965692 -0.06038354 0.54509804 0.71372549 0.60000000
v 0.04226447 0.00670860 -0.05448397 0.54509804 0.71372549 0.60000000
v 0.04198486 0.00410267 -0.04929038 0.54509804 0.71372549 0.60000000
v -0.02971642 0.03031417 -0.07492680 0.54509804 0.71372549 0.60000000
v -0.02604421 0.03297716 -0.07611163 0.54509804 0.71372549 0.60000000
v -0.02212968 0.03527875 -0.07713070 0.54509804 0.71372549 0.60000000
v -0.01801009 0.03719040 -0.07797174 0.54509804 0.71372549 0.60000000
v -0.01373206 0.03870261 -0.07862247 0.54509804 0.71372549 0.60000000
v -0.00459814 0.02203985 -0.04929038 0.54509804 0.71372549 0.60000000
v -0.00036671 0.02246784 -0.04929038 0.54509804 0.71372549 0.60000000
v -0.00015234 0.02248686 -0.04929038 0.54509804 0.71372549 0.60000000
v 0.00429345 0.02209692 -0.04929038 0.54509804 0.71372549 0.60000000
v 0.02149878 0.03529778 -0.07719209 0.54509804 0.71372549 0.60000000
v 0.00861809 0.02090808 -0.04929038 0.54509804 0.71372549 0.60000000
v 0.02541332 0.03299619 -0.07619143 0.54509804 0.71372549 0.60000000
v 0.02908553 0.03033319 -0.07500661 0.54509804 0.71372549 0.60000000
v 0.03249677 0.02732781 -0.07366217 0.54509804 0.71372549 0.60000000
v 0.03560044 0.02400857 -0.07215198 0.54509804 0.71372549 0.60000000
v 0.03802372 0.01738912 -0.06452736 0.54509804 0.71372549 0.60000000
v 0.04047497 0.01363239 -0.06252604 0.54509804 0.71372549 0.60000000
v -0.03712608 0.00888655 -0.04929038 0.54509804 0.71372549 0.60000000
v -0.03271757 0.02409417 -0.06794063 0.54509804 0.71372549 0.60000000
v 0.04183574 0.00427386 -0.04929038 0.54509804 0.71372549 0.60000000
v -0.02933429 0.02702346 -0.06945082 0.54509804 0.71372549 0.60000000
v -0.02569936 0.02961988 -0.07078299 0.54509804 0.71372549 0.60000000
v -0.02182211 0.03185490 -0.07191256 0.54509804 0.71372549 0.60000000
v -0.00892277 0.02080346 -0.04929038 0.54509804 0.71372549 0.60000000
v 0.02123781 0.03188343 -0.07198623 0.54509804 0.71372549 0.60000000
v 0.02510575 0.02964842 -0.07086279 0.54509804 0.71372549 0.60000000
v 0.02267314 0.01571524 -0.04929038 0.54509804 0.71372549 0.60000000
v 0.02875000 0.02706151 -0.06954905 0.54509804 0.71372549 0.60000000
v 0.03213328 0.02413221 -0.06804500 0.54509804 0.71372549 0.60000000
v 0.03523694 0.02089857 -0.06636905 0.54509804 0.71372549 0.60000000
v 0.03930061 0.00687028 -0.04929038 0.54509804 0.71372549 0.60000000
v -0.03138476 0.01224383 -0.04929038 0.54509804 0.71372549 0.60000000
v -0.03124496 0.01231040 -0.04929038 0.54509804 0.71372549 0.60000000
v -0.02686440 0.01432667 -0.04929038 0.54509804 0.71372549 0.60000000
v 0.02419236 0.01514459 -0.04929038 0.54509804 0.71372549 0.60000000
v 0.03100552 0.01226285 -0.04929038 0.54509804 0.71372549 0.60000000
v 0.03119192 0.01215823 -0.04929038 0.54509804 0.71372549 0.60000000
v 0.03660703 0.00894362 -0.04929038 0.54509804 0.71372549 0.60000000
v 0.03703577 0.00867732 -0.04929038 0.54509804 0.71372549 0.60000000
v 0.04808877 0.03350005 -0.00000669 0.54117647 0.42352941 0.64313725
v 0.04807935 0.01857636 -0.00000669 0.54117647 0.42352941 0.64313725
v 0.04807935 0.01857636 -0.00014966 0.54117647 0.42352941 0.64313725
v 0.04805110 0.01857636 -0.00174141 0.54117647 0.42352941 0.64313725
v 0.04789106 0.03350005 -0.00432443 0.54117647 0.42352941 0.64313725
v 0.04743916 0.07528973 0.00230946 0.54117647 0.42352941 0.64313725
v 0.04742034 0.03350005 0.00793301 0.54117647 0.42352941 0.64313725
v 0.04765570 0.01857636 0.00485435 0.54117647 0.42352941 0.64313725
v 0.04776867 0.01857636 -0.00502976 0.54117647 0.42352941 0.64313725
v 0.04761804 0.01857636 -0.00671682 0.54117647 0.42352941 0.64313725
v 0.04730737 0.03350005 -0.00861358 0.54117647 0.42352941 0.64313725
v 0.04682723 0.07528973 -0.00792732 0.54117647 0.42352941 0.64313725
v -0.04741140 0.07529528 0.00282415 0.54117647 0.42352941 0.64313725
v 0.04582929 0.07528973 0.01246044 0.54117647 0.42352941 0.64313725
v 0.04522677 0.03350005 0.01632068 0.54117647 0.42352941 0.64313725
v 0.04732619 0.01857636 0.00848583 0.54117647 0.42352941 0.64313725
v 0.04738268 0.01857636 0.00792347 0.54117647 0.42352941 0.64313725
v 0.04736385 0.01857636 -0.00807982 0.54117647 0.42352941 0.64313725
v 0.04673308 0.01857636 -0.01138723 0.54117647 0.42352941 0.64313725
v 0.04632826 0.03350005 -0.01286460 0.54117647 0.42352941 0.64313725
v 0.04403114 0.07528973 -0.01781142 0.54117647 0.42352941 0.64313725
v -0.04789153 0.03350005 0.00433012 0.54117647 0.42352941 0.64313725
v -0.04730784 0.03350005 0.00861927 0.54117647 0.42352941 0.64313725
v -0.04569797 0.07528973 0.01294655 0.54117647 0.42352941 0.64313725
v -0.04184746 0.07528973 0.02246846 0.54117647 0.42352941 0.64313725
v -0.03602933 0.07528973 0.03094191 0.54117647 0.42352941 0.64313725
v -0.02853543 0.07528973 0.03796659 0.54117647 0.42352941 0.64313725
v -0.01971409 0.07528973 0.04320888 0.54117647 0.42352941 0.64313725
v -0.00996072 0.07528973 0.04644004 0.54117647 0.42352941 0.64313725
v 0.00024454 0.07528973 0.04749803 0.54117647 0.42352941 0.64313725
v 0.01044980 0.07528973 0.04632566 0.54117647 0.42352941 0.64313725
v 0.02016551 0.07528973 0.04299919 0.54117647 0.42352941 0.64313725
v 0.02893978 0.07528973 0.03765205 0.54117647 0.42352941 0.64313725
v 0.03635836 0.07528973 0.03055112 0.54117647 0.42352941 0.64313725
v 0.04208235 0.07528973 0.02202048 0.54117647 0.42352941 0.64313725
v 0.03916387 0.07528973 -0.02685676 0.54117647 0.42352941 0.64313725
v 0.03247961 0.07528973 -0.03465349 0.54117647 0.42352941 0.64313725
v 0.02427021 0.07528973 -0.04082986 0.54117647 0.42352941 0.64313725
v 0.01492166 0.07528973 -0.04509042 0.54117647 0.42352941 0.64313725
v 0.00487645 0.07528973 -0.04724452 0.54117647 0.42352941 0.64313725
v -0.00538530 0.07528973 -0.04718734 0.54117647 0.42352941 0.64313725
v -0.01540227 0.07528973 -0.04492838 0.54117647 0.42352941 0.64313725
v -0.02470375 0.07528973 -0.04056298 0.54117647 0.42352941 0.64313725
v -0.03284724 0.07528973 -0.03430082 0.54117647 0.42352941 0.64313725
v -0.03945619 0.07528973 -0.02643738 0.54117647 0.42352941 0.64313725
v -0.04421048 0.07528973 -0.01734438 0.54117647 0.42352941 0.64313725
v -0.04691243 0.07528973 -0.00743168 0.54117647 0.42352941 0.64313725
v -0.04737374 0.06564041 -0.00339988 0.54117647 0.42352941 0.64313725
v -0.04748671 0.06527398 -0.00075967 0.54117647 0.42352941 0.64313725
v -0.04807983 0.03350005 -0.00000669 0.54117647 0.42352941 0.64313725
v 0.04155514 0.03350005 0.02418412 0.54117647 0.42352941 0.64313725
v 0.04505731 0.01857636 0.01678772 0.54117647 0.42352941 0.64313725
v 0.04682723 0.01857636 0.01039212 0.54117647 0.42352941 0.64313725
v 0.04596110 0.01857636 -0.01406557 0.54117647 0.42352941 0.64313725
v 0.04547154 0.01857636 -0.01570497 0.54117647 0.42352941 0.64313725
v 0.04498200 0.03350005 -0.01699172 0.54117647 0.42352941 0.64313725
v 0.04326857 0.03350005 -0.02097586 0.54117647 0.42352941 0.64313725
v -0.04773148 0.01857636 0.00468278 0.54117647 0.42352941 0.64313725
v -0.04744906 0.01857636 0.00780910 0.54117647 0.42352941 0.64313725
v -0.04808923 0.01857636 -0.00000669 0.54117647 0.42352941 0.64313725
v -0.04632873 0.03350005 0.01287982 0.54117647 0.42352941 0.64313725
v -0.04498246 0.03350005 0.01699741 0.54117647 0.42352941 0.64313725
v -0.04326904 0.03350005 0.02098156 0.54117647 0.42352941 0.64313725
v -0.04118845 0.03350005 0.02480366 0.54117647 0.42352941 0.64313725
v -0.03876893 0.03350005 0.02843514 0.54117647 0.42352941 0.64313725
v -0.03605757 0.03350005 0.03179974 0.54117647 0.42352941 0.64313725
v -0.03306378 0.03350005 0.03490699 0.54117647 0.42352941 0.64313725
v -0.02977813 0.03350005 0.03774736 0.54117647 0.42352941 0.64313725
v -0.02624772 0.03350005 0.04028273 0.54117647 0.42352941 0.64313725
v -0.02253842 0.03350005 0.04247496 0.54117647 0.42352941 0.64313725
v -0.01865026 0.03350005 0.04431453 0.54117647 0.42352941 0.64313725
v -0.01458322 0.03350005 0.04582050 0.54117647 0.42352941 0.64313725
v -0.01041262 0.03350005 0.04694521 0.54117647 0.42352941 0.64313725
v -0.00618553 0.03350005 0.04768866 0.54117647 0.42352941 0.64313725
v -0.00000024 0.03350005 0.04807945 0.54117647 0.42352941 0.64313725
v 0.00822799 0.03350005 0.04737412 0.54117647 0.42352941 0.64313725
v 0.01623969 0.03350005 0.04525814 0.54117647 0.42352941 0.64313725
v 0.01665392 0.06364169 0.04447656 0.54117647 0.42352941 0.64313725
v 0.02413841 0.03350005 0.04158853 0.54117647 0.42352941 0.64313725
v 0.02373359 0.06527398 0.04114056 0.54117647 0.42352941 0.64313725
v 0.02578594 0.06426907 0.03988241 0.54117647 0.42352941 0.64313725
v 0.03123690 0.03350005 0.03655593 0.54117647 0.42352941 0.64313725
v 0.03656548 0.03350005 0.03122785 0.54117647 0.42352941 0.64313725
v 0.04118797 0.03350005 -0.02480750 0.54117647 0.42352941 0.64313725
v 0.03913562 0.03350005 -0.02793382 0.54117647 0.42352941 0.64313725
v 0.03808120 0.01857636 -0.02971620 0.54117647 0.42352941 0.64313725
v 0.03685733 0.03350005 -0.03087903 0.54117647 0.42352941 0.64313725
v 0.03601003 0.01857636 -0.03233734 0.54117647 0.42352941 0.64313725
v 0.03264907 0.01857636 -0.03604507 0.54117647 0.42352941 0.64313725
v 0.03068145 0.01857636 -0.03790371 0.54117647 0.42352941 0.64313725
v 0.02901509 0.01857636 -0.03940968 0.54117647 0.42352941 0.64313725
v 0.02797950 0.01857636 -0.04021032 0.54117647 0.42352941 0.64313725
v 0.02515517 0.01857636 -0.04234536 0.54117647 0.42352941 0.64313725
v 0.02246264 0.01857636 -0.04428977 0.54117647 0.42352941 0.64313725
v 0.02109754 0.01857636 -0.04526198 0.54117647 0.42352941 0.64313725
v 0.01441328 0.01857636 -0.04927472 0.54117647 0.42352941 0.64313725
v 0.01275634 0.01925925 -0.04927472 0.54117647 0.42352941 0.64313725
v 0.00862340 0.02091374 -0.04927472 0.54117647 0.42352941 0.64313725
v 0.00555429 0.02175764 -0.04927472 0.54117647 0.42352941 0.64313725
v 0.00429275 0.02210186 -0.04927472 0.54117647 0.42352941 0.64313725
v -0.00015087 0.02249605 -0.04927472 0.54117647 0.42352941 0.64313725
v -0.00036740 0.02247939 -0.04927472 0.54117647 0.42352941 0.64313725
v -0.00459449 0.02205189 -0.04927472 0.54117647 0.42352941 0.64313725
v -0.00702341 0.02135790 -0.04927472 0.54117647 0.42352941 0.64313725
v -0.00891572 0.02081380 -0.04927472 0.54117647 0.42352941 0.64313725
v -0.01305808 0.01917597 -0.04927472 0.54117647 0.42352941 0.64313725
v -0.01448907 0.01857636 -0.04927472 0.54117647 0.42352941 0.64313725
v -0.02138986 0.01857636 -0.04509995 0.54117647 0.42352941 0.64313725
v -0.02545690 0.01857636 -0.04212614 0.54117647 0.42352941 0.64313725
v -0.02926975 0.01857636 -0.03920951 0.54117647 0.42352941 0.64313725
v -0.03288490 0.01857636 -0.03582585 0.54117647 0.42352941 0.64313725
v -0.03621762 0.01857636 -0.03209906 0.54117647 0.42352941 0.64313725
v -0.03632118 0.03350005 -0.03150811 0.54117647 0.42352941 0.64313725
v -0.03900429 0.03350005 -0.02811491 0.54117647 0.42352941 0.64313725
v -0.03922082 0.01857636 -0.02816257 0.54117647 0.42352941 0.64313725
v -0.04130142 0.03350005 -0.02461688 0.54117647 0.42352941 0.64313725
v -0.04329728 0.03350005 -0.02090914 0.54117647 0.42352941 0.64313725
v -0.04500130 0.03350005 -0.01693453 0.54117647 0.42352941 0.64313725
v -0.04633815 0.03350005 -0.01283601 0.54117647 0.42352941 0.64313725
v -0.04729843 0.03350005 -0.00865170 0.54117647 0.42352941 0.64313725
v -0.04788211 0.03350005 -0.00437209 0.54117647 0.42352941 0.64313725
v 0.04132919 0.01857636 0.02456538 0.54117647 0.42352941 0.64313725
v 0.04220473 0.01857636 0.02276394 0.54117647 0.42352941 0.64313725
v 0.04400290 0.01857636 0.01903714 0.54117647 0.42352941 0.64313725
v 0.04393699 0.01857636 -0.01962240 0.54117647 0.42352941 0.64313725
v 0.04217649 0.01857636 -0.02325388 0.54117647 0.42352941 0.64313725
v 0.04168694 0.01857636 -0.02416890 0.54117647 0.42352941 0.64313725
v -0.04691243 0.01857636 0.00997274 0.54117647 0.42352941 0.64313725
v -0.04785388 0.01937584 -0.00445787 0.54117647 0.42352941 0.64313725
v -0.04798567 0.01857636 -0.00194157 0.54117647 0.42352941 0.64313725
v -0.04563207 0.01857636 0.01510065 0.54117647 0.42352941 0.64313725
v -0.04525549 0.01857636 0.01622536 0.54117647 0.42352941 0.64313725
v -0.04273242 0.01857636 0.02187751 0.54117647 0.42352941 0.64313725
v -0.04161210 0.01857636 0.02408880 0.54117647 0.42352941 0.64313725
v -0.04492599 0.01857636 0.01696881 0.54117647 0.42352941 0.64313725
v -0.04404103 0.01857636 0.01896089 0.54117647 0.42352941 0.64313725
v -0.03794988 0.01857636 0.02946454 0.54117647 0.42352941 0.64313725
v -0.03774276 0.01857636 0.02976001 0.54117647 0.42352941 0.64313725
v -0.03663185 0.01857636 0.03113254 0.54117647 0.42352941 0.64313725
v -0.03601991 0.01857636 0.03176162 0.54117647 0.42352941 0.64313725
v -0.03476779 0.01857636 0.03304836 0.54117647 0.42352941 0.64313725
v -0.03195287 0.01857636 0.03590779 0.54117647 0.42352941 0.64313725
v -0.03047480 0.01857636 0.03718501 0.54117647 0.42352941 0.64313725
v -0.03034300 0.01857636 0.03728032 0.54117647 0.42352941 0.64313725
v -0.02516506 0.01857636 0.04094993 0.54117647 0.42352941 0.64313725
v -0.02338572 0.01857636 0.04200792 0.54117647 0.42352941 0.64313725
v -0.02813061 0.01857636 0.03885301 0.54117647 0.42352941 0.64313725
v -0.01861260 0.01857636 0.04425734 0.54117647 0.42352941 0.64313725
v -0.01557173 0.01857636 0.04547737 0.54117647 0.42352941 0.64313725
v -0.01456439 0.01857636 0.04575378 0.54117647 0.42352941 0.64313725
v -0.01223902 0.01857636 0.04638285 0.54117647 0.42352941 0.64313725
v -0.00726819 0.01857636 0.04751710 0.54117647 0.42352941 0.64313725
v -0.00993248 0.01857636 0.04700240 0.54117647 0.42352941 0.64313725
v -0.00543237 0.01857636 0.04767913 0.54117647 0.42352941 0.64313725
v -0.00000024 0.01857636 0.04807945 0.54117647 0.42352941 0.64313725
v 0.00006566 0.01857636 0.04807945 0.54117647 0.42352941 0.64313725
v 0.00739011 0.01857636 0.04750756 0.54117647 0.42352941 0.64313725
v 0.00821858 0.01857636 0.04731694 0.54117647 0.42352941 0.64313725
v 0.00895290 0.01857636 0.04714537 0.54117647 0.42352941 0.64313725
v 0.01552419 0.01857636 0.04549643 0.54117647 0.42352941 0.64313725
v 0.01622086 0.01857636 0.04521048 0.54117647 0.42352941 0.64313725
v 0.01956299 0.01857636 0.04378077 0.54117647 0.42352941 0.64313725
v 0.02364886 0.01857636 0.04182682 0.54117647 0.42352941 0.64313725
v 0.02410075 0.01857636 0.04153135 0.54117647 0.42352941 0.64313725
v 0.02575769 0.01857636 0.04044476 0.54117647 0.42352941 0.64313725
v 0.02726400 0.01857636 0.03945349 0.54117647 0.42352941 0.64313725
v 0.03108627 0.01857636 0.03659406 0.54117647 0.42352941 0.64313725
v 0.03118983 0.01857636 0.03650828 0.54117647 0.42352941 0.64313725
v 0.03406124 0.01857636 0.03377275 0.54117647 0.42352941 0.64313725
v 0.03628304 0.01857636 0.03155193 0.54117647 0.42352941 0.64313725
v 0.03952162 0.01857636 0.02711028 0.54117647 0.42352941 0.64313725
v 0.04022770 0.01857636 -0.02659941 0.54117647 0.42352941 0.64313725
v 0.03903206 0.01857636 -0.02842945 0.54117647 0.42352941 0.64313725
v -0.04184746 0.01857636 -0.02389249 0.54117647 0.42352941 0.64313725
v -0.04404103 0.01857636 -0.01939364 0.54117647 0.42352941 0.64313725
v -0.04568855 0.01857636 -0.01505684 0.54117647 0.42352941 0.64313725
v -0.04412575 0.01857636 -0.01917442 0.54117647 0.42352941 0.64313725
v -0.04697833 0.01857636 -0.01031971 0.54117647 0.42352941 0.64313725
v -0.04779739 0.01857636 -0.00521085 0.54117647 0.42352941 0.64313725
v -0.04782564 0.01954240 -0.00498210 0.54117647 0.42352941 0.64313725
v -0.04783504 0.01857636 -0.00462944 0.54117647 0.42352941 0.64313725
v 0.04836000 -0.01667864 -0.00796543 0.43529412 0.89019608 0.96078431
v 0.04808505 -0.02312073 -0.00900436 0.43529412 0.89019608 0.96078431
v 0.04830312 -0.01970848 -0.01306476 0.43529412 0.89019608 0.96078431
v 0.04808505 0.01856901 -0.00014965 0.43529412 0.89019608 0.96078431
v 0.04808505 0.01856901 -0.00000668 0.43529412 0.89019608 0.96078431
v 0.04832208 -0.01209711 -0.00337127 0.43529412 0.89019608 0.96078431
v 0.04812298 -0.01978202 -0.00374300 0.43529412 0.89019608 0.96078431
v 0.04744983 -0.02486362 -0.00207500 0.43529412 0.89019608 0.96078431
v 0.04741191 -0.02648150 -0.00485818 0.43529412 0.89019608 0.96078431
v 0.04732658 -0.02769490 -0.00776527 0.43529412 0.89019608 0.96078431
v 0.04788595 -0.02490039 -0.01477088 0.43529412 0.89019608 0.96078431
v 0.04814194 -0.02121604 -0.01863112 0.43529412 0.89019608 0.96078431
v 0.04804713 0.01856901 -0.00174140 0.43529412 0.89019608 0.96078431
v 0.04729813 -0.01168528 -0.04928425 0.43529412 0.89019608 0.96078431
v 0.04732658 0.01856901 0.00848584 0.43529412 0.89019608 0.96078431
v 0.04803765 0.00997955 0.00230946 0.43529412 0.89019608 0.96078431
v 0.04817038 -0.00612567 0.00064146 0.43529412 0.89019608 0.96078431
v 0.04799972 -0.01486956 0.00096553 0.43529412 0.89019608 0.96078431
v 0.04743087 -0.02284128 0.00055568 0.43529412 0.89019608 0.96078431
v 0.04626470 -0.02975402 -0.00064528 0.43529412 0.89019608 0.96078431
v 0.04630263 -0.02800377 0.00220462 0.43529412 0.89019608 0.96078431
v 0.04616989 -0.03109980 -0.00364769 0.43529412 0.89019608 0.96078431
v 0.04718436 -0.02851855 -0.01081533 0.43529412 0.89019608 0.96078431
v 0.04600872 -0.03204111 -0.00679306 0.43529412 0.89019608 0.96078431
v 0.04757308 -0.02526809 -0.02098539 0.43529412 0.89019608 0.96078431
v 0.04790491 -0.02134842 -0.02462640 0.43529412 0.89019608 0.96078431
v 0.04803765 0.01856901 -0.00194156 0.43529412 0.89019608 0.96078431
v 0.04719384 -0.00813331 -0.04928425 0.43529412 0.89019608 0.96078431
v 0.04689045 -0.01533286 -0.04928425 0.43529412 0.89019608 0.96078431
v 0.04762049 -0.02037769 -0.03102200 0.43529412 0.89019608 0.96078431
v 0.04692837 0.01856901 0.01002040 0.43529412 0.89019608 0.96078431
v 0.04671979 0.00652318 0.01133574 0.43529412 0.89019608 0.96078431
v 0.04730761 0.01523765 0.00860975 0.43529412 0.89019608 0.96078431
v 0.04759204 0.00823666 0.00683690 0.43529412 0.89019608 0.96078431
v 0.04792388 0.00086061 0.00405372 0.43529412 0.89019608 0.96078431
v 0.04770582 -0.00854513 0.00507358 0.43529412 0.89019608 0.96078431
v 0.04722229 -0.01759788 0.00536906 0.43529412 0.89019608 0.96078431
v 0.04626470 -0.02582699 0.00490202 0.43529412 0.89019608 0.96078431
v 0.04460553 -0.03290888 0.00356762 0.43529412 0.89019608 0.96078431
v 0.04450124 -0.03437232 0.00047943 0.43529412 0.89019608 0.96078431
v 0.04463397 -0.03101890 0.00649377 0.43529412 0.89019608 0.96078431
v 0.04433058 -0.03542394 -0.00276126 0.43529412 0.89019608 0.96078431
v 0.04679564 -0.02910687 -0.01726812 0.43529412 0.89019608 0.96078431
v 0.04379016 -0.03640202 -0.00971922 0.43529412 0.89019608 0.96078431
v 0.04553467 -0.03282799 -0.01349367 0.43529412 0.89019608 0.96078431
v 0.04717488 -0.02448121 -0.02763833 0.43529412 0.89019608 0.96078431
v 0.04762049 0.01856901 -0.00671681 0.43529412 0.89019608 0.96078431
v 0.04657758 -0.00472106 -0.04928425 0.43529412 0.89019608 0.96078431
v 0.04596131 -0.01901720 -0.04928425 0.43529412 0.89019608 0.96078431
v 0.04506061 0.01856901 0.01678773 0.43529412 0.89019608 0.96078431
v 0.04616041 -0.00322085 0.01298468 0.43529412 0.89019608 0.96078431
v 0.04726021 -0.00119850 0.00853350 0.43529412 0.89019608 0.96078431
v 0.04540193 0.00483912 0.01575833 0.43529412 0.89019608 0.96078431
v 0.04678616 -0.01092047 0.00952477 0.43529412 0.89019608 0.96078431
v 0.04597079 -0.02025267 0.00978212 0.43529412 0.89019608 0.96078431
v 0.04444435 -0.02596672 0.01181232 0.43529412 0.89019608 0.96078431
v 0.04458656 -0.02870240 0.00924836 0.43529412 0.89019608 0.96078431
v 0.04241542 -0.03590930 0.00776145 0.43529412 0.89019608 0.96078431
v 0.04230165 -0.03748305 0.00458748 0.43529412 0.89019608 0.96078431
v 0.04211203 -0.03864499 0.00123241 0.43529412 0.89019608 0.96078431
v 0.04244386 -0.03389431 0.01075433 0.43529412 0.89019608 0.96078431
v 0.04152420 -0.03979220 -0.00596383 0.43529412 0.89019608 0.96078431
v 0.04490892 -0.03237939 -0.02071851 0.43529412 0.89019608 0.96078431
v 0.04627418 -0.02848913 -0.02419748 0.43529412 0.89019608 0.96078431
v 0.04072780 -0.03962306 -0.01379868 0.43529412 0.89019608 0.96078431
v 0.04306961 -0.03610051 -0.01723953 0.43529412 0.89019608 0.96078431
v 0.04672927 -0.02286334 -0.03476785 0.43529412 0.89019608 0.96078431
v 0.04736450 0.01856901 -0.00807981 0.43529412 0.89019608 0.96078431
v 0.04629315 -0.00369150 -0.04928425 0.43529412 0.89019608 0.96078431
v 0.04452968 -0.02274567 -0.04928425 0.43529412 0.89019608 0.96078431
v 0.04569584 -0.02701834 -0.03162248 0.43529412 0.89019608 0.96078431
v 0.04400823 0.01856901 0.01903715 0.43529412 0.89019608 0.96078431
v 0.04365743 0.00320653 0.02007608 0.43529412 0.89019608 0.96078431
v 0.04498477 0.01259022 0.01696882 0.43529412 0.89019608 0.96078431
v 0.04460553 -0.00519172 0.01738821 0.43529412 0.89019608 0.96078431
v 0.04540193 -0.01324433 0.01395689 0.43529412 0.89019608 0.96078431
v 0.04422629 -0.02282657 0.01418564 0.43529412 0.89019608 0.96078431
v 0.04237749 -0.03144543 0.01353751 0.43529412 0.89019608 0.96078431
v 0.04221632 -0.02856267 0.01613006 0.43529412 0.89019608 0.96078431
v 0.03966593 -0.03871852 0.01185044 0.43529412 0.89019608 0.96078431
v 0.03955216 -0.04039523 0.00860022 0.43529412 0.89019608 0.96078431
v 0.03935306 -0.04165276 0.00514984 0.43529412 0.89019608 0.96078431
v 0.03907811 -0.04249112 0.00150882 0.43529412 0.89019608 0.96078431
v 0.03968489 -0.03659322 0.01490050 0.43529412 0.89019608 0.96078431
v 0.03873679 -0.04295442 -0.00230375 0.43529412 0.89019608 0.96078431
v 0.03789298 -0.04290294 -0.01045314 0.43529412 0.89019608 0.96078431
v 0.04225424 -0.03485768 -0.02533173 0.43529412 0.89019608 0.96078431
v 0.04420732 -0.03102626 -0.02846757 0.43529412 0.89019608 0.96078431
v 0.03692592 -0.04183661 -0.01925066 0.43529412 0.89019608 0.96078431
v 0.03982711 -0.03847584 -0.02224354 0.43529412 0.89019608 0.96078431
v 0.04708007 0.01856901 -0.00956672 0.43529412 0.89019608 0.96078431
v 0.04548726 -0.00150001 -0.04928425 0.43529412 0.89019608 0.96078431
v 0.04672927 0.01856901 -0.01138722 0.43529412 0.89019608 0.96078431
v 0.04264296 -0.02645944 -0.04928425 0.43529412 0.89019608 0.96078431
v 0.04152420 0.01856901 0.02417460 0.43529412 0.89019608 0.96078431
v 0.04133458 0.01856901 0.02456539 0.43529412 0.89019608 0.96078431
v 0.04146732 0.00164014 0.02425085 0.43529412 0.89019608 0.96078431
v 0.04258608 -0.00708904 0.02167736 0.43529412 0.89019608 0.96078431
v 0.04354366 -0.01547994 0.01833182 0.43529412 0.89019608 0.96078431
v 0.04196033 -0.02527544 0.01850339 0.43529412 0.89019608 0.96078431
v 0.03960904 -0.03401933 0.01772181 0.43529412 0.89019608 0.96078431
v 0.03943838 -0.03100420 0.02032390 0.43529412 0.89019608 0.96078431
v 0.03623381 -0.04307944 0.01244139 0.43529412 0.89019608 0.96078431
v 0.03634758 -0.04130713 0.01576787 0.43529412 0.89019608 0.96078431
v 0.03603471 -0.04441051 0.00889569 0.43529412 0.89019608 0.96078431
v 0.03575028 -0.04532975 0.00514030 0.43529412 0.89019608 0.96078431
v 0.03540896 -0.04585924 0.00118475 0.43529412 0.89019608 0.96078431
v 0.03636654 -0.03907887 0.01886559 0.43529412 0.89019608 0.96078431
v 0.03454619 -0.04590337 -0.00725057 0.43529412 0.89019608 0.96078431
v 0.03356017 -0.04490322 -0.01641029 0.43529412 0.89019608 0.96078431
v 0.03751374 -0.03340159 -0.04928425 0.43529412 0.89019608 0.96078431
v 0.03844288 -0.03228379 -0.04928425 0.43529412 0.89019608 0.96078431
v 0.04029167 -0.03002612 -0.04928425 0.43529412 0.89019608 0.96078431
v 0.04166642 -0.02794494 -0.04928425 0.43529412 0.89019608 0.96078431
v 0.03081068 -0.03943921 -0.04928425 0.43529412 0.89019608 0.96078431
v 0.03433761 -0.03654910 -0.04928425 0.43529412 0.89019608 0.96078431
v 0.03471685 -0.03617405 -0.04928425 0.43529412 0.89019608 0.96078431
v 0.04371432 0.00169897 -0.04928425 0.43529412 0.89019608 0.96078431
v 0.04546830 0.01856901 -0.01570497 0.43529412 0.89019608 0.96078431
v 0.04570532 0.01856901 -0.01492339 0.43529412 0.89019608 0.96078431
v 0.04596131 0.01856901 -0.01406556 0.43529412 0.89019608 0.96078431
v 0.04120185 0.01012663 0.02478461 0.43529412 0.89019608 0.96078431
v 0.03952371 0.01856901 0.02711029 0.43529412 0.89019608 0.96078431
v 0.03886004 0.00015463 0.02822547 0.43529412 0.89019608 0.96078431
v 0.04011154 -0.00889077 0.02582354 0.43529412 0.89019608 0.96078431
v 0.04118289 -0.01761259 0.02260191 0.43529412 0.89019608 0.96078431
v 0.03916344 -0.02757724 0.02268769 0.43529412 0.89019608 0.96078431
v 0.03629069 -0.03638731 0.02171549 0.43529412 0.89019608 0.96078431
v 0.03610107 -0.03325452 0.02431757 0.43529412 0.89019608 0.96078431
v 0.03216646 -0.04690351 0.01239373 0.43529412 0.89019608 0.96078431
v 0.03236556 -0.04549154 0.01603474 0.43529412 0.89019608 0.96078431
v 0.03246985 -0.04363834 0.01942794 0.43529412 0.89019608 0.96078431
v 0.03189151 -0.04788159 0.00853350 0.43529412 0.89019608 0.96078431
v 0.03155019 -0.04846256 0.00446357 0.43529412 0.89019608 0.96078431
v 0.03070639 -0.04859492 -0.00427676 0.43529412 0.89019608 0.96078431
v 0.03248881 -0.04131448 0.02256379 0.43529412 0.89019608 0.96078431
v 0.02973932 -0.04764626 -0.01377961 0.43529412 0.89019608 0.96078431
v 0.02698035 -0.04207194 -0.04928425 0.43529412 0.89019608 0.96078431
v 0.03063054 -0.03956423 -0.04928425 0.43529412 0.89019608 0.96078431
v 0.04198877 0.00411107 -0.04928425 0.43529412 0.89019608 0.96078431
v 0.04395134 0.01856901 -0.01958426 0.43529412 0.89019608 0.96078431
v 0.03887900 0.01856901 0.02799671 0.43529412 0.89019608 0.96078431
v 0.03628121 0.01856901 0.03155194 0.43529412 0.89019608 0.96078431
v 0.03608211 0.00791308 0.03178069 0.43529412 0.89019608 0.96078431
v 0.03582612 -0.00122792 0.03196179 0.43529412 0.89019608 0.96078431
v 0.03717243 -0.01058218 0.02976003 0.43529412 0.89019608 0.96078431
v 0.03831963 -0.01960552 0.02670043 0.43529412 0.89019608 0.96078431
v 0.03581664 -0.02969519 0.02666230 0.43529412 0.89019608 0.96078431
v 0.03241297 -0.03852732 0.02544228 0.43529412 0.89019608 0.96078431
v 0.03222335 -0.03528421 0.02803483 0.43529412 0.89019608 0.96078431
v 0.02751129 -0.05010984 0.01161215 0.43529412 0.89019608 0.96078431
v 0.02776728 -0.04907293 0.01556771 0.43529412 0.89019608 0.96078431
v 0.02795690 -0.04760214 0.01928497 0.43529412 0.89019608 0.96078431
v 0.02806119 -0.04567539 0.02273535 0.43529412 0.89019608 0.96078431
v 0.02719842 -0.05074229 0.00741832 0.43529412 0.89019608 0.96078431
v 0.02641149 -0.05094085 -0.00158890 0.43529412 0.89019608 0.96078431
v 0.02550132 -0.05003631 -0.01140628 0.43529412 0.89019608 0.96078431
v 0.02807067 -0.04327799 0.02590932 0.43529412 0.89019608 0.96078431
v 0.02287508 -0.04434432 -0.04928425 0.43529412 0.89019608 0.96078431
v 0.02630720 -0.04245435 -0.04928425 0.43529412 0.89019608 0.96078431
v 0.04183708 0.00427286 -0.04928425 0.43529412 0.89019608 0.96078431
v 0.04217839 0.01856901 -0.02325387 0.43529412 0.89019608 0.96078431
v 0.04391342 0.01856901 -0.01967005 0.43529412 0.89019608 0.96078431
v 0.03406266 0.01856901 0.03377276 0.43529412 0.89019608 0.96078431
v 0.03240348 -0.00250016 0.03542170 0.43529412 0.89019608 0.96078431
v 0.03376875 -0.01213388 0.03344869 0.43529412 0.89019608 0.96078431
v 0.03495387 -0.02145137 0.03057020 0.43529412 0.89019608 0.96078431
v 0.03156916 -0.02753312 0.03238117 0.43529412 0.89019608 0.96078431
v 0.03194840 -0.03160722 0.03035098 0.43529412 0.89019608 0.96078431
v 0.02799482 -0.04040259 0.02879735 0.43529412 0.89019608 0.96078431
v 0.02782416 -0.03707123 0.03138990 0.43529412 0.89019608 0.96078431
v 0.02237259 -0.05264697 0.00999181 0.43529412 0.89019608 0.96078431
v 0.02265702 -0.05198511 0.01428096 0.43529412 0.89019608 0.96078431
v 0.02288456 -0.05090407 0.01833182 0.43529412 0.89019608 0.96078431
v 0.02304574 -0.04938180 0.02210628 0.43529412 0.89019608 0.96078431
v 0.02314055 -0.04739622 0.02561385 0.43529412 0.89019608 0.96078431
v 0.02168047 -0.05290435 0.00072725 0.43529412 0.89019608 0.96078431
v 0.02088407 -0.05202923 -0.00935702 0.43529412 0.89019608 0.96078431
v 0.01852330 -0.04623429 -0.04928425 0.43529412 0.89019608 0.96078431
v 0.02173736 -0.04484439 -0.04928425 0.43529412 0.89019608 0.96078431
v 0.02315951 -0.04493264 0.02881641 0.43529412 0.89019608 0.96078431
v 0.03930565 0.00687617 -0.04928425 0.43529412 0.89019608 0.96078431
v 0.04168538 0.01856901 -0.02416889 0.43529412 0.89019608 0.96078431
v 0.03118992 0.01856901 0.03650829 0.43529412 0.89019608 0.96078431
v 0.03109511 0.01856901 0.03659407 0.43529412 0.89019608 0.96078431
v 0.02988154 0.00605252 0.03767112 0.43529412 0.89019608 0.96078431
v 0.02859212 -0.00364002 0.03854801 0.43529412 0.89019608 0.96078431
v 0.02993842 -0.01353849 0.03681330 0.43529412 0.89019608 0.96078431
v 0.03109511 -0.02311337 0.03413496 0.43529412 0.89019608 0.96078431
v 0.02720790 -0.02910687 0.03565045 0.43529412 0.89019608 0.96078431
v 0.02756817 -0.03329129 0.03366792 0.43529412 0.89019608 0.96078431
v 0.02309315 -0.04199105 0.03171397 0.43529412 0.89019608 0.96078431
v 0.02294145 -0.03857144 0.03428746 0.43529412 0.89019608 0.96078431
v 0.01715804 -0.05416924 0.01208873 0.43529412 0.89019608 0.96078431
v 0.01658918 -0.05446340 0.00262400 0.43529412 0.89019608 0.96078431
v 0.01738558 -0.05347797 0.01646366 0.43529412 0.89019608 0.96078431
v 0.01757520 -0.05236016 0.02058125 0.43529412 0.89019608 0.96078431
v 0.01771742 -0.05080112 0.02442242 0.43529412 0.89019608 0.96078431
v 0.01779327 -0.04877142 0.02795858 0.43529412 0.89019608 0.96078431
v 0.01593499 -0.05361034 -0.00768902 0.43529412 0.89019608 0.96078431
v 0.01398191 -0.04773451 -0.04928425 0.43529412 0.89019608 0.96078431
v 0.01699686 -0.04674907 -0.04928425 0.43529412 0.89019608 0.96078431
v 0.01781223 -0.04625636 0.03118974 0.43529412 0.89019608 0.96078431
v 0.03703969 0.00867790 -0.04928425 0.43529412 0.89019608 0.96078431
v 0.03903070 0.01856901 -0.02842944 0.43529412 0.89019608 0.96078431
v 0.04022531 0.01856901 -0.02659941 0.43529412 0.89019608 0.96078431
v 0.02725530 0.01856901 0.03945350 0.43529412 0.89019608 0.96078431
v 0.02575730 0.01856901 0.04044478 0.43529412 0.89019608 0.96078431
v 0.02443945 -0.00464017 0.04129307 0.43529412 0.89019608 0.96078431
v 0.02569094 -0.01476660 0.03980617 0.43529412 0.89019608 0.96078431
v 0.02677177 -0.02457682 0.03731846 0.43529412 0.89019608 0.96078431
v 0.02241051 -0.03043794 0.03846223 0.43529412 0.89019608 0.96078431
v 0.02271391 -0.03471060 0.03653688 0.43529412 0.89019608 0.96078431
v 0.01775534 -0.04325593 0.03408730 0.43529412 0.89019608 0.96078431
v 0.01764157 -0.03977014 0.03665126 0.43529412 0.89019608 0.96078431
v 0.01161166 -0.05527234 0.01365188 0.43529412 0.89019608 0.96078431
v 0.01119449 -0.05559592 0.00403466 0.43529412 0.89019608 0.96078431
v 0.01072044 -0.05476491 -0.00644993 0.43529412 0.89019608 0.96078431
v 0.01178231 -0.05455900 0.01809354 0.43529412 0.89019608 0.96078431
v 0.01192453 -0.05342649 0.02225878 0.43529412 0.89019608 0.96078431
v 0.01202882 -0.05183803 0.02613807 0.43529412 0.89019608 0.96078431
v 0.01209519 -0.04977156 0.02971237 0.43529412 0.89019608 0.96078431
v 0.00929829 -0.04881554 -0.04928425 0.43529412 0.89019608 0.96078431
v 0.01215207 -0.04816839 -0.04928425 0.43529412 0.89019608 0.96078431
v 0.01210467 -0.04721973 0.03295306 0.43529412 0.89019608 0.96078431
v 0.03661305 0.00894264 -0.04928425 0.43529412 0.89019608 0.96078431
v 0.03600626 0.01856901 -0.03233734 0.43529412 0.89019608 0.96078431
v 0.03808260 0.01856901 -0.02971619 0.43529412 0.89019608 0.96078431
v 0.02410761 0.01856901 0.04153136 0.43529412 0.89019608 0.96078431
v 0.02365252 0.01856901 0.04182683 0.43529412 0.89019608 0.96078431
v 0.02268546 0.00455967 0.04238919 0.43529412 0.89019608 0.96078431
v 0.01998338 -0.00547852 0.04361875 0.43529412 0.89019608 0.96078431
v 0.02107369 -0.01579616 0.04235106 0.43529412 0.89019608 0.96078431
v 0.02202179 -0.02580493 0.04006352 0.43529412 0.89019608 0.96078431
v 0.01721493 -0.03149691 0.04074978 0.43529412 0.89019608 0.96078431
v 0.01746143 -0.03584312 0.03887209 0.43529412 0.89019608 0.96078431
v 0.01207622 -0.04417518 0.03586015 0.43529412 0.89019608 0.96078431
v 0.01200038 -0.04065262 0.03840505 0.43529412 0.89019608 0.96078431
v 0.00560070 -0.05628719 0.00491155 0.43529412 0.89019608 0.96078431
v 0.00584721 -0.05594891 0.01462409 0.43529412 0.89019608 0.96078431
v 0.00532575 -0.05545619 -0.00568742 0.43529412 0.89019608 0.96078431
v 0.00451987 -0.04947005 -0.04928425 0.43529412 0.89019608 0.96078431
v 0.00725040 -0.04910235 -0.04928425 0.43529412 0.89019608 0.96078431
v 0.00595150 -0.05522086 0.01909434 0.43529412 0.89019608 0.96078431
v 0.00603683 -0.05407364 0.02329771 0.43529412 0.89019608 0.96078431
v 0.00610320 -0.05247047 0.02720560 0.43529412 0.89019608 0.96078431
v 0.00614112 -0.05038194 0.03078942 0.43529412 0.89019608 0.96078431
v 0.00616956 -0.04780805 0.03404917 0.43529412 0.89019608 0.96078431
v 0.03118992 0.01215633 -0.04928425 0.43529412 0.89019608 0.96078431
v 0.03264999 0.01856901 -0.03604507 0.43529412 0.89019608 0.96078431
v 0.03577872 0.01856901 -0.03259469 0.43529412 0.89019608 0.96078431
v 0.01956621 0.01856901 0.04378078 0.43529412 0.89019608 0.96078431
v 0.01614357 -0.01662716 0.04440986 0.43529412 0.89019608 0.96078431
v 0.01621942 0.01856901 0.04521050 0.43529412 0.89019608 0.96078431
v 0.01552731 0.01856901 0.04549644 0.43529412 0.89019608 0.96078431
v 0.01480675 0.00350069 0.04574426 0.43529412 0.89019608 0.96078431
v 0.01527132 -0.00614773 0.04547738 0.43529412 0.89019608 0.96078431
v 0.01691153 -0.02679036 0.04228435 0.43529412 0.89019608 0.96078431
v 0.01187712 -0.03666676 0.04059728 0.43529412 0.89019608 0.96078431
v 0.01170647 -0.03226908 0.04243685 0.43529412 0.89019608 0.96078431
v 0.00616008 -0.04474144 0.03694673 0.43529412 0.89019608 0.96078431
v 0.00613164 -0.04118947 0.03949163 0.43529412 0.89019608 0.96078431
v -0.00008789 -0.05655193 0.00634127 0.43529412 0.89019608 0.96078431
v -0.00016374 -0.05552238 -0.00685978 0.43529412 0.89019608 0.96078431
v -0.00004049 -0.05612540 0.01537708 0.43529412 0.89019608 0.96078431
v -0.00004049 -0.05614746 0.01495769 0.43529412 0.89019608 0.96078431
v 0.00184623 -0.04966125 -0.04928425 0.43529412 0.89019608 0.96078431
v -0.00001205 -0.05529440 0.01941841 0.43529412 0.89019608 0.96078431
v 0.00000692 -0.05461784 0.02266863 0.43529412 0.89019608 0.96078431
v 0.00005432 -0.05197775 0.02894032 0.43529412 0.89019608 0.96078431
v 0.00001640 -0.05421337 0.02363131 0.43529412 0.89019608 0.96078431
v 0.00008276 -0.04846990 0.03392527 0.43529412 0.89019608 0.96078431
v 0.03100978 0.01225929 -0.04928425 0.43529412 0.89019608 0.96078431
v 0.03068742 0.01856901 -0.03790370 0.43529412 0.89019608 0.96078431
v 0.01149788 -0.02751105 0.04392375 0.43529412 0.89019608 0.96078431
v 0.01096695 -0.01723019 0.04592536 0.43529412 0.89019608 0.96078431
v 0.00895698 0.01856901 0.04714538 0.43529412 0.89019608 0.96078431
v 0.01035068 -0.00663310 0.04683085 0.43529412 0.89019608 0.96078431
v 0.00607475 -0.03717419 0.04167433 0.43529412 0.89019608 0.96078431
v 0.00598942 -0.03274709 0.04348530 0.43529412 0.89019608 0.96078431
v 0.00012069 -0.04310885 0.03872911 0.43529412 0.89019608 0.96078431
v 0.00013965 -0.03634319 0.04250357 0.43529412 0.89019608 0.96078431
v 0.00013965 -0.03730656 0.04196981 0.43529412 0.89019608 0.96078431
v -0.00592819 -0.05596361 0.01466222 0.43529412 0.89019608 0.96078431
v -0.00580494 -0.05629454 0.00494014 0.43529412 0.89019608 0.96078431
v -0.00564376 -0.05547090 -0.00565882 0.43529412 0.89019608 0.96078431
v -0.00514127 -0.04947005 -0.04928425 0.43529412 0.89019608 0.96078431
v -0.00030596 -0.04964654 -0.04928425 0.43529412 0.89019608 0.96078431
v -0.00596611 -0.05523557 0.01914199 0.43529412 0.89019608 0.96078431
v -0.00601352 -0.05248518 0.02724372 0.43529412 0.89019608 0.96078431
v -0.00599456 -0.05408835 0.02334536 0.43529412 0.89019608 0.96078431
v -0.00600404 -0.05040400 0.03083708 0.43529412 0.89019608 0.96078431
v -0.00593767 -0.04475614 0.03699439 0.43529412 0.89019608 0.96078431
v -0.00597559 -0.04782276 0.03408730 0.43529412 0.89019608 0.96078431
v 0.02419294 0.01514940 -0.04928425 0.43529412 0.89019608 0.96078431
v 0.02798534 0.01856901 -0.04021031 0.43529412 0.89019608 0.96078431
v 0.02901877 0.01856901 -0.03940967 0.43529412 0.89019608 0.96078431
v 0.00588513 -0.02795229 0.04494362 0.43529412 0.89019608 0.96078431
v 0.00561018 -0.01759788 0.04685944 0.43529412 0.89019608 0.96078431
v 0.00821746 0.01856901 0.04731695 0.43529412 0.89019608 0.96078431
v 0.00738313 0.01856901 0.04750758 0.43529412 0.89019608 0.96078431
v 0.00650140 0.00290502 0.04764101 0.43529412 0.89019608 0.96078431
v 0.00528783 -0.00693461 0.04766961 0.43529412 0.89019608 0.96078431
v 0.00015861 -0.02833470 0.04523909 0.43529412 0.89019608 0.96078431
v 0.00014913 -0.03285740 0.04369500 0.43529412 0.89019608 0.96078431
v -0.00587130 -0.04120417 0.03953929 0.43529412 0.89019608 0.96078431
v -0.00568168 -0.03276180 0.04353296 0.43529412 0.89019608 0.96078431
v -0.00578597 -0.03718890 0.04171246 0.43529412 0.89019608 0.96078431
v -0.01181589 -0.05458842 0.01816979 0.43529412 0.89019608 0.96078431
v -0.01170212 -0.05530176 0.01372814 0.43529412 0.89019608 0.96078431
v -0.01140821 -0.05561798 0.00410138 0.43529412 0.89019608 0.96078431
v -0.01104793 -0.05477963 -0.00639274 0.43529412 0.89019608 0.96078431
v -0.00992917 -0.04881554 -0.04928425 0.43529412 0.89019608 0.96078431
v -0.01190122 -0.05345590 0.02234456 0.43529412 0.89019608 0.96078431
v -0.01195810 -0.04980833 0.02979815 0.43529412 0.89019608 0.96078431
v -0.01194862 -0.05186745 0.02622386 0.43529412 0.89019608 0.96078431
v -0.01193914 -0.04725650 0.03303884 0.43529412 0.89019608 0.96078431
v -0.01175900 -0.04068204 0.03850036 0.43529412 0.89019608 0.96078431
v -0.01186329 -0.04421195 0.03594593 0.43529412 0.89019608 0.96078431
v 0.02267598 0.01571566 -0.04928425 0.43529412 0.89019608 0.96078431
v 0.02110214 0.01856901 -0.04526198 0.43529412 0.89019608 0.96078431
v 0.02246740 0.01856901 -0.04428977 0.43529412 0.89019608 0.96078431
v 0.02516000 0.01856901 -0.04234535 0.43529412 0.89019608 0.96078431
v 0.00015861 -0.01848772 0.04708819 0.43529412 0.89019608 0.96078431
v 0.00015861 -0.00711110 0.04795555 0.43529412 0.89019608 0.96078431
v 0.00007328 0.01856901 0.04807946 0.43529412 0.89019608 0.96078431
v 0.00014913 0.00276530 0.04807946 0.43529412 0.89019608 0.96078431
v -0.00000257 0.00276530 0.04808899 0.43529412 0.89019608 0.96078431
v -0.00555843 -0.02796700 0.04498174 0.43529412 0.89019608 0.96078431
v -0.01160731 -0.03670353 0.04069259 0.43529412 0.89019608 0.96078431
v -0.01119014 -0.02754047 0.04400954 0.43529412 0.89019608 0.96078431
v -0.01141769 -0.03230585 0.04252263 0.43529412 0.89019608 0.96078431
v -0.01742864 -0.05351474 0.01657804 0.43529412 0.89019608 0.96078431
v -0.01756137 -0.05240428 0.02070515 0.43529412 0.89019608 0.96078431
v -0.01725798 -0.05420601 0.01220311 0.43529412 0.89019608 0.96078431
v -0.01680289 -0.05449282 0.00271932 0.43529412 0.89019608 0.96078431
v -0.01626248 -0.05363976 -0.00760324 0.43529412 0.89019608 0.96078431
v -0.01461278 -0.04773451 -0.04928425 0.43529412 0.89019608 0.96078431
v -0.01764670 -0.05085260 0.02454632 0.43529412 0.89019608 0.96078431
v -0.01767514 -0.04882290 0.02809202 0.43529412 0.89019608 0.96078431
v -0.01764670 -0.04630783 0.03131365 0.43529412 0.89019608 0.96078431
v -0.01756137 -0.04330005 0.03422074 0.43529412 0.89019608 0.96078431
v -0.01740968 -0.03982162 0.03678470 0.43529412 0.89019608 0.96078431
v -0.01720110 -0.03588724 0.03899600 0.43529412 0.89019608 0.96078431
v 0.02054276 0.01648783 -0.04928425 0.43529412 0.89019608 0.96078431
v 0.01673139 0.01784096 -0.04928425 0.43529412 0.89019608 0.96078431
v 0.01440855 0.01856901 -0.04928425 0.43529412 0.89019608 0.96078431
v -0.00528348 -0.01761259 0.04689756 0.43529412 0.89019608 0.96078431
v -0.00497061 -0.00694932 0.04770774 0.43529412 0.89019608 0.96078431
v -0.00000257 0.01856901 0.04807946 0.43529412 0.89019608 0.96078431
v -0.00543518 0.01856901 0.04767914 0.43529412 0.89019608 0.96078431
v -0.01064025 -0.01725225 0.04600161 0.43529412 0.89019608 0.96078431
v -0.01693563 -0.03154103 0.04087369 0.43529412 0.89019608 0.96078431
v -0.01661327 -0.02683449 0.04240825 0.43529412 0.89019608 0.96078431
v -0.01583583 -0.01666393 0.04452423 0.43529412 0.89019608 0.96078431
v -0.02289917 -0.05096291 0.01848433 0.43529412 0.89019608 0.96078431
v -0.02271904 -0.05203659 0.01443346 0.43529412 0.89019608 0.96078431
v -0.02300347 -0.04944798 0.02226831 0.43529412 0.89019608 0.96078431
v -0.02249149 -0.05269845 0.01013478 0.43529412 0.89019608 0.96078431
v -0.02191315 -0.05294848 0.00085115 0.43529412 0.89019608 0.96078431
v -0.02123052 -0.05206600 -0.00925218 0.43529412 0.89019608 0.96078431
v -0.01915418 -0.04624165 -0.04928425 0.43529412 0.89019608 0.96078431
v -0.02305087 -0.04746241 0.02577588 0.43529412 0.89019608 0.96078431
v -0.02302243 -0.04499883 0.02897845 0.43529412 0.89019608 0.96078431
v -0.02291814 -0.04204988 0.03187601 0.43529412 0.89019608 0.96078431
v -0.02273800 -0.03863763 0.03444950 0.43529412 0.89019608 0.96078431
v -0.02248201 -0.03476944 0.03669892 0.43529412 0.89019608 0.96078431
v -0.02215018 -0.03049677 0.03862427 0.43529412 0.89019608 0.96078431
v -0.01448953 0.01856901 -0.04928425 0.43529412 0.89019608 0.96078431
v -0.01003346 -0.00666251 0.04690710 0.43529412 0.89019608 0.96078431
v -0.00727449 0.01856901 0.04751710 0.43529412 0.89019608 0.96078431
v -0.00841221 0.00299327 0.04734554 0.43529412 0.89019608 0.96078431
v -0.01496358 -0.00618450 0.04557269 0.43529412 0.89019608 0.96078431
v -0.02175197 -0.02586376 0.04021602 0.43529412 0.89019608 0.96078431
v -0.02078491 -0.01585499 0.04250357 0.43529412 0.89019608 0.96078431
v -0.01969460 -0.00552264 0.04375219 0.43529412 0.89019608 0.96078431
v -0.02780085 -0.04914647 0.01575833 0.43529412 0.89019608 0.96078431
v -0.02793359 -0.04767568 0.01947560 0.43529412 0.89019608 0.96078431
v -0.02760175 -0.05017603 0.01178372 0.43529412 0.89019608 0.96078431
v -0.02799047 -0.04574893 0.02292598 0.43529412 0.89019608 0.96078431
v -0.02733628 -0.05080112 0.00758988 0.43529412 0.89019608 0.96078431
v -0.02666313 -0.05099232 -0.00144592 0.43529412 0.89019608 0.96078431
v -0.02586673 -0.05007307 -0.01127284 0.43529412 0.89019608 0.96078431
v -0.02349648 -0.04434432 -0.04928425 0.43529412 0.89019608 0.96078431
v -0.02796203 -0.04335889 0.02610949 0.43529412 0.89019608 0.96078431
v -0.02784826 -0.04048348 0.02899751 0.43529412 0.89019608 0.96078431
v -0.02764916 -0.03714477 0.03159006 0.43529412 0.89019608 0.96078431
v -0.02735524 -0.03336483 0.03386807 0.43529412 0.89019608 0.96078431
v -0.02697600 -0.02918041 0.03584109 0.43529412 0.89019608 0.96078431
v -0.02652092 -0.02464300 0.03750909 0.43529412 0.89019608 0.96078431
v -0.01703992 0.01776007 -0.04928425 0.43529412 0.89019608 0.96078431
v -0.02139170 0.01856901 -0.04509994 0.43529412 0.89019608 0.96078431
v -0.01223305 0.01856901 0.04638286 0.43529412 0.89019608 0.96078431
v -0.01456538 0.01856901 0.04575379 0.43529412 0.89019608 0.96078431
v -0.00992917 0.01856901 0.04700241 0.43529412 0.89019608 0.96078431
v -0.01557036 0.01856901 0.04547738 0.43529412 0.89019608 0.96078431
v -0.01654691 0.00369190 0.04514378 0.43529412 0.89019608 0.96078431
v -0.02542112 -0.01482543 0.03997773 0.43529412 0.89019608 0.96078431
v -0.02416963 -0.00469900 0.04145511 0.43529412 0.89019608 0.96078431
v -0.01861376 0.01856901 0.04425735 0.43529412 0.89019608 0.96078431
v -0.02338271 0.01856901 0.04200793 0.43529412 0.89019608 0.96078431
v -0.02416015 0.00481706 0.04156948 0.43529412 0.89019608 0.96078431
v -0.03237069 -0.04557979 0.01624444 0.43529412 0.89019608 0.96078431
v -0.03222848 -0.04697705 0.01260342 0.43529412 0.89019608 0.96078431
v -0.03243706 -0.04371923 0.01964717 0.43529412 0.89019608 0.96078431
v -0.03200093 -0.04795513 0.00873366 0.43529412 0.89019608 0.96078431
v -0.03240862 -0.04140273 0.02278301 0.43529412 0.89019608 0.96078431
v -0.03171650 -0.04853609 0.00464467 0.43529412 0.89019608 0.96078431
v -0.03098647 -0.04865375 -0.00411473 0.43529412 0.89019608 0.96078431
v -0.03011421 -0.04769038 -0.01362711 0.43529412 0.89019608 0.96078431
v -0.02760175 -0.04207194 -0.04928425 0.43529412 0.89019608 0.96078431
v -0.03229484 -0.03862292 0.02566150 0.43529412 0.89019608 0.96078431
v -0.03207678 -0.03537981 0.02826359 0.43529412 0.89019608 0.96078431
v -0.03176391 -0.03169547 0.03057973 0.43529412 0.89019608 0.96078431
v -0.03136571 -0.02762136 0.03260039 0.43529412 0.89019608 0.96078431
v -0.03087269 -0.02319426 0.03434465 0.43529412 0.89019608 0.96078431
v -0.02968757 -0.01361203 0.03702298 0.43529412 0.89019608 0.96078431
v -0.02686223 0.01433311 -0.04928425 0.43529412 0.89019608 0.96078431
v -0.02545904 0.01856901 -0.04212613 0.43529412 0.89019608 0.96078431
v -0.02834127 -0.00370621 0.03872911 0.43529412 0.89019608 0.96078431
v -0.02516513 0.01856901 0.04094994 0.43529412 0.89019608 0.96078431
v -0.03634323 -0.04140273 0.01600615 0.43529412 0.89019608 0.96078431
v -0.03627686 -0.04317504 0.01267015 0.43529412 0.89019608 0.96078431
v -0.03612517 -0.04450611 0.00911491 0.43529412 0.89019608 0.96078431
v -0.03632427 -0.03917447 0.01910387 0.43529412 0.89019608 0.96078431
v -0.03589762 -0.04541800 0.00535000 0.43529412 0.89019608 0.96078431
v -0.03620101 -0.03649027 0.02196330 0.43529412 0.89019608 0.96078431
v -0.03559423 -0.04594014 0.00139445 0.43529412 0.89019608 0.96078431
v -0.03483575 -0.04596955 -0.00706948 0.43529412 0.89019608 0.96078431
v -0.03395402 -0.04495470 -0.01625779 0.43529412 0.89019608 0.96078431
v -0.03143207 -0.03944657 -0.04928425 0.43529412 0.89019608 0.96078431
v -0.03598295 -0.03335747 0.02456539 0.43529412 0.89019608 0.96078431
v -0.03567008 -0.02979814 0.02691012 0.43529412 0.89019608 0.96078431
v -0.03475990 -0.02153962 0.03080848 0.43529412 0.89019608 0.96078431
v -0.03355582 -0.01222212 0.03367745 0.43529412 0.89019608 0.96078431
v -0.03217159 -0.00257370 0.03563139 0.43529412 0.89019608 0.96078431
v -0.03124245 0.01231077 -0.04928425 0.43529412 0.89019608 0.96078431
v -0.02927041 0.01856901 -0.03920951 0.43529412 0.89019608 0.96078431
v -0.02813268 0.01856901 0.03885303 0.43529412 0.89019608 0.96078431
v -0.03034176 0.01856901 0.03728033 0.43529412 0.89019608 0.96078431
v -0.03047449 0.01856901 0.03718502 0.43529412 0.89019608 0.96078431
v -0.03104335 0.00635404 0.03671798 0.43529412 0.89019608 0.96078431
v -0.03967106 -0.03669618 0.01514832 0.43529412 0.89019608 0.96078431
v -0.03969002 -0.03882148 0.01209826 0.43529412 0.89019608 0.96078431
v -0.03962365 -0.04049819 0.00883851 0.43529412 0.89019608 0.96078431
v -0.03947196 -0.04174836 0.00537859 0.43529412 0.89019608 0.96078431
v -0.03955729 -0.03412964 0.01797916 0.43529412 0.89019608 0.96078431
v -0.03924442 -0.04258672 0.00172805 0.43529412 0.89019608 0.96078431
v -0.03934871 -0.03111450 0.02058125 0.43529412 0.89019608 0.96078431
v -0.03895050 -0.04304267 -0.00208453 0.43529412 0.89019608 0.96078431
v -0.03820151 -0.04297648 -0.01025298 0.43529412 0.89019608 0.96078431
v -0.03732925 -0.04188809 -0.01908863 0.43529412 0.89019608 0.96078431
v -0.03494952 -0.03654910 -0.04928425 0.43529412 0.89019608 0.96078431
v -0.03904531 -0.02768020 0.02294504 0.43529412 0.89019608 0.96078431
v -0.03816358 -0.01970848 0.02695778 0.43529412 0.89019608 0.96078431
v -0.03697846 -0.01067043 0.03000785 0.43529412 0.89019608 0.96078431
v -0.03562268 -0.00130881 0.03219054 0.43529412 0.89019608 0.96078431
v -0.03195353 0.01856901 0.03590780 0.43529412 0.89019608 0.96078431
v -0.03138467 0.01224458 -0.04928425 0.43529412 0.89019608 0.96078431
v -0.03288267 0.01856901 -0.03582584 0.43529412 0.89019608 0.96078431
v -0.04235418 -0.03156310 0.01381392 0.43529412 0.89019608 0.96078431
v -0.04245847 -0.03401197 0.01101168 0.43529412 0.89019608 0.96078431
v -0.04247744 -0.03601961 0.00801880 0.43529412 0.89019608 0.96078431
v -0.04240159 -0.03759336 0.00483530 0.43529412 0.89019608 0.96078431
v -0.04225937 -0.03874794 0.00148023 0.43529412 0.89019608 0.96078431
v -0.04216456 -0.02868034 0.01639694 0.43529412 0.89019608 0.96078431
v -0.04176636 -0.03988781 -0.00574461 0.43529412 0.89019608 0.96078431
v -0.04188013 -0.02539311 0.01877027 0.43529412 0.89019608 0.96078431
v -0.04106477 -0.03969660 -0.01359852 0.43529412 0.89019608 0.96078431
v -0.04024940 -0.03853467 -0.02207197 0.43529412 0.89019608 0.96078431
v -0.03812566 -0.03340159 -0.04928425 0.43529412 0.89019608 0.96078431
v -0.04105529 -0.01772290 0.02286879 0.43529412 0.89019608 0.96078431
v -0.03994601 -0.00899372 0.02608089 0.43529412 0.89019608 0.96078431
v -0.03867556 0.00007374 0.02847328 0.43529412 0.89019608 0.96078431
v -0.03476938 0.01856901 0.03304837 0.43529412 0.89019608 0.96078431
v -0.03663714 0.01856901 0.03113255 0.43529412 0.89019608 0.96078431
v -0.03703534 0.00826607 0.03066551 0.43529412 0.89019608 0.96078431
v -0.03713015 0.00888381 -0.04928425 0.43529412 0.89019608 0.96078431
v -0.03621998 0.01856901 -0.03209905 0.43529412 0.89019608 0.96078431
v -0.04442104 -0.02609173 0.01208873 0.43529412 0.89019608 0.96078431
v -0.04459170 -0.02882742 0.00951524 0.43529412 0.89019608 0.96078431
v -0.04468651 -0.03114392 0.00677018 0.43529412 0.89019608 0.96078431
v -0.04469599 -0.03302654 0.00383450 0.43529412 0.89019608 0.96078431
v -0.04462962 -0.03448998 0.00073678 0.43529412 0.89019608 0.96078431
v -0.04449689 -0.03553425 -0.00251345 0.43529412 0.89019608 0.96078431
v -0.04417453 -0.02295158 0.01446206 0.43529412 0.89019608 0.96078431
v -0.04405128 -0.03649762 -0.00949046 0.43529412 0.89019608 0.96078431
v -0.04344449 -0.01559760 0.01860824 0.43529412 0.89019608 0.96078431
v -0.04342553 -0.03618140 -0.01702984 0.43529412 0.89019608 0.96078431
v -0.04268602 -0.03491652 -0.02515063 0.43529412 0.89019608 0.96078431
v -0.04090359 -0.03002612 -0.04928425 0.43529412 0.89019608 0.96078431
v -0.04245847 -0.00719200 0.02194424 0.43529412 0.89019608 0.96078431
v -0.04132075 0.00155189 0.02450820 0.43529412 0.89019608 0.96078431
v -0.03774642 0.01856901 0.02975050 0.43529412 0.89019608 0.96078431
v -0.03794552 0.01856901 0.02946455 0.43529412 0.89019608 0.96078431
v -0.03956677 0.01856901 0.02710075 0.43529412 0.89019608 0.96078431
v -0.04161466 0.01856901 0.02408882 0.43529412 0.89019608 0.96078431
v -0.03746199 0.00867054 -0.04928425 0.43529412 0.89019608 0.96078431
v -0.03921597 0.01856901 -0.02816256 0.43529412 0.89019608 0.96078431
v -0.04594748 -0.02038504 0.01006806 0.43529412 0.89019608 0.96078431
v -0.04630776 -0.02595201 0.00516890 0.43529412 0.89019608 0.96078431
v -0.04637413 -0.02812879 0.00247150 0.43529412 0.89019608 0.96078431
v -0.04638361 -0.02987904 -0.00038793 0.43529412 0.89019608 0.96078431
v -0.04632672 -0.03121746 -0.00339034 0.43529412 0.89019608 0.96078431
v -0.04620347 -0.03215877 -0.00654525 0.43529412 0.89019608 0.96078431
v -0.04534070 -0.01336199 0.01424284 0.43529412 0.89019608 0.96078431
v -0.04582423 -0.03293094 -0.01326492 0.43529412 0.89019608 0.96078431
v -0.04449689 -0.00530202 0.01766462 0.43529412 0.89019608 0.96078431
v -0.04528381 -0.03246029 -0.02050881 0.43529412 0.89019608 0.96078431
v -0.04465806 -0.03109244 -0.02828647 0.43529412 0.89019608 0.96078431
v -0.04324540 -0.02646679 -0.04928425 0.43529412 0.89019608 0.96078431
v -0.04352982 0.00311093 0.02035249 0.43529412 0.89019608 0.96078431
v -0.04184221 0.01047227 0.02369803 0.43529412 0.89019608 0.96078431
v -0.04273342 0.01856901 0.02187752 0.43529412 0.89019608 0.96078431
v -0.03967106 0.00693500 -0.04928425 0.43529412 0.89019608 0.96078431
v -0.04185169 0.01856901 -0.02389248 0.43529412 0.89019608 0.96078431
v -0.04674389 -0.01104548 0.00981071 0.43529412 0.89019608 0.96078431
v -0.04722741 -0.01773026 0.00564547 0.43529412 0.89019608 0.96078431
v -0.04750236 -0.02297365 0.00082256 0.43529412 0.89019608 0.96078431
v -0.04754977 -0.02499599 -0.00180812 0.43529412 0.89019608 0.96078431
v -0.04755925 -0.02661387 -0.00459130 0.43529412 0.89019608 0.96078431
v -0.04750236 -0.02781992 -0.00751745 0.43529412 0.89019608 0.96078431
v -0.04740755 -0.02863621 -0.01056752 0.43529412 0.89019608 0.96078431
v -0.04608022 -0.00333851 0.01327063 0.43529412 0.89019608 0.96078431
v -0.04709468 -0.02920982 -0.01703937 0.43529412 0.89019608 0.96078431
v -0.04665856 -0.02857738 -0.02399732 0.43529412 0.89019608 0.96078431
v -0.04530277 0.00473616 0.01604428 0.43529412 0.89019608 0.96078431
v -0.04615606 -0.02708452 -0.03144138 0.43529412 0.89019608 0.96078431
v -0.04380477 -0.02537104 -0.04928425 0.43529412 0.89019608 0.96078431
v -0.04404180 0.01856901 0.01896090 0.43529412 0.89019608 0.96078431
v -0.04525537 0.01856901 0.01622537 0.43529412 0.89019608 0.96078431
v -0.04223093 0.00435375 -0.04928425 0.43529412 0.89019608 0.96078431
v -0.04404180 0.01856901 -0.01939363 0.43529412 0.89019608 0.96078431
v -0.04245847 0.00411107 -0.04928425 0.43529412 0.89019608 0.96078431
v -0.04721793 -0.00131617 0.00881944 0.43529412 0.89019608 0.96078431
v -0.04769198 -0.00867015 0.00535953 0.43529412 0.89019608 0.96078431
v -0.04803330 -0.01500193 0.00124194 0.43529412 0.89019608 0.96078431
v -0.04821344 -0.01991439 -0.00346659 0.43529412 0.89019608 0.96078431
v -0.04824188 -0.02325310 -0.00874701 0.43529412 0.89019608 0.96078431
v -0.04812811 -0.02501805 -0.01452307 0.43529412 0.89019608 0.96078431
v -0.04789108 -0.02537104 -0.02076616 0.43529412 0.89019608 0.96078431
v -0.04664908 0.00642023 0.01162168 0.43529412 0.89019608 0.96078431
v -0.04756873 -0.02456211 -0.02743817 0.43529412 0.89019608 0.96078431
v -0.04719897 -0.02293687 -0.03458676 0.43529412 0.89019608 0.96078431
v -0.04535966 0.01292115 0.01593943 0.43529412 0.89019608 0.96078431
v -0.04645946 -0.01925988 -0.04928425 0.43529412 0.89019608 0.96078431
v -0.04512263 -0.02275303 -0.04928425 0.43529412 0.89019608 0.96078431
v -0.04562513 0.01856901 0.01510066 0.43529412 0.89019608 0.96078431
v -0.04569149 0.01856901 -0.01505683 0.43529412 0.89019608 0.96078431
v -0.04415557 0.00177986 -0.04928425 0.43529412 0.89019608 0.96078431
v -0.04744548 0.01856901 0.00780911 0.43529412 0.89019608 0.96078431
v -0.04747392 0.01553916 0.00763754 0.43529412 0.89019608 0.96078431
v -0.04754977 0.00813370 0.00713238 0.43529412 0.89019608 0.96078431
v -0.04790056 0.00074295 0.00433966 0.43529412 0.89019608 0.96078431
v -0.04818499 -0.00625804 0.00092741 0.43529412 0.89019608 0.96078431
v -0.04838410 -0.01223683 -0.00309486 0.43529412 0.89019608 0.96078431
v -0.04847891 -0.01681836 -0.00769855 0.43529412 0.89019608 0.96078431
v -0.04847891 -0.01984085 -0.01281694 0.43529412 0.89019608 0.96078431
v -0.04839358 -0.02133371 -0.01840236 0.43529412 0.89019608 0.96078431
v -0.04824188 -0.02145872 -0.02440717 0.43529412 0.89019608 0.96078431
v -0.04803330 -0.02046594 -0.03082184 0.43529412 0.89019608 0.96078431
v -0.04602333 0.01856901 0.01354704 0.43529412 0.89019608 0.96078431
v -0.04691454 0.01856901 0.00997275 0.43529412 0.89019608 0.96078431
v -0.04746444 -0.01533286 -0.04928425 0.43529412 0.89019608 0.96078431
v -0.04732222 -0.01602413 -0.04928425 0.43529412 0.89019608 0.96078431
v -0.04654479 -0.01901720 -0.04928425 0.43529412 0.89019608 0.96078431
v -0.04697143 0.01856901 -0.01031970 0.43529412 0.89019608 0.96078431
v -0.04597592 -0.00144854 -0.04928425 0.43529412 0.89019608 0.96078431
v -0.04600437 -0.00150001 -0.04928425 0.43529412 0.89019608 0.96078431
v -0.04772991 0.01856901 0.00468280 0.43529412 0.89019608 0.96078431
v -0.04802382 0.00986924 0.00260494 0.43529412 0.89019608 0.96078431
v -0.04808070 0.01856901 -0.00000668 0.43529412 0.89019608 0.96078431
v -0.04808070 0.01856901 -0.00017824 0.43529412 0.89019608 0.96078431
v -0.04786264 -0.01168528 -0.04928425 0.43529412 0.89019608 0.96078431
v -0.04778679 -0.01285457 -0.04928425 0.43529412 0.89019608 0.96078431
v -0.04780575 0.01856901 -0.00521085 0.43529412 0.89019608 0.96078431
v -0.04601385 -0.00152943 -0.04928425 0.43529412 0.89019608 0.96078431
v -0.04739807 -0.00595653 -0.04928425 0.43529412 0.89019608 0.96078431
v -0.04806174 0.01856901 0.00031739 0.43529412 0.89019608 0.96078431
v -0.04798589 0.01856901 -0.00194156 0.43529412 0.89019608 0.96078431
v -0.04772991 -0.00805241 -0.04928425 0.43529412 0.89019608 0.96078431



vn -0.99999983 -0.00005346 -0.00057411
vn -0.99896115 0.04385775 0.01237439
vn -0.99785047 0.06513602 0.00719279
vn -0.27662098 0.00664874 -0.96095610
vn -0.66300870 -0.03215487 -0.74792080
vn -0.06033371 -0.00045288 0.99817816
vn -0.99794159 0.06050479 0.02125429
vn -0.98914234 0.14029359 0.04376228
vn -0.99373807 0.10935803 0.02292314
vn -0.99549172 0.09395701 0.01297339
vn -0.98897227 0.14780207 0.00940212
vn -0.99557422 0.09396480 0.00160957
vn -0.30796881 0.03501706 -0.95075182
vn 0.07254665 -0.01845748 -0.99719422
vn -0.66428064 -0.08705747 -0.74239627
vn -0.99474491 -0.10115023 -0.01584927
vn -0.98604023 0.13838356 0.09259938
vn -0.99515835 0.09138250 0.03618143
vn -0.96462887 0.25089504 0.08088776
vn -0.97684681 0.20957271 0.04300687
vn -0.97862107 0.19048038 0.07757596
vn -0.98147235 0.19156041 0.00407749
vn -0.25835329 0.05022853 -0.96474384
vn -0.98115047 0.19149759 0.02593109
vn -0.96898505 0.24662323 0.01565124
vn 0.74059931 -0.12916898 0.65941492
vn 0.72851822 -0.21763616 0.64953499
vn 0.96500187 -0.25982965 -0.03549579
vn 0.93645935 -0.34791120 -0.04474030
vn 0.93131482 -0.36069546 -0.05051222
vn 0.89722283 -0.43804711 -0.05573073
vn 0.88805571 -0.45422532 -0.07096768
vn 0.85372405 -0.51316335 -0.08842296
vn 0.83375903 -0.54344795 -0.09752030
vn 0.80680990 -0.58342666 -0.09311883
vn 0.74625699 -0.65511314 -0.11801389
vn 0.66388690 -0.73796322 -0.12109694
vn 0.57126741 -0.80221476 -0.17350798
vn 0.48372486 -0.85015538 -0.20795692
vn 0.39191670 -0.88697692 -0.24428106
vn 0.29684110 -0.91225460 -0.28227097
vn 0.20170378 -0.92524898 -0.32129411
vn 0.12499182 -0.96496308 -0.23070175
vn 0.04449728 -0.85759378 -0.51239916
vn -0.00891404 -0.93752315 -0.34780868
vn -0.04237843 -0.82893256 -0.55774087
vn -0.12992483 -0.92133189 -0.36642473
vn -0.17783961 -0.87456166 -0.45112634
vn -0.18843197 -0.74950396 -0.63461579
vn -0.28717384 -0.84829768 -0.44488452
vn -0.32750703 -0.78282380 -0.52908038
vn -0.39265308 -0.72567326 -0.56499725
vn -0.35926908 -0.58856202 -0.72423786
vn -0.52056728 -0.74680014 -0.41388314
vn -0.51956368 -0.63645434 -0.57006970
vn -0.55503472 -0.59740428 -0.57883036
vn -0.45363038 -0.44079385 -0.77454520
vn -0.62928482 -0.54454215 -0.55450379
vn -0.48098560 -0.38094416 -0.78964195
vn -0.48614218 -0.36797031 -0.79263083
vn -0.49605016 -0.34208668 -0.79806700
vn -0.67685387 -0.42166588 -0.60337942
vn -0.63584673 -0.33029245 -0.69757139
vn -0.65282924 -0.25873067 -0.71194974
vn -0.54001249 -0.17506869 -0.82324812
vn -0.76477150 -0.18299790 -0.61776720
vn -0.54905359 -0.10894763 -0.82865588
vn 0.04234708 -0.00668342 -0.99908061
vn -0.98431174 -0.17473971 -0.02442219
vn -0.94924434 0.20789757 0.23603766
vn -0.94771585 0.29305558 0.12630554
vn -0.92811558 0.35299293 0.11831085
vn -0.94779857 0.31220737 0.06484160
vn -0.95387573 0.26845194 0.13436759
vn -0.28316281 0.07128565 -0.95641893
vn -0.95591544 0.29072397 0.04129455
vn -0.94600322 0.32321216 0.02473471
vn -0.94909104 0.31496906 0.00454762
vn 0.99411013 -0.10621524 -0.02152628
vn 0.81992291 -0.03271748 0.57153827
vn 0.70948966 -0.29968284 0.63782021
vn 0.78533677 -0.44630319 0.42902170
vn 0.51245088 -0.33747428 0.78962346
vn 0.67021162 -0.51907973 0.53044568
vn 0.48831161 -0.40304835 0.77401796
vn 0.61680952 -0.60446239 0.50415398
vn 0.46009107 -0.46450485 0.75667130
vn 0.43128603 -0.51630259 0.73988107
vn 0.55983530 -0.68985362 0.45900590
vn 0.39411544 -0.57306489 0.71851906
vn 0.48987640 -0.74604520 0.45104065
vn 0.34942589 -0.63041654 0.69316414
vn 0.41840062 -0.80757346 0.41565132
vn 0.29805260 -0.68544869 0.66432276
vn 0.33636783 -0.85858404 0.38689808
vn 0.24195714 -0.73550640 0.63284048
vn 0.25157828 -0.89991994 0.35616354
vn 0.18055092 -0.78069598 0.59826010
vn 0.16233598 -0.93230311 0.32319953
vn 0.11267016 -0.82092133 0.55981569
vn 0.08654849 -0.83378708 0.54526000
vn 0.04214516 -0.96276661 0.26702855
vn -0.02383095 -0.87574538 0.48218473
vn -0.07067353 -0.94674271 0.31413930
vn -0.16247801 -0.94846223 0.27206672
vn -0.25376158 -0.93861551 0.23367922
vn -0.34287068 -0.91902369 0.19451262
vn -0.43065410 -0.88814004 0.16045036
vn -0.52079454 -0.84720132 0.10499037
vn -0.59515738 -0.79464919 0.11966774
vn -0.66020675 -0.74882617 0.05819283
vn -0.73086697 -0.68180320 0.03127078
vn -0.79442856 -0.60735154 -0.00271565
vn -0.83597000 -0.54834228 0.02179255
vn -0.85911669 -0.51132802 -0.02149836
vn -0.89170411 -0.45261223 -0.00243873
vn -0.91300487 -0.40721620 -0.02443500
vn -0.93494912 -0.35436771 -0.01713657
vn -0.95604651 -0.29144233 -0.03219374
vn -0.96987999 -0.24251796 -0.02275596
vn 0.99230352 0.10343563 -0.06807926
vn 0.99964899 -0.01689219 -0.02040957
vn -0.13068869 0.04632400 -0.99034063
vn -0.21715468 0.08024352 -0.97283340
vn -0.23418169 0.11230080 -0.96568497
vn -0.11819157 0.06161485 -0.99107737
vn -0.22200812 0.13310690 -0.96591664
vn -0.11051809 0.07220419 -0.99124785
vn -0.20689147 0.15352397 -0.96624340
vn -0.10248402 0.08257210 -0.99130161
vn -0.21164459 0.18781724 -0.95913047
vn -0.09479578 0.09154529 -0.99127858
vn -0.09159683 0.09746484 -0.99101495
vn -0.17433280 0.19214131 -0.96575866
vn -0.08244125 0.10763192 -0.99076678
vn -0.15670381 0.21142831 -0.96474970
vn -0.07300366 0.11751415 -0.99038421
vn -0.13977466 0.23122804 -0.96280665
vn -0.06213180 0.12879222 -0.98972330
vn -0.08742581 0.19966479 -0.97595630
vn -0.06898161 0.21434513 -0.97431910
vn -0.06262729 0.25613588 -0.96460989
vn -0.04685608 0.31357449 -0.94840685
vn -0.01731994 0.21524089 -0.97640738
vn 0.00000000 0.08491994 -0.99638778
vn 0.00454787 0.08862179 -0.99605497
vn 0.06371897 0.53456128 -0.84272423
vn 0.03243312 0.20678654 -0.97784836
vn 0.10398821 0.41363598 -0.90448423
vn 0.06036197 0.22549605 -0.97237234
vn 0.15843592 0.44142818 -0.88319829
vn 0.09376956 0.24553233 -0.96484255
vn 0.20362306 0.42486779 -0.88205726
vn 0.22542053 0.38658613 -0.89428002
vn 0.30253473 0.41254222 -0.85923318
vn 0.40421445 0.45757445 -0.79198251
vn 0.34117123 0.33949934 -0.87655142
vn 0.57049727 0.51885189 -0.63665186
vn 0.44680227 0.35764049 -0.82003720
vn 0.67449145 0.49901422 -0.54410118
vn 0.56432531 0.36373687 -0.74110218
vn 0.76502149 0.46009992 -0.45061091
vn 0.69105763 0.35038999 -0.63219159
vn 0.83859831 0.37421780 -0.39587109
vn 0.90452565 0.30164724 -0.30140054
vn 0.96295051 0.21965332 -0.15645679
vn -0.86039721 0.37020312 0.35023748
vn -0.92856480 0.33181087 0.16633990
vn -0.89941271 0.39721691 0.18241571
vn -0.88055219 0.44771275 0.15550282
vn -0.90701725 0.41131035 0.09024142
vn -0.92957939 0.36495374 0.05187407
vn -0.92362025 0.38322885 0.00782819
vn 0.99943141 0.03362009 0.00255905
vn 0.43054423 0.02842546 0.90212176
vn 0.98671664 0.16245078 -0.00008413
vn 0.98811472 0.15325922 0.01187044
vn 0.99753904 0.07011243 -0.00034019
vn -0.88402471 0.46727816 0.01230606
vn -0.83463178 0.55063286 0.01390161
vn -0.77701966 0.62923005 0.01760655
vn -0.70784314 0.70609592 0.01966342
vn -0.63199230 0.77461633 0.02356441
vn -0.55302646 0.83275773 0.02600580
vn -0.46589444 0.88439864 0.02795380
vn -0.37794353 0.92530105 0.03125136
vn -0.28464100 0.95812430 0.03126222
vn -0.19964705 0.97909241 0.03897585
vn -0.09875583 0.99447649 0.03554999
vn 0.00226894 0.99992315 0.01218803
vn 0.09332643 0.99485808 0.03933937
vn 0.19030923 0.98117928 0.03270485
vn 0.28716654 0.95735143 0.03183747
vn 0.38032659 0.92437428 0.02972998
vn 0.47103374 0.88167536 0.02785258
vn 0.55657762 0.83038353 0.02616363
vn 0.63664850 0.77081628 0.02282431
vn 0.71027476 0.70364886 0.01969873
vn 0.77762020 0.62849658 0.01728799
vn 0.83493728 0.55020111 0.01258870
vn 0.88285015 0.46953804 0.01047092
vn 0.92534152 0.37907961 0.00645947
vn 0.95700857 0.29003406 0.00385130
vn 0.96558544 0.25926384 0.02066418
vn 0.98049825 0.19593811 0.01521326
vn -0.72833147 0.46002544 0.50784827
vn -0.84735719 0.46667197 0.25338322
vn -0.83975877 0.49097713 0.23183327
vn -0.82368419 0.53356806 0.19196216
vn -0.85871245 0.49904363 0.11648340
vn -0.90401567 0.42578335 0.03826490
vn -0.89575653 0.44075011 0.05796192
vn 0.99827542 0.05758783 0.01139428
vn 0.99750900 0.07011032 0.00776823
vn 0.99477854 0.10021505 0.01930259
vn 0.99592655 0.08707508 0.02341462
vn 0.98853382 0.14520787 0.04141934
vn 0.97793094 0.19459956 0.07604000
vn 0.20596168 0.04614126 0.97747162
vn 0.97801230 0.20485475 0.03906999
vn -0.87034319 0.49144485 0.03137988
vn -0.85472844 0.51686483 0.04785442
vn -0.81294787 0.58099687 0.03947661
vn -0.75967308 0.64837750 0.05003432
vn -0.69234907 0.71864970 0.06477175
vn -0.61851381 0.78171922 0.07972279
vn -0.53764339 0.83776854 0.09530720
vn -0.45185575 0.88527646 0.11005441
vn -0.36593636 0.92287319 0.11998191
vn -0.27726777 0.95155060 0.13294373
vn -0.18278931 0.97249195 0.14438655
vn -0.07992288 0.98323098 0.16391818
vn 0.00446292 0.99387482 0.11042159
vn -0.02597826 0.99920397 0.03027452
vn 0.08024355 0.98351981 0.16201778
vn 0.18017632 0.97300811 0.14419332
vn 0.27479100 0.95185962 0.13584242
vn 0.36381980 0.92399680 0.11775004
vn 0.45304127 0.88421308 0.11366983
vn 0.53991115 0.83661681 0.09256490
vn 0.61787963 0.78240374 0.07790480
vn 0.69164143 0.71941645 0.06381303
vn 0.75973567 0.64832696 0.04973795
vn 0.80955920 0.58572310 0.03927276
vn 0.85097111 0.52191476 0.05876349
vn 0.87377351 0.48328890 0.05432938
vn 0.89741726 0.43854955 0.04813053
vn 0.91908973 0.39178053 0.04221463
vn 0.93854572 0.34325637 0.03615229
vn 0.95467251 0.29703625 0.01923182
vn 0.95406380 0.29684686 0.04054872
vn 0.94870908 0.30972889 0.06339633
vn -0.61509495 0.47831830 0.62679327
vn -0.75316655 0.56734219 0.33296093
vn -0.78933285 0.53601521 0.29940164
vn -0.77074423 0.57171978 0.28122915
vn -0.75793120 0.61133645 0.22761381
vn -0.80078480 0.58150735 0.14350228
vn -0.83648313 0.53945078 0.09637852
vn -0.86798740 0.49011464 0.07990946
vn 0.96542622 0.24921003 0.07646292
vn 0.95065191 0.28669626 0.11860099
vn 0.13842153 0.04447359 0.98937434
vn -0.79545452 0.59914151 0.09100311
vn -0.81295564 0.57425533 0.09661228
vn -0.73483503 0.67007485 0.10496275
vn -0.77326214 0.62353230 0.11520906
vn -0.70974988 0.69185722 0.13262235
vn -0.68386594 0.71804639 0.12937062
vn -0.65971789 0.74153380 0.12206525
vn -0.61086953 0.77823016 0.14558929
vn -0.58875821 0.79744969 0.13205209
vn -0.63642212 0.75647028 0.15073021
vn -0.55170763 0.81829829 0.16126560
vn -0.54124256 0.82507016 0.16222122
vn -0.52719369 0.83387647 0.16345285
vn -0.51204444 0.84301767 0.16471704
vn -0.50134287 0.84925938 0.16557123
vn -0.48014673 0.86021947 0.17170200
vn -0.57632086 0.80344377 0.14944018
vn -0.55777931 0.81077000 0.17757884
vn -0.46198170 0.86913392 0.17657612
vn -0.43420316 0.88294158 0.17855469
vn -0.41065755 0.89576934 0.17016955
vn -0.38312338 0.90068730 0.20488744
vn -0.36556058 0.91118997 0.18999554
vn -0.32519062 0.92731759 0.18529204
vn -0.23587068 0.94959401 0.20648544
vn -0.29822842 0.93120735 0.20955354
vn -0.19453089 0.95787727 0.21125547
vn -0.13811935 0.96690717 0.21450773
vn -0.06904014 0.97352141 0.21792092
vn -0.01455165 0.97319798 0.22950805
vn 0.03309904 0.95170853 0.30521356
vn 0.10077949 0.94683895 0.30551512
vn 0.13761388 0.96733271 0.21290805
vn 0.17855721 0.93621613 0.30268248
vn 0.22597247 0.95203969 0.20629319
vn 0.26234910 0.94352745 0.20230892
vn 0.29715774 0.93134151 0.21047630
vn 0.32486511 0.92721734 0.18636164
vn 0.36490577 0.91130934 0.19068056
vn 0.41415499 0.89158756 0.18315912
vn 0.45820101 0.86998343 0.18215559
vn 0.51228286 0.84484808 0.15426602
vn 0.55621213 0.81399089 0.16747209
vn 0.58344486 0.80085563 0.13499021
vn 0.60576705 0.78228144 0.14519655
vn 0.63392938 0.75797498 0.15364723
vn 0.65787194 0.74270075 0.12490041
vn 0.70152591 0.70009930 0.13312535
vn 0.72918320 0.67593205 0.10680693
vn 0.74883317 0.65320385 0.11213208
vn 0.77570896 0.62056671 0.11477178
vn 0.79513222 0.59978001 0.08960292
vn 0.81314249 0.57439039 0.09420707
vn 0.82897369 0.55172779 0.09164641
vn 0.80313053 0.57929245 0.13928966
vn 0.86252301 0.49357264 0.11153520
vn 0.91052907 0.40415481 0.08715339
vn 0.92941647 0.35107704 0.11370987
vn -0.58282516 0.56991734 0.57923144
vn -0.70771962 0.61023931 0.35600692
vn -0.69591271 0.63975995 0.32620962
vn -0.68697506 0.67837614 0.26052078
vn -0.73521628 0.65558126 0.17225049
vn 0.90150778 0.39537059 0.17597106
vn 0.92401422 0.34536891 0.16406719
vn 0.15252274 0.07103682 0.98574367
vn -0.66377120 0.72103510 0.19878677
vn -0.58730028 0.77687687 0.22702578
vn -0.50877963 0.82350466 0.25096487
vn -0.42646518 0.86220387 0.27337144
vn -0.34159189 0.89148749 0.29759877
vn -0.17685411 0.92831445 0.32703961
vn -0.25898028 0.91293111 0.31541403
vn -0.09221015 0.93766943 0.33507213
vn -0.06815105 0.90953647 0.40999859
vn -0.00866774 0.93734271 0.34830090
vn 0.00396016 0.93707256 0.34911221
vn 0.07212241 0.90655461 0.41588110
vn 0.14815594 0.90226159 0.40493684
vn 0.22381251 0.89139039 0.39412071
vn 0.25901821 0.91332795 0.31423178
vn 0.34216203 0.89153329 0.29680555
vn 0.42549099 0.86293739 0.27257382
vn 0.50819013 0.82409235 0.25022910
vn 0.58709499 0.77724811 0.22628489
vn 0.66319814 0.72195257 0.19736441
vn 0.73545675 0.65607284 0.16932747
vn 0.75969606 0.61062516 0.22360411
vn 0.82501177 0.53288669 0.18811528
vn 0.88207823 0.44615461 0.15127480
vn -0.51206257 0.58132429 0.63234010
vn -0.63234315 0.66171055 0.40284153
vn -0.61791755 0.69531645 0.36703260
vn -0.61231571 0.73519543 0.29078714
vn 0.85169405 0.46373268 0.24406811
vn 0.84244724 0.48908717 0.22600088
vn 0.13893825 0.08643449 0.98652179
vn -0.53465188 0.78278255 0.31843185
vn -0.45560823 0.82137481 0.34316841
vn -0.37670030 0.85151669 0.36471387
vn -0.29923621 0.87424608 0.38229764
vn -0.22298335 0.89095982 0.39556166
vn -0.14700101 0.90231556 0.40523738
vn -0.12065229 0.84984953 0.51302905
vn -0.05891539 0.85545410 0.51451653
vn 0.00068582 0.86243745 0.50616320
vn 0.05730790 0.85624084 0.51338819
vn 0.12176660 0.85081858 0.51115617
vn 0.18205261 0.83871786 0.51323406
vn 0.30014420 0.87484219 0.38021652
vn 0.23683665 0.82022466 0.52071097
vn 0.37823477 0.85180225 0.36245191
vn 0.45654242 0.82164767 0.34126841
vn 0.53555641 0.78300627 0.31635505
vn 0.61289112 0.73569300 0.28830589
vn 0.68841536 0.67819144 0.25717825
vn 0.69818342 0.63964909 0.32154152
vn 0.77386857 0.57039488 0.27527645
vn -0.45906788 0.63277710 0.62357824
vn -0.54615335 0.70841777 0.44705792
vn -0.53857012 0.73951497 0.40380667
vn 0.79486838 0.53277226 0.29041000
vn 0.75871408 0.56524335 0.32380997
vn 0.10755690 0.08137620 0.99086297
vn -0.46074953 0.77311402 0.43589515
vn -0.38553057 0.79809429 0.46304610
vn -0.28468849 0.80764249 0.51639720
vn -0.23782385 0.81745253 0.52460573
vn -0.18190476 0.83716537 0.51581470
vn -0.13173524 0.71382324 0.68782426
vn -0.05349702 0.53206209 0.84501361
vn 0.01787203 0.71021182 0.70376115
vn 0.11402052 0.63576426 0.76341543
vn 0.28928366 0.80819975 0.51296016
vn 0.13927899 0.40938868 0.90166639
vn 0.38765811 0.79870593 0.46020650
vn 0.46310567 0.77369002 0.43236198
vn 0.54063393 0.74001243 0.40012068
vn 0.61974647 0.69573540 0.36313437
vn 0.63723746 0.66131770 0.39571116
vn 0.71342656 0.60827365 0.34788749
vn -0.31816649 0.54067030 0.77874624
vn -0.45396835 0.74298506 0.49181902
vn 0.20900837 0.20183638 0.95685818
vn -0.39288587 0.76372918 0.51220937
vn -0.33495341 0.77791561 0.53165169
vn -0.28404546 0.78868715 0.54524375
vn -0.20489873 0.60425243 0.76999709
vn 0.29061297 0.78885447 0.54152813
vn 0.32847064 0.78009529 0.53250200
vn 0.11467539 0.30987916 0.94383498
vn 0.39688070 0.76486869 0.50740673
vn 0.45882420 0.74379304 0.48605787
vn 0.55094121 0.70864793 0.44077420
vn 0.18414641 0.20686290 0.96088389
vn -0.35192492 0.61166209 0.70853252
vn -0.29302073 0.63471786 0.71503293
vn -0.21674898 0.57184329 0.79121118
vn 0.14960348 0.37167265 0.91623045
vn 0.16058951 0.36595256 0.91667319
vn 0.18182994 0.31154566 0.93267206
vn 0.12950641 0.21741902 0.96744874
vn 0.22325170 0.30582507 0.92554292
vn 0.99929018 0.00965341 0.03641343
vn 0.01309455 -0.99991365 0.00110481
vn 0.99986723 -0.00063113 -0.01628289
vn 0.99847095 -0.00316396 -0.05518825
vn 0.99693388 0.01460956 -0.07687267
vn 0.57157266 0.82014844 0.02571441
vn 0.98690893 0.01064719 0.16092669
vn 0.99616003 -0.00256976 0.08751334
vn 0.99615535 -0.01251737 -0.08670542
vn 0.99098836 -0.01124561 -0.13347512
vn 0.98347699 0.00969943 -0.18077316
vn 0.52020762 0.84926089 -0.09022184
vn -0.07306056 0.99730510 0.00668542
vn 0.51855894 0.84361158 0.13934177
vn 0.94023899 0.01077306 0.34034481
vn 0.96930701 -0.01414221 0.24544637
vn 0.99590027 -0.00409843 0.09036511
vn 0.98095065 -0.05645469 -0.18587278
vn 0.97276891 -0.04990456 -0.22634086
vn 0.96264095 0.01505563 -0.27036221
vn 0.49884005 0.84381706 -0.19781652
vn -0.99612059 0.00732030 0.08769368
vn -0.98465958 0.01559823 0.17378782
vn -0.96190623 0.03733602 0.27081806
vn -0.87703996 0.08266001 0.47325282
vn -0.74392664 0.17864159 0.64394126
vn -0.58093429 0.28702999 0.76166209
vn -0.39184128 0.36233755 0.84567837
vn -0.18162682 0.51707395 0.83644858
vn 0.01033759 0.54350113 0.83934478
vn 0.15221748 0.72338585 0.67345583
vn 0.21928292 0.85400440 0.47179603
vn 0.34099202 0.83338223 0.43496954
vn 0.51228010 0.74389049 0.42918066
vn 0.49535634 0.83168657 0.25083767
vn 0.50440741 0.79340034 -0.34071847
vn 0.51592066 0.65343004 -0.55394499
vn 0.39909736 0.64633408 -0.65036418
vn 0.19962064 0.77195312 -0.60352298
vn 0.05140859 0.49998593 -0.86450635
vn -0.07183663 0.51913024 -0.85167088
vn -0.26814913 0.56265236 -0.78199640
vn -0.52057886 0.26782665 -0.81071977
vn -0.67877268 0.22421298 -0.69928262
vn -0.82155973 0.14779133 -0.55063357
vn -0.92843330 0.09207660 -0.35990763
vn -0.98140812 0.04101643 -0.18749868
vn -0.99844329 0.01980730 -0.05214075
vn -0.99923839 0.01831455 -0.03445611
vn -0.99988004 0.01298058 -0.00845098
vn 0.85880166 0.01113393 0.51218722
vn 0.92760793 -0.07945684 0.36500703
vn 0.95944530 -0.10348377 0.26221333
vn 0.95197992 -0.12794220 -0.27814569
vn 0.93861544 -0.11084252 -0.32667262
vn 0.93508906 0.01042420 -0.35425950
vn 0.89125276 0.01550526 -0.45324178
vn -0.15309024 -0.98813266 0.01253920
vn -0.37301938 -0.92559990 0.06419784
vn -0.38291816 -0.92377872 0.00256237
vn -0.96485474 0.00666358 0.26269933
vn -0.93186084 0.01525518 0.36249504
vn -0.90105389 0.00713757 0.43364842
vn -0.85601899 0.01121351 0.51682274
vn -0.81592819 0.01327485 0.57800084
vn -0.75152676 0.00979418 0.65962990
vn -0.68866952 0.01344506 0.72495070
vn -0.62103842 0.00983636 0.78371840
vn -0.53396347 0.01315529 0.84540520
vn -0.46872892 0.01164157 0.88326535
vn -0.39141501 0.00728480 0.92018543
vn -0.30651193 0.01437731 0.95175823
vn -0.21786227 0.00818186 0.97594523
vn -0.10333227 0.01281231 0.99456437
vn 0.02841502 0.00953296 0.99955075
vn 0.16059417 0.01135965 0.98695515
vn 0.34004366 0.01052146 0.94035079
vn 0.32385137 0.02070646 0.94588135
vn 0.50444310 0.00958637 0.86339172
vn 0.51647217 0.02129729 0.85603909
vn 0.53146696 0.01871100 0.84687234
vn 0.65717465 0.01114339 0.75365596
vn 0.77340123 0.00955178 0.63384486
vn 0.85815092 0.01415315 -0.51320238
vn 0.82551564 0.01372727 -0.56421227
vn 0.78077089 -0.16023311 -0.60392232
vn 0.76539787 0.01959837 -0.64325889
vn 0.73868960 -0.18121082 -0.64923055
vn 0.70493679 -0.21835436 -0.67482256
vn 0.65730222 -0.25290174 -0.70992570
vn 0.62423809 -0.27501086 -0.73122899
vn 0.57660571 -0.30455204 -0.75813845
vn 0.59473062 -0.11274485 -0.79597995
vn 0.55268681 -0.32144220 -0.76890325
vn 0.49036942 -0.36409649 -0.79181537
vn 0.25089905 -0.64339296 -0.72325318
vn 0.01549073 0.03837179 -0.99914345
vn 0.01317678 0.03798440 -0.99919145
vn 0.01028833 0.03750055 -0.99924364
vn 0.00473308 0.03656912 -0.99931992
vn 0.00293815 0.03626792 -0.99933778
vn -0.00351678 0.03518379 -0.99937467
vn -0.00568903 0.03717240 -0.99929267
vn -0.00958069 0.03343890 -0.99939484
vn -0.01180911 0.03266103 -0.99939672
vn -0.01295173 0.03226210 -0.99939552
vn -0.23914681 -0.75082117 -0.61569178
vn -0.33294794 -0.79258901 -0.51083102
vn -0.35789514 -0.80167886 -0.47877142
vn -0.52441719 -0.54995354 -0.65002902
vn -0.40735531 -0.82196405 -0.39804115
vn -0.48772099 -0.77193669 -0.40772783
vn -0.76536828 0.02051131 -0.64326563
vn -0.79495384 0.01514962 -0.60648074
vn -0.33700968 -0.91420005 -0.22508386
vn -0.85971325 0.01333686 -0.51060283
vn -0.89438635 0.01547128 -0.44702763
vn -0.93564339 0.01022607 -0.35279863
vn -0.96412435 0.01489127 -0.26503301
vn -0.98424533 0.00932640 -0.17656201
vn -0.99630620 0.01106072 -0.08515640
vn 0.81668071 -0.17427515 0.55014616
vn 0.85933195 -0.29801849 0.41561228
vn 0.86351310 -0.29061665 0.41217361
vn 0.90335087 -0.17337236 -0.39229993
vn 0.85000538 -0.31706719 -0.42066526
vn 0.85483860 -0.19729759 -0.47992149
vn -0.15101368 -0.98781514 0.03763128
vn -0.99857451 -0.00205428 -0.05333597
vn -0.00831222 -0.99996535 -0.00045706
vn -0.24470848 -0.96700339 0.07086751
vn -0.41837997 -0.89165005 0.17296936
vn -0.14541665 -0.98696993 0.06887930
vn -0.26749042 -0.94931287 0.16508772
vn -0.14633660 -0.98709921 0.06496728
vn -0.14624590 -0.98708716 0.06535348
vn -0.13846633 -0.98585091 0.09447249
vn -0.36446944 -0.88431096 0.29181527
vn -0.30948056 -0.90696489 0.28572096
vn -0.12757300 -0.98403139 0.12412634
vn -0.12726051 -0.98398262 0.12483174
vn -0.20449302 -0.95333234 0.22212621
vn -0.12007426 -0.98272423 0.14083768
vn -0.25732763 -0.89690696 0.35963926
vn -0.10846724 -0.98062377 0.16313148
vn -0.19396994 -0.90692922 0.37397201
vn -0.11162758 -0.98118797 0.15751018
vn -0.08749668 -0.97647874 0.19706241
vn -0.14549646 -0.90784035 0.39326413
vn -0.06264307 -0.97103864 0.23056409
vn -0.11031694 -0.90577052 0.40915759
vn -0.07463047 -0.88549595 0.45861445
vn -0.05473776 -0.96925636 0.23988724
vn -0.02137961 -0.96082921 0.27631531
vn -0.03540714 -0.85165715 0.52290193
vn 0.02466427 -0.94752513 0.31872842
vn 0.05067274 -0.82318351 0.56550967
vn 0.08414058 -0.92796180 0.36305269
vn 0.09185773 -0.92503044 0.36862018
vn 0.16943645 -0.75022401 0.63910501
vn 0.17786949 -0.89052619 0.41871893
vn 0.30963417 -0.67187930 0.67283348
vn 0.21709931 -0.87238946 0.43795492
vn 0.31093164 -0.82354719 0.47443814
vn 0.31187162 -0.82299414 0.47478073
vn 0.50522413 -0.49520079 0.70677065
vn 0.36900403 -0.78860914 0.49186547
vn 0.48630622 -0.70749571 0.51279243
vn 0.50091167 -0.69579217 0.51474338
vn 0.69281566 -0.36248356 0.62338762
vn 0.69513326 -0.51450373 0.50207137
vn 0.76304664 -0.43781344 -0.47547788
vn 0.79913782 -0.26927489 -0.53746608
vn -0.20080288 -0.97347018 -0.10969967
vn -0.25985228 -0.95828247 -0.11904411
vn -0.21561447 -0.97398529 -0.06973563
vn -0.14807623 -0.98737481 -0.05625312
vn -0.21331060 -0.97586950 -0.04666157
vn -0.25183914 -0.96704395 -0.03745739
vn -0.99734361 -0.00189000 -0.07281591
vn -0.01004230 -0.99994941 -0.00058033
vn 0.99999701 -0.00218686 -0.00109700
vn 0.99529217 -0.09428409 0.02245006
vn 0.99966833 0.01075230 -0.02340117
vn 0.01504693 0.99988675 -0.00029070
vn 0.99942542 0.00874346 0.03274730
vn 0.99964693 -0.00343483 0.02634805
vn 0.99624473 -0.06203522 0.06039922
vn 0.98498392 -0.14721320 0.09019396
vn 0.97857671 -0.19338875 0.07062871
vn 0.97711448 -0.21052533 0.03043663
vn 0.98944428 -0.14380211 -0.01791542
vn 0.99889390 -0.03810285 -0.02755270
vn 0.99954929 0.01560523 -0.02564558
vn 0.18227479 0.00120004 -0.98324690
vn 0.99206278 0.02820352 0.12253981
vn 0.99679470 0.00917202 0.07947453
vn 0.99833216 -0.00327333 0.05763846
vn 0.99406630 -0.04369446 0.09961415
vn 0.98493887 -0.11023584 0.13320465
vn 0.95703312 -0.26534233 0.11696603
vn 0.96213913 -0.22323280 0.15638226
vn 0.94796492 -0.30953435 0.07450501
vn 0.96549576 -0.25972307 -0.01902292
vn 0.92651292 -0.37626260 0.00051762
vn 0.97854703 -0.19777327 -0.05771862
vn 0.99542598 -0.08338616 -0.04662475
vn 0.98877624 0.12301485 -0.08478728
vn 0.99112879 0.10464129 -0.08193852
vn 0.97781173 -0.18272464 -0.10244963
vn 0.98799846 -0.13577390 -0.07365115
vn 0.95516527 0.14032187 0.26070881
vn 0.96665468 0.00088640 0.25608190
vn 0.98191609 -0.00284042 0.18929531
vn 0.99158028 -0.00017379 0.12949329
vn 0.99501204 -0.00294528 0.09971146
vn 0.98955580 -0.02419425 0.14210542
vn 0.98071472 -0.08267556 0.17709711
vn 0.96422774 -0.16466236 0.20772860
vn 0.92263359 -0.34613053 0.17012031
vn 0.90902607 -0.39976884 0.11771356
vn 0.93072343 -0.29327460 0.21850381
vn 0.87487885 -0.48317302 0.03362793
vn 0.94012030 -0.33383264 -0.06877205
vn 0.84075061 -0.53905451 -0.05058303
vn 0.88965431 -0.45131201 -0.06951749
vn 0.96566662 -0.23858166 -0.10279485
vn 0.97600784 0.18206731 -0.11941605
vn 0.96939980 0.19657048 -0.14705127
vn 0.93766581 -0.30686176 -0.16315235
vn 0.94349905 0.10949218 0.31276348
vn 0.96027274 -0.02649434 0.27780264
vn 0.98067335 -0.01448837 0.19511499
vn 0.94623215 -0.00846033 0.32337770
vn 0.97247555 -0.05016233 0.22754131
vn 0.96026047 -0.11438656 0.25458898
vn 0.93719360 -0.19422267 0.28973387
vn 0.93064562 -0.25151755 0.26577743
vn 0.87686833 -0.42465359 0.22532479
vn 0.85842856 -0.48647393 0.16261466
vn 0.82618100 -0.55900097 0.07030551
vn 0.88798328 -0.36218740 0.28338310
vn 0.77467134 -0.63169314 -0.02912217
vn 0.86398067 -0.48373440 -0.13977996
vn 0.92490551 -0.35732337 -0.12988386
vn 0.72097132 -0.68036894 -0.13152365
vn 0.79485439 -0.59091549 -0.13793252
vn 0.93572984 -0.32596590 -0.13474385
vn 0.93240679 0.31520780 -0.17680954
vn 0.93074923 0.29982952 -0.20930393
vn 0.88159815 -0.39308746 -0.26127946
vn 0.89504719 -0.41726808 -0.15740992
vn 0.86187111 0.29483466 0.41261449
vn 0.90488815 -0.00550967 0.42561376
vn 0.92781388 -0.00490145 0.37301123
vn 0.92969984 -0.03827041 0.36632442
vn 0.94707504 -0.07351979 0.31247993
vn 0.92774399 -0.13946233 0.34618109
vn 0.89241139 -0.30199068 0.33526636
vn 0.89165175 -0.24731377 0.37920055
vn 0.81805365 -0.50075693 0.28289702
vn 0.79534453 -0.56864676 0.20992367
vn 0.76530776 -0.62965835 0.13354548
vn 0.73967540 -0.67119800 0.04871913
vn 0.83254359 -0.42959824 0.34973778
vn 0.66681523 -0.74374111 -0.04697454
vn 0.64240917 -0.75696328 -0.11965390
vn 0.77218050 -0.60898382 -0.18131733
vn 0.83675352 -0.51930151 -0.17369365
vn 0.62108250 -0.76277181 -0.18009912
vn 0.69809546 -0.69212963 -0.18335571
vn 0.93055061 0.31958299 -0.17872404
vn 0.86099760 0.41146218 -0.29896823
vn 0.89923057 0.38179974 -0.21357281
vn 0.84963561 -0.45973604 -0.25838362
vn 0.85895493 0.29936958 0.41542061
vn 0.84398844 0.16057916 0.51175956
vn 0.86807765 -0.01665272 0.49614904
vn 0.88967921 -0.05004311 0.45383542
vn 0.91193092 -0.09687880 0.39874365
vn 0.88596318 -0.17443364 0.42970008
vn 0.83915271 -0.36039656 0.40735370
vn 0.83874586 -0.29566855 0.45725866
vn 0.72118402 -0.64361520 0.25622858
vn 0.74741485 -0.57145542 0.33883588
vn 0.68776474 -0.70554329 0.17084594
vn 0.65070193 -0.75427096 0.08753463
vn 0.59342211 -0.80463726 -0.02022557
vn 0.76467023 -0.49384932 0.41399551
vn 0.56112783 -0.82111767 -0.10440947
vn 0.54396464 -0.82115660 -0.17263924
vn 0.68927336 -0.63961336 -0.34028955
vn 0.70356123 -0.57901384 -0.41200069
vn 0.77194668 -0.55820172 -0.30415320
vn 0.77851898 -0.51322908 -0.36125353
vn 0.56977985 -0.74472574 -0.34746869
vn 0.60920853 -0.70627814 -0.36060526
vn 0.62724872 -0.63295223 -0.45379567
vn 0.78267693 0.49590496 -0.37615834
vn 0.79712245 0.53577059 -0.27847024
vn 0.82798640 0.50243387 -0.24899542
vn 0.83928190 0.48635795 -0.24302641
vn 0.83676384 -0.00361247 0.54755203
vn 0.73043945 0.43955885 0.52272959
vn 0.80869422 -0.01028374 0.58813936
vn 0.84044508 -0.06175405 0.53836651
vn 0.86685418 -0.12021129 0.48385234
vn 0.83268750 -0.20920355 0.51270401
vn 0.77306261 -0.41602893 0.47884667
vn 0.77314694 -0.34177860 0.53425762
vn 0.60193138 -0.77132936 0.20671149
vn 0.63639085 -0.71039703 0.30057070
vn 0.66468412 -0.63588238 0.39223540
vn 0.56530420 -0.81667457 0.11607673
vn 0.50957254 -0.86042678 0.00126044
vn 0.47981368 -0.87299176 -0.08754555
vn 0.68387855 -0.55352798 0.47530717
vn 0.46371469 -0.87089771 -0.16280626
vn 0.49208051 -0.78959919 -0.36659226
vn 0.48657005 -0.70790543 -0.51197605
vn 0.71890990 0.56126627 -0.41005942
vn 0.74593570 0.59410679 -0.30102666
vn 0.72126901 0.45002739 0.52654189
vn 0.69491935 0.45877457 0.55372646
vn 0.73545682 -0.00256087 0.67756676
vn 0.74744112 -0.02904277 0.66369292
vn 0.78067007 -0.07311007 0.62065220
vn 0.81076049 -0.14353419 0.56750803
vn 0.76631213 -0.24229281 0.59502934
vn 0.69360550 -0.46816385 0.54747970
vn 0.69517328 -0.38588336 0.60648837
vn 0.47463288 -0.86844014 0.14330164
vn 0.50958083 -0.82642080 0.23949122
vn 0.54283629 -0.76761199 0.34073539
vn 0.57102927 -0.69271487 0.44053568
vn 0.42312847 -0.90580081 0.02207255
vn 0.39792859 -0.91468444 -0.07074751
vn 0.38257500 -0.91119113 -0.15286303
vn 0.59108988 -0.60662616 0.53161777
vn 0.40748031 -0.82890248 -0.38324990
vn 0.40666813 -0.73468454 -0.54300981
vn 0.60718255 0.58787826 -0.53453578
vn 0.59861339 0.74370354 -0.29760218
vn 0.60605800 0.73956345 -0.29281328
vn 0.62124009 0.45651458 0.63691066
vn 0.68222696 -0.01729980 0.73093576
vn 0.71183293 -0.08408931 0.69729683
vn 0.74822800 -0.15645838 0.64472912
vn 0.69268643 -0.24174585 0.67951781
vn 0.68316887 -0.31863673 0.65707757
vn 0.60200331 -0.51575470 0.60958109
vn 0.60421546 -0.42629893 0.67319604
vn 0.33690836 -0.94068730 0.04000199
vn 0.38223139 -0.90904393 0.16594669
vn 0.41269155 -0.87054603 0.26802107
vn 0.44269056 -0.81437434 0.37525926
vn 0.46885503 -0.74020295 0.48194870
vn 0.31610397 -0.94712180 -0.05512337
vn 0.30244133 -0.94231971 -0.14339734
vn 0.32506356 -0.85796700 -0.39777671
vn 0.32642627 -0.75161792 -0.57316350
vn 0.48802285 -0.65222086 0.58003590
vn 0.56626872 0.61949806 -0.54365603
vn 0.59227938 0.73414870 -0.33201028
vn 0.56161879 0.57932949 0.59072978
vn 0.49274884 0.62567668 0.60475390
vn 0.61618621 -0.00015236 0.78760049
vn 0.58026631 -0.02280657 0.81410740
vn 0.63274073 -0.09460617 0.76856284
vn 0.66396605 -0.15719922 0.73105232
vn 0.58962824 -0.26711979 0.76222408
vn 0.59915583 -0.34240395 0.72372082
vn 0.49829735 -0.55660176 0.66475126
vn 0.50046986 -0.46102966 0.73279027
vn 0.25116132 -0.96640527 0.05457888
vn 0.23651008 -0.97071387 -0.04216117
vn 0.28751656 -0.93968221 0.18528781
vn 0.31254430 -0.90441747 0.29042228
vn 0.33740711 -0.85079079 0.40287897
vn 0.35895515 -0.77774326 0.51601028
vn 0.22374266 -0.96520799 -0.13532465
vn 0.24515954 -0.87719954 -0.41281687
vn 0.25070495 -0.75892133 -0.60098706
vn 0.37490422 -0.68864736 0.62065421
vn 0.48880844 0.66369665 -0.56619173
vn 0.47775771 0.81463719 -0.32880666
vn 0.45288603 0.84573360 -0.28218598
vn 0.43085737 0.65999724 0.61543933
vn 0.51066443 0.37675469 0.77283746
vn 0.52232076 -0.02511189 0.85237927
vn 0.54421665 -0.10389232 0.83248701
vn 0.57545215 -0.17353590 0.79921218
vn 0.48855262 -0.28927751 0.82318580
vn 0.49711271 -0.37142097 0.78417180
vn 0.38416432 -0.58976123 0.71035165
vn 0.38711183 -0.48999825 0.78105451
vn 0.16614193 -0.98390808 0.06574001
vn 0.15705052 -0.98706700 -0.03215393
vn 0.14560894 -0.98087296 -0.12917539
vn 0.19291819 -0.96081710 0.19903035
vn 0.21033325 -0.92825134 0.30677250
vn 0.22792262 -0.87659312 0.42383463
vn 0.24326093 -0.80457409 0.54174224
vn 0.16703201 -0.88676136 -0.43099257
vn 0.17454356 -0.75621924 -0.63060844
vn 0.25521206 -0.71535186 0.65049098
vn 0.36531956 0.61001833 -0.70314953
vn 0.33515475 0.90210239 -0.27181348
vn 0.33259359 0.90726217 -0.25740407
vn 0.40124290 0.68234793 0.61106909
vn 0.30731868 0.76322093 0.56837403
vn 0.44805647 -0.00174650 0.89400355
vn 0.40282497 -0.02227588 0.91500592
vn 0.44749253 -0.11192393 0.88725615
vn 0.47654071 -0.18757597 0.85890873
vn 0.37653443 -0.30765283 0.87382582
vn 0.38379744 -0.39484454 0.83474386
vn 0.26251303 -0.61443227 0.74401606
vn 0.26437202 -0.51087944 0.81799122
vn 0.07556071 -0.99674346 -0.02816137
vn 0.08415417 -0.99356025 0.07586905
vn 0.07593491 -0.98940665 -0.12372696
vn 0.09330384 -0.88181672 -0.46227012
vn 0.10184826 -0.74356966 -0.66085633
vn 0.08790915 -0.97289506 0.21388593
vn 0.11686973 -0.93737969 0.32811702
vn 0.10533114 -0.89471909 0.43403122
vn 0.11752658 -0.81323092 0.56994998
vn 0.14332193 -0.72079925 0.67816463
vn 0.29565207 0.49948543 -0.81431208
vn 0.31642136 0.90106976 -0.29656504
vn 0.27141491 0.93057604 -0.24568717
vn 0.28737963 0.71290151 0.63967522
vn 0.34358949 -0.11873021 0.93158435
vn 0.24805255 0.77296343 0.58394989
vn 0.19322469 0.78686489 0.58609543
vn 0.28725491 -0.00183864 0.95785241
vn 0.31331762 -0.04659428 0.94850463
vn 0.36860079 -0.19931644 0.90796829
vn 0.26242045 -0.41184014 0.87265297
vn 0.25753603 -0.32126305 0.91129866
vn 0.12091412 -0.63105935 0.76625314
vn 0.12217200 -0.50679441 0.85336594
vn 0.00082161 -0.99995938 -0.00897579
vn -0.00735105 -0.99256962 -0.12145578
vn 0.00184103 -0.98474605 0.17398800
vn 0.00139963 -0.99888710 0.04714453
vn 0.03461715 -0.88202141 -0.46993605
vn 0.00201823 -0.97928864 0.20245911
vn 0.00235844 -0.95492230 0.29684648
vn 0.00305225 -0.87104495 0.49119382
vn 0.00233949 -0.92167184 0.38796333
vn 0.00347956 -0.73960555 0.67303159
vn 0.23921017 0.52598142 -0.81616300
vn 0.16992616 0.96824203 -0.18339156
vn 0.25388705 -0.20846926 0.94450089
vn 0.23316004 -0.12333760 0.96458501
vn 0.16036388 0.73829342 0.65513835
vn 0.21534137 -0.02633323 0.97618372
vn 0.14683511 -0.41205255 0.89925088
vn 0.11926142 -0.32135779 0.93941784
vn 0.00392256 -0.58421258 0.81159120
vn 0.00371508 -0.40519280 0.91422371
vn 0.00406420 -0.48720130 0.87328024
vn -0.08140859 -0.99373569 0.07656389
vn -0.07347878 -0.99692154 -0.02735523
vn -0.07603298 -0.98966782 -0.12155900
vn -0.06841600 -0.85569838 -0.51293229
vn -0.01873726 -0.68476245 -0.72852543
vn -0.08415377 -0.97299258 0.21495017
vn -0.10001009 -0.89495872 0.43479521
vn -0.11226781 -0.93728404 0.32999176
vn -0.11118017 -0.81310238 0.57140484
vn -0.11371427 -0.63135587 0.76711070
vn -0.13636543 -0.72017511 0.68025899
vn 0.19274737 0.46651768 -0.86325530
vn 0.19555064 0.94675835 -0.25575099
vn 0.15155339 0.97237445 -0.17753733
vn 0.12767559 -0.20068734 0.97129992
vn 0.11736553 -0.10822157 0.98717446
vn 0.12551107 0.82874047 0.54537712
vn 0.06720603 0.86625414 0.49506274
vn 0.10663559 -0.00231323 0.99429548
vn 0.10159519 -0.03560789 0.99418836
vn 0.00373216 -0.24521231 0.96946222
vn 0.00427174 -0.32324665 0.94630511
vn -0.11401802 -0.50633568 0.85476551
vn -0.11146625 -0.32129335 0.94039665
vn -0.13847389 -0.41175436 0.90071268
vn -0.18971222 -0.96100893 0.20117434
vn -0.16380354 -0.98418962 0.06737357
vn -0.15583872 -0.98730368 -0.03075300
vn -0.14511252 -0.98106078 -0.12830471
vn -0.13737023 -0.74856976 -0.64866998
vn -0.20590198 -0.92839938 0.30932017
vn -0.23749710 -0.80472309 0.54407341
vn -0.22238240 -0.87666615 0.42661754
vn -0.24859710 -0.71477923 0.65367433
vn -0.25718891 -0.51073369 0.82036880
vn -0.25508202 -0.61462207 0.74644013
vn 0.06993659 0.19073178 -0.97914772
vn 0.06134008 0.99355518 -0.09531787
vn 0.07624141 0.99143112 -0.10607344
vn 0.07960914 0.99099308 -0.10768054
vn 0.00359645 -0.14523862 0.98939012
vn 0.00370875 -0.05652749 0.99839415
vn 0.04055208 0.83253742 0.55248256
vn 0.06875720 -0.00197389 0.99763147
vn -0.04850543 -0.00419170 0.99881412
vn -0.12011450 -0.20037292 0.97232875
vn -0.25477980 -0.41117463 0.87522722
vn -0.24590686 -0.20788485 0.94673846
vn -0.24978527 -0.32090301 0.91358009
vn -0.28462308 -0.93997307 0.18825604
vn -0.30850725 -0.90486761 0.29332216
vn -0.24933156 -0.96672429 0.05725306
vn -0.23491500 -0.97120176 -0.03977531
vn -0.22272220 -0.96564597 -0.13387565
vn -0.19071000 -0.69648713 -0.69176251
vn -0.33239187 -0.85087400 0.40685264
vn -0.35330750 -0.77726851 0.52060299
vn -0.36920532 -0.68776296 0.62503564
vn -0.37813790 -0.58960449 0.71370742
vn -0.38032123 -0.48894110 0.78504291
vn -0.37730668 -0.39381180 0.83818371
vn 0.06744681 0.18865273 -0.97972500
vn 0.06264259 0.18463698 -0.98080839
vn 0.00156763 0.86864418 -0.49543398
vn -0.11019138 -0.10857290 0.98796244
vn -0.09547518 -0.02160527 0.99519732
vn -0.02122726 0.95615519 0.29209014
vn -0.04435332 0.81888201 0.57224561
vn -0.22610171 -0.12330999 0.96626739
vn -0.37008167 -0.30712000 0.87676500
vn -0.36168964 -0.19926103 0.91075554
vn -0.33594027 -0.11821435 0.93443539
vn -0.40904426 -0.87095872 0.27223831
vn -0.37908023 -0.90959865 0.17008372
vn -0.43898061 -0.81404203 0.38030461
vn -0.33483632 -0.94126930 0.04355169
vn -0.31485519 -0.94772232 -0.05185187
vn -0.30185363 -0.94279827 -0.14147723
vn -0.23635762 -0.63454262 -0.73586054
vn -0.46427590 -0.73963050 0.48723158
vn -0.48206286 -0.65095366 0.58640834
vn -0.49201378 -0.55617452 0.66977037
vn -0.49428604 -0.46030409 0.73742896
vn -0.49029344 -0.37018899 0.78903261
vn -0.48172549 -0.28875895 0.82738070
vn -0.00149282 0.89596445 -0.44412326
vn -0.22897556 -0.02674191 0.97306478
vn -0.06604811 0.85225766 0.51893596
vn -0.16820528 -0.00543868 0.98573699
vn -0.29334192 -0.03133918 0.95549378
vn -0.47034421 -0.18729401 0.86237885
vn -0.44141696 -0.11183063 0.89030612
vn -0.41672344 -0.02254206 0.90875378
vn -0.50723538 -0.82620258 0.24515622
vn -0.54010085 -0.76646772 0.34758927
vn -0.47288116 -0.86858909 0.14810942
vn -0.56758554 -0.69179017 0.44640006
vn -0.42187939 -0.90626394 0.02652264
vn -0.39716303 -0.91531180 -0.06682698
vn -0.38317176 -0.91133439 -0.15049596
vn -0.27198966 -0.56526055 -0.77878247
vn -0.58668489 -0.60590134 0.53729359
vn -0.59628168 -0.51489075 0.61590233
vn -0.59803118 -0.42508726 0.67945531
vn -0.59299001 -0.34098626 0.72944583
vn -0.58356775 -0.26598778 0.76726735
vn -0.56934275 -0.17294815 0.80370254
vn -0.02655181 0.07755555 -0.99663441
vn -0.02815693 0.99870338 -0.04241155
vn -0.10002605 0.92306785 0.37140346
vn -0.18678135 0.70028547 0.68899418
vn -0.10176682 0.90191227 0.41975918
vn -0.11539114 0.93185006 0.34400631
vn -0.36454189 -0.00427531 0.93117717
vn -0.53857897 -0.10355542 0.83618716
vn -0.50325145 -0.04084189 0.86317433
vn -0.16085197 0.91928103 0.35923395
vn -0.18351350 0.91029596 0.37105804
vn -0.50411056 -0.00508008 0.86362418
vn -0.63406022 -0.70927498 0.30805298
vn -0.60017436 -0.77090107 0.21331262
vn -0.66127920 -0.63471831 0.39980307
vn -0.56366658 -0.81682324 0.12279975
vn -0.68005102 -0.55238742 0.48207753
vn -0.50855761 -0.86100051 0.00687628
vn -0.47983592 -0.87339838 -0.08326312
vn -0.46349770 -0.87154634 -0.15992769
vn -0.29598164 -0.49201615 -0.81872766
vn -0.68946789 -0.46720097 0.55349551
vn -0.69030759 -0.38455828 0.61285428
vn -0.67753900 -0.31670570 0.66380599
vn -0.68709819 -0.24022632 0.68570211
vn -0.65838208 -0.15675884 0.73617912
vn -0.62679742 -0.09413115 0.77347548
vn -0.06870534 0.17260177 -0.98259259
vn -0.03007496 0.99873786 -0.04022659
vn -0.58341439 -0.01870356 0.81195925
vn -0.22652510 0.91418022 0.33609656
vn -0.74527866 -0.56944218 0.34683615
vn -0.71969134 -0.64187298 0.26465725
vn -0.68674903 -0.70452844 0.17892861
vn -0.76173309 -0.49181996 0.42175327
vn -0.65024518 -0.75381258 0.09459281
vn -0.76948561 -0.41413693 0.48619183
vn -0.59369511 -0.80455818 -0.01456901
vn -0.56179541 -0.82131391 -0.09914323
vn -0.54410451 -0.82182942 -0.16895764
vn -0.30902814 -0.41775986 -0.85438768
vn -0.76964881 -0.34012637 0.54032838
vn -0.76179715 -0.24067975 0.60144688
vn -0.74316822 -0.15552361 0.65077908
vn -0.70686972 -0.08364197 0.70238111
vn -0.67837776 -0.02469172 0.73429826
vn -0.06991591 0.15139381 -0.98599781
vn -0.06076946 0.99568997 -0.07006107
vn -0.16282358 0.95954697 0.22969129
vn -0.16316362 0.95963671 0.22907428
vn -0.25492479 0.91100435 0.32416727
vn -0.63662299 -0.00556583 0.77115510
vn -0.83045231 -0.42726932 0.35747712
vn -0.81661984 -0.49786147 0.29200341
vn -0.79473885 -0.56618002 0.21870150
vn -0.76564099 -0.62734937 0.14222041
vn -0.83624359 -0.35797722 0.41539014
vn -0.74035696 -0.66981464 0.05674437
vn -0.83537724 -0.29334400 0.46485930
vn -0.66716255 -0.74382359 -0.04025653
vn -0.64349310 -0.75695866 -0.11371110
vn -0.62243912 -0.76265778 -0.17584837
vn -0.31089955 -0.34631639 -0.88510249
vn -0.82921607 -0.20780037 0.51886387
vn -0.80672275 -0.14220555 0.57356428
vn -0.77674714 -0.07226443 0.62565304
vn -0.72997259 -0.01511624 0.68330924
vn -0.30720854 0.89868735 0.31302390
vn -0.13579536 0.24679120 -0.95950702
vn -0.10119666 0.99031039 -0.09510291
vn -0.89040758 -0.29950342 0.34274195
vn -0.88620266 -0.35884227 0.29304791
vn -0.87565176 -0.42195019 0.23492985
vn -0.85816963 -0.48376701 0.17179745
vn -0.82725356 -0.55616615 0.07956605
vn -0.88893502 -0.24481757 0.38711612
vn -0.77637733 -0.62992315 -0.02085832
vn -0.88276693 -0.17272768 0.43690697
vn -0.72254466 -0.67998551 -0.12469531
vn -0.69921032 -0.69225611 -0.17856766
vn -0.30399659 -0.27545215 -0.91198256
vn -0.86344544 -0.11889505 0.49023050
vn -0.83658611 -0.06080359 0.54445073
vn -0.81365796 -0.01266081 0.58120601
vn -0.16740919 0.97211814 0.16419650
vn -0.18813646 0.96666954 0.17365098
vn -0.77539816 -0.00533160 0.63145014
vn -0.16022401 0.27103933 -0.94913958
vn -0.08061364 0.99452077 -0.06655736
vn -0.93526812 -0.19177350 0.29748356
vn -0.92894057 -0.24787252 0.27500659
vn -0.92980055 -0.28875941 0.22823002
vn -0.92236081 -0.34224498 0.17921747
vn -0.90925344 -0.39643976 0.12686094
vn -0.87646135 -0.47952961 0.04320715
vn -0.92525023 -0.13766257 0.35349828
vn -0.84300424 -0.53634474 -0.04096547
vn -0.90912104 -0.09529314 0.40548508
vn -0.79717059 -0.58952915 -0.13028596
vn -0.77363892 -0.60876404 -0.17575312
vn -0.28768238 -0.20901361 -0.93464012
vn -0.88677627 -0.04924355 0.45956819
vn -0.85624138 -0.01620251 0.51632177
vn -0.25750777 0.94610813 0.19639032
vn -0.17004931 0.97848650 0.11682207
vn -0.17025949 0.97852301 0.11620857
vn -0.26213834 0.94988956 0.17027422
vn -0.25936129 0.35569629 -0.89789302
vn -0.11980333 0.98944753 -0.08149074
vn -0.95867922 -0.11191347 0.26155214
vn -0.96294179 -0.16116452 0.21626165
vn -0.96170714 -0.21861965 0.16530225
vn -0.95706778 -0.26019897 0.12774097
vn -0.94836039 -0.30595900 0.08367595
vn -0.92535777 -0.37871488 0.01697192
vn -0.94493357 -0.07159018 0.31933586
vn -0.90206994 -0.42764567 -0.05821521
vn -0.92730554 -0.03714960 0.37245717
vn -0.86017791 -0.49137944 -0.13652917
vn -0.83850890 -0.51859127 -0.16723014
vn -0.30841349 -0.17893662 -0.93427127
vn -0.90818180 -0.00699835 0.41851743
vn -0.88645038 -0.00204105 0.46281914
vn -0.19444817 0.97649126 0.09303081
vn -0.25313729 0.28212951 -0.92537801
vn -0.16789458 0.98160947 -0.09085291
vn -0.97104535 -0.04835205 0.23395086
vn -0.97952379 -0.07960015 0.18492419
vn -0.98418863 -0.10647663 0.14154673
vn -0.98487584 -0.14142830 0.10008806
vn -0.97901025 -0.18740729 0.08010886
vn -0.97801124 -0.20451828 0.04082028
vn -0.96223183 -0.27206832 -0.00942030
vn -0.95834935 -0.02534655 0.28447158
vn -0.94957717 -0.30787079 -0.05931932
vn -0.92307272 -0.36784417 -0.11237179
vn -0.94057203 -0.00896020 0.33947602
vn -0.90200163 -0.40573925 -0.14754225
vn -0.17290702 -0.08740098 -0.98105261
vn -0.15129073 0.98618163 0.06750487
vn -0.27529923 0.95443620 0.11516017
vn -0.20436752 0.20172457 -0.95788366
vn -0.19382737 0.97761915 -0.08180316
vn -0.37882641 0.30880347 -0.87242820
vn -0.97927637 -0.01257004 0.20213801
vn -0.98864291 -0.02255468 0.14858157
vn -0.99335715 -0.04060806 0.10766875
vn -0.99591933 -0.05808063 0.06907481
vn -0.99560794 -0.08777345 0.03256757
vn -0.99072256 -0.13577209 -0.00589497
vn -0.98022142 -0.19236665 -0.04648703
vn -0.96809859 -0.00052758 0.25056903
vn -0.96921753 -0.22989664 -0.08811875
vn -0.94743140 -0.29659137 -0.12003044
vn -0.95551401 -0.00214780 0.29493789
vn -0.29015528 -0.10761981 -0.95090898
vn -0.17490328 -0.07597804 -0.98164972
vn -0.20468276 0.97703476 0.05922876
vn -0.25624392 0.96314237 -0.08182799
vn -0.35444774 0.22813807 -0.90681852
vn -0.35256751 0.93413822 0.05551519
vn -0.98858111 0.00010760 0.15068970
vn -0.98891917 -0.00505352 0.14836891
vn -0.99435492 -0.00076557 0.10610234
vn -0.99700670 -0.00515952 0.07714291
vn -0.99932170 -0.00051632 0.03682225
vn -0.99995821 -0.00027219 0.00913806
vn -0.99985168 0.01199261 -0.01236071
vn -0.99945517 -0.02941540 -0.01496956
vn -0.99678596 -0.07246428 -0.03415663
vn -0.98772452 -0.14179068 -0.06554136
vn -0.12334551 0.99187900 0.03101516
vn -0.12339984 0.99188560 0.03058474
vn -0.35683641 -0.05859801 -0.93232722
vn -0.22741600 -0.05603013 -0.97218444
vn -0.14894607 -0.03971404 -0.98804750
vn -0.33870756 0.93847313 -0.06741943
vn -0.29292431 0.16511583 -0.94177073
vn -0.86073382 0.40968315 -0.30215396
vn -0.08993857 0.99591984 0.00739824
vn -0.99784489 0.00688353 0.06525480
vn -0.97973584 0.19879553 0.02445447
vn -0.99314098 0.11593235 -0.01518811
vn -0.96779393 0.01331786 -0.25139121
vn -0.28592656 -0.02743632 -0.95785868
vn -0.33183609 0.94259931 -0.03730068
vn -0.34953367 0.10931064 -0.93052533
vn -0.48859895 0.12929635 -0.86287515
vn -0.08995802 0.99592282 0.00672918
vn -0.26088225 0.96526541 -0.01425296
vn -0.58021338 0.04712280 -0.81310016
f 1//1 2//2 3//3
f 1//1 3//3 4//4
f 1//1 4//4 5//5
f 1//1 5//5 6//6
f 1//1 6//6 2//2
f 2//2 6//6 7//7
f 2//2 7//7 8//8
f 2//2 8//8 9//9
f 2//2 9//9 3//3
f 3//3 9//9 10//10
f 3//3 10//10 11//11
f 3//3 11//11 12//12
f 3//3 12//12 13//13
f 3//3 13//13 4//4
f 4//4 13//13 14//14
f 4//4 14//14 5//5
f 5//5 14//14 15//15
f 5//5 15//15 16//16
f 5//5 16//16 6//6
f 6//6 16//16 69//69
f 6//6 69//69 120//120
f 6//6 120//120 119//119
f 6//6 119//119 118//118
f 6//6 118//118 117//117
f 6//6 117//117 116//116
f 6//6 116//116 115//115
f 6//6 115//115 114//114
f 6//6 114//114 113//113
f 6//6 113//113 112//112
f 6//6 112//112 111//111
f 6//6 111//111 110//110
f 6//6 110//110 109//109
f 6//6 109//109 108//108
f 6//6 108//108 107//107
f 6//6 107//107 106//106
f 6//6 106//106 105//105
f 6//6 105//105 104//104
f 6//6 104//104 103//103
f 6//6 103//103 102//102
f 6//6 102//102 101//101
f 6//6 101//101 100//100
f 6//6 100//100 99//99
f 6//6 99//99 98//98
f 6//6 98//98 97//97
f 6//6 97//97 96//96
f 6//6 96//96 95//95
f 6//6 95//95 94//94
f 6//6 94//94 93//93
f 6//6 93//93 92//92
f 6//6 92//92 91//91
f 6//6 91//91 90//90
f 6//6 90//90 89//89
f 6//6 89//89 88//88
f 6//6 88//88 87//87
f 6//6 87//87 86//86
f 6//6 86//86 85//85
f 6//6 85//85 84//84
f 6//6 84//84 83//83
f 6//6 83//83 82//82
f 6//6 82//82 81//81
f 6//6 81//81 27//27
f 6//6 27//27 26//26
f 6//6 26//26 80//80
f 6//6 80//80 175//175
f 6//6 175//175 219//219
f 6//6 219//219 263//263
f 6//6 263//263 329//329
f 6//6 329//329 360//360
f 6//6 360//360 387//387
f 6//6 387//387 407//407
f 6//6 407//407 418//418
f 6//6 418//418 426//426
f 6//6 426//426 425//425
f 6//6 425//425 424//424
f 6//6 424//424 423//423
f 6//6 423//423 422//422
f 6//6 422//422 414//414
f 6//6 414//414 398//398
f 6//6 398//398 396//396
f 6//6 396//396 395//395
f 6//6 395//395 394//394
f 6//6 394//394 393//393
f 6//6 393//393 411//411
f 6//6 411//411 421//421
f 6//6 421//421 420//420
f 6//6 420//420 419//419
f 6//6 419//419 405//405
f 6//6 405//405 382//382
f 6//6 382//382 354//354
f 6//6 354//354 322//322
f 6//6 322//322 253//253
f 6//6 253//253 206//206
f 6//6 206//206 167//167
f 6//6 167//167 70//70
f 6//6 70//70 17//17
f 6//6 17//17 18//18
f 6//6 18//18 7//7
f 7//7 18//18 8//8
f 8//8 19//19 20//20
f 8//8 20//20 9//9
f 8//8 18//18 21//21
f 8//8 21//21 19//19
f 9//9 20//20 11//11
f 9//9 11//11 10//10
f 11//11 22//22 23//23
f 11//11 23//23 13//13
f 11//11 13//13 12//12
f 11//11 20//20 24//24
f 11//11 24//24 25//25
f 11//11 25//25 22//22
f 13//13 23//23 14//14
f 14//14 26//26 27//27
f 14//14 27//27 28//28
f 14//14 28//28 29//29
f 14//14 29//29 30//30
f 14//14 30//30 31//31
f 14//14 31//31 32//32
f 14//14 32//32 33//33
f 14//14 33//33 34//34
f 14//14 34//34 35//35
f 14//14 35//35 36//36
f 14//14 36//36 37//37
f 14//14 37//37 38//38
f 14//14 38//38 39//39
f 14//14 39//39 40//40
f 14//14 40//40 41//41
f 14//14 41//41 42//42
f 14//14 42//42 43//43
f 14//14 43//43 44//44
f 14//14 44//44 45//45
f 14//14 45//45 46//46
f 14//14 46//46 47//47
f 14//14 47//47 48//48
f 14//14 48//48 49//49
f 14//14 49//49 50//50
f 14//14 50//50 51//51
f 14//14 51//51 52//52
f 14//14 52//52 53//53
f 14//14 53//53 54//54
f 14//14 54//54 55//55
f 14//14 55//55 56//56
f 14//14 56//56 57//57
f 14//14 57//57 58//58
f 14//14 58//58 59//59
f 14//14 59//59 60//60
f 14//14 60//60 61//61
f 14//14 61//61 62//62
f 14//14 62//62 63//63
f 14//14 63//63 64//64
f 14//14 64//64 65//65
f 14//14 65//65 66//66
f 14//14 66//66 67//67
f 14//14 67//67 15//15
f 14//14 23//23 68//68
f 14//14 68//68 26//26
f 15//15 67//67 69//69
f 15//15 69//69 16//16
f 17//17 70//70 21//21
f 17//17 21//21 18//18
f 19//19 21//21 71//71
f 19//19 71//71 72//72
f 19//19 72//72 73//73
f 19//19 73//73 20//20
f 20//20 73//73 25//25
f 20//20 25//25 24//24
f 21//21 70//70 74//74
f 21//21 74//74 71//71
f 22//22 25//25 23//23
f 23//23 25//25 75//75
f 23//23 75//75 68//68
f 25//25 73//73 76//76
f 25//25 76//76 77//77
f 25//25 77//77 78//78
f 25//25 78//78 75//75
f 26//26 68//68 79//79
f 26//26 79//79 80//80
f 27//27 81//81 29//29
f 27//27 29//29 28//28
f 29//29 81//81 30//30
f 30//30 81//81 31//31
f 31//31 81//81 82//82
f 31//31 82//82 32//32
f 32//32 82//82 33//33
f 33//33 82//82 34//34
f 34//34 82//82 35//35
f 35//35 82//82 83//83
f 35//35 83//83 84//84
f 35//35 84//84 36//36
f 36//36 84//84 85//85
f 36//36 85//85 86//86
f 36//36 86//86 37//37
f 37//37 86//86 87//87
f 37//37 87//87 88//88
f 37//37 88//88 89//89
f 37//37 89//89 38//38
f 38//38 89//89 90//90
f 38//38 90//90 91//91
f 38//38 91//91 39//39
f 39//39 91//91 92//92
f 39//39 92//92 93//93
f 39//39 93//93 40//40
f 40//40 93//93 94//94
f 40//40 94//94 95//95
f 40//40 95//95 41//41
f 41//41 95//95 96//96
f 41//41 96//96 97//97
f 41//41 97//97 42//42
f 42//42 97//97 98//98
f 42//42 98//98 99//99
f 42//42 99//99 43//43
f 43//43 99//99 100//100
f 43//43 100//100 101//101
f 43//43 101//101 102//102
f 43//43 102//102 44//44
f 44//44 102//102 45//45
f 45//45 102//102 103//103
f 45//45 103//103 104//104
f 45//45 104//104 46//46
f 46//46 104//104 47//47
f 47//47 104//104 105//105
f 47//47 105//105 48//48
f 48//48 105//105 106//106
f 48//48 106//106 49//49
f 49//49 106//106 50//50
f 50//50 106//106 107//107
f 50//50 107//107 51//51
f 51//51 107//107 108//108
f 51//51 108//108 52//52
f 52//52 109//109 53//53
f 52//52 108//108 109//109
f 53//53 109//109 54//54
f 54//54 109//109 110//110
f 54//54 110//110 55//55
f 55//55 110//110 111//111
f 55//55 111//111 56//56
f 56//56 111//111 112//112
f 56//56 112//112 57//57
f 57//57 112//112 58//58
f 58//58 113//113 59//59
f 58//58 112//112 113//113
f 59//59 113//113 60//60
f 60//60 113//113 61//61
f 61//61 113//113 62//62
f 62//62 113//113 114//114
f 62//62 114//114 115//115
f 62//62 115//115 63//63
f 63//63 115//115 116//116
f 63//63 116//116 117//117
f 63//63 117//117 64//64
f 64//64 117//117 118//118
f 64//64 118//118 119//119
f 64//64 119//119 65//65
f 65//65 119//119 66//66
f 66//66 119//119 120//120
f 66//66 120//120 69//69
f 66//66 69//69 67//67
f 68//68 121//121 122//122
f 68//68 122//122 79//79
f 68//68 75//75 123//123
f 68//68 123//123 124//124
f 68//68 124//124 125//125
f 68//68 125//125 126//126
f 68//68 126//126 127//127
f 68//68 127//127 128//128
f 68//68 128//128 129//129
f 68//68 129//129 130//130
f 68//68 130//130 131//131
f 68//68 131//131 132//132
f 68//68 132//132 133//133
f 68//68 133//133 134//134
f 68//68 134//134 135//135
f 68//68 135//135 136//136
f 68//68 136//136 137//137
f 68//68 137//137 138//138
f 68//68 138//138 139//139
f 68//68 139//139 140//140
f 68//68 140//140 141//141
f 68//68 141//141 142//142
f 68//68 142//142 143//143
f 68//68 143//143 144//144
f 68//68 144//144 145//145
f 68//68 145//145 146//146
f 68//68 146//146 147//147
f 68//68 147//147 148//148
f 68//68 148//148 149//149
f 68//68 149//149 150//150
f 68//68 150//150 151//151
f 68//68 151//151 152//152
f 68//68 152//152 153//153
f 68//68 153//153 154//154
f 68//68 154//154 155//155
f 68//68 155//155 156//156
f 68//68 156//156 157//157
f 68//68 157//157 158//158
f 68//68 158//158 159//159
f 68//68 159//159 160//160
f 68//68 160//160 161//161
f 68//68 161//161 162//162
f 68//68 162//162 163//163
f 68//68 163//163 164//164
f 68//68 164//164 165//165
f 68//68 165//165 166//166
f 68//68 166//166 121//121
f 70//70 167//167 74//74
f 71//71 168//168 169//169
f 71//71 169//169 72//72
f 71//71 74//74 168//168
f 72//72 170//170 171//171
f 72//72 171//171 73//73
f 72//72 169//169 170//170
f 73//73 77//77 76//76
f 73//73 171//171 172//172
f 73//73 172//172 77//77
f 74//74 167//167 168//168
f 75//75 78//78 123//123
f 77//77 172//172 173//173
f 77//77 173//173 78//78
f 78//78 173//173 124//124
f 78//78 124//124 123//123
f 79//79 122//122 80//80
f 80//80 122//122 174//174
f 80//80 174//174 175//175
f 121//121 176//176 177//177
f 121//121 177//177 178//178
f 121//121 178//178 174//174
f 121//121 174//174 122//122
f 121//121 166//166 176//176
f 124//124 173//173 125//125
f 125//125 179//179 126//126
f 125//125 173//173 179//179
f 126//126 179//179 127//127
f 127//127 180//180 128//128
f 127//127 179//179 180//180
f 128//128 180//180 129//129
f 129//129 180//180 181//181
f 129//129 181//181 130//130
f 130//130 181//181 131//131
f 131//131 181//181 182//182
f 131//131 182//182 132//132
f 132//132 182//182 133//133
f 133//133 182//182 134//134
f 134//134 183//183 135//135
f 134//134 182//182 183//183
f 135//135 183//183 136//136
f 136//136 184//184 137//137
f 136//136 183//183 184//184
f 137//137 184//184 138//138
f 138//138 185//185 139//139
f 138//138 184//184 185//185
f 139//139 185//185 140//140
f 140//140 185//185 186//186
f 140//140 186//186 141//141
f 141//141 186//186 187//187
f 141//141 187//187 142//142
f 142//142 188//188 143//143
f 142//142 187//187 188//188
f 143//143 189//189 144//144
f 143//143 188//188 189//189
f 144//144 190//190 145//145
f 144//144 189//189 190//190
f 145//145 190//190 146//146
f 146//146 190//190 147//147
f 147//147 190//190 191//191
f 147//147 191//191 192//192
f 147//147 192//192 148//148
f 148//148 192//192 149//149
f 149//149 192//192 193//193
f 149//149 193//193 150//150
f 150//150 193//193 151//151
f 151//151 193//193 194//194
f 151//151 194//194 152//152
f 152//152 194//194 153//153
f 153//153 195//195 154//154
f 153//153 194//194 195//195
f 154//154 196//196 155//155
f 154//154 195//195 196//196
f 155//155 196//196 197//197
f 155//155 197//197 156//156
f 156//156 198//198 157//157
f 156//156 197//197 198//198
f 157//157 198//198 158//158
f 158//158 199//199 159//159
f 158//158 198//198 199//199
f 159//159 199//199 160//160
f 160//160 200//200 161//161
f 160//160 199//199 200//200
f 161//161 200//200 162//162
f 162//162 201//201 163//163
f 162//162 200//200 201//201
f 163//163 201//201 164//164
f 164//164 202//202 165//165
f 164//164 201//201 202//202
f 165//165 203//203 166//166
f 165//165 202//202 203//203
f 166//166 203//203 204//204
f 166//166 204//204 205//205
f 166//166 205//205 176//176
f 167//167 206//206 207//207
f 167//167 207//207 169//169
f 167//167 169//169 168//168
f 169//169 207//207 208//208
f 169//169 208//208 170//170
f 170//170 208//208 209//209
f 170//170 209//209 210//210
f 170//170 210//210 171//171
f 171//171 211//211 172//172
f 171//171 210//210 212//212
f 171//171 212//212 211//211
f 172//172 211//211 173//173
f 173//173 211//211 179//179
f 174//174 213//213 175//175
f 174//174 178//178 214//214
f 174//174 214//214 215//215
f 174//174 215//215 213//213
f 175//175 213//213 216//216
f 175//175 216//216 217//217
f 175//175 217//217 218//218
f 175//175 218//218 219//219
f 176//176 205//205 177//177
f 177//177 220//220 215//215
f 177//177 215//215 214//214
f 177//177 214//214 178//178
f 177//177 205//205 220//220
f 179//179 212//212 221//221
f 179//179 221//221 222//222
f 179//179 222//222 180//180
f 179//179 211//211 212//212
f 180//180 222//222 223//223
f 180//180 223//223 181//181
f 181//181 223//223 224//224
f 181//181 224//224 182//182
f 182//182 224//224 225//225
f 182//182 225//225 183//183
f 183//183 226//226 184//184
f 183//183 225//225 226//226
f 184//184 226//226 227//227
f 184//184 227//227 185//185
f 185//185 227//227 228//228
f 185//185 228//228 186//186
f 186//186 228//228 229//229
f 186//186 229//229 187//187
f 187//187 230//230 188//188
f 187//187 229//229 230//230
f 188//188 230//230 231//231
f 188//188 231//231 189//189
f 189//189 231//231 232//232
f 189//189 232//232 233//233
f 189//189 233//233 234//234
f 189//189 234//234 190//190
f 190//190 234//234 233//233
f 190//190 233//233 191//191
f 191//191 233//233 235//235
f 191//191 235//235 236//236
f 191//191 236//236 192//192
f 192//192 236//236 237//237
f 192//192 237//237 193//193
f 193//193 237//237 238//238
f 193//193 238//238 194//194
f 194//194 238//238 239//239
f 194//194 239//239 195//195
f 195//195 239//239 240//240
f 195//195 240//240 196//196
f 196//196 240//240 241//241
f 196//196 241//241 197//197
f 197//197 241//241 242//242
f 197//197 242//242 198//198
f 198//198 242//242 243//243
f 198//198 243//243 199//199
f 199//199 243//243 244//244
f 199//199 244//244 200//200
f 200//200 244//244 245//245
f 200//200 245//245 201//201
f 201//201 246//246 247//247
f 201//201 247//247 202//202
f 201//201 245//245 246//246
f 202//202 248//248 249//249
f 202//202 249//249 203//203
f 202//202 247//247 248//248
f 203//203 249//249 250//250
f 203//203 250//250 204//204
f 204//204 250//250 251//251
f 204//204 251//251 252//252
f 204//204 252//252 220//220
f 204//204 220//220 205//205
f 206//206 253//253 254//254
f 206//206 254//254 255//255
f 206//206 255//255 207//207
f 207//207 255//255 208//208
f 208//208 255//255 256//256
f 208//208 256//256 209//209
f 209//209 256//256 257//257
f 209//209 257//257 258//258
f 209//209 258//258 210//210
f 210//210 258//258 259//259
f 210//210 259//259 222//222
f 210//210 222//222 260//260
f 210//210 260//260 212//212
f 212//212 260//260 221//221
f 213//213 215//215 216//216
f 215//215 220//220 217//217
f 215//215 217//217 216//216
f 217//217 220//220 261//261
f 217//217 261//261 218//218
f 218//218 261//261 262//262
f 218//218 262//262 219//219
f 219//219 262//262 263//263
f 220//220 252//252 261//261
f 221//221 260//260 222//222
f 222//222 259//259 223//223
f 223//223 264//264 224//224
f 223//223 259//259 265//265
f 223//223 265//265 264//264
f 224//224 266//266 225//225
f 224//224 264//264 267//267
f 224//224 267//267 266//266
f 225//225 266//266 268//268
f 225//225 268//268 269//269
f 225//225 269//269 270//270
f 225//225 270//270 226//226
f 226//226 271//271 272//272
f 226//226 272//272 227//227
f 226//226 270//270 273//273
f 226//226 273//273 271//271
f 227//227 274//274 275//275
f 227//227 275//275 276//276
f 227//227 276//276 277//277
f 227//227 277//277 278//278
f 227//227 278//278 279//279
f 227//227 279//279 228//228
f 227//227 272//272 280//280
f 227//227 280//280 281//281
f 227//227 281//281 274//274
f 228//228 282//282 283//283
f 228//228 283//283 284//284
f 228//228 284//284 229//229
f 228//228 279//279 282//282
f 229//229 284//284 285//285
f 229//229 285//285 286//286
f 229//229 286//286 287//287
f 229//229 287//287 230//230
f 230//230 288//288 231//231
f 230//230 287//287 289//289
f 230//230 289//289 288//288
f 231//231 288//288 290//290
f 231//231 290//290 291//291
f 231//231 291//291 232//232
f 232//232 291//291 292//292
f 232//232 292//292 293//293
f 232//232 293//293 233//233
f 233//233 293//293 235//235
f 235//235 293//293 294//294
f 235//235 294//294 295//295
f 235//235 295//295 296//296
f 235//235 296//296 236//236
f 236//236 296//296 297//297
f 236//236 297//297 298//298
f 236//236 298//298 237//237
f 237//237 298//298 299//299
f 237//237 299//299 300//300
f 237//237 300//300 301//301
f 237//237 301//301 238//238
f 238//238 301//301 302//302
f 238//238 302//302 303//303
f 238//238 303//303 239//239
f 239//239 303//303 304//304
f 239//239 304//304 305//305
f 239//239 305//305 240//240
f 240//240 305//305 306//306
f 240//240 306//306 307//307
f 240//240 307//307 241//241
f 241//241 307//307 308//308
f 241//241 308//308 309//309
f 241//241 309//309 310//310
f 241//241 310//310 242//242
f 242//242 310//310 311//311
f 242//242 311//311 312//312
f 242//242 312//312 243//243
f 243//243 312//312 313//313
f 243//243 313//313 314//314
f 243//243 314//314 315//315
f 243//243 315//315 244//244
f 244//244 315//315 316//316
f 244//244 316//316 317//317
f 244//244 317//317 245//245
f 245//245 317//317 318//318
f 245//245 318//318 319//319
f 245//245 319//319 246//246
f 246//246 319//319 247//247
f 247//247 319//319 320//320
f 247//247 320//320 248//248
f 248//248 320//320 249//249
f 249//249 252//252 251//251
f 249//249 251//251 250//250
f 249//249 320//320 252//252
f 252//252 320//320 321//321
f 252//252 321//321 261//261
f 253//253 322//322 323//323
f 253//253 323//323 254//254
f 254//254 323//323 255//255
f 255//255 323//323 256//256
f 256//256 323//323 324//324
f 256//256 324//324 257//257
f 257//257 324//324 325//325
f 257//257 325//325 326//326
f 257//257 326//326 258//258
f 258//258 326//326 267//267
f 258//258 267//267 264//264
f 258//258 264//264 265//265
f 258//258 265//265 259//259
f 261//261 321//321 262//262
f 262//262 321//321 327//327
f 262//262 327//327 328//328
f 262//262 328//328 263//263
f 263//263 328//328 329//329
f 266//266 267//267 326//326
f 266//266 326//326 268//268
f 268//268 326//326 330//330
f 268//268 330//330 269//269
f 269//269 330//330 270//270
f 270//270 330//330 273//273
f 271//271 273//273 331//331
f 271//271 331//331 272//272
f 272//272 331//331 280//280
f 273//273 330//330 331//331
f 274//274 332//332 275//275
f 274//274 281//281 332//332
f 275//275 332//332 276//276
f 276//276 332//332 277//277
f 277//277 332//332 278//278
f 278//278 332//332 279//279
f 279//279 332//332 333//333
f 279//279 333//333 282//282
f 280//280 331//331 281//281
f 281//281 331//331 332//332
f 282//282 333//333 283//283
f 283//283 333//333 284//284
f 284//284 333//333 285//285
f 285//285 333//333 334//334
f 285//285 334//334 286//286
f 286//286 334//334 287//287
f 287//287 334//334 289//289
f 288//288 335//335 290//290
f 288//288 289//289 336//336
f 288//288 336//336 335//335
f 289//289 334//334 336//336
f 290//290 335//335 291//291
f 291//291 335//335 337//337
f 291//291 337//337 292//292
f 292//292 337//337 293//293
f 293//293 337//337 338//338
f 293//293 338//338 339//339
f 293//293 339//339 294//294
f 294//294 339//339 340//340
f 294//294 340//340 341//341
f 294//294 341//341 295//295
f 295//295 297//297 296//296
f 295//295 341//341 342//342
f 295//295 342//342 297//297
f 297//297 342//342 343//343
f 297//297 343//343 344//344
f 297//297 344//344 298//298
f 298//298 344//344 299//299
f 299//299 344//344 300//300
f 300//300 344//344 345//345
f 300//300 345//345 301//301
f 301//301 345//345 302//302
f 302//302 345//345 303//303
f 303//303 346//346 304//304
f 303//303 345//345 346//346
f 304//304 346//346 347//347
f 304//304 347//347 305//305
f 305//305 347//347 306//306
f 306//306 347//347 348//348
f 306//306 348//348 307//307
f 307//307 348//348 308//308
f 308//308 348//348 309//309
f 309//309 348//348 349//349
f 309//309 349//349 310//310
f 310//310 349//349 311//311
f 311//311 349//349 350//350
f 311//311 350//350 312//312
f 312//312 350//350 313//313
f 313//313 350//350 314//314
f 314//314 350//350 318//318
f 314//314 318//318 315//315
f 315//315 318//318 316//316
f 316//316 318//318 317//317
f 318//318 351//351 352//352
f 318//318 352//352 319//319
f 318//318 350//350 351//351
f 319//319 352//352 353//353
f 319//319 353//353 320//320
f 320//320 353//353 321//321
f 321//321 353//353 327//327
f 322//322 354//354 355//355
f 322//322 355//355 323//323
f 323//323 355//355 324//324
f 324//324 356//356 325//325
f 324//324 355//355 356//356
f 325//325 356//356 357//357
f 325//325 357//357 330//330
f 325//325 330//330 326//326
f 327//327 358//358 329//329
f 327//327 329//329 328//328
f 327//327 353//353 359//359
f 327//327 359//359 358//358
f 329//329 358//358 360//360
f 330//330 357//357 331//331
f 331//331 357//357 361//361
f 331//331 361//361 332//332
f 332//332 361//361 362//362
f 332//332 362//362 333//333
f 333//333 362//362 363//363
f 333//333 363//363 334//334
f 334//334 363//363 364//364
f 334//334 364//364 336//336
f 335//335 336//336 365//365
f 335//335 365//365 366//366
f 335//335 366//366 337//337
f 336//336 364//364 365//365
f 337//337 366//366 338//338
f 338//338 366//366 367//367
f 338//338 367//367 368//368
f 338//338 368//368 369//369
f 338//338 369//369 340//340
f 338//338 340//340 339//339
f 340//340 369//369 341//341
f 341//341 369//369 370//370
f 341//341 370//370 371//371
f 341//341 371//371 342//342
f 342//342 371//371 372//372
f 342//342 372//372 343//343
f 343//343 373//373 344//344
f 343//343 372//372 374//374
f 343//343 374//374 373//373
f 344//344 373//373 345//345
f 345//345 373//373 375//375
f 345//345 375//375 346//346
f 346//346 375//375 376//376
f 346//346 376//376 347//347
f 347//347 376//376 377//377
f 347//347 377//377 348//348
f 348//348 377//377 378//378
f 348//348 378//378 349//349
f 349//349 378//378 379//379
f 349//349 379//379 350//350
f 350//350 379//379 351//351
f 351//351 379//379 380//380
f 351//351 380//380 381//381
f 351//351 381//381 352//352
f 352//352 381//381 359//359
f 352//352 359//359 353//353
f 354//354 382//382 383//383
f 354//354 383//383 355//355
f 355//355 383//383 356//356
f 356//356 384//384 357//357
f 356//356 383//383 384//384
f 357//357 384//384 361//361
f 358//358 359//359 385//385
f 358//358 385//385 360//360
f 359//359 381//381 385//385
f 360//360 385//385 386//386
f 360//360 386//386 387//387
f 361//361 384//384 388//388
f 361//361 388//388 362//362
f 362//362 388//388 389//389
f 362//362 389//389 363//363
f 363//363 389//389 390//390
f 363//363 390//390 364//364
f 364//364 390//390 391//391
f 364//364 391//391 365//365
f 365//365 391//391 392//392
f 365//365 392//392 366//366
f 366//366 392//392 367//367
f 367//367 392//392 393//393
f 367//367 393//393 368//368
f 368//368 393//393 394//394
f 368//368 394//394 395//395
f 368//368 395//395 369//369
f 369//369 395//395 370//370
f 370//370 395//395 396//396
f 370//370 396//396 371//371
f 371//371 396//396 372//372
f 372//372 396//396 374//374
f 373//373 374//374 397//397
f 373//373 397//397 375//375
f 374//374 396//396 398//398
f 374//374 398//398 397//397
f 375//375 397//397 399//399
f 375//375 399//399 376//376
f 376//376 399//399 400//400
f 376//376 400//400 377//377
f 377//377 400//400 401//401
f 377//377 401//401 378//378
f 378//378 401//401 402//402
f 378//378 402//402 379//379
f 379//379 402//402 380//380
f 380//380 402//402 403//403
f 380//380 403//403 404//404
f 380//380 404//404 381//381
f 381//381 404//404 385//385
f 382//382 405//405 406//406
f 382//382 406//406 383//383
f 383//383 406//406 384//384
f 384//384 406//406 388//388
f 385//385 404//404 386//386
f 386//386 404//404 387//387
f 387//387 404//404 407//407
f 388//388 406//406 408//408
f 388//388 408//408 389//389
f 389//389 408//408 409//409
f 389//389 409//409 390//390
f 390//390 409//409 410//410
f 390//390 410//410 411//411
f 390//390 411//411 391//391
f 391//391 411//411 393//393
f 391//391 393//393 392//392
f 397//397 398//398 412//412
f 397//397 412//412 413//413
f 397//397 413//413 399//399
f 398//398 414//414 412//412
f 399//399 413//413 415//415
f 399//399 415//415 400//400
f 400//400 415//415 416//416
f 400//400 416//416 401//401
f 401//401 416//416 417//417
f 401//401 417//417 402//402
f 402//402 417//417 403//403
f 403//403 417//417 418//418
f 403//403 418//418 407//407
f 403//403 407//407 404//404
f 405//405 419//419 406//406
f 406//406 419//419 408//408
f 408//408 419//419 420//420
f 408//408 420//420 409//409
f 409//409 420//420 421//421
f 409//409 421//421 410//410
f 410//410 421//421 411//411
f 412//412 414//414 422//422
f 412//412 422//422 413//413
f 413//413 422//422 423//423
f 413//413 423//423 415//415
f 415//415 423//423 424//424
f 415//415 424//424 416//416
f 416//416 424//424 425//425
f 416//416 425//425 426//426
f 416//416 426//426 417//417
f 417//417 426//426 418//418
f 427//427 428//428 429//429
f 427//427 429//429 430//430
f 427//427 430//430 431//431
f 427//427 431//431 432//432
f 427//427 432//432 433//433
f 427//427 433//433 428//428
f 428//428 433//433 434//434
f 428//428 434//434 443//443
f 428//428 443//443 442//442
f 428//428 442//442 479//479
f 428//428 479//479 478//478
f 428//428 478//478 550//550
f 428//428 550//550 549//549
f 428//428 549//549 548//548
f 428//428 548//548 597//597
f 428//428 597//597 596//596
f 428//428 596//596 595//595
f 428//428 595//595 594//594
f 428//428 594//594 593//593
f 428//428 593//593 592//592
f 428//428 592//592 591//591
f 428//428 591//591 590//590
f 428//428 590//590 589//589
f 428//428 589//589 588//588
f 428//428 588//588 587//587
f 428//428 587//587 586//586
f 428//428 586//586 585//585
f 428//428 585//585 584//584
f 428//428 584//584 583//583
f 428//428 583//583 582//582
f 428//428 582//582 581//581
f 428//428 581//581 580//580
f 428//428 580//580 578//578
f 428//428 578//578 579//579
f 428//428 579//579 577//577
f 428//428 577//577 576//576
f 428//428 576//576 575//575
f 428//428 575//575 574//574
f 428//428 574//574 572//572
f 428//428 572//572 571//571
f 428//428 571//571 573//573
f 428//428 573//573 570//570
f 428//428 570//570 569//569
f 428//428 569//569 568//568
f 428//428 568//568 567//567
f 428//428 567//567 566//566
f 428//428 566//566 565//565
f 428//428 565//565 564//564
f 428//428 564//564 563//563
f 428//428 563//563 560//560
f 428//428 560//560 559//559
f 428//428 559//559 562//562
f 428//428 562//562 561//561
f 428//428 561//561 558//558
f 428//428 558//558 557//557
f 428//428 557//557 554//554
f 428//428 554//554 485//485
f 428//428 485//485 484//484
f 428//428 484//484 486//486
f 428//428 486//486 556//556
f 428//428 556//556 607//607
f 428//428 607//607 605//605
f 428//428 605//605 604//604
f 428//428 604//604 602//602
f 428//428 602//602 603//603
f 428//428 603//603 601//601
f 428//428 601//601 600//600
f 428//428 600//600 541//541
f 428//428 541//541 538//538
f 428//428 538//538 537//537
f 428//428 537//537 536//536
f 428//428 536//536 535//535
f 428//428 535//535 534//534
f 428//428 534//534 533//533
f 428//428 533//533 522//522
f 428//428 522//522 521//521
f 428//428 521//521 520//520
f 428//428 520//520 519//519
f 428//428 519//519 518//518
f 428//428 518//518 517//517
f 428//428 517//517 516//516
f 428//428 516//516 515//515
f 428//428 515//515 514//514
f 428//428 514//514 512//512
f 428//428 512//512 599//599
f 428//428 599//599 598//598
f 428//428 598//598 553//553
f 428//428 553//553 552//552
f 428//428 552//552 551//551
f 428//428 551//551 481//481
f 428//428 481//481 480//480
f 428//428 480//480 445//445
f 428//428 445//445 444//444
f 428//428 444//444 436//436
f 428//428 436//436 435//435
f 428//428 435//435 430//430
f 428//428 430//430 429//429
f 430//430 435//435 431//431
f 431//431 435//435 436//436
f 431//431 436//436 437//437
f 431//431 437//437 438//438
f 431//431 438//438 432//432
f 432//432 439//439 440//440
f 432//432 440//440 433//433
f 432//432 438//438 439//439
f 433//433 440//440 441//441
f 433//433 441//441 442//442
f 433//433 442//442 443//443
f 433//433 443//443 434//434
f 436//436 444//444 437//437
f 437//437 444//444 445//445
f 437//437 445//445 446//446
f 437//437 446//446 438//438
f 438//438 446//446 447//447
f 438//438 447//447 439//439
f 439//439 448//448 449//449
f 439//439 449//449 450//450
f 439//439 450//450 451//451
f 439//439 451//451 452//452
f 439//439 452//452 453//453
f 439//439 453//453 454//454
f 439//439 454//454 455//455
f 439//439 455//455 456//456
f 439//439 456//456 457//457
f 439//439 457//457 458//458
f 439//439 458//458 459//459
f 439//439 459//459 460//460
f 439//439 460//460 461//461
f 439//439 461//461 440//440
f 439//439 447//447 462//462
f 439//439 462//462 463//463
f 439//439 463//463 464//464
f 439//439 464//464 465//465
f 439//439 465//465 466//466
f 439//439 466//466 467//467
f 439//439 467//467 468//468
f 439//439 468//468 469//469
f 439//439 469//469 470//470
f 439//439 470//470 471//471
f 439//439 471//471 472//472
f 439//439 472//472 473//473
f 439//439 473//473 474//474
f 439//439 474//474 475//475
f 439//439 475//475 476//476
f 439//439 476//476 448//448
f 440//440 461//461 441//441
f 441//441 461//461 477//477
f 441//441 477//477 478//478
f 441//441 478//478 479//479
f 441//441 479//479 442//442
f 445//445 480//480 446//446
f 446//446 480//480 481//481
f 446//446 481//481 482//482
f 446//446 482//482 447//447
f 447//447 482//482 483//483
f 447//447 483//483 462//462
f 448//448 484//484 485//485
f 448//448 485//485 449//449
f 448//448 476//476 486//486
f 448//448 486//486 484//484
f 449//449 487//487 450//450
f 449//449 485//485 487//487
f 450//450 487//487 488//488
f 450//450 488//488 451//451
f 451//451 488//488 489//489
f 451//451 489//489 490//490
f 451//451 490//490 491//491
f 451//451 491//491 452//452
f 452//452 492//492 493//493
f 452//452 493//493 453//453
f 452//452 491//491 492//492
f 453//453 493//493 494//494
f 453//453 494//494 495//495
f 453//453 495//495 454//454
f 454//454 496//496 497//497
f 454//454 497//497 498//498
f 454//454 498//498 455//455
f 454//454 495//495 496//496
f 455//455 498//498 499//499
f 455//455 499//499 500//500
f 455//455 500//500 456//456
f 456//456 500//500 501//501
f 456//456 501//501 502//502
f 456//456 502//502 457//457
f 457//457 502//502 503//503
f 457//457 503//503 504//504
f 457//457 504//504 458//458
f 458//458 504//504 503//503
f 458//458 503//503 505//505
f 458//458 505//505 506//506
f 458//458 506//506 459//459
f 459//459 506//506 507//507
f 459//459 507//507 505//505
f 459//459 505//505 508//508
f 459//459 508//508 460//460
f 460//460 508//508 509//509
f 460//460 509//509 477//477
f 460//460 477//477 461//461
f 462//462 510//510 511//511
f 462//462 511//511 512//512
f 462//462 512//512 513//513
f 462//462 513//513 463//463
f 462//462 483//483 510//510
f 463//463 513//513 514//514
f 463//463 514//514 515//515
f 463//463 515//515 516//516
f 463//463 516//516 517//517
f 463//463 517//517 518//518
f 463//463 518//518 519//519
f 463//463 519//519 464//464
f 464//464 519//519 520//520
f 464//464 520//520 521//521
f 464//464 521//521 522//522
f 464//464 522//522 465//465
f 465//465 522//522 466//466
f 466//466 522//522 523//523
f 466//466 523//523 524//524
f 466//466 524//524 525//525
f 466//466 525//525 526//526
f 466//466 526//526 527//527
f 466//466 527//527 528//528
f 466//466 528//528 529//529
f 466//466 529//529 467//467
f 467//467 529//529 530//530
f 467//467 530//530 531//531
f 467//467 531//531 532//532
f 467//467 532//532 533//533
f 467//467 533//533 468//468
f 468//468 533//533 469//469
f 469//469 533//533 534//534
f 469//469 534//534 535//535
f 469//469 535//535 536//536
f 469//469 536//536 470//470
f 470//470 536//536 537//537
f 470//470 537//537 538//538
f 470//470 538//538 539//539
f 470//470 539//539 471//471
f 471//471 539//539 538//538
f 471//471 538//538 540//540
f 471//471 540//540 541//541
f 471//471 541//541 542//542
f 471//471 542//542 543//543
f 471//471 543//543 472//472
f 472//472 543//543 544//544
f 472//472 544//544 545//545
f 472//472 545//545 473//473
f 473//473 546//546 547//547
f 473//473 547//547 474//474
f 473//473 545//545 546//546
f 474//474 547//547 476//476
f 474//474 476//476 475//475
f 476//476 547//547 486//486
f 477//477 548//548 549//549
f 477//477 549//549 550//550
f 477//477 550//550 478//478
f 477//477 509//509 548//548
f 481//481 551//551 482//482
f 482//482 551//551 483//483
f 483//483 552//552 553//553
f 483//483 553//553 510//510
f 483//483 551//551 552//552
f 485//485 554//554 487//487
f 486//486 547//547 555//555
f 486//486 555//555 556//556
f 487//487 554//554 557//557
f 487//487 557//557 488//488
f 488//488 557//557 558//558
f 488//488 558//558 489//489
f 489//489 559//559 560//560
f 489//489 560//560 490//490
f 489//489 558//558 561//561
f 489//489 561//561 562//562
f 489//489 562//562 559//559
f 490//490 560//560 491//491
f 491//491 560//560 563//563
f 491//491 563//563 564//564
f 491//491 564//564 492//492
f 492//492 564//564 565//565
f 492//492 565//565 493//493
f 493//493 565//565 566//566
f 493//493 566//566 567//567
f 493//493 567//567 568//568
f 493//493 568//568 494//494
f 494//494 568//568 569//569
f 494//494 569//569 570//570
f 494//494 570//570 495//495
f 495//495 571//571 572//572
f 495//495 572//572 496//496
f 495//495 570//570 573//573
f 495//495 573//573 571//571
f 496//496 572//572 497//497
f 497//497 574//574 575//575
f 497//497 575//575 498//498
f 497//497 572//572 574//574
f 498//498 575//575 576//576
f 498//498 576//576 577//577
f 498//498 577//577 499//499
f 499//499 578//578 500//500
f 499//499 577//577 579//579
f 499//499 579//579 578//578
f 500//500 578//578 580//580
f 500//500 580//580 581//581
f 500//500 581//581 501//501
f 501//501 581//581 582//582
f 501//501 582//582 583//583
f 501//501 583//583 502//502
f 502//502 583//583 584//584
f 502//502 584//584 585//585
f 502//502 585//585 586//586
f 502//502 586//586 503//503
f 503//503 587//587 588//588
f 503//503 588//588 505//505
f 503//503 586//586 587//587
f 505//505 589//589 590//590
f 505//505 590//590 591//591
f 505//505 591//591 592//592
f 505//505 592//592 508//508
f 505//505 507//507 506//506
f 505//505 588//588 589//589
f 508//508 593//593 594//594
f 508//508 594//594 595//595
f 508//508 595//595 596//596
f 508//508 596//596 509//509
f 508//508 592//592 593//593
f 509//509 596//596 597//597
f 509//509 597//597 548//548
f 510//510 598//598 599//599
f 510//510 599//599 511//511
f 510//510 553//553 598//598
f 511//511 599//599 512//512
f 512//512 514//514 513//513
f 522//522 533//533 532//532
f 522//522 532//532 531//531
f 522//522 531//531 530//530
f 522//522 530//530 529//529
f 522//522 529//529 528//528
f 522//522 528//528 527//527
f 522//522 527//527 526//526
f 522//522 526//526 525//525
f 522//522 525//525 524//524
f 522//522 524//524 523//523
f 538//538 541//541 540//540
f 541//541 600//600 542//542
f 542//542 600//600 543//543
f 543//543 600//600 601//601
f 543//543 601//601 544//544
f 544//544 602//602 545//545
f 544//544 601//601 603//603
f 544//544 603//603 602//602
f 545//545 602//602 604//604
f 545//545 604//604 546//546
f 546//546 605//605 547//547
f 546//546 604//604 605//605
f 547//547 605//605 606//606
f 547//547 606//606 555//555
f 555//555 606//606 607//607
f 555//555 607//607 556//556
f 605//605 607//607 606//606
f 608//608 609//609 610//610
f 608//608 610//610 611//611
f 608//608 611//611 612//612
f 608//608 612//612 613//613
f 608//608 613//613 614//614
f 608//608 614//614 609//609
f 609//609 614//614 615//615
f 609//609 615//615 616//616
f 609//609 616//616 617//617
f 609//609 617//617 618//618
f 609//609 618//618 619//619
f 609//609 619//619 610//610
f 610//610 620//620 611//611
f 610//610 619//619 621//621
f 610//610 621//621 620//620
f 611//611 620//620 634//634
f 611//611 634//634 654//654
f 611//611 654//654 675//675
f 611//611 675//675 698//698
f 611//611 698//698 700//700
f 611//611 700//700 728//728
f 611//611 728//728 727//727
f 611//611 727//727 726//726
f 611//611 726//726 748//748
f 611//611 748//748 770//770
f 611//611 770//770 769//769
f 611//611 769//769 790//790
f 611//611 790//790 813//813
f 611//611 813//813 812//812
f 611//611 812//812 835//835
f 611//611 835//835 834//834
f 611//611 834//834 858//858
f 611//611 858//858 857//857
f 611//611 857//857 881//881
f 611//611 881//881 904//904
f 611//611 904//904 903//903
f 611//611 903//903 930//930
f 611//611 930//930 929//929
f 611//611 929//929 928//928
f 611//611 928//928 954//954
f 611//611 954//954 976//976
f 611//611 976//976 999//999
f 611//611 999//999 1026//1026
f 611//611 1026//1026 1045//1045
f 611//611 1045//1045 1067//1067
f 611//611 1067//1067 1086//1086
f 611//611 1086//1086 1106//1106
f 611//611 1106//1106 1123//1123
f 611//611 1123//1123 1140//1140
f 611//611 1140//1140 1156//1156
f 611//611 1156//1156 1174//1174
f 611//611 1174//1174 1183//1183
f 611//611 1183//1183 1187//1187
f 611//611 1187//1187 1180//1180
f 611//611 1180//1180 1179//1179
f 611//611 1179//1179 1186//1186
f 611//611 1186//1186 1177//1177
f 611//611 1177//1177 1158//1158
f 611//611 1158//1158 1170//1170
f 611//611 1170//1170 1169//1169
f 611//611 1169//1169 1155//1155
f 611//611 1155//1155 1138//1138
f 611//611 1138//1138 1137//1137
f 611//611 1137//1137 1121//1121
f 611//611 1121//1121 1104//1104
f 611//611 1104//1104 1103//1103
f 611//611 1103//1103 1102//1102
f 611//611 1102//1102 1101//1101
f 611//611 1101//1101 1083//1083
f 611//611 1083//1083 1082//1082
f 611//611 1082//1082 1065//1065
f 611//611 1065//1065 1048//1048
f 611//611 1048//1048 1047//1047
f 611//611 1047//1047 1046//1046
f 611//611 1046//1046 1028//1028
f 611//611 1028//1028 1008//1008
f 611//611 1008//1008 1007//1007
f 611//611 1007//1007 1003//1003
f 611//611 1003//1003 1001//1001
f 611//611 1001//1001 1000//1000
f 611//611 1000//1000 1002//1002
f 611//611 1002//1002 978//978
f 611//611 978//978 958//958
f 611//611 958//958 957//957
f 611//611 957//957 933//933
f 611//611 933//933 908//908
f 611//611 908//908 907//907
f 611//611 907//907 884//884
f 611//611 884//884 862//862
f 611//611 862//862 861//861
f 611//611 861//861 859//859
f 611//611 859//859 837//837
f 611//611 837//837 836//836
f 611//611 836//836 815//815
f 611//611 815//815 814//814
f 611//611 814//814 792//792
f 611//611 792//792 791//791
f 611//611 791//791 771//771
f 611//611 771//771 750//750
f 611//611 750//750 749//749
f 611//611 749//749 730//730
f 611//611 730//730 703//703
f 611//611 703//703 702//702
f 611//611 702//702 679//679
f 611//611 679//679 657//657
f 611//611 657//657 638//638
f 611//611 638//638 622//622
f 611//611 622//622 612//612
f 612//612 622//622 623//623
f 612//612 623//623 624//624
f 612//612 624//624 613//613
f 613//613 624//624 625//625
f 613//613 625//625 614//614
f 614//614 625//625 626//626
f 614//614 626//626 615//615
f 615//615 627//627 616//616
f 615//615 626//626 628//628
f 615//615 628//628 627//627
f 616//616 627//627 629//629
f 616//616 629//629 617//617
f 617//617 630//630 618//618
f 617//617 629//629 631//631
f 617//617 631//631 630//630
f 618//618 630//630 632//632
f 618//618 632//632 633//633
f 618//618 633//633 619//619
f 619//619 633//633 621//621
f 620//620 621//621 635//635
f 620//620 635//635 634//634
f 621//621 636//636 656//656
f 621//621 656//656 677//677
f 621//621 677//677 701//701
f 621//621 701//701 721//721
f 621//621 721//721 720//720
f 621//621 720//720 719//719
f 621//621 719//719 718//718
f 621//621 718//718 724//724
f 621//621 724//724 723//723
f 621//621 723//723 722//722
f 621//621 722//722 746//746
f 621//621 746//746 745//745
f 621//621 745//745 767//767
f 621//621 767//767 766//766
f 621//621 766//766 787//787
f 621//621 787//787 786//786
f 621//621 786//786 809//809
f 621//621 809//809 808//808
f 621//621 808//808 831//831
f 621//621 831//831 830//830
f 621//621 830//830 850//850
f 621//621 850//850 849//849
f 621//621 849//849 874//874
f 621//621 874//874 895//895
f 621//621 895//895 894//894
f 621//621 894//894 920//920
f 621//621 920//920 945//945
f 621//621 945//945 969//969
f 621//621 969//969 991//991
f 621//621 991//991 1018//1018
f 621//621 1018//1018 1038//1038
f 621//621 1038//1038 1060//1060
f 621//621 1060//1060 1078//1078
f 621//621 1078//1078 1098//1098
f 621//621 1098//1098 1118//1118
f 621//621 1118//1118 1136//1136
f 621//621 1136//1136 1154//1154
f 621//621 1154//1154 1153//1153
f 621//621 1153//1153 1173//1173
f 621//621 1173//1173 1172//1172
f 621//621 1172//1172 1171//1171
f 621//621 1171//1171 1182//1182
f 621//621 1182//1182 1181//1181
f 621//621 1181//1181 1188//1188
f 621//621 1188//1188 1185//1185
f 621//621 1185//1185 1184//1184
f 621//621 1184//1184 1176//1176
f 621//621 1176//1176 1175//1175
f 621//621 1175//1175 1157//1157
f 621//621 1157//1157 1141//1141
f 621//621 1141//1141 1139//1139
f 621//621 1139//1139 1122//1122
f 621//621 1122//1122 1105//1105
f 621//621 1105//1105 1085//1085
f 621//621 1085//1085 1066//1066
f 621//621 1066//1066 1044//1044
f 621//621 1044//1044 1025//1025
f 621//621 1025//1025 998//998
f 621//621 998//998 976//976
f 621//621 976//976 954//954
f 621//621 954//954 953//953
f 621//621 953//953 952//952
f 621//621 952//952 927//927
f 621//621 927//927 902//902
f 621//621 902//902 880//880
f 621//621 880//880 856//856
f 621//621 856//856 833//833
f 621//621 833//833 811//811
f 621//621 811//811 789//789
f 621//621 789//789 768//768
f 621//621 768//768 747//747
f 621//621 747//747 725//725
f 621//621 725//725 699//699
f 621//621 699//699 676//676
f 621//621 676//676 655//655
f 621//621 655//655 635//635
f 621//621 633//633 637//637
f 621//621 637//637 636//636
f 622//622 638//638 639//639
f 622//622 639//639 640//640
f 622//622 640//640 641//641
f 622//622 641//641 623//623
f 623//623 641//641 642//642
f 623//623 642//642 624//624
f 624//624 642//642 643//643
f 624//624 643//643 625//625
f 625//625 643//643 644//644
f 625//625 644//644 626//626
f 626//626 644//644 645//645
f 626//626 645//645 628//628
f 627//627 628//628 646//646
f 627//627 646//646 647//647
f 627//627 647//647 629//629
f 628//628 645//645 648//648
f 628//628 648//648 646//646
f 629//629 647//647 649//649
f 629//629 649//649 631//631
f 630//630 631//631 650//650
f 630//630 650//650 632//632
f 631//631 649//649 651//651
f 631//631 651//651 652//652
f 631//631 652//652 650//650
f 632//632 650//650 653//653
f 632//632 653//653 637//637
f 632//632 637//637 633//633
f 634//634 635//635 654//654
f 635//635 655//655 654//654
f 636//636 637//637 653//653
f 636//636 653//653 656//656
f 638//638 657//657 639//639
f 639//639 658//658 659//659
f 639//639 659//659 640//640
f 639//639 657//657 660//660
f 639//639 660//660 658//658
f 640//640 659//659 641//641
f 641//641 643//643 642//642
f 641//641 659//659 643//643
f 643//643 659//659 661//661
f 643//643 661//661 644//644
f 644//644 661//661 662//662
f 644//644 662//662 645//645
f 645//645 662//662 663//663
f 645//645 663//663 664//664
f 645//645 664//664 648//648
f 646//646 648//648 665//665
f 646//646 665//665 666//666
f 646//646 666//666 647//647
f 647//647 666//666 667//667
f 647//647 667//667 649//649
f 648//648 664//664 668//668
f 648//648 668//668 665//665
f 649//649 669//669 651//651
f 649//649 667//667 669//669
f 650//650 670//670 671//671
f 650//650 671//671 653//653
f 650//650 652//652 670//670
f 651//651 672//672 673//673
f 651//651 673//673 652//652
f 651//651 669//669 672//672
f 652//652 673//673 670//670
f 653//653 671//671 674//674
f 653//653 674//674 656//656
f 654//654 655//655 676//676
f 654//654 676//676 675//675
f 656//656 674//674 671//671
f 656//656 671//671 678//678
f 656//656 678//678 677//677
f 657//657 679//679 680//680
f 657//657 680//680 681//681
f 657//657 681//681 660//660
f 658//658 661//661 659//659
f 658//658 660//660 682//682
f 658//658 682//682 683//683
f 658//658 683//683 661//661
f 660//660 681//681 680//680
f 660//660 680//680 682//682
f 661//661 683//683 662//662
f 662//662 683//683 684//684
f 662//662 684//684 663//663
f 663//663 685//685 664//664
f 663//663 684//684 686//686
f 663//663 686//686 685//685
f 664//664 685//685 668//668
f 665//665 668//668 687//687
f 665//665 687//687 688//688
f 665//665 688//688 666//666
f 666//666 689//689 667//667
f 666//666 688//688 689//689
f 667//667 689//689 690//690
f 667//667 690//690 669//669
f 668//668 685//685 691//691
f 668//668 691//691 687//687
f 669//669 690//690 692//692
f 669//669 692//692 693//693
f 669//669 693//693 672//672
f 670//670 673//673 694//694
f 670//670 694//694 695//695
f 670//670 695//695 678//678
f 670//670 678//678 671//671
f 672//672 693//693 696//696
f 672//672 696//696 697//697
f 672//672 697//697 673//673
f 673//673 697//697 694//694
f 675//675 676//676 698//698
f 676//676 699//699 700//700
f 676//676 700//700 698//698
f 677//677 678//678 701//701
f 678//678 695//695 701//701
f 679//679 702//702 680//680
f 680//680 702//702 703//703
f 680//680 703//703 704//704
f 680//680 704//704 705//705
f 680//680 705//705 682//682
f 682//682 706//706 683//683
f 682//682 705//705 706//706
f 683//683 706//706 684//684
f 684//684 706//706 707//707
f 684//684 707//707 686//686
f 685//685 686//686 708//708
f 685//685 708//708 691//691
f 686//686 707//707 709//709
f 686//686 709//709 708//708
f 687//687 710//710 688//688
f 687//687 691//691 711//711
f 687//687 711//711 710//710
f 688//688 710//710 712//712
f 688//688 712//712 689//689
f 689//689 713//713 690//690
f 689//689 712//712 713//713
f 690//690 714//714 692//692
f 690//690 713//713 714//714
f 691//691 708//708 715//715
f 691//691 715//715 711//711
f 692//692 716//716 693//693
f 692//692 714//714 716//716
f 693//693 717//717 696//696
f 693//693 716//716 717//717
f 694//694 697//697 718//718
f 694//694 718//718 719//719
f 694//694 719//719 720//720
f 694//694 720//720 695//695
f 695//695 720//720 721//721
f 695//695 721//721 701//701
f 696//696 717//717 722//722
f 696//696 722//722 723//723
f 696//696 723//723 697//697
f 697//697 723//723 724//724
f 697//697 724//724 718//718
f 699//699 725//725 726//726
f 699//699 726//726 727//727
f 699//699 727//727 728//728
f 699//699 728//728 700//700
f 703//703 729//729 704//704
f 703//703 730//730 731//731
f 703//703 731//731 729//729
f 704//704 732//732 705//705
f 704//704 729//729 731//731
f 704//704 731//731 732//732
f 705//705 732//732 733//733
f 705//705 733//733 706//706
f 706//706 733//733 707//707
f 707//707 733//733 734//734
f 707//707 734//734 709//709
f 708//708 709//709 735//735
f 708//708 735//735 715//715
f 709//709 734//734 736//736
f 709//709 736//736 735//735
f 710//710 737//737 712//712
f 710//710 711//711 738//738
f 710//710 738//738 737//737
f 711//711 715//715 739//739
f 711//711 739//739 738//738
f 712//712 737//737 740//740
f 712//712 740//740 713//713
f 713//713 741//741 714//714
f 713//713 740//740 741//741
f 714//714 741//741 742//742
f 714//714 742//742 716//716
f 715//715 735//735 743//743
f 715//715 743//743 739//739
f 716//716 742//742 744//744
f 716//716 744//744 717//717
f 717//717 744//744 745//745
f 717//717 745//745 746//746
f 717//717 746//746 722//722
f 725//725 747//747 748//748
f 725//725 748//748 726//726
f 730//730 749//749 731//731
f 731//731 749//749 750//750
f 731//731 750//750 751//751
f 731//731 751//751 752//752
f 731//731 752//752 753//753
f 731//731 753//753 732//732
f 732//732 753//753 754//754
f 732//732 754//754 733//733
f 733//733 754//754 734//734
f 734//734 754//754 755//755
f 734//734 755//755 736//736
f 735//735 736//736 756//756
f 735//735 756//756 743//743
f 736//736 755//755 757//757
f 736//736 757//757 756//756
f 737//737 758//758 740//740
f 737//737 738//738 759//759
f 737//737 759//759 758//758
f 738//738 739//739 760//760
f 738//738 760//760 759//759
f 739//739 743//743 761//761
f 739//739 761//761 760//760
f 740//740 762//762 741//741
f 740//740 758//758 762//762
f 741//741 762//762 763//763
f 741//741 763//763 742//742
f 742//742 763//763 764//764
f 742//742 764//764 744//744
f 743//743 756//756 765//765
f 743//743 765//765 761//761
f 744//744 764//764 766//766
f 744//744 766//766 767//767
f 744//744 767//767 745//745
f 747//747 768//768 769//769
f 747//747 769//769 770//770
f 747//747 770//770 748//748
f 750//750 771//771 751//751
f 751//751 771//771 772//772
f 751//751 772//772 752//752
f 752//752 772//772 773//773
f 752//752 773//773 753//753
f 753//753 773//773 774//774
f 753//753 774//774 754//754
f 754//754 774//774 755//755
f 755//755 774//774 775//775
f 755//755 775//775 776//776
f 755//755 776//776 757//757
f 756//756 757//757 777//777
f 756//756 777//777 765//765
f 757//757 776//776 778//778
f 757//757 778//778 777//777
f 758//758 779//779 762//762
f 758//758 759//759 780//780
f 758//758 780//780 779//779
f 759//759 760//760 781//781
f 759//759 781//781 780//780
f 760//760 761//761 782//782
f 760//760 782//782 781//781
f 761//761 765//765 783//783
f 761//761 783//783 782//782
f 762//762 779//779 784//784
f 762//762 784//784 763//763
f 763//763 785//785 764//764
f 763//763 784//784 785//785
f 764//764 785//785 786//786
f 764//764 786//786 787//787
f 764//764 787//787 766//766
f 765//765 777//777 788//788
f 765//765 788//788 783//783
f 768//768 789//789 790//790
f 768//768 790//790 769//769
f 771//771 791//791 772//772
f 772//772 791//791 792//792
f 772//772 792//792 793//793
f 772//772 793//793 794//794
f 772//772 794//794 795//795
f 772//772 795//795 773//773
f 773//773 795//795 796//796
f 773//773 796//796 774//774
f 774//774 796//796 775//775
f 775//775 796//796 797//797
f 775//775 797//797 798//798
f 775//775 798//798 776//776
f 776//776 798//798 778//778
f 777//777 778//778 799//799
f 777//777 799//799 788//788
f 778//778 798//798 800//800
f 778//778 800//800 799//799
f 779//779 780//780 801//801
f 779//779 801//801 802//802
f 779//779 802//802 784//784
f 780//780 781//781 803//803
f 780//780 803//803 801//801
f 781//781 782//782 804//804
f 781//781 804//804 803//803
f 782//782 783//783 805//805
f 782//782 805//805 804//804
f 783//783 788//788 806//806
f 783//783 806//806 805//805
f 784//784 802//802 807//807
f 784//784 807//807 785//785
f 785//785 807//807 808//808
f 785//785 808//808 809//809
f 785//785 809//809 786//786
f 788//788 799//799 810//810
f 788//788 810//810 806//806
f 789//789 811//811 812//812
f 789//789 812//812 813//813
f 789//789 813//813 790//790
f 792//792 814//814 793//793
f 793//793 814//814 794//794
f 794//794 814//814 815//815
f 794//794 815//815 816//816
f 794//794 816//816 817//817
f 794//794 817//817 795//795
f 795//795 817//817 818//818
f 795//795 818//818 796//796
f 796//796 818//818 797//797
f 797//797 818//818 819//819
f 797//797 819//819 820//820
f 797//797 820//820 798//798
f 798//798 820//820 800//800
f 799//799 800//800 821//821
f 799//799 821//821 810//810
f 800//800 820//820 822//822
f 800//800 822//822 821//821
f 801//801 823//823 824//824
f 801//801 824//824 802//802
f 801//801 803//803 823//823
f 802//802 824//824 825//825
f 802//802 825//825 807//807
f 803//803 804//804 826//826
f 803//803 826//826 823//823
f 804//804 805//805 827//827
f 804//804 827//827 826//826
f 805//805 806//806 828//828
f 805//805 828//828 827//827
f 806//806 810//810 829//829
f 806//806 829//829 828//828
f 807//807 825//825 830//830
f 807//807 830//830 831//831
f 807//807 831//831 808//808
f 810//810 821//821 832//832
f 810//810 832//832 829//829
f 811//811 833//833 834//834
f 811//811 834//834 835//835
f 811//811 835//835 812//812
f 815//815 836//836 816//816
f 816//816 836//836 837//837
f 816//816 837//837 838//838
f 816//816 838//838 839//839
f 816//816 839//839 840//840
f 816//816 840//840 817//817
f 817//817 840//840 841//841
f 817//817 841//841 818//818
f 818//818 841//841 819//819
f 819//819 841//841 842//842
f 819//819 842//842 843//843
f 819//819 843//843 820//820
f 820//820 843//843 822//822
f 821//821 822//822 844//844
f 821//821 844//844 832//832
f 822//822 845//845 844//844
f 822//822 843//843 845//845
f 823//823 846//846 824//824
f 823//823 826//826 847//847
f 823//823 847//847 846//846
f 824//824 846//846 848//848
f 824//824 848//848 825//825
f 825//825 848//848 849//849
f 825//825 849//849 850//850
f 825//825 850//850 830//830
f 826//826 851//851 847//847
f 826//826 827//827 851//851
f 827//827 828//828 852//852
f 827//827 852//852 851//851
f 828//828 829//829 853//853
f 828//828 853//853 852//852
f 829//829 832//832 854//854
f 829//829 854//854 853//853
f 832//832 844//844 855//855
f 832//832 855//855 854//854
f 833//833 856//856 857//857
f 833//833 857//857 858//858
f 833//833 858//858 834//834
f 837//837 859//859 838//838
f 838//838 859//859 839//839
f 839//839 860//860 840//840
f 839//839 859//859 861//861
f 839//839 861//861 862//862
f 839//839 862//862 863//863
f 839//839 863//863 864//864
f 839//839 864//864 860//860
f 840//840 860//860 865//865
f 840//840 865//865 841//841
f 841//841 865//865 842//842
f 842//842 866//866 843//843
f 842//842 865//865 867//867
f 842//842 867//867 866//866
f 843//843 866//866 845//845
f 844//844 845//845 868//868
f 844//844 868//868 855//855
f 845//845 866//866 869//869
f 845//845 869//869 868//868
f 846//846 847//847 870//870
f 846//846 870//870 871//871
f 846//846 871//871 848//848
f 847//847 851//851 872//872
f 847//847 872//872 873//873
f 847//847 873//873 870//870
f 848//848 871//871 874//874
f 848//848 874//874 849//849
f 851//851 875//875 872//872
f 851//851 852//852 876//876
f 851//851 876//876 875//875
f 852//852 853//853 876//876
f 853//853 854//854 877//877
f 853//853 877//877 878//878
f 853//853 878//878 876//876
f 854//854 855//855 879//879
f 854//854 879//879 877//877
f 855//855 868//868 879//879
f 856//856 880//880 857//857
f 857//857 880//880 881//881
f 860//860 882//882 865//865
f 860//860 864//864 883//883
f 860//860 883//883 882//882
f 862//862 884//884 863//863
f 863//863 884//884 885//885
f 863//863 885//885 864//864
f 864//864 885//885 883//883
f 865//865 882//882 867//867
f 866//866 867//867 886//886
f 866//866 886//886 869//869
f 867//867 882//882 887//887
f 867//867 887//887 886//886
f 868//868 869//869 888//888
f 868//868 888//888 879//879
f 869//869 886//886 889//889
f 869//869 889//889 890//890
f 869//869 890//890 888//888
f 870//870 873//873 891//891
f 870//870 891//891 892//892
f 870//870 892//892 871//871
f 871//871 893//893 894//894
f 871//871 894//894 895//895
f 871//871 895//895 874//874
f 871//871 892//892 893//893
f 872//872 891//891 873//873
f 872//872 875//875 896//896
f 872//872 896//896 891//891
f 875//875 876//876 896//896
f 876//876 878//878 897//897
f 876//876 897//897 898//898
f 876//876 898//898 896//896
f 877//877 879//879 899//899
f 877//877 899//899 897//897
f 877//877 897//897 878//878
f 879//879 888//888 900//900
f 879//879 900//900 901//901
f 879//879 901//901 899//899
f 880//880 902//902 903//903
f 880//880 903//903 904//904
f 880//880 904//904 881//881
f 882//882 883//883 905//905
f 882//882 905//905 887//887
f 883//883 885//885 906//906
f 883//883 906//906 905//905
f 884//884 907//907 885//885
f 885//885 907//907 908//908
f 885//885 908//908 909//909
f 885//885 909//909 910//910
f 885//885 910//910 906//906
f 886//886 887//887 889//889
f 887//887 905//905 911//911
f 887//887 911//911 912//912
f 887//887 912//912 889//889
f 888//888 890//890 913//913
f 888//888 913//913 900//900
f 889//889 912//912 914//914
f 889//889 914//914 915//915
f 889//889 915//915 913//913
f 889//889 913//913 890//890
f 891//891 896//896 916//916
f 891//891 916//916 917//917
f 891//891 917//917 892//892
f 892//892 917//917 918//918
f 892//892 918//918 893//893
f 893//893 919//919 894//894
f 893//893 918//918 919//919
f 894//894 919//919 920//920
f 896//896 898//898 921//921
f 896//896 921//921 916//916
f 897//897 899//899 922//922
f 897//897 922//922 923//923
f 897//897 923//923 898//898
f 898//898 923//923 921//921
f 899//899 901//901 924//924
f 899//899 924//924 922//922
f 900//900 913//913 925//925
f 900//900 925//925 926//926
f 900//900 926//926 901//901
f 901//901 926//926 924//924
f 902//902 927//927 928//928
f 902//902 928//928 929//929
f 902//902 929//929 930//930
f 902//902 930//930 903//903
f 905//905 906//906 931//931
f 905//905 931//931 911//911
f 906//906 910//910 932//932
f 906//906 932//932 931//931
f 908//908 933//933 909//909
f 909//909 933//933 934//934
f 909//909 934//934 910//910
f 910//910 934//934 935//935
f 910//910 935//935 932//932
f 911//911 936//936 914//914
f 911//911 914//914 912//912
f 911//911 931//931 936//936
f 913//913 915//915 937//937
f 913//913 937//937 925//925
f 914//914 936//936 938//938
f 914//914 938//938 939//939
f 914//914 939//939 915//915
f 915//915 939//939 937//937
f 916//916 940//940 917//917
f 916//916 921//921 941//941
f 916//916 941//941 940//940
f 917//917 942//942 918//918
f 917//917 940//940 942//942
f 918//918 942//942 943//943
f 918//918 943//943 919//919
f 919//919 944//944 920//920
f 919//919 943//943 944//944
f 920//920 944//944 945//945
f 921//921 923//923 946//946
f 921//921 946//946 941//941
f 922//922 947//947 923//923
f 922//922 924//924 948//948
f 922//922 948//948 947//947
f 923//923 947//947 946//946
f 924//924 926//926 949//949
f 924//924 949//949 948//948
f 925//925 950//950 926//926
f 925//925 937//937 951//951
f 925//925 951//951 950//950
f 926//926 950//950 949//949
f 927//927 952//952 928//928
f 928//928 952//952 953//953
f 928//928 953//953 954//954
f 931//931 932//932 955//955
f 931//931 955//955 936//936
f 932//932 935//935 956//956
f 932//932 956//956 955//955
f 933//933 957//957 935//935
f 933//933 935//935 934//934
f 935//935 957//957 958//958
f 935//935 958//958 956//956
f 936//936 955//955 959//959
f 936//936 959//959 938//938
f 937//937 939//939 960//960
f 937//937 960//960 951//951
f 938//938 961//961 939//939
f 938//938 959//959 962//962
f 938//938 962//962 961//961
f 939//939 961//961 960//960
f 940//940 941//941 963//963
f 940//940 963//963 964//964
f 940//940 964//964 942//942
f 941//941 946//946 965//965
f 941//941 965//965 963//963
f 942//942 966//966 943//943
f 942//942 964//964 966//966
f 943//943 966//966 967//967
f 943//943 967//967 944//944
f 944//944 968//968 945//945
f 944//944 967//967 968//968
f 945//945 968//968 969//969
f 946//946 970//970 965//965
f 946//946 947//947 970//970
f 947//947 948//948 971//971
f 947//947 971//971 970//970
f 948//948 972//972 971//971
f 948//948 949//949 972//972
f 949//949 950//950 973//973
f 949//949 973//973 972//972
f 950//950 974//974 973//973
f 950//950 951//951 974//974
f 951//951 960//960 975//975
f 951//951 975//975 974//974
f 955//955 977//977 959//959
f 955//955 956//956 977//977
f 956//956 958//958 978//978
f 956//956 978//978 979//979
f 956//956 979//979 977//977
f 959//959 977//977 980//980
f 959//959 980//980 962//962
f 960//960 981//981 975//975
f 960//960 961//961 981//981
f 961//961 962//962 982//982
f 961//961 982//982 981//981
f 962//962 980//980 983//983
f 962//962 983//983 982//982
f 963//963 984//984 964//964
f 963//963 965//965 985//985
f 963//963 985//985 984//984
f 964//964 984//984 986//986
f 964//964 986//986 966//966
f 965//965 970//970 987//987
f 965//965 987//987 985//985
f 966//966 986//986 988//988
f 966//966 988//988 967//967
f 967//967 988//988 989//989
f 967//967 989//989 968//968
f 968//968 989//989 990//990
f 968//968 990//990 969//969
f 969//969 990//990 991//991
f 970//970 971//971 992//992
f 970//970 992//992 987//987
f 971//971 993//993 992//992
f 971//971 972//972 993//993
f 972//972 994//994 993//993
f 972//972 973//973 994//994
f 973//973 974//974 995//995
f 973//973 995//995 994//994
f 974//974 975//975 996//996
f 974//974 996//996 995//995
f 975//975 997//997 996//996
f 975//975 981//981 997//997
f 976//976 998//998 999//999
f 977//977 1000//1000 1001//1001
f 977//977 1001//1001 980//980
f 977//977 979//979 1002//1002
f 977//977 1002//1002 1000//1000
f 978//978 1002//1002 979//979
f 980//980 1003//1003 1004//1004
f 980//980 1004//1004 983//983
f 980//980 1001//1001 1003//1003
f 981//981 982//982 1005//1005
f 981//981 1005//1005 997//997
f 982//982 983//983 1006//1006
f 982//982 1006//1006 1005//1005
f 983//983 1007//1007 1008//1008
f 983//983 1008//1008 1009//1009
f 983//983 1009//1009 1006//1006
f 983//983 1004//1004 1007//1007
f 984//984 1010//1010 1011//1011
f 984//984 1011//1011 986//986
f 984//984 985//985 1010//1010
f 985//985 987//987 1012//1012
f 985//985 1012//1012 1010//1010
f 986//986 1011//1011 1013//1013
f 986//986 1013//1013 988//988
f 987//987 1014//1014 1012//1012
f 987//987 992//992 1014//1014
f 988//988 1013//1013 1015//1015
f 988//988 1015//1015 989//989
f 989//989 1016//1016 990//990
f 989//989 1015//1015 1016//1016
f 990//990 1016//1016 1017//1017
f 990//990 1017//1017 991//991
f 991//991 1017//1017 1018//1018
f 992//992 993//993 1019//1019
f 992//992 1019//1019 1014//1014
f 993//993 1020//1020 1019//1019
f 993//993 994//994 1020//1020
f 994//994 1021//1021 1020//1020
f 994//994 995//995 1021//1021
f 995//995 996//996 1022//1022
f 995//995 1022//1022 1021//1021
f 996//996 1023//1023 1022//1022
f 996//996 997//997 1023//1023
f 997//997 1024//1024 1023//1023
f 997//997 1005//1005 1024//1024
f 998//998 1025//1025 999//999
f 999//999 1025//1025 1026//1026
f 1003//1003 1007//1007 1004//1004
f 1005//1005 1006//1006 1027//1027
f 1005//1005 1027//1027 1024//1024
f 1006//1006 1009//1009 1027//1027
f 1008//1008 1028//1028 1009//1009
f 1009//1009 1028//1028 1027//1027
f 1010//1010 1012//1012 1029//1029
f 1010//1010 1029//1029 1030//1030
f 1010//1010 1030//1030 1011//1011
f 1011//1011 1030//1030 1031//1031
f 1011//1011 1031//1031 1013//1013
f 1012//1012 1014//1014 1032//1032
f 1012//1012 1032//1032 1029//1029
f 1013//1013 1031//1031 1033//1033
f 1013//1013 1033//1033 1015//1015
f 1014//1014 1034//1034 1032//1032
f 1014//1014 1019//1019 1034//1034
f 1015//1015 1033//1033 1035//1035
f 1015//1015 1035//1035 1016//1016
f 1016//1016 1036//1036 1017//1017
f 1016//1016 1035//1035 1036//1036
f 1017//1017 1036//1036 1037//1037
f 1017//1017 1037//1037 1018//1018
f 1018//1018 1037//1037 1038//1038
f 1019//1019 1039//1039 1034//1034
f 1019//1019 1020//1020 1039//1039
f 1020//1020 1021//1021 1040//1040
f 1020//1020 1040//1040 1039//1039
f 1021//1021 1022//1022 1040//1040
f 1022//1022 1041//1041 1040//1040
f 1022//1022 1023//1023 1041//1041
f 1023//1023 1024//1024 1042//1042
f 1023//1023 1042//1042 1041//1041
f 1024//1024 1027//1027 1043//1043
f 1024//1024 1043//1043 1042//1042
f 1025//1025 1044//1044 1045//1045
f 1025//1025 1045//1045 1026//1026
f 1027//1027 1028//1028 1046//1046
f 1027//1027 1046//1046 1047//1047
f 1027//1027 1047//1047 1048//1048
f 1027//1027 1048//1048 1049//1049
f 1027//1027 1049//1049 1043//1043
f 1029//1029 1032//1032 1050//1050
f 1029//1029 1050//1050 1051//1051
f 1029//1029 1051//1051 1030//1030
f 1030//1030 1051//1051 1052//1052
f 1030//1030 1052//1052 1031//1031
f 1031//1031 1052//1052 1053//1053
f 1031//1031 1053//1053 1033//1033
f 1032//1032 1054//1054 1050//1050
f 1032//1032 1034//1034 1054//1054
f 1033//1033 1053//1053 1055//1055
f 1033//1033 1055//1055 1035//1035
f 1034//1034 1039//1039 1056//1056
f 1034//1034 1056//1056 1054//1054
f 1035//1035 1055//1055 1057//1057
f 1035//1035 1057//1057 1036//1036
f 1036//1036 1057//1057 1058//1058
f 1036//1036 1058//1058 1037//1037
f 1037//1037 1058//1058 1059//1059
f 1037//1037 1059//1059 1038//1038
f 1038//1038 1059//1059 1060//1060
f 1039//1039 1061//1061 1056//1056
f 1039//1039 1040//1040 1061//1061
f 1040//1040 1041//1041 1062//1062
f 1040//1040 1062//1062 1061//1061
f 1041//1041 1063//1063 1062//1062
f 1041//1041 1042//1042 1063//1063
f 1042//1042 1043//1043 1064//1064
f 1042//1042 1064//1064 1063//1063
f 1043//1043 1049//1049 1065//1065
f 1043//1043 1065//1065 1064//1064
f 1044//1044 1066//1066 1045//1045
f 1045//1045 1066//1066 1067//1067
f 1048//1048 1065//1065 1049//1049
f 1050//1050 1054//1054 1068//1068
f 1050//1050 1068//1068 1069//1069
f 1050//1050 1069//1069 1051//1051
f 1051//1051 1069//1069 1070//1070
f 1051//1051 1070//1070 1052//1052
f 1052//1052 1070//1070 1071//1071
f 1052//1052 1071//1071 1053//1053
f 1053//1053 1071//1071 1072//1072
f 1053//1053 1072//1072 1055//1055
f 1054//1054 1073//1073 1068//1068
f 1054//1054 1056//1056 1073//1073
f 1055//1055 1072//1072 1074//1074
f 1055//1055 1074//1074 1057//1057
f 1056//1056 1061//1061 1075//1075
f 1056//1056 1075//1075 1073//1073
f 1057//1057 1074//1074 1058//1058
f 1058//1058 1076//1076 1059//1059
f 1058//1058 1074//1074 1076//1076
f 1059//1059 1076//1076 1077//1077
f 1059//1059 1077//1077 1060//1060
f 1060//1060 1077//1077 1078//1078
f 1061//1061 1079//1079 1075//1075
f 1061//1061 1062//1062 1079//1079
f 1062//1062 1063//1063 1080//1080
f 1062//1062 1080//1080 1079//1079
f 1063//1063 1064//1064 1081//1081
f 1063//1063 1081//1081 1080//1080
f 1064//1064 1065//1065 1082//1082
f 1064//1064 1082//1082 1083//1083
f 1064//1064 1083//1083 1084//1084
f 1064//1064 1084//1084 1081//1081
f 1066//1066 1085//1085 1067//1067
f 1067//1067 1085//1085 1086//1086
f 1068//1068 1073//1073 1087//1087
f 1068//1068 1087//1087 1088//1088
f 1068//1068 1088//1088 1069//1069
f 1069//1069 1088//1088 1089//1089
f 1069//1069 1089//1089 1070//1070
f 1070//1070 1089//1089 1090//1090
f 1070//1070 1090//1090 1071//1071
f 1071//1071 1090//1090 1091//1091
f 1071//1071 1091//1091 1072//1072
f 1072//1072 1091//1091 1092//1092
f 1072//1072 1092//1092 1074//1074
f 1073//1073 1093//1093 1087//1087
f 1073//1073 1075//1075 1093//1093
f 1074//1074 1092//1092 1094//1094
f 1074//1074 1094//1094 1076//1076
f 1075//1075 1095//1095 1093//1093
f 1075//1075 1079//1079 1095//1095
f 1076//1076 1094//1094 1096//1096
f 1076//1076 1096//1096 1077//1077
f 1077//1077 1096//1096 1097//1097
f 1077//1077 1097//1097 1078//1078
f 1078//1078 1097//1097 1098//1098
f 1079//1079 1080//1080 1099//1099
f 1079//1079 1099//1099 1095//1095
f 1080//1080 1100//1100 1099//1099
f 1080//1080 1081//1081 1100//1100
f 1081//1081 1084//1084 1101//1101
f 1081//1081 1101//1101 1102//1102
f 1081//1081 1102//1102 1103//1103
f 1081//1081 1103//1103 1104//1104
f 1081//1081 1104//1104 1100//1100
f 1083//1083 1101//1101 1084//1084
f 1085//1085 1105//1105 1086//1086
f 1086//1086 1105//1105 1106//1106
f 1087//1087 1107//1107 1108//1108
f 1087//1087 1108//1108 1088//1088
f 1087//1087 1093//1093 1107//1107
f 1088//1088 1108//1108 1089//1089
f 1089//1089 1108//1108 1109//1109
f 1089//1089 1109//1109 1090//1090
f 1090//1090 1109//1109 1110//1110
f 1090//1090 1110//1110 1091//1091
f 1091//1091 1110//1110 1111//1111
f 1091//1091 1111//1111 1092//1092
f 1092//1092 1111//1111 1112//1112
f 1092//1092 1112//1112 1094//1094
f 1093//1093 1095//1095 1113//1113
f 1093//1093 1113//1113 1107//1107
f 1094//1094 1114//1114 1096//1096
f 1094//1094 1112//1112 1114//1114
f 1095//1095 1115//1115 1113//1113
f 1095//1095 1099//1099 1115//1115
f 1096//1096 1116//1116 1097//1097
f 1096//1096 1114//1114 1116//1116
f 1097//1097 1116//1116 1117//1117
f 1097//1097 1117//1117 1098//1098
f 1098//1098 1117//1117 1118//1118
f 1099//1099 1100//1100 1119//1119
f 1099//1099 1119//1119 1115//1115
f 1100//1100 1104//1104 1120//1120
f 1100//1100 1120//1120 1119//1119
f 1104//1104 1121//1121 1120//1120
f 1105//1105 1122//1122 1106//1106
f 1106//1106 1122//1122 1123//1123
f 1107//1107 1124//1124 1125//1125
f 1107//1107 1125//1125 1108//1108
f 1107//1107 1113//1113 1124//1124
f 1108//1108 1125//1125 1126//1126
f 1108//1108 1126//1126 1109//1109
f 1109//1109 1126//1126 1127//1127
f 1109//1109 1127//1127 1110//1110
f 1110//1110 1127//1127 1128//1128
f 1110//1110 1128//1128 1111//1111
f 1111//1111 1128//1128 1129//1129
f 1111//1111 1129//1129 1112//1112
f 1112//1112 1129//1129 1130//1130
f 1112//1112 1130//1130 1114//1114
f 1113//1113 1115//1115 1131//1131
f 1113//1113 1131//1131 1124//1124
f 1114//1114 1130//1130 1132//1132
f 1114//1114 1132//1132 1133//1133
f 1114//1114 1133//1133 1116//1116
f 1115//1115 1134//1134 1131//1131
f 1115//1115 1119//1119 1134//1134
f 1116//1116 1133//1133 1135//1135
f 1116//1116 1135//1135 1117//1117
f 1117//1117 1135//1135 1118//1118
f 1118//1118 1135//1135 1136//1136
f 1119//1119 1120//1120 1121//1121
f 1119//1119 1121//1121 1137//1137
f 1119//1119 1137//1137 1138//1138
f 1119//1119 1138//1138 1134//1134
f 1122//1122 1139//1139 1123//1123
f 1123//1123 1139//1139 1141//1141
f 1123//1123 1141//1141 1140//1140
f 1124//1124 1131//1131 1142//1142
f 1124//1124 1142//1142 1143//1143
f 1124//1124 1143//1143 1125//1125
f 1125//1125 1143//1143 1144//1144
f 1125//1125 1144//1144 1126//1126
f 1126//1126 1144//1144 1145//1145
f 1126//1126 1145//1145 1127//1127
f 1127//1127 1145//1145 1146//1146
f 1127//1127 1146//1146 1128//1128
f 1128//1128 1146//1146 1129//1129
f 1129//1129 1146//1146 1147//1147
f 1129//1129 1147//1147 1130//1130
f 1130//1130 1147//1147 1148//1148
f 1130//1130 1148//1148 1132//1132
f 1131//1131 1149//1149 1142//1142
f 1131//1131 1134//1134 1149//1149
f 1132//1132 1148//1148 1150//1150
f 1132//1132 1150//1150 1133//1133
f 1133//1133 1150//1150 1151//1151
f 1133//1133 1151//1151 1135//1135
f 1134//1134 1138//1138 1152//1152
f 1134//1134 1152//1152 1149//1149
f 1135//1135 1151//1151 1153//1153
f 1135//1135 1153//1153 1154//1154
f 1135//1135 1154//1154 1136//1136
f 1138//1138 1155//1155 1152//1152
f 1140//1140 1141//1141 1157//1157
f 1140//1140 1157//1157 1156//1156
f 1142//1142 1158//1158 1159//1159
f 1142//1142 1159//1159 1160//1160
f 1142//1142 1160//1160 1143//1143
f 1142//1142 1149//1149 1158//1158
f 1143//1143 1161//1161 1162//1162
f 1143//1143 1162//1162 1144//1144
f 1143//1143 1160//1160 1161//1161
f 1144//1144 1162//1162 1163//1163
f 1144//1144 1163//1163 1145//1145
f 1145//1145 1163//1163 1164//1164
f 1145//1145 1164//1164 1146//1146
f 1146//1146 1164//1164 1165//1165
f 1146//1146 1165//1165 1166//1166
f 1146//1146 1166//1166 1147//1147
f 1147//1147 1166//1166 1167//1167
f 1147//1147 1167//1167 1148//1148
f 1148//1148 1167//1167 1168//1168
f 1148//1148 1168//1168 1150//1150
f 1149//1149 1152//1152 1155//1155
f 1149//1149 1155//1155 1169//1169
f 1149//1149 1169//1169 1170//1170
f 1149//1149 1170//1170 1158//1158
f 1150//1150 1168//1168 1171//1171
f 1150//1150 1171//1171 1172//1172
f 1150//1150 1172//1172 1151//1151
f 1151//1151 1172//1172 1173//1173
f 1151//1151 1173//1173 1153//1153
f 1156//1156 1157//1157 1175//1175
f 1156//1156 1175//1175 1176//1176
f 1156//1156 1176//1176 1174//1174
f 1158//1158 1177//1177 1178//1178
f 1158//1158 1178//1178 1161//1161
f 1158//1158 1161//1161 1159//1159
f 1159//1159 1161//1161 1160//1160
f 1161//1161 1178//1178 1162//1162
f 1162//1162 1178//1178 1163//1163
f 1163//1163 1178//1178 1179//1179
f 1163//1163 1179//1179 1164//1164
f 1164//1164 1179//1179 1180//1180
f 1164//1164 1180//1180 1165//1165
f 1165//1165 1180//1180 1181//1181
f 1165//1165 1181//1181 1166//1166
f 1166//1166 1181//1181 1167//1167
f 1167//1167 1181//1181 1182//1182
f 1167//1167 1182//1182 1168//1168
f 1168//1168 1182//1182 1171//1171
f 1174//1174 1176//1176 1184//1184
f 1174//1174 1184//1184 1185//1185
f 1174//1174 1185//1185 1183//1183
f 1177//1177 1186//1186 1178//1178
f 1178//1178 1186//1186 1179//1179
f 1180//1180 1187//1187 1188//1188
f 1180//1180 1188//1188 1181//1181
f 1183//1183 1185//1185 1188//1188
f 1183//1183 1188//1188 1187//1187
